2025-08-25T09:38:07.030412Z  INFO Loaded configuration file=nodes/0/config/config.toml
2025-08-25T09:38:07.063419Z  INFO node{moniker=app-0}: Discovery is disabled
2025-08-25T09:38:07.066256Z  INFO node{moniker=app-0}:network: Starting network service peer_id=12D3KooWD4wDmZaWggpGH9ACLhNztqnBvszLRcmBLzZdKwDiWmYh
2025-08-25T09:38:07.071412Z  INFO node{moniker=app-0}:wal.pre_start: Opened WAL at nodes/0/wal/consensus.wal
2025-08-25T09:38:07.072679Z  INFO node{moniker=app-0}:consensus: Consensus is starting
2025-08-25T09:38:07.140035Z DEBUG node{moniker=app-0}:network: Dialing peer None at [/ip4/127.0.0.1/tcp/27001], retry #0 connection_id=1
2025-08-25T09:38:07.142814Z DEBUG node{moniker=app-0}:network: Node is listening address=/ip4/127.0.0.1/tcp/27000
2025-08-25T09:38:07.143083Z DEBUG node{moniker=app-0}:network: Dialing peer None at [/ip4/127.0.0.1/tcp/27002], retry #0 connection_id=2
2025-08-25T09:38:07.144541Z  INFO node{moniker=app-0}:consensus{height=1 round=-1}: Consensus has started
2025-08-25T09:38:07.144642Z  INFO node{moniker=app-0}:node: Actor has started actor=0.0
2025-08-25T09:38:07.144657Z  INFO node{moniker=app-0}:node: Actor has started actor=0.1
2025-08-25T09:38:07.144659Z  INFO node{moniker=app-0}:node: Actor has started actor=0.2
2025-08-25T09:38:07.144660Z  INFO node{moniker=app-0}:node: Actor has started actor=0.3
2025-08-25T09:38:07.144661Z  INFO node{moniker=app-0}:node: Actor has started actor=0.4
2025-08-25T09:38:07.145920Z  INFO metrics: Serving metrics address=127.0.0.1:29000
2025-08-25T09:38:07.149295Z  INFO node{moniker=app-0}:consensus{height=1 round=-1}: Listening address=/ip4/127.0.0.1/tcp/27000
2025-08-25T09:38:07.149300Z  INFO node{moniker=app-0}:consensus{height=1 round=-1}: Phase transition prev=Unstarted new=Ready
2025-08-25T09:38:07.149358Z DEBUG node{moniker=app-0}:node{moniker=app-0}: metis-test:consensus-chan recv!!! msg:ConsensusReady { reply: Sender { inner: Some(Inner { state: State { is_complete: false, is_closed: false, is_rx_task_set: true, is_tx_task_set: false } }) } }
2025-08-25T09:38:07.149581Z  INFO node{moniker=app-0}:node{moniker=app-0}: 🟢🟢 Consensus is ready
2025-08-25T09:38:07.159526Z DEBUG node{moniker=app-0}:network: Connected to peer peer=12D3KooWR2Quwt2G6MyT6WQkUdfS8nHZu7XcPotkmbhuEoqc94oJ connection_id=2
2025-08-25T09:38:07.160618Z DEBUG node{moniker=app-0}:network: Accepted incoming connection from peer peer=12D3KooWR2Quwt2G6MyT6WQkUdfS8nHZu7XcPotkmbhuEoqc94oJ connection_id=3
2025-08-25T09:38:07.161922Z DEBUG node{moniker=app-0}:node{moniker=app-0}: response body: JsonResponseBody { jsonrpc: "2.0", error: None, result: Object {"baseFeePerGas": String("0x3b9aca00"), "blobGasUsed": String("0x0"), "difficulty": String("0x0"), "excessBlobGas": String("0x0"), "extraData": String("0x"), "gasLimit": String("0x1c9c380"), "gasUsed": String("0x0"), "hash": String("0x16714171b9a786fa46efc48453759d3045421b81ff348df76ec07425c8f3784c"), "logsBloom": String("0x00000000000000000000000000000000000000000000000000000000000000000000000000000000000000000000000000000000000000000000000000000000000000000000000000000000000000000000000000000000000000000000000000000000000000000000000000000000000000000000000000000000000000000000000000000000000000000000000000000000000000000000000000000000000000000000000000000000000000000000000000000000000000000000000000000000000000000000000000000000000000000000000000000000000000000000000000000000000000000000000000000000000000000000000000000000"), "miner": String("0x0000000000000000000000000000000000000000"), "mixHash": String("0x0000000000000000000000000000000000000000000000000000000000000000"), "nonce": String("0x0000000000000000"), "number": String("0x0"), "parentBeaconBlockRoot": String("0x0000000000000000000000000000000000000000000000000000000000000000"), "parentHash": String("0x0000000000000000000000000000000000000000000000000000000000000000"), "receiptsRoot": String("0x56e81f171bcc55a6ff8345e692c0f86e5b48e01b996cadc001622fb5e363b421"), "sha3Uncles": String("0x1dcc4de8dec75d7aab85b567b6ccd41ad312451b948a7413f0a142fd40d49347"), "size": String("0x247"), "stateRoot": String("0xec26df9442c5d4a0a0cc5348c960115b43da08c7aef6be4e4ccc5f136ca892a6"), "timestamp": String("0x65f23e00"), "transactions": Array [], "transactionsRoot": String("0x56e81f171bcc55a6ff8345e692c0f86e5b48e01b996cadc001622fb5e363b421"), "uncles": Array [], "withdrawals": Array [], "withdrawalsRoot": String("0x56e81f171bcc55a6ff8345e692c0f86e5b48e01b996cadc001622fb5e363b421")}, id: Number(1) }
2025-08-25T09:38:07.161954Z DEBUG node{moniker=app-0}:node{moniker=app-0}: 👉 latest_block: ExecutionBlock { block_hash: 0x16714171b9a786fa46efc48453759d3045421b81ff348df76ec07425c8f3784c, block_number: 0, parent_hash: 0x0000000000000000000000000000000000000000000000000000000000000000, timestamp: 1710374400, prev_randao: 0x0000000000000000000000000000000000000000000000000000000000000000 }
2025-08-25T09:38:07.164541Z  INFO node{moniker=app-0}:network: Discovered peer peer=12D3KooWR2Quwt2G6MyT6WQkUdfS8nHZu7XcPotkmbhuEoqc94oJ connection_id=3
2025-08-25T09:38:07.164552Z DEBUG node{moniker=app-0}:network: Connection is inbound peer=12D3KooWR2Quwt2G6MyT6WQkUdfS8nHZu7XcPotkmbhuEoqc94oJ connection_id=3
2025-08-25T09:38:07.164556Z  INFO node{moniker=app-0}:network: Connections: 1
2025-08-25T09:38:07.165136Z  INFO node{moniker=app-0}:network: New connection from known peer peer=12D3KooWR2Quwt2G6MyT6WQkUdfS8nHZu7XcPotkmbhuEoqc94oJ connection_id=2
2025-08-25T09:38:07.165141Z DEBUG node{moniker=app-0}:network: Additional connection to peer, total connections: 2 peer=12D3KooWR2Quwt2G6MyT6WQkUdfS8nHZu7XcPotkmbhuEoqc94oJ connection_id=2
2025-08-25T09:38:07.165145Z DEBUG node{moniker=app-0}:network: Connection is inbound peer=12D3KooWR2Quwt2G6MyT6WQkUdfS8nHZu7XcPotkmbhuEoqc94oJ connection_id=2
2025-08-25T09:38:07.165148Z  INFO node{moniker=app-0}:network: Connections: 2
2025-08-25T09:38:07.166692Z DEBUG node{moniker=app-0}:wal{height=1}: Reset WAL height=1
2025-08-25T09:38:07.167228Z DEBUG node{moniker=app-0}:consensus{height=1 round=0}: No WAL entries to replay height=1
2025-08-25T09:38:07.167272Z  INFO node{moniker=app-0}:consensus{height=1 round=0}: Starting new height height=1
2025-08-25T09:38:07.167289Z  INFO node{moniker=app-0}:consensus{height=1 round=0}: Starting new round height=1 round=0 proposer=DE7BA2BE72D2225286133990FF5810B691A5261C role=None
2025-08-25T09:38:07.167581Z DEBUG node{moniker=app-0}:sync{height.tip=0 height.sync=0}: Starting new height height.tip=0 height.sync=1 restart=false
2025-08-25T09:38:07.167588Z DEBUG node{moniker=app-0}:sync{height.tip=0 height.sync=0}: No peer to request sync from height.sync=1
2025-08-25T09:38:07.171155Z DEBUG node{moniker=app-0}:wal{height=1}: Flushed WAL to disk wal.entries=0 wal.size=12
2025-08-25T09:38:07.171205Z DEBUG node{moniker=app-0}:node{moniker=app-0}: metis-test:consensus-chan recv!!! msg:StartedRound { height: Height(1), round: Some(0), proposer: Address(DE7BA2BE72D2225286133990FF5810B691A5261C), role: None, reply_value: Sender { inner: Some(Inner { state: State { is_complete: false, is_closed: false, is_rx_task_set: false, is_tx_task_set: false } }) } }
2025-08-25T09:38:07.171223Z  INFO node{moniker=app-0}:node{moniker=app-0}: 🟢🟢 Started round height=1 round=0 proposer=DE7BA2BE72D2225286133990FF5810B691A5261C role=None
2025-08-25T09:38:07.171241Z ERROR node{moniker=app-0}:consensus{height=1 round=0}: Error when processing effect: Messaging(RecvErr)
2025-08-25T09:38:07.171251Z DEBUG node{moniker=app-0}:consensus{height=1 round=0}: Transitioned to new step step.previous=Unstarted step.new=Propose
2025-08-25T09:38:07.171274Z  INFO node{moniker=app-0}:consensus{height=1 round=0}: Scheduling timeout round=0 step=Propose
2025-08-25T09:38:07.171424Z DEBUG node{moniker=app-0}:consensus{height=1 round=0}: Replaying inputs count=0
2025-08-25T09:38:07.171427Z  INFO node{moniker=app-0}:consensus{height=1 round=0}: Phase transition prev=Ready new=Running
2025-08-25T09:38:07.171436Z  INFO node{moniker=app-0}:consensus{height=1 round=0}: Connected to peer peer_id=12D3KooWR2Quwt2G6MyT6WQkUdfS8nHZu7XcPotkmbhuEoqc94oJ
2025-08-25T09:38:07.171440Z DEBUG node{moniker=app-0}:consensus{height=1 round=0}: Connected to another peer connected=1 total=1
2025-08-25T09:38:07.331227Z DEBUG node{moniker=app-0}:network: Connected to peer peer=12D3KooWEFmACkQS9HNWY86xGVM3LS7fRpQ8saTb5VdfdYCzuUvE connection_id=1
2025-08-25T09:38:07.332152Z  INFO node{moniker=app-0}:network: Discovered peer peer=12D3KooWEFmACkQS9HNWY86xGVM3LS7fRpQ8saTb5VdfdYCzuUvE connection_id=1
2025-08-25T09:38:07.332162Z DEBUG node{moniker=app-0}:network: Connection is inbound peer=12D3KooWEFmACkQS9HNWY86xGVM3LS7fRpQ8saTb5VdfdYCzuUvE connection_id=1
2025-08-25T09:38:07.332167Z  INFO node{moniker=app-0}:network: Connections: 3
2025-08-25T09:38:07.332490Z  INFO node{moniker=app-0}:consensus{height=1 round=0}: Connected to peer peer_id=12D3KooWEFmACkQS9HNWY86xGVM3LS7fRpQ8saTb5VdfdYCzuUvE
2025-08-25T09:38:07.332497Z DEBUG node{moniker=app-0}:consensus{height=1 round=0}: Connected to another peer connected=2 total=1
2025-08-25T09:38:07.337916Z  INFO node{moniker=app-0}:consensus{height=1 round=0}: Received vote height=1 vote_height=1 address=DE7BA2BE72D2225286133990FF5810B691A5261C Prevote(height: 1, round: 0, value: eb0ead959d386e13, from: DE7BA2BE72D2225286133990FF5810B691A5261C)
2025-08-25T09:38:07.338801Z DEBUG node{moniker=app-0}:wal{height=1}: Wrote log entry type=Consensus(Vote) entry.size=118 
2025-08-25T09:38:07.339183Z  INFO node{moniker=app-0}:consensus{height=1 round=0}: Received proposal consensus.height=1 proposal.height=1 proposal.round=0 proposer=DE7BA2BE72D2225286133990FF5810B691A5261C Proposal(height: 1, round: 0, pol_round: -1, value: eb0ead959d386e13, from: DE7BA2BE72D2225286133990FF5810B691A5261C)
2025-08-25T09:38:07.339298Z DEBUG node{moniker=app-0}:wal{height=1}: Wrote log entry type=Consensus(Proposal) entry.size=668 
2025-08-25T09:38:07.339325Z DEBUG node{moniker=app-0}:consensus{height=1 round=0}: No full proposal for this round yet, stored proposal for later proposal.height=1 proposal.round=0
2025-08-25T09:38:08.055693Z DEBUG node{moniker=app-0}:network: Accepted incoming connection from peer peer=12D3KooWEFmACkQS9HNWY86xGVM3LS7fRpQ8saTb5VdfdYCzuUvE connection_id=4
2025-08-25T09:38:08.056495Z  INFO node{moniker=app-0}:network: New connection from known peer peer=12D3KooWEFmACkQS9HNWY86xGVM3LS7fRpQ8saTb5VdfdYCzuUvE connection_id=4
2025-08-25T09:38:08.056517Z DEBUG node{moniker=app-0}:network: Additional connection to peer, total connections: 2 peer=12D3KooWEFmACkQS9HNWY86xGVM3LS7fRpQ8saTb5VdfdYCzuUvE connection_id=4
2025-08-25T09:38:08.056525Z DEBUG node{moniker=app-0}:network: Connection is inbound peer=12D3KooWEFmACkQS9HNWY86xGVM3LS7fRpQ8saTb5VdfdYCzuUvE connection_id=4
2025-08-25T09:38:08.056534Z  INFO node{moniker=app-0}:network: Connections: 4
2025-08-25T09:38:10.173036Z  INFO node{moniker=app-0}:consensus{height=1 round=0}: Timeout elapsed step=Propose timeout.round=0 height=1 round=0
2025-08-25T09:38:10.173230Z DEBUG node{moniker=app-0}:wal{height=1}: Wrote log entry type=Timeout entry.size=10 
2025-08-25T09:38:10.173331Z DEBUG node{moniker=app-0}:consensus{height=1 round=0}: Transitioned to new step step.previous=Propose step.new=Prevote
2025-08-25T09:38:10.201200Z  INFO node{moniker=app-0}:consensus{height=1 round=0}: Received vote height=1 vote_height=1 address=02CB1B49DA09615BD4A12212C39378556D990DFD Prevote(height: 1, round: 0, value: Nil, from: 02CB1B49DA09615BD4A12212C39378556D990DFD)
2025-08-25T09:38:10.201404Z DEBUG node{moniker=app-0}:wal{height=1}: Wrote log entry type=Consensus(Vote) entry.size=105 
2025-08-25T09:38:10.201898Z  INFO node{moniker=app-0}:consensus{height=1 round=0}: Scheduling timeout round=0 step=Prevote
2025-08-25T09:38:11.199790Z  INFO node{moniker=app-0}:consensus{height=1 round=0}: Received vote height=1 vote_height=1 address=02CB1B49DA09615BD4A12212C39378556D990DFD Precommit(height: 1, round: 0, value: Nil, from: 02CB1B49DA09615BD4A12212C39378556D990DFD)
2025-08-25T09:38:11.200098Z DEBUG node{moniker=app-0}:wal{height=1}: Wrote log entry type=Consensus(Vote) entry.size=107 
2025-08-25T09:38:11.204230Z  WARN node{moniker=app-0}:consensus{height=1 round=0}: Timeout elapsed step=Prevote
2025-08-25T09:38:11.204250Z  WARN node{moniker=app-0}:consensus{height=1 round=0}: Number of validators having voted: 2 / 2
2025-08-25T09:38:11.204253Z  WARN node{moniker=app-0}:consensus{height=1 round=0}: Total voting power of validators: 2
2025-08-25T09:38:11.204256Z  WARN node{moniker=app-0}:consensus{height=1 round=0}: Voting power required: 2
2025-08-25T09:38:11.204259Z  WARN node{moniker=app-0}:consensus{height=1 round=0}: Total voting power of validators having voted: 2
2025-08-25T09:38:11.204262Z  WARN node{moniker=app-0}:consensus{height=1 round=0}: Total voting power of validators having prevoted nil: 1
2025-08-25T09:38:11.204265Z  WARN node{moniker=app-0}:consensus{height=1 round=0}: Total voting power of validators having precommited nil: 1
2025-08-25T09:38:11.204267Z  WARN node{moniker=app-0}:consensus{height=1 round=0}: Total weight of prevotes: 2
2025-08-25T09:38:11.204270Z  WARN node{moniker=app-0}:consensus{height=1 round=0}: Total weight of precommits: 1
2025-08-25T09:38:11.204275Z  INFO node{moniker=app-0}:consensus{height=1 round=0}: Timeout elapsed step=Prevote timeout.round=0 height=1 round=0
2025-08-25T09:38:11.205490Z DEBUG node{moniker=app-0}:wal{height=1}: Wrote log entry type=Timeout entry.size=10 
2025-08-25T09:38:11.205550Z DEBUG node{moniker=app-0}:consensus{height=1 round=0}: Transitioned to new step step.previous=Prevote step.new=Precommit
2025-08-25T09:38:11.207524Z  INFO node{moniker=app-0}:consensus{height=1 round=0}: Received vote height=1 vote_height=1 address=DE7BA2BE72D2225286133990FF5810B691A5261C Precommit(height: 1, round: 0, value: Nil, from: DE7BA2BE72D2225286133990FF5810B691A5261C)
2025-08-25T09:38:11.207767Z DEBUG node{moniker=app-0}:wal{height=1}: Wrote log entry type=Consensus(Vote) entry.size=107 
2025-08-25T09:38:11.208111Z  INFO node{moniker=app-0}:consensus{height=1 round=0}: Scheduling timeout round=0 step=Precommit
2025-08-25T09:38:12.172684Z  WARN node{moniker=app-0}:consensus{height=1 round=0}: Timeout elapsed step=Rebroadcast
2025-08-25T09:38:12.172711Z  WARN node{moniker=app-0}:consensus{height=1 round=0}: Number of validators having voted: 2 / 2
2025-08-25T09:38:12.172714Z  WARN node{moniker=app-0}:consensus{height=1 round=0}: Total voting power of validators: 2
2025-08-25T09:38:12.172716Z  WARN node{moniker=app-0}:consensus{height=1 round=0}: Voting power required: 2
2025-08-25T09:38:12.172718Z  WARN node{moniker=app-0}:consensus{height=1 round=0}: Total voting power of validators having voted: 2
2025-08-25T09:38:12.172734Z  WARN node{moniker=app-0}:consensus{height=1 round=0}: Total voting power of validators having prevoted nil: 1
2025-08-25T09:38:12.172739Z  WARN node{moniker=app-0}:consensus{height=1 round=0}: Total voting power of validators having precommited nil: 2
2025-08-25T09:38:12.172742Z  WARN node{moniker=app-0}:consensus{height=1 round=0}: Total weight of prevotes: 2
2025-08-25T09:38:12.172744Z  WARN node{moniker=app-0}:consensus{height=1 round=0}: Total weight of precommits: 2
2025-08-25T09:38:12.172777Z  INFO node{moniker=app-0}:consensus{height=1 round=0}: Timeout elapsed step=Rebroadcast timeout.round=0 height=1 round=0
2025-08-25T09:38:12.207666Z  INFO node{moniker=app-0}:consensus{height=1 round=0}: Received round certificate from=12D3KooWEFmACkQS9HNWY86xGVM3LS7fRpQ8saTb5VdfdYCzuUvE certificate.height=1 certificate.round=0 number_of_votes=2
2025-08-25T09:38:12.207722Z  INFO node{moniker=app-0}:consensus{height=1 round=0}: Received round certificate certificate.height=1 certificate.round=0
2025-08-25T09:38:12.209666Z  WARN node{moniker=app-0}:consensus{height=1 round=0}: Timeout elapsed step=Precommit
2025-08-25T09:38:12.209679Z  WARN node{moniker=app-0}:consensus{height=1 round=0}: Number of validators having voted: 2 / 2
2025-08-25T09:38:12.209682Z  WARN node{moniker=app-0}:consensus{height=1 round=0}: Total voting power of validators: 2
2025-08-25T09:38:12.209684Z  WARN node{moniker=app-0}:consensus{height=1 round=0}: Voting power required: 2
2025-08-25T09:38:12.209687Z  WARN node{moniker=app-0}:consensus{height=1 round=0}: Total voting power of validators having voted: 2
2025-08-25T09:38:12.209689Z  WARN node{moniker=app-0}:consensus{height=1 round=0}: Total voting power of validators having prevoted nil: 1
2025-08-25T09:38:12.209692Z  WARN node{moniker=app-0}:consensus{height=1 round=0}: Total voting power of validators having precommited nil: 2
2025-08-25T09:38:12.209694Z  WARN node{moniker=app-0}:consensus{height=1 round=0}: Total weight of prevotes: 2
2025-08-25T09:38:12.209696Z  WARN node{moniker=app-0}:consensus{height=1 round=0}: Total weight of precommits: 2
2025-08-25T09:38:12.209701Z  INFO node{moniker=app-0}:consensus{height=1 round=0}: Timeout elapsed step=Precommit timeout.round=0 height=1 round=0
2025-08-25T09:38:12.216427Z DEBUG node{moniker=app-0}:wal{height=1}: Wrote log entry type=Timeout entry.size=10 
2025-08-25T09:38:12.216555Z DEBUG node{moniker=app-0}:consensus{height=1 round=0}: Transitioned to new step step.previous=Precommit step.new=Unstarted
2025-08-25T09:38:12.216568Z  INFO node{moniker=app-0}:consensus{height=1 round=0}: Sending round certificate cert.certificate.height=1 cert.enter_round=1 number_of_votes=2
2025-08-25T09:38:12.216577Z  INFO node{moniker=app-0}:consensus{height=1 round=0}: Starting new round height=1 round=1 proposer=02CB1B49DA09615BD4A12212C39378556D990DFD role=None
2025-08-25T09:38:12.217102Z DEBUG node{moniker=app-0}:network: Published message channel=/liveness size=197
2025-08-25T09:38:12.218305Z DEBUG node{moniker=app-0}:wal{height=1}: Flushed WAL to disk wal.entries=8 wal.size=1251
2025-08-25T09:38:12.218660Z DEBUG node{moniker=app-0}:node{moniker=app-0}: metis-test:consensus-chan recv!!! msg:StartedRound { height: Height(1), round: Some(1), proposer: Address(02CB1B49DA09615BD4A12212C39378556D990DFD), role: None, reply_value: Sender { inner: Some(Inner { state: State { is_complete: false, is_closed: false, is_rx_task_set: false, is_tx_task_set: false } }) } }
2025-08-25T09:38:12.218676Z  INFO node{moniker=app-0}:node{moniker=app-0}: 🟢🟢 Started round height=1 round=1 proposer=02CB1B49DA09615BD4A12212C39378556D990DFD role=None
2025-08-25T09:38:12.218702Z ERROR node{moniker=app-0}:consensus{height=1 round=0}: Error when processing effect: Messaging(RecvErr)
2025-08-25T09:38:12.218723Z DEBUG node{moniker=app-0}:consensus{height=1 round=0}: Transitioned to new step step.previous=Unstarted step.new=Propose
2025-08-25T09:38:12.218727Z  INFO node{moniker=app-0}:consensus{height=1 round=0}: Scheduling timeout round=1 step=Propose
2025-08-25T09:38:12.218747Z  INFO node{moniker=app-0}:consensus{height=1 round=1}: Received round certificate from=12D3KooWR2Quwt2G6MyT6WQkUdfS8nHZu7XcPotkmbhuEoqc94oJ certificate.height=1 certificate.round=0 number_of_votes=2
2025-08-25T09:38:12.218758Z  INFO node{moniker=app-0}:consensus{height=1 round=1}: Received round certificate certificate.height=1 certificate.round=0
2025-08-25T09:38:12.218762Z  WARN node{moniker=app-0}:consensus{height=1 round=1}: Precommit round certificate from older round certificate.round=0 consensus.round=1
2025-08-25T09:38:12.238321Z DEBUG node{moniker=app-0}:node{moniker=app-0}: metis-test:consensus-chan recv!!! msg:ReceivedProposalPart { from: PeerId("12D3KooWR2Quwt2G6MyT6WQkUdfS8nHZu7XcPotkmbhuEoqc94oJ"), part: StreamMessage { stream_id: StreamId(b"\0\0\0\0\0\0\0\x01\0\0\0\x01\0\0\0\0"), sequence: 0, content: Data(Init(ProposalInit { height: Height(1), round: Some(1), proposer: Address(02CB1B49DA09615BD4A12212C39378556D990DFD) })) }, reply: Sender { inner: Some(Inner { state: State { is_complete: false, is_closed: false, is_rx_task_set: true, is_tx_task_set: false } }) } }
2025-08-25T09:38:12.238623Z  INFO node{moniker=app-0}:node{moniker=app-0}: Received proposal part from=12D3KooWR2Quwt2G6MyT6WQkUdfS8nHZu7XcPotkmbhuEoqc94oJ part.sequence=0 part.type=init part.size=30
2025-08-25T09:38:12.239660Z DEBUG node{moniker=app-0}:node{moniker=app-0}: metis-test:consensus-chan recv!!! msg:ReceivedProposalPart { from: PeerId("12D3KooWR2Quwt2G6MyT6WQkUdfS8nHZu7XcPotkmbhuEoqc94oJ"), part: StreamMessage { stream_id: StreamId(b"\0\0\0\0\0\0\0\x01\0\0\0\x01\0\0\0\0"), sequence: 1, content: Data(Data(ProposalData { bytes: "<...>", len: 545 })) }, reply: Sender { inner: Some(Inner { state: State { is_complete: false, is_closed: false, is_rx_task_set: true, is_tx_task_set: false } }) } }
2025-08-25T09:38:12.239678Z  INFO node{moniker=app-0}:node{moniker=app-0}: Received proposal part from=12D3KooWR2Quwt2G6MyT6WQkUdfS8nHZu7XcPotkmbhuEoqc94oJ part.sequence=1 part.type=data part.size=551
2025-08-25T09:38:12.239694Z DEBUG node{moniker=app-0}:node{moniker=app-0}: metis-test:consensus-chan recv!!! msg:ReceivedProposalPart { from: PeerId("12D3KooWR2Quwt2G6MyT6WQkUdfS8nHZu7XcPotkmbhuEoqc94oJ"), part: StreamMessage { stream_id: StreamId(b"\0\0\0\0\0\0\0\x01\0\0\0\x01\0\0\0\0"), sequence: 2, content: Data(Fin(ProposalFin { signature: Signature(Signature { R_bytes: "44f04929b8432c0c006107bc5fca545157023aee57bb41cc2fabd190efc10241", s_bytes: "cce16d6c4f8512e6b0ed04ab9acdd3babfb760b42bce4a07c0d488eb5389b30b" }) })) }, reply: Sender { inner: Some(Inner { state: State { is_complete: false, is_closed: false, is_rx_task_set: true, is_tx_task_set: false } }) } }
2025-08-25T09:38:12.239707Z  INFO node{moniker=app-0}:node{moniker=app-0}: Received proposal part from=12D3KooWR2Quwt2G6MyT6WQkUdfS8nHZu7XcPotkmbhuEoqc94oJ part.sequence=2 part.type=fin part.size=70
2025-08-25T09:38:12.239717Z DEBUG node{moniker=app-0}:node{moniker=app-0}: metis-test:consensus-chan recv!!! msg:ReceivedProposalPart { from: PeerId("12D3KooWR2Quwt2G6MyT6WQkUdfS8nHZu7XcPotkmbhuEoqc94oJ"), part: StreamMessage { stream_id: StreamId(b"\0\0\0\0\0\0\0\x01\0\0\0\x01\0\0\0\0"), sequence: 3, content: Fin }, reply: Sender { inner: Some(Inner { state: State { is_complete: false, is_closed: false, is_rx_task_set: true, is_tx_task_set: false } }) } }
2025-08-25T09:38:12.239745Z  INFO node{moniker=app-0}:node{moniker=app-0}: Received proposal part from=12D3KooWR2Quwt2G6MyT6WQkUdfS8nHZu7XcPotkmbhuEoqc94oJ part.sequence=3 part.type=end of stream part.size=0
2025-08-25T09:38:12.239913Z  INFO node{moniker=app-0}:node{moniker=app-0}: Proposal data[0..32]: 16714171b9a786fa46efc48453759d3045421b81ff348df76ec07425c8f3784c, total_size: 545 bytes, id: a6479f7db309691a
2025-08-25T09:38:12.243047Z  INFO node{moniker=app-0}:consensus{height=1 round=1}: Received vote height=1 vote_height=1 address=02CB1B49DA09615BD4A12212C39378556D990DFD Prevote(height: 1, round: 1, value: a6479f7db309691a, from: 02CB1B49DA09615BD4A12212C39378556D990DFD)
2025-08-25T09:38:12.245640Z DEBUG node{moniker=app-0}:wal{height=1}: Wrote log entry type=Consensus(Vote) entry.size=120 
2025-08-25T09:38:12.246775Z  INFO node{moniker=app-0}:consensus{height=1 round=1}: Received proposal consensus.height=1 proposal.height=1 proposal.round=1 proposer=02CB1B49DA09615BD4A12212C39378556D990DFD Proposal(height: 1, round: 1, pol_round: -1, value: a6479f7db309691a, from: 02CB1B49DA09615BD4A12212C39378556D990DFD)
2025-08-25T09:38:12.248992Z DEBUG node{moniker=app-0}:wal{height=1}: Wrote log entry type=Consensus(Proposal) entry.size=670 
2025-08-25T09:38:12.249031Z DEBUG node{moniker=app-0}:consensus{height=1 round=1}: No full proposal for this round yet, stored proposal for later proposal.height=1 proposal.round=1
2025-08-25T09:38:12.251534Z DEBUG node{moniker=app-0}:node{moniker=app-0}: ✅ Received complete proposal: ProposedValue { height: Height(1), round: Some(1), valid_round: Nil, proposer: Address(02CB1B49DA09615BD4A12212C39378556D990DFD), value: Value { value: 11981720695865960730, extensions: b"\x16qAq\xb9\xa7\x86\xfaF\xef\xc4\x84Su\x9d0EB\x1b\x81\xff4\x8d\xf7n\xc0t%\xc8\xf3xL********************\xec&\xdf\x94B\xc5\xd4\xa0\xa0\xccSH\xc9`\x11[C\xda\x08\xc7\xae\xf6\xbeNL\xcc_\x13l\xa8\x92\xa6V\xe8\x1f\x17\x1b\xccU\xa6\xff\x83E\xe6\x92\xc0\xf8n[H\xe0\x1b\x99l\xad\xc0\x01b/\xb5\xe3c\xb4!\0\0\0\0\0\0\0\0\0\0\0\0\0\0\0\0\0\0\0\0\0\0\0\0\0\0\0\0\0\0\0\0\0\0\0\0\0\0\0\0\0\0\0\0\0\0\0\0\0\0\0\0\0\0\0\0\0\0\0\0\0\0\0\0\0\0\0\0\0\0\0\0\0\0\0\0\0\0\0\0\0\0\0\0\0\0\0\0\0\0\0\0\0\0\0\0\0\0\0\0\0\0\0\0\0\0\0\0\0\0\0\0\0\0\0\0\0\0\0\0\0\0\0\0\0\0\0\0\0\0\0\0\0\0\0\0\0\0\0\0\0\0\0\0\0\0\0\0\0\0\0\0\0\0\0\0\0\0\0\0\0\0\0\0\0\0\0\0\0\0\0\0\0\0\0\0\0\0\0\0\0\0\0\0\0\0\0\0\0\0\0\0\0\0\0\0\0\0\0\0\0\0\0\0\0\0\0\0\0\0\0\0\0\0\0\0\0\0\0\0\0\0\0\0\0\0\0\0\0\0\0\0\0\0\0\0\0\0\0\0\0\0\0\0\0\0\0\0\0\0\0\0\0\0\0\0\0\0\0\0\0\0\0\0\0\0\0\0\0\0\0\0\0\0\0\0\0\0\0\0\0\0\0\0\0\0\0\0\x01\0\0\0\0\0\0\0\xef5\xca\x01\0\0\0\0\0\0\0\0\0\0\0\0\x04/\xach\0\0\0\0\x10\x02\0\0\xc0p'4\0\0\0\0\0\0\0\0\0\0\0\0\0\0\0\0\0\0\0\0\0\0\0\0\0\0\0\0\xfa\x9c!\xeb\xeez\xcf\xf5\xe1+\x1d\x99\x02I\x80\x07g\xef\xf2\xf3$\xfe\xa2\x02\xd6\x9a9!l\xddb\xe5!\x02\0\0!\x02\0\0\0\0\0\0\0\0\0\0\0\0\0\0\0\0\0\0reth/v1.4.1/linux" }, validity: Valid }
2025-08-25T09:38:12.251619Z DEBUG node{moniker=app-0}:consensus{height=1 round=1}: We have a full proposal for this round, checking... proposal.height=1 proposal.round=1
2025-08-25T09:38:12.251634Z DEBUG node{moniker=app-0}:consensus{height=1 round=1}: Transitioned to new step step.previous=Propose step.new=Prevote
2025-08-25T09:38:12.253882Z  INFO node{moniker=app-0}:consensus{height=1 round=1}: Received vote height=1 vote_height=1 address=DE7BA2BE72D2225286133990FF5810B691A5261C Precommit(height: 1, round: 1, value: a6479f7db309691a, from: DE7BA2BE72D2225286133990FF5810B691A5261C)
2025-08-25T09:38:12.254069Z DEBUG node{moniker=app-0}:wal{height=1}: Wrote log entry type=Consensus(Vote) entry.size=122 
2025-08-25T09:38:12.254505Z  INFO node{moniker=app-0}:consensus{height=1 round=1}: Received vote height=1 vote_height=1 address=DE7BA2BE72D2225286133990FF5810B691A5261C Prevote(height: 1, round: 1, value: a6479f7db309691a, from: DE7BA2BE72D2225286133990FF5810B691A5261C)
2025-08-25T09:38:12.254649Z DEBUG node{moniker=app-0}:wal{height=1}: Wrote log entry type=Consensus(Vote) entry.size=120 
2025-08-25T09:38:12.254792Z DEBUG node{moniker=app-0}:consensus{height=1 round=1}: Transitioned to new step step.previous=Prevote step.new=Precommit
2025-08-25T09:38:12.262538Z  INFO node{moniker=app-0}:consensus{height=1 round=1}: Received vote height=1 vote_height=1 address=02CB1B49DA09615BD4A12212C39378556D990DFD Precommit(height: 1, round: 1, value: a6479f7db309691a, from: 02CB1B49DA09615BD4A12212C39378556D990DFD)
2025-08-25T09:38:12.262808Z DEBUG node{moniker=app-0}:wal{height=1}: Wrote log entry type=Consensus(Vote) entry.size=122 
2025-08-25T09:38:12.262904Z DEBUG node{moniker=app-0}:consensus{height=1 round=1}: Transitioned to new step step.previous=Precommit step.new=Commit
2025-08-25T09:38:12.262914Z  INFO node{moniker=app-0}:consensus{height=1 round=1}: Decided round=1 height=1 value=a6479f7db309691a
2025-08-25T09:38:12.267465Z DEBUG node{moniker=app-0}:wal{height=1}: Flushed WAL to disk wal.entries=13 wal.size=2470
2025-08-25T09:38:12.267701Z DEBUG node{moniker=app-0}:sync{height.tip=0 height.sync=1}: Updating request state height.tip=1
2025-08-25T09:38:12.267741Z DEBUG node{moniker=app-0}:node{moniker=app-0}: metis-test:consensus-chan recv!!! msg:Decided { certificate: CommitCertificate { height: Height(1), round: Some(1), value_id: ValueId(11981720695865960730), commit_signatures: [CommitSignature { address: Address(02CB1B49DA09615BD4A12212C39378556D990DFD), signature: Signature(Signature { R_bytes: "6264430dbd0ad576bed0295f2d0bb5123f986288caad31a994ee0d7e291b50f8", s_bytes: "d9de440c512655813c784ef6eeb3347be8d53af456da6d9918dd6c5ec70cc303" }) }, CommitSignature { address: Address(DE7BA2BE72D2225286133990FF5810B691A5261C), signature: Signature(Signature { R_bytes: "da3c797e865448a8fa02be126d809da8cbca25b94532490c6bb624ee415fa585", s_bytes: "f35ead75626799516cb6f7e83fa70c96f48ffb702521b9034fd371b32ba9f20a" }) }] }, extensions: VoteExtensions { extensions: [] }, reply: Sender { inner: Some(Inner { state: State { is_complete: false, is_closed: false, is_rx_task_set: true, is_tx_task_set: false } }) } }
2025-08-25T09:38:12.267782Z  INFO node{moniker=app-0}:node{moniker=app-0}: 🟢🟢 Consensus has decided on value height=1 round=1 value=a6479f7db309691a
2025-08-25T09:38:12.267906Z DEBUG node{moniker=app-0}:node{moniker=app-0}: 🎁 block size: 545, height: 1
2025-08-25T09:38:12.268241Z  INFO node{moniker=app-0}:node{moniker=app-0}: 👉 stats at height 1: #txs=0, txs/s=0.00, chain_bytes=545, bytes/s=105.71
2025-08-25T09:38:12.268259Z DEBUG node{moniker=app-0}:node{moniker=app-0}: 🦄 Block at height 1 contains 0 transactions
2025-08-25T09:38:12.300210Z DEBUG node{moniker=app-0}:node{moniker=app-0}: 💡 New block added at height 1 with hash: 0xfa9c21ebee7acff5e12b1d990249800767eff2f324fea202d69a39216cdd62e5
2025-08-25T09:38:12.300230Z DEBUG node{moniker=app-0}:node{moniker=app-0}: 🟠 set_latest_forkchoice_state: 0xfa9c21ebee7acff5e12b1d990249800767eff2f324fea202d69a39216cdd62e5
2025-08-25T09:38:12.302852Z DEBUG node{moniker=app-0}:node{moniker=app-0}: ➡️ payload_status: PayloadStatus { status: Valid, latest_valid_hash: Some(0xfa9c21ebee7acff5e12b1d990249800767eff2f324fea202d69a39216cdd62e5) }
2025-08-25T09:38:12.302880Z DEBUG node{moniker=app-0}:node{moniker=app-0}: 🚀 Forkchoice updated to height 1 for block hash=0xfa9c21ebee7acff5e12b1d990249800767eff2f324fea202d69a39216cdd62e5 and latest_valid_hash=0xfa9c21ebee7acff5e12b1d990249800767eff2f324fea202d69a39216cdd62e5
2025-08-25T09:38:12.302888Z  INFO node{moniker=app-0}:node{moniker=app-0}: Looking for certificate height=1 round=1
2025-08-25T09:38:12.306198Z  INFO node{moniker=app-0}:node{moniker=app-0}: Committed block_data[0..32]: 16714171b9a786fa46efc48453759d3045421b81ff348df76ec07425c8f3784c
2025-08-25T09:38:12.329196Z DEBUG node{moniker=app-0}:wal{height=2}: Reset WAL height=2
2025-08-25T09:38:12.329280Z DEBUG node{moniker=app-0}:consensus{height=2 round=0}: No WAL entries to replay height=2
2025-08-25T09:38:12.329349Z  INFO node{moniker=app-0}:consensus{height=2 round=0}: Starting new height height=2
2025-08-25T09:38:12.329358Z  INFO node{moniker=app-0}:consensus{height=2 round=0}: Starting new round height=2 round=0 proposer=815F9FA61D7C4F1E4A9E30D40DCA1115BB48F759 role=Proposer
2025-08-25T09:38:12.329392Z DEBUG node{moniker=app-0}:sync{height.tip=0 height.sync=1}: Starting new height height.tip=1 height.sync=2 restart=false
2025-08-25T09:38:12.329398Z DEBUG node{moniker=app-0}:sync{height.tip=0 height.sync=1}: No peer to request sync from height.sync=2
2025-08-25T09:38:12.336141Z DEBUG node{moniker=app-0}:wal{height=2}: Flushed WAL to disk wal.entries=0 wal.size=12
2025-08-25T09:38:12.338195Z DEBUG node{moniker=app-0}:node{moniker=app-0}: metis-test:consensus-chan recv!!! msg:StartedRound { height: Height(2), round: Some(0), proposer: Address(815F9FA61D7C4F1E4A9E30D40DCA1115BB48F759), role: Proposer, reply_value: Sender { inner: Some(Inner { state: State { is_complete: false, is_closed: false, is_rx_task_set: false, is_tx_task_set: false } }) } }
2025-08-25T09:38:12.338213Z  INFO node{moniker=app-0}:node{moniker=app-0}: 🟢🟢 Started round height=2 round=0 proposer=815F9FA61D7C4F1E4A9E30D40DCA1115BB48F759 role=Proposer
2025-08-25T09:38:12.338229Z ERROR node{moniker=app-0}:consensus{height=2 round=0}: Error when processing effect: Messaging(RecvErr)
2025-08-25T09:38:12.338249Z DEBUG node{moniker=app-0}:consensus{height=2 round=0}: Transitioned to new step step.previous=Unstarted step.new=Propose
2025-08-25T09:38:12.338263Z  INFO node{moniker=app-0}:consensus{height=2 round=0}: Scheduling timeout round=0 step=Propose
2025-08-25T09:38:12.338272Z  INFO node{moniker=app-0}:consensus{height=2 round=0}: Requesting value from application height=2 round=0
2025-08-25T09:38:12.338283Z DEBUG node{moniker=app-0}:consensus{height=2 round=0}: Replaying inputs count=0
2025-08-25T09:38:12.338308Z DEBUG node{moniker=app-0}:node{moniker=app-0}: metis-test:consensus-chan recv!!! msg:GetValue { height: Height(2), round: Some(0), timeout: 3s, reply: Sender { inner: Some(Inner { state: State { is_complete: false, is_closed: false, is_rx_task_set: true, is_tx_task_set: false } }) } }
2025-08-25T09:38:12.338314Z  INFO node{moniker=app-0}:node{moniker=app-0}: 🟢🟢 Consensus is requesting a value to propose height=2 round=0
2025-08-25T09:38:12.338317Z DEBUG node{moniker=app-0}:node{moniker=app-0}: 🟠 generate_block on top of ExecutionBlock { block_hash: 0xfa9c21ebee7acff5e12b1d990249800767eff2f324fea202d69a39216cdd62e5, block_number: 1, parent_hash: 0xfa9c21ebee7acff5e12b1d990249800767eff2f324fea202d69a39216cdd62e5, timestamp: 1756114692, prev_randao: 0x0000000000000000000000000000000000000000000000000000000000000000 }
2025-08-25T09:38:12.342690Z DEBUG node{moniker=app-0}:node{moniker=app-0}: 🌈 Got execution payload: ExecutionPayloadV3 { payload_inner: ExecutionPayloadV2 { payload_inner: ExecutionPayloadV1 { parent_hash: 0xfa9c21ebee7acff5e12b1d990249800767eff2f324fea202d69a39216cdd62e5, fee_recipient: 0x2a2a2a2a2a2a2a2a2a2a2a2a2a2a2a2a2a2a2a2a, state_root: 0xec26df9442c5d4a0a0cc5348c960115b43da08c7aef6be4e4ccc5f136ca892a6, receipts_root: 0x56e81f171bcc55a6ff8345e692c0f86e5b48e01b996cadc001622fb5e363b421, logs_bloom: 0x00000000000000000000000000000000000000000000000000000000000000000000000000000000000000000000000000000000000000000000000000000000000000000000000000000000000000000000000000000000000000000000000000000000000000000000000000000000000000000000000000000000000000000000000000000000000000000000000000000000000000000000000000000000000000000000000000000000000000000000000000000000000000000000000000000000000000000000000000000000000000000000000000000000000000000000000000000000000000000000000000000000000000000000000000000000, prev_randao: 0x0000000000000000000000000000000000000000000000000000000000000000, block_number: 2, gas_limit: 30058619, gas_used: 0, timestamp: 1756114693, extra_data: 0x726574682f76312e342e312f6c696e7578, base_fee_per_gas: 765625000, block_hash: 0x910f4234d15c8cc1f5555b018ae9f63d02e0acd7e77db7c6fe38713ed24c2d40, transactions: [] }, withdrawals: [] }, blob_gas_used: 0, excess_blob_gas: 0 }
2025-08-25T09:38:12.342726Z DEBUG node{moniker=app-0}:node{moniker=app-0}: 🎁 block size: 545, height: 2
2025-08-25T09:38:12.349770Z  INFO node{moniker=app-0}:node{moniker=app-0}: Streaming proposal part: StreamMessage { stream_id: StreamId(b"\0\0\0\0\0\0\0\x02\0\0\0\0\0\0\0\0"), sequence: 0, content: Data(Init(ProposalInit { height: Height(2), round: Some(0), proposer: Address(815F9FA61D7C4F1E4A9E30D40DCA1115BB48F759) })) } height=2 round=0
2025-08-25T09:38:12.349807Z  INFO node{moniker=app-0}:node{moniker=app-0}: Streaming proposal part: StreamMessage { stream_id: StreamId(b"\0\0\0\0\0\0\0\x02\0\0\0\0\0\0\0\0"), sequence: 1, content: Data(Data(ProposalData { bytes: "<...>", len: 545 })) } height=2 round=0
2025-08-25T09:38:12.349837Z  INFO node{moniker=app-0}:node{moniker=app-0}: Streaming proposal part: StreamMessage { stream_id: StreamId(b"\0\0\0\0\0\0\0\x02\0\0\0\0\0\0\0\0"), sequence: 2, content: Data(Fin(ProposalFin { signature: Signature(Signature { R_bytes: "4b616ad2766bb79815c275b330d906c683af440e15703bc039265295e9492df3", s_bytes: "8ebe84b7ed34d083848a7371b7e95ea23bcd4aa016bcdc1e7c1267147c41bc04" }) })) } height=2 round=0
2025-08-25T09:38:12.350009Z DEBUG node{moniker=app-0}:network: Published message channel=/proposal_parts size=48
2025-08-25T09:38:12.350048Z  INFO node{moniker=app-0}:node{moniker=app-0}: Streaming proposal part: StreamMessage { stream_id: StreamId(b"\0\0\0\0\0\0\0\x02\0\0\0\0\0\0\0\0"), sequence: 3, content: Fin } height=2 round=0
2025-08-25T09:38:12.350152Z DEBUG node{moniker=app-0}:wal{height=2}: Wrote log entry type=LocallyProposedValue entry.size=599 
2025-08-25T09:38:12.350278Z DEBUG node{moniker=app-0}:network: Published message channel=/proposal_parts size=574
2025-08-25T09:38:12.350343Z DEBUG node{moniker=app-0}:node{moniker=app-0}: ✅ Proposal sent height=2 round=0
2025-08-25T09:38:12.350433Z DEBUG node{moniker=app-0}:network: Published message channel=/proposal_parts size=92
2025-08-25T09:38:12.350547Z DEBUG node{moniker=app-0}:network: Published message channel=/proposal_parts size=22
2025-08-25T09:38:12.350638Z  INFO node{moniker=app-0}:consensus{height=2 round=0}: Proposing value id=b989910ef8c2e58d round=0
2025-08-25T09:38:12.350855Z  INFO node{moniker=app-0}:consensus{height=2 round=0}: Received proposal consensus.height=2 proposal.height=2 proposal.round=0 proposer=815F9FA61D7C4F1E4A9E30D40DCA1115BB48F759 Proposal(height: 2, round: 0, pol_round: -1, value: b989910ef8c2e58d, from: 815F9FA61D7C4F1E4A9E30D40DCA1115BB48F759)
2025-08-25T09:38:12.351012Z DEBUG node{moniker=app-0}:wal{height=2}: Wrote log entry type=Consensus(Proposal) entry.size=668 
2025-08-25T09:38:12.351041Z DEBUG node{moniker=app-0}:consensus{height=2 round=0}: Transitioned to new step step.previous=Propose step.new=Prevote
2025-08-25T09:38:12.351049Z  INFO node{moniker=app-0}:consensus{height=2 round=0}: Voting vote_type=Prevote value=b989910ef8c2e58d round=0
2025-08-25T09:38:12.351280Z  INFO node{moniker=app-0}:consensus{height=2 round=0}: Received vote height=2 vote_height=2 address=815F9FA61D7C4F1E4A9E30D40DCA1115BB48F759 Prevote(height: 2, round: 0, value: b989910ef8c2e58d, from: 815F9FA61D7C4F1E4A9E30D40DCA1115BB48F759)
2025-08-25T09:38:12.351340Z DEBUG node{moniker=app-0}:wal{height=2}: Wrote log entry type=Consensus(Vote) entry.size=118 
2025-08-25T09:38:12.354178Z DEBUG node{moniker=app-0}:wal{height=2}: Flushed WAL to disk wal.entries=3 wal.size=1436
2025-08-25T09:38:12.354496Z DEBUG node{moniker=app-0}:network: Published message channel=/consensus size=109
2025-08-25T09:38:12.358442Z DEBUG node{moniker=app-0}:wal{height=2}: Flushed WAL to disk wal.entries=3 wal.size=1436
2025-08-25T09:38:12.358678Z DEBUG node{moniker=app-0}:network: Published message channel=/consensus size=659
2025-08-25T09:38:12.368343Z  INFO node{moniker=app-0}:consensus{height=2 round=0}: Received vote height=2 vote_height=2 address=02CB1B49DA09615BD4A12212C39378556D990DFD Precommit(height: 2, round: 0, value: b989910ef8c2e58d, from: 02CB1B49DA09615BD4A12212C39378556D990DFD)
2025-08-25T09:38:12.368548Z DEBUG node{moniker=app-0}:wal{height=2}: Wrote log entry type=Consensus(Vote) entry.size=120 
2025-08-25T09:38:12.369416Z  INFO node{moniker=app-0}:consensus{height=2 round=0}: Received vote height=2 vote_height=2 address=02CB1B49DA09615BD4A12212C39378556D990DFD Prevote(height: 2, round: 0, value: b989910ef8c2e58d, from: 02CB1B49DA09615BD4A12212C39378556D990DFD)
2025-08-25T09:38:12.369548Z DEBUG node{moniker=app-0}:wal{height=2}: Wrote log entry type=Consensus(Vote) entry.size=118 
2025-08-25T09:38:12.369660Z DEBUG node{moniker=app-0}:consensus{height=2 round=0}: Transitioned to new step step.previous=Prevote step.new=Precommit
2025-08-25T09:38:12.369668Z  INFO node{moniker=app-0}:consensus{height=2 round=0}: Voting vote_type=Precommit value=b989910ef8c2e58d round=0
2025-08-25T09:38:12.369689Z DEBUG node{moniker=app-0}:node{moniker=app-0}: metis-test:consensus-chan recv!!! msg:ExtendVote { height: Height(2), round: Some(0), value_id: ValueId(13369376462315120013), reply: Sender { inner: Some(Inner { state: State { is_complete: false, is_closed: false, is_rx_task_set: true, is_tx_task_set: false } }) } }
2025-08-25T09:38:12.369893Z  INFO node{moniker=app-0}:consensus{height=2 round=0}: Received vote height=2 vote_height=2 address=815F9FA61D7C4F1E4A9E30D40DCA1115BB48F759 Precommit(height: 2, round: 0, value: b989910ef8c2e58d, from: 815F9FA61D7C4F1E4A9E30D40DCA1115BB48F759)
2025-08-25T09:38:12.369968Z DEBUG node{moniker=app-0}:wal{height=2}: Wrote log entry type=Consensus(Vote) entry.size=120 
2025-08-25T09:38:12.369995Z DEBUG node{moniker=app-0}:consensus{height=2 round=0}: Transitioned to new step step.previous=Precommit step.new=Commit
2025-08-25T09:38:12.370000Z  INFO node{moniker=app-0}:consensus{height=2 round=0}: Decided round=0 height=2 value=b989910ef8c2e58d
2025-08-25T09:38:12.373204Z DEBUG node{moniker=app-0}:wal{height=2}: Flushed WAL to disk wal.entries=6 wal.size=1833
2025-08-25T09:38:12.373282Z DEBUG node{moniker=app-0}:sync{height.tip=1 height.sync=2}: Updating request state height.tip=2
2025-08-25T09:38:12.373301Z DEBUG node{moniker=app-0}:node{moniker=app-0}: metis-test:consensus-chan recv!!! msg:Decided { certificate: CommitCertificate { height: Height(2), round: Some(0), value_id: ValueId(13369376462315120013), commit_signatures: [CommitSignature { address: Address(02CB1B49DA09615BD4A12212C39378556D990DFD), signature: Signature(Signature { R_bytes: "ef82d61da19cf8ca124fe4faf99383c9cd84d5e05682421d6b1bd0f0a7909ec6", s_bytes: "6cc1c2f37e272d79bcc4270f07c9a547a39b8560ee7f1456688bd20ae74d6e0a" }) }, CommitSignature { address: Address(815F9FA61D7C4F1E4A9E30D40DCA1115BB48F759), signature: Signature(Signature { R_bytes: "8d7acb8dabaf4ea2c033bdd6fbfcc17414bef8d0cf1582aef5d16c116586d664", s_bytes: "56cf826d757696639233b82b72d501542abab691094ea8efd205f6c378d58603" }) }] }, extensions: VoteExtensions { extensions: [] }, reply: Sender { inner: Some(Inner { state: State { is_complete: false, is_closed: false, is_rx_task_set: true, is_tx_task_set: false } }) } }
2025-08-25T09:38:12.373322Z  INFO node{moniker=app-0}:node{moniker=app-0}: 🟢🟢 Consensus has decided on value height=2 round=0 value=b989910ef8c2e58d
2025-08-25T09:38:12.373375Z DEBUG node{moniker=app-0}:node{moniker=app-0}: 🎁 block size: 545, height: 2
2025-08-25T09:38:12.373385Z  INFO node{moniker=app-0}:node{moniker=app-0}: 👉 stats at height 2: #txs=0, txs/s=0.00, chain_bytes=1090, bytes/s=207.20
2025-08-25T09:38:12.373389Z DEBUG node{moniker=app-0}:node{moniker=app-0}: 🦄 Block at height 2 contains 0 transactions
2025-08-25T09:38:12.376235Z DEBUG node{moniker=app-0}:wal{height=2}: Flushed WAL to disk wal.entries=6 wal.size=1833
2025-08-25T09:38:12.376471Z DEBUG node{moniker=app-0}:network: Published message channel=/consensus size=111
2025-08-25T09:38:12.379915Z DEBUG node{moniker=app-0}:node{moniker=app-0}: 💡 New block added at height 2 with hash: 0x910f4234d15c8cc1f5555b018ae9f63d02e0acd7e77db7c6fe38713ed24c2d40
2025-08-25T09:38:12.379930Z DEBUG node{moniker=app-0}:node{moniker=app-0}: 🟠 set_latest_forkchoice_state: 0x910f4234d15c8cc1f5555b018ae9f63d02e0acd7e77db7c6fe38713ed24c2d40
2025-08-25T09:38:12.381127Z DEBUG node{moniker=app-0}:node{moniker=app-0}: ➡️ payload_status: PayloadStatus { status: Valid, latest_valid_hash: Some(0x910f4234d15c8cc1f5555b018ae9f63d02e0acd7e77db7c6fe38713ed24c2d40) }
2025-08-25T09:38:12.381136Z DEBUG node{moniker=app-0}:node{moniker=app-0}: 🚀 Forkchoice updated to height 2 for block hash=0x910f4234d15c8cc1f5555b018ae9f63d02e0acd7e77db7c6fe38713ed24c2d40 and latest_valid_hash=0x910f4234d15c8cc1f5555b018ae9f63d02e0acd7e77db7c6fe38713ed24c2d40
2025-08-25T09:38:12.381139Z  INFO node{moniker=app-0}:node{moniker=app-0}: Looking for certificate height=2 round=0
2025-08-25T09:38:12.389416Z  INFO node{moniker=app-0}:node{moniker=app-0}: Committed block_data[0..32]: fa9c21ebee7acff5e12b1d990249800767eff2f324fea202d69a39216cdd62e5
2025-08-25T09:38:12.402385Z DEBUG node{moniker=app-0}:wal{height=3}: Reset WAL height=3
2025-08-25T09:38:12.402457Z DEBUG node{moniker=app-0}:consensus{height=3 round=0}: No WAL entries to replay height=3
2025-08-25T09:38:12.402492Z  INFO node{moniker=app-0}:consensus{height=3 round=0}: Starting new height height=3
2025-08-25T09:38:12.402498Z  INFO node{moniker=app-0}:consensus{height=3 round=0}: Starting new round height=3 round=0 proposer=815F9FA61D7C4F1E4A9E30D40DCA1115BB48F759 role=Proposer
2025-08-25T09:38:12.402521Z DEBUG node{moniker=app-0}:sync{height.tip=1 height.sync=2}: Starting new height height.tip=2 height.sync=3 restart=false
2025-08-25T09:38:12.402527Z DEBUG node{moniker=app-0}:sync{height.tip=1 height.sync=2}: No peer to request sync from height.sync=3
2025-08-25T09:38:12.406458Z DEBUG node{moniker=app-0}:wal{height=3}: Flushed WAL to disk wal.entries=0 wal.size=12
2025-08-25T09:38:12.406563Z DEBUG node{moniker=app-0}:node{moniker=app-0}: metis-test:consensus-chan recv!!! msg:StartedRound { height: Height(3), round: Some(0), proposer: Address(815F9FA61D7C4F1E4A9E30D40DCA1115BB48F759), role: Proposer, reply_value: Sender { inner: Some(Inner { state: State { is_complete: false, is_closed: false, is_rx_task_set: false, is_tx_task_set: false } }) } }
2025-08-25T09:38:12.406578Z  INFO node{moniker=app-0}:node{moniker=app-0}: 🟢🟢 Started round height=3 round=0 proposer=815F9FA61D7C4F1E4A9E30D40DCA1115BB48F759 role=Proposer
2025-08-25T09:38:12.406592Z ERROR node{moniker=app-0}:consensus{height=3 round=0}: Error when processing effect: Messaging(RecvErr)
2025-08-25T09:38:12.406700Z DEBUG node{moniker=app-0}:consensus{height=3 round=0}: Transitioned to new step step.previous=Unstarted step.new=Propose
2025-08-25T09:38:12.406712Z  INFO node{moniker=app-0}:consensus{height=3 round=0}: Scheduling timeout round=0 step=Propose
2025-08-25T09:38:12.406719Z  INFO node{moniker=app-0}:consensus{height=3 round=0}: Requesting value from application height=3 round=0
2025-08-25T09:38:12.406730Z DEBUG node{moniker=app-0}:consensus{height=3 round=0}: Replaying inputs count=0
2025-08-25T09:38:12.406765Z DEBUG node{moniker=app-0}:node{moniker=app-0}: metis-test:consensus-chan recv!!! msg:GetValue { height: Height(3), round: Some(0), timeout: 3s, reply: Sender { inner: Some(Inner { state: State { is_complete: false, is_closed: false, is_rx_task_set: true, is_tx_task_set: false } }) } }
2025-08-25T09:38:12.406773Z  INFO node{moniker=app-0}:node{moniker=app-0}: 🟢🟢 Consensus is requesting a value to propose height=3 round=0
2025-08-25T09:38:12.406777Z DEBUG node{moniker=app-0}:node{moniker=app-0}: 🟠 generate_block on top of ExecutionBlock { block_hash: 0x910f4234d15c8cc1f5555b018ae9f63d02e0acd7e77db7c6fe38713ed24c2d40, block_number: 2, parent_hash: 0x910f4234d15c8cc1f5555b018ae9f63d02e0acd7e77db7c6fe38713ed24c2d40, timestamp: 1756114693, prev_randao: 0x0000000000000000000000000000000000000000000000000000000000000000 }
2025-08-25T09:38:12.408807Z DEBUG node{moniker=app-0}:node{moniker=app-0}: 🌈 Got execution payload: ExecutionPayloadV3 { payload_inner: ExecutionPayloadV2 { payload_inner: ExecutionPayloadV1 { parent_hash: 0x910f4234d15c8cc1f5555b018ae9f63d02e0acd7e77db7c6fe38713ed24c2d40, fee_recipient: 0x2a2a2a2a2a2a2a2a2a2a2a2a2a2a2a2a2a2a2a2a, state_root: 0xec26df9442c5d4a0a0cc5348c960115b43da08c7aef6be4e4ccc5f136ca892a6, receipts_root: 0x56e81f171bcc55a6ff8345e692c0f86e5b48e01b996cadc001622fb5e363b421, logs_bloom: 0x00000000000000000000000000000000000000000000000000000000000000000000000000000000000000000000000000000000000000000000000000000000000000000000000000000000000000000000000000000000000000000000000000000000000000000000000000000000000000000000000000000000000000000000000000000000000000000000000000000000000000000000000000000000000000000000000000000000000000000000000000000000000000000000000000000000000000000000000000000000000000000000000000000000000000000000000000000000000000000000000000000000000000000000000000000000, prev_randao: 0x0000000000000000000000000000000000000000000000000000000000000000, block_number: 3, gas_limit: 30087972, gas_used: 0, timestamp: 1756114694, extra_data: 0x726574682f76312e342e312f6c696e7578, base_fee_per_gas: 669921875, block_hash: 0xe7f6405097e21a6a6dfb631a9df6ef6dcc4a079ff8c79741e55798ca10cc0976, transactions: [] }, withdrawals: [] }, blob_gas_used: 0, excess_blob_gas: 0 }
2025-08-25T09:38:12.408826Z DEBUG node{moniker=app-0}:node{moniker=app-0}: 🎁 block size: 545, height: 3
2025-08-25T09:38:12.415633Z  INFO node{moniker=app-0}:node{moniker=app-0}: Streaming proposal part: StreamMessage { stream_id: StreamId(b"\0\0\0\0\0\0\0\x03\0\0\0\0\0\0\0\x01"), sequence: 0, content: Data(Init(ProposalInit { height: Height(3), round: Some(0), proposer: Address(815F9FA61D7C4F1E4A9E30D40DCA1115BB48F759) })) } height=3 round=0
2025-08-25T09:38:12.415689Z  INFO node{moniker=app-0}:node{moniker=app-0}: Streaming proposal part: StreamMessage { stream_id: StreamId(b"\0\0\0\0\0\0\0\x03\0\0\0\0\0\0\0\x01"), sequence: 1, content: Data(Data(ProposalData { bytes: "<...>", len: 545 })) } height=3 round=0
2025-08-25T09:38:12.415727Z  INFO node{moniker=app-0}:node{moniker=app-0}: Streaming proposal part: StreamMessage { stream_id: StreamId(b"\0\0\0\0\0\0\0\x03\0\0\0\0\0\0\0\x01"), sequence: 2, content: Data(Fin(ProposalFin { signature: Signature(Signature { R_bytes: "5c1b7eaf5ce72275a7329cb089ab460d221ef599c191ccf575134b3af3f407d3", s_bytes: "7529f21d2905a1fafd2cd0320af80ad2086ac08a9fbba240c7ed04aae88c5205" }) })) } height=3 round=0
2025-08-25T09:38:12.415907Z DEBUG node{moniker=app-0}:network: Published message channel=/proposal_parts size=48
2025-08-25T09:38:12.415945Z  INFO node{moniker=app-0}:node{moniker=app-0}: Streaming proposal part: StreamMessage { stream_id: StreamId(b"\0\0\0\0\0\0\0\x03\0\0\0\0\0\0\0\x01"), sequence: 3, content: Fin } height=3 round=0
2025-08-25T09:38:12.416119Z DEBUG node{moniker=app-0}:wal{height=3}: Wrote log entry type=LocallyProposedValue entry.size=599 
2025-08-25T09:38:12.416201Z DEBUG node{moniker=app-0}:network: Published message channel=/proposal_parts size=574
2025-08-25T09:38:12.416270Z DEBUG node{moniker=app-0}:node{moniker=app-0}: ✅ Proposal sent height=3 round=0
2025-08-25T09:38:12.416410Z DEBUG node{moniker=app-0}:network: Published message channel=/proposal_parts size=92
2025-08-25T09:38:12.416559Z DEBUG node{moniker=app-0}:network: Published message channel=/proposal_parts size=22
2025-08-25T09:38:12.416663Z  INFO node{moniker=app-0}:consensus{height=3 round=0}: Proposing value id=d4676df18f5dceeb round=0
2025-08-25T09:38:12.416889Z  INFO node{moniker=app-0}:consensus{height=3 round=0}: Received proposal consensus.height=3 proposal.height=3 proposal.round=0 proposer=815F9FA61D7C4F1E4A9E30D40DCA1115BB48F759 Proposal(height: 3, round: 0, pol_round: -1, value: d4676df18f5dceeb, from: 815F9FA61D7C4F1E4A9E30D40DCA1115BB48F759)
2025-08-25T09:38:12.416997Z DEBUG node{moniker=app-0}:wal{height=3}: Wrote log entry type=Consensus(Proposal) entry.size=668 
2025-08-25T09:38:12.417027Z DEBUG node{moniker=app-0}:consensus{height=3 round=0}: Transitioned to new step step.previous=Propose step.new=Prevote
2025-08-25T09:38:12.417035Z  INFO node{moniker=app-0}:consensus{height=3 round=0}: Voting vote_type=Prevote value=d4676df18f5dceeb round=0
2025-08-25T09:38:12.417237Z  INFO node{moniker=app-0}:consensus{height=3 round=0}: Received vote height=3 vote_height=3 address=815F9FA61D7C4F1E4A9E30D40DCA1115BB48F759 Prevote(height: 3, round: 0, value: d4676df18f5dceeb, from: 815F9FA61D7C4F1E4A9E30D40DCA1115BB48F759)
2025-08-25T09:38:12.417365Z DEBUG node{moniker=app-0}:wal{height=3}: Wrote log entry type=Consensus(Vote) entry.size=118 
2025-08-25T09:38:12.420248Z DEBUG node{moniker=app-0}:wal{height=3}: Flushed WAL to disk wal.entries=3 wal.size=1436
2025-08-25T09:38:12.420456Z DEBUG node{moniker=app-0}:network: Published message channel=/consensus size=109
2025-08-25T09:38:12.426323Z DEBUG node{moniker=app-0}:wal{height=3}: Flushed WAL to disk wal.entries=3 wal.size=1436
2025-08-25T09:38:12.426502Z DEBUG node{moniker=app-0}:network: Published message channel=/consensus size=659
2025-08-25T09:38:12.434221Z  INFO node{moniker=app-0}:consensus{height=3 round=0}: Received vote height=3 vote_height=3 address=DE7BA2BE72D2225286133990FF5810B691A5261C Precommit(height: 3, round: 0, value: d4676df18f5dceeb, from: DE7BA2BE72D2225286133990FF5810B691A5261C)
2025-08-25T09:38:12.434457Z DEBUG node{moniker=app-0}:wal{height=3}: Wrote log entry type=Consensus(Vote) entry.size=120 
2025-08-25T09:38:12.435210Z  INFO node{moniker=app-0}:consensus{height=3 round=0}: Received vote height=3 vote_height=3 address=DE7BA2BE72D2225286133990FF5810B691A5261C Prevote(height: 3, round: 0, value: d4676df18f5dceeb, from: DE7BA2BE72D2225286133990FF5810B691A5261C)
2025-08-25T09:38:12.435291Z DEBUG node{moniker=app-0}:wal{height=3}: Wrote log entry type=Consensus(Vote) entry.size=118 
2025-08-25T09:38:12.435427Z DEBUG node{moniker=app-0}:consensus{height=3 round=0}: Transitioned to new step step.previous=Prevote step.new=Precommit
2025-08-25T09:38:12.435435Z  INFO node{moniker=app-0}:consensus{height=3 round=0}: Voting vote_type=Precommit value=d4676df18f5dceeb round=0
2025-08-25T09:38:12.435456Z DEBUG node{moniker=app-0}:node{moniker=app-0}: metis-test:consensus-chan recv!!! msg:ExtendVote { height: Height(3), round: Some(0), value_id: ValueId(15305322742901755627), reply: Sender { inner: Some(Inner { state: State { is_complete: false, is_closed: false, is_rx_task_set: true, is_tx_task_set: false } }) } }
2025-08-25T09:38:12.435633Z  INFO node{moniker=app-0}:consensus{height=3 round=0}: Received vote height=3 vote_height=3 address=815F9FA61D7C4F1E4A9E30D40DCA1115BB48F759 Precommit(height: 3, round: 0, value: d4676df18f5dceeb, from: 815F9FA61D7C4F1E4A9E30D40DCA1115BB48F759)
2025-08-25T09:38:12.435698Z DEBUG node{moniker=app-0}:wal{height=3}: Wrote log entry type=Consensus(Vote) entry.size=120 
2025-08-25T09:38:12.435728Z DEBUG node{moniker=app-0}:consensus{height=3 round=0}: Transitioned to new step step.previous=Precommit step.new=Commit
2025-08-25T09:38:12.435733Z  INFO node{moniker=app-0}:consensus{height=3 round=0}: Decided round=0 height=3 value=d4676df18f5dceeb
2025-08-25T09:38:12.438258Z DEBUG node{moniker=app-0}:wal{height=3}: Flushed WAL to disk wal.entries=6 wal.size=1833
2025-08-25T09:38:12.438329Z DEBUG node{moniker=app-0}:sync{height.tip=2 height.sync=3}: Updating request state height.tip=3
2025-08-25T09:38:12.438347Z DEBUG node{moniker=app-0}:node{moniker=app-0}: metis-test:consensus-chan recv!!! msg:Decided { certificate: CommitCertificate { height: Height(3), round: Some(0), value_id: ValueId(15305322742901755627), commit_signatures: [CommitSignature { address: Address(815F9FA61D7C4F1E4A9E30D40DCA1115BB48F759), signature: Signature(Signature { R_bytes: "bcba047953d3f75e91b6d6dc9d1c737e9b9faedfe6dc877393383380a437f340", s_bytes: "c9c2b9389ed0691def3da4fddf1aa3a031d40f4f3ceb41f856d1b9c655fd7403" }) }, CommitSignature { address: Address(DE7BA2BE72D2225286133990FF5810B691A5261C), signature: Signature(Signature { R_bytes: "09aa4bae72c5532408f9614cf8ce84fb41c664a3772cd7afe717d67a7f4efd51", s_bytes: "7c0efdbc12038e9bf436478f3552e346b8198fb8e19ea1faae62f3e470b0c303" }) }] }, extensions: VoteExtensions { extensions: [] }, reply: Sender { inner: Some(Inner { state: State { is_complete: false, is_closed: false, is_rx_task_set: true, is_tx_task_set: false } }) } }
2025-08-25T09:38:12.438363Z  INFO node{moniker=app-0}:node{moniker=app-0}: 🟢🟢 Consensus has decided on value height=3 round=0 value=d4676df18f5dceeb
2025-08-25T09:38:12.438418Z DEBUG node{moniker=app-0}:node{moniker=app-0}: 🎁 block size: 545, height: 3
2025-08-25T09:38:12.438428Z  INFO node{moniker=app-0}:node{moniker=app-0}: 👉 stats at height 3: #txs=0, txs/s=0.00, chain_bytes=1635, bytes/s=307.00
2025-08-25T09:38:12.438433Z DEBUG node{moniker=app-0}:node{moniker=app-0}: 🦄 Block at height 3 contains 0 transactions
2025-08-25T09:38:12.440343Z DEBUG node{moniker=app-0}:node{moniker=app-0}: 💡 New block added at height 3 with hash: 0xe7f6405097e21a6a6dfb631a9df6ef6dcc4a079ff8c79741e55798ca10cc0976
2025-08-25T09:38:12.440349Z DEBUG node{moniker=app-0}:node{moniker=app-0}: 🟠 set_latest_forkchoice_state: 0xe7f6405097e21a6a6dfb631a9df6ef6dcc4a079ff8c79741e55798ca10cc0976
2025-08-25T09:38:12.441031Z DEBUG node{moniker=app-0}:node{moniker=app-0}: ➡️ payload_status: PayloadStatus { status: Valid, latest_valid_hash: Some(0xe7f6405097e21a6a6dfb631a9df6ef6dcc4a079ff8c79741e55798ca10cc0976) }
2025-08-25T09:38:12.441036Z DEBUG node{moniker=app-0}:node{moniker=app-0}: 🚀 Forkchoice updated to height 3 for block hash=0xe7f6405097e21a6a6dfb631a9df6ef6dcc4a079ff8c79741e55798ca10cc0976 and latest_valid_hash=0xe7f6405097e21a6a6dfb631a9df6ef6dcc4a079ff8c79741e55798ca10cc0976
2025-08-25T09:38:12.441039Z  INFO node{moniker=app-0}:node{moniker=app-0}: Looking for certificate height=3 round=0
2025-08-25T09:38:12.441465Z DEBUG node{moniker=app-0}:wal{height=3}: Flushed WAL to disk wal.entries=6 wal.size=1833
2025-08-25T09:38:12.441618Z DEBUG node{moniker=app-0}:network: Published message channel=/consensus size=111
2025-08-25T09:38:12.444350Z  INFO node{moniker=app-0}:node{moniker=app-0}: Committed block_data[0..32]: 910f4234d15c8cc1f5555b018ae9f63d02e0acd7e77db7c6fe38713ed24c2d40
2025-08-25T09:38:12.459219Z DEBUG node{moniker=app-0}:wal{height=4}: Reset WAL height=4
2025-08-25T09:38:12.459301Z DEBUG node{moniker=app-0}:consensus{height=4 round=0}: No WAL entries to replay height=4
2025-08-25T09:38:12.459342Z  INFO node{moniker=app-0}:consensus{height=4 round=0}: Starting new height height=4
2025-08-25T09:38:12.459352Z  INFO node{moniker=app-0}:consensus{height=4 round=0}: Starting new round height=4 round=0 proposer=02CB1B49DA09615BD4A12212C39378556D990DFD role=None
2025-08-25T09:38:12.459455Z DEBUG node{moniker=app-0}:sync{height.tip=2 height.sync=3}: Starting new height height.tip=3 height.sync=4 restart=false
2025-08-25T09:38:12.459471Z DEBUG node{moniker=app-0}:sync{height.tip=2 height.sync=3}: No peer to request sync from height.sync=4
2025-08-25T09:38:12.463228Z DEBUG node{moniker=app-0}:wal{height=4}: Flushed WAL to disk wal.entries=0 wal.size=12
2025-08-25T09:38:12.463355Z DEBUG node{moniker=app-0}:node{moniker=app-0}: metis-test:consensus-chan recv!!! msg:StartedRound { height: Height(4), round: Some(0), proposer: Address(02CB1B49DA09615BD4A12212C39378556D990DFD), role: None, reply_value: Sender { inner: Some(Inner { state: State { is_complete: false, is_closed: false, is_rx_task_set: false, is_tx_task_set: false } }) } }
2025-08-25T09:38:12.463376Z  INFO node{moniker=app-0}:node{moniker=app-0}: 🟢🟢 Started round height=4 round=0 proposer=02CB1B49DA09615BD4A12212C39378556D990DFD role=None
2025-08-25T09:38:12.463398Z ERROR node{moniker=app-0}:consensus{height=4 round=0}: Error when processing effect: Messaging(RecvErr)
2025-08-25T09:38:12.463439Z DEBUG node{moniker=app-0}:consensus{height=4 round=0}: Transitioned to new step step.previous=Unstarted step.new=Propose
2025-08-25T09:38:12.463449Z  INFO node{moniker=app-0}:consensus{height=4 round=0}: Scheduling timeout round=0 step=Propose
2025-08-25T09:38:12.463464Z DEBUG node{moniker=app-0}:consensus{height=4 round=0}: Replaying inputs count=0
2025-08-25T09:38:12.493386Z DEBUG node{moniker=app-0}:node{moniker=app-0}: metis-test:consensus-chan recv!!! msg:ReceivedProposalPart { from: PeerId("12D3KooWR2Quwt2G6MyT6WQkUdfS8nHZu7XcPotkmbhuEoqc94oJ"), part: StreamMessage { stream_id: StreamId(b"\0\0\0\0\0\0\0\x04\0\0\0\0\0\0\0\x01"), sequence: 0, content: Data(Init(ProposalInit { height: Height(4), round: Some(0), proposer: Address(02CB1B49DA09615BD4A12212C39378556D990DFD) })) }, reply: Sender { inner: Some(Inner { state: State { is_complete: false, is_closed: false, is_rx_task_set: true, is_tx_task_set: false } }) } }
2025-08-25T09:38:12.493425Z  INFO node{moniker=app-0}:node{moniker=app-0}: Received proposal part from=12D3KooWR2Quwt2G6MyT6WQkUdfS8nHZu7XcPotkmbhuEoqc94oJ part.sequence=0 part.type=init part.size=28
2025-08-25T09:38:12.493881Z DEBUG node{moniker=app-0}:node{moniker=app-0}: metis-test:consensus-chan recv!!! msg:ReceivedProposalPart { from: PeerId("12D3KooWR2Quwt2G6MyT6WQkUdfS8nHZu7XcPotkmbhuEoqc94oJ"), part: StreamMessage { stream_id: StreamId(b"\0\0\0\0\0\0\0\x04\0\0\0\0\0\0\0\x01"), sequence: 1, content: Data(Data(ProposalData { bytes: "<...>", len: 545 })) }, reply: Sender { inner: Some(Inner { state: State { is_complete: false, is_closed: false, is_rx_task_set: true, is_tx_task_set: false } }) } }
2025-08-25T09:38:12.493901Z  INFO node{moniker=app-0}:node{moniker=app-0}: Received proposal part from=12D3KooWR2Quwt2G6MyT6WQkUdfS8nHZu7XcPotkmbhuEoqc94oJ part.sequence=1 part.type=data part.size=551
2025-08-25T09:38:12.494411Z DEBUG node{moniker=app-0}:node{moniker=app-0}: metis-test:consensus-chan recv!!! msg:ReceivedProposalPart { from: PeerId("12D3KooWR2Quwt2G6MyT6WQkUdfS8nHZu7XcPotkmbhuEoqc94oJ"), part: StreamMessage { stream_id: StreamId(b"\0\0\0\0\0\0\0\x04\0\0\0\0\0\0\0\x01"), sequence: 2, content: Data(Fin(ProposalFin { signature: Signature(Signature { R_bytes: "00ae77521658ebc671dd02f10446a406c03be8d0a10ab4b98488ddd01f94141b", s_bytes: "26d1da3035c1266ca581d9ead181d9ee15b13746f5b62a441719a0d0ed30490c" }) })) }, reply: Sender { inner: Some(Inner { state: State { is_complete: false, is_closed: false, is_rx_task_set: true, is_tx_task_set: false } }) } }
2025-08-25T09:38:12.494428Z  INFO node{moniker=app-0}:node{moniker=app-0}: Received proposal part from=12D3KooWR2Quwt2G6MyT6WQkUdfS8nHZu7XcPotkmbhuEoqc94oJ part.sequence=2 part.type=fin part.size=70
2025-08-25T09:38:12.494440Z DEBUG node{moniker=app-0}:node{moniker=app-0}: metis-test:consensus-chan recv!!! msg:ReceivedProposalPart { from: PeerId("12D3KooWR2Quwt2G6MyT6WQkUdfS8nHZu7XcPotkmbhuEoqc94oJ"), part: StreamMessage { stream_id: StreamId(b"\0\0\0\0\0\0\0\x04\0\0\0\0\0\0\0\x01"), sequence: 3, content: Fin }, reply: Sender { inner: Some(Inner { state: State { is_complete: false, is_closed: false, is_rx_task_set: true, is_tx_task_set: false } }) } }
2025-08-25T09:38:12.494447Z  INFO node{moniker=app-0}:node{moniker=app-0}: Received proposal part from=12D3KooWR2Quwt2G6MyT6WQkUdfS8nHZu7XcPotkmbhuEoqc94oJ part.sequence=3 part.type=end of stream part.size=0
2025-08-25T09:38:12.494588Z  INFO node{moniker=app-0}:node{moniker=app-0}: Proposal data[0..32]: e7f6405097e21a6a6dfb631a9df6ef6dcc4a079ff8c79741e55798ca10cc0976, total_size: 545 bytes, id: c0515b9796c40be5
2025-08-25T09:38:12.497160Z  INFO node{moniker=app-0}:consensus{height=4 round=0}: Received vote height=4 vote_height=4 address=02CB1B49DA09615BD4A12212C39378556D990DFD Prevote(height: 4, round: 0, value: c0515b9796c40be5, from: 02CB1B49DA09615BD4A12212C39378556D990DFD)
2025-08-25T09:38:12.500584Z DEBUG node{moniker=app-0}:wal{height=4}: Wrote log entry type=Consensus(Vote) entry.size=118 
2025-08-25T09:38:12.502020Z  INFO node{moniker=app-0}:consensus{height=4 round=0}: Received proposal consensus.height=4 proposal.height=4 proposal.round=0 proposer=02CB1B49DA09615BD4A12212C39378556D990DFD Proposal(height: 4, round: 0, pol_round: -1, value: c0515b9796c40be5, from: 02CB1B49DA09615BD4A12212C39378556D990DFD)
2025-08-25T09:38:12.503676Z DEBUG node{moniker=app-0}:wal{height=4}: Wrote log entry type=Consensus(Proposal) entry.size=668 
2025-08-25T09:38:12.503649Z DEBUG node{moniker=app-0}:node{moniker=app-0}: ✅ Received complete proposal: ProposedValue { height: Height(4), round: Some(0), valid_round: Nil, proposer: Address(02CB1B49DA09615BD4A12212C39378556D990DFD), value: Value { value: 13857958235023346661, extensions: b"\xe7\xf6@P\x97\xe2\x1ajm\xfbc\x1a\x9d\xf6\xefm\xccJ\x07\x9f\xf8\xc7\x97A\xe5W\x98\xca\x10\xcc\tv********************\xec&\xdf\x94B\xc5\xd4\xa0\xa0\xccSH\xc9`\x11[C\xda\x08\xc7\xae\xf6\xbeNL\xcc_\x13l\xa8\x92\xa6V\xe8\x1f\x17\x1b\xccU\xa6\xff\x83E\xe6\x92\xc0\xf8n[H\xe0\x1b\x99l\xad\xc0\x01b/\xb5\xe3c\xb4!\0\0\0\0\0\0\0\0\0\0\0\0\0\0\0\0\0\0\0\0\0\0\0\0\0\0\0\0\0\0\0\0\0\0\0\0\0\0\0\0\0\0\0\0\0\0\0\0\0\0\0\0\0\0\0\0\0\0\0\0\0\0\0\0\0\0\0\0\0\0\0\0\0\0\0\0\0\0\0\0\0\0\0\0\0\0\0\0\0\0\0\0\0\0\0\0\0\0\0\0\0\0\0\0\0\0\0\0\0\0\0\0\0\0\0\0\0\0\0\0\0\0\0\0\0\0\0\0\0\0\0\0\0\0\0\0\0\0\0\0\0\0\0\0\0\0\0\0\0\0\0\0\0\0\0\0\0\0\0\0\0\0\0\0\0\0\0\0\0\0\0\0\0\0\0\0\0\0\0\0\0\0\0\0\0\0\0\0\0\0\0\0\0\0\0\0\0\0\0\0\0\0\0\0\0\0\0\0\0\0\0\0\0\0\0\0\0\0\0\0\0\0\0\0\0\0\0\0\0\0\0\0\0\0\0\0\0\0\0\0\0\0\0\0\0\0\0\0\0\0\0\0\0\0\0\0\0\0\0\0\0\0\0\0\0\0\0\0\0\0\0\0\0\0\0\0\0\0\0\0\0\0\0\0\0\0\0\0\x04\0\0\0\0\0\0\0\xe9\x8d\xcb\x01\0\0\0\0\0\0\0\0\0\0\0\0\x07/\xach\0\0\0\0\x10\x02\0\0\tl\xf0\"\0\0\0\0\0\0\0\0\0\0\0\0\0\0\0\0\0\0\0\0\0\0\0\0\0\0\0\0\x88\x8fN@Cv\xf4\xe6{\"\xc2\x01\x9c[\xa9\xcc\x84\xda\xb6U_^\xfc\x8f5\xe1d\xd5\xc0\xc6\xd93!\x02\0\0!\x02\0\0\0\0\0\0\0\0\0\0\0\0\0\0\0\0\0\0reth/v1.4.1/linux" }, validity: Valid }
2025-08-25T09:38:12.503736Z DEBUG node{moniker=app-0}:consensus{height=4 round=0}: No full proposal for this round yet, stored proposal for later proposal.height=4 proposal.round=0
2025-08-25T09:38:12.503773Z DEBUG node{moniker=app-0}:consensus{height=4 round=0}: We have a full proposal for this round, checking... proposal.height=4 proposal.round=0
2025-08-25T09:38:12.503794Z DEBUG node{moniker=app-0}:consensus{height=4 round=0}: Transitioned to new step step.previous=Propose step.new=Prevote
2025-08-25T09:38:12.508564Z  INFO node{moniker=app-0}:consensus{height=4 round=0}: Received vote height=4 vote_height=4 address=DE7BA2BE72D2225286133990FF5810B691A5261C Precommit(height: 4, round: 0, value: c0515b9796c40be5, from: DE7BA2BE72D2225286133990FF5810B691A5261C)
2025-08-25T09:38:12.510521Z DEBUG node{moniker=app-0}:wal{height=4}: Wrote log entry type=Consensus(Vote) entry.size=120 
2025-08-25T09:38:12.511735Z  INFO node{moniker=app-0}:consensus{height=4 round=0}: Received vote height=4 vote_height=4 address=DE7BA2BE72D2225286133990FF5810B691A5261C Prevote(height: 4, round: 0, value: c0515b9796c40be5, from: DE7BA2BE72D2225286133990FF5810B691A5261C)
2025-08-25T09:38:12.511860Z DEBUG node{moniker=app-0}:wal{height=4}: Wrote log entry type=Consensus(Vote) entry.size=118 
2025-08-25T09:38:12.511982Z DEBUG node{moniker=app-0}:consensus{height=4 round=0}: Transitioned to new step step.previous=Prevote step.new=Precommit
2025-08-25T09:38:12.519689Z  INFO node{moniker=app-0}:consensus{height=4 round=0}: Received vote height=4 vote_height=4 address=02CB1B49DA09615BD4A12212C39378556D990DFD Precommit(height: 4, round: 0, value: c0515b9796c40be5, from: 02CB1B49DA09615BD4A12212C39378556D990DFD)
2025-08-25T09:38:12.519823Z DEBUG node{moniker=app-0}:wal{height=4}: Wrote log entry type=Consensus(Vote) entry.size=120 
2025-08-25T09:38:12.519975Z DEBUG node{moniker=app-0}:consensus{height=4 round=0}: Transitioned to new step step.previous=Precommit step.new=Commit
2025-08-25T09:38:12.519984Z  INFO node{moniker=app-0}:consensus{height=4 round=0}: Decided round=0 height=4 value=c0515b9796c40be5
2025-08-25T09:38:12.523224Z DEBUG node{moniker=app-0}:wal{height=4}: Flushed WAL to disk wal.entries=5 wal.size=1221
2025-08-25T09:38:12.523298Z DEBUG node{moniker=app-0}:sync{height.tip=3 height.sync=4}: Updating request state height.tip=4
2025-08-25T09:38:12.523311Z DEBUG node{moniker=app-0}:node{moniker=app-0}: metis-test:consensus-chan recv!!! msg:Decided { certificate: CommitCertificate { height: Height(4), round: Some(0), value_id: ValueId(13857958235023346661), commit_signatures: [CommitSignature { address: Address(02CB1B49DA09615BD4A12212C39378556D990DFD), signature: Signature(Signature { R_bytes: "7e91502f93fc5dff7cd068d1f6933004e0dff24cd180c4b36753bfa5b7ac69d2", s_bytes: "48359093aa3417a8846ee1a6bffb7d032e8b072d710bc4e53f02ebcb15a2ca02" }) }, CommitSignature { address: Address(DE7BA2BE72D2225286133990FF5810B691A5261C), signature: Signature(Signature { R_bytes: "ab09aad4f401e4e5bf5beb5aa1d66cdcc980d193104d8846521eb6ea6baadf1b", s_bytes: "4f3e50d5d105d47e9ee24d848e927d35fa89c2f6da73754aca27dcb3487bda00" }) }] }, extensions: VoteExtensions { extensions: [] }, reply: Sender { inner: Some(Inner { state: State { is_complete: false, is_closed: false, is_rx_task_set: true, is_tx_task_set: false } }) } }
2025-08-25T09:38:12.523328Z  INFO node{moniker=app-0}:node{moniker=app-0}: 🟢🟢 Consensus has decided on value height=4 round=0 value=c0515b9796c40be5
2025-08-25T09:38:12.523380Z DEBUG node{moniker=app-0}:node{moniker=app-0}: 🎁 block size: 545, height: 4
2025-08-25T09:38:12.523391Z  INFO node{moniker=app-0}:node{moniker=app-0}: 👉 stats at height 4: #txs=0, txs/s=0.00, chain_bytes=2180, bytes/s=402.90
2025-08-25T09:38:12.523395Z DEBUG node{moniker=app-0}:node{moniker=app-0}: 🦄 Block at height 4 contains 0 transactions
2025-08-25T09:38:12.524176Z DEBUG node{moniker=app-0}:node{moniker=app-0}: 💡 New block added at height 4 with hash: 0x888f4e404376f4e67b22c2019c5ba9cc84dab6555f5efc8f35e164d5c0c6d933
2025-08-25T09:38:12.524182Z DEBUG node{moniker=app-0}:node{moniker=app-0}: 🟠 set_latest_forkchoice_state: 0x888f4e404376f4e67b22c2019c5ba9cc84dab6555f5efc8f35e164d5c0c6d933
2025-08-25T09:38:12.524743Z DEBUG node{moniker=app-0}:node{moniker=app-0}: ➡️ payload_status: PayloadStatus { status: Valid, latest_valid_hash: Some(0x888f4e404376f4e67b22c2019c5ba9cc84dab6555f5efc8f35e164d5c0c6d933) }
2025-08-25T09:38:12.524748Z DEBUG node{moniker=app-0}:node{moniker=app-0}: 🚀 Forkchoice updated to height 4 for block hash=0x888f4e404376f4e67b22c2019c5ba9cc84dab6555f5efc8f35e164d5c0c6d933 and latest_valid_hash=0x888f4e404376f4e67b22c2019c5ba9cc84dab6555f5efc8f35e164d5c0c6d933
2025-08-25T09:38:12.524750Z  INFO node{moniker=app-0}:node{moniker=app-0}: Looking for certificate height=4 round=0
2025-08-25T09:38:12.532543Z  INFO node{moniker=app-0}:node{moniker=app-0}: Committed block_data[0..32]: e7f6405097e21a6a6dfb631a9df6ef6dcc4a079ff8c79741e55798ca10cc0976
2025-08-25T09:38:12.550294Z DEBUG node{moniker=app-0}:wal{height=5}: Reset WAL height=5
2025-08-25T09:38:12.550340Z DEBUG node{moniker=app-0}:consensus{height=5 round=0}: No WAL entries to replay height=5
2025-08-25T09:38:12.550372Z  INFO node{moniker=app-0}:consensus{height=5 round=0}: Starting new height height=5
2025-08-25T09:38:12.550378Z  INFO node{moniker=app-0}:consensus{height=5 round=0}: Starting new round height=5 round=0 proposer=02CB1B49DA09615BD4A12212C39378556D990DFD role=Validator
2025-08-25T09:38:12.550402Z DEBUG node{moniker=app-0}:sync{height.tip=3 height.sync=4}: Starting new height height.tip=4 height.sync=5 restart=false
2025-08-25T09:38:12.550409Z DEBUG node{moniker=app-0}:sync{height.tip=3 height.sync=4}: No peer to request sync from height.sync=5
2025-08-25T09:38:12.553287Z DEBUG node{moniker=app-0}:wal{height=5}: Flushed WAL to disk wal.entries=0 wal.size=12
2025-08-25T09:38:12.553352Z DEBUG node{moniker=app-0}:node{moniker=app-0}: metis-test:consensus-chan recv!!! msg:StartedRound { height: Height(5), round: Some(0), proposer: Address(02CB1B49DA09615BD4A12212C39378556D990DFD), role: Validator, reply_value: Sender { inner: Some(Inner { state: State { is_complete: false, is_closed: false, is_rx_task_set: false, is_tx_task_set: false } }) } }
2025-08-25T09:38:12.553365Z  INFO node{moniker=app-0}:node{moniker=app-0}: 🟢🟢 Started round height=5 round=0 proposer=02CB1B49DA09615BD4A12212C39378556D990DFD role=Validator
2025-08-25T09:38:12.553377Z ERROR node{moniker=app-0}:consensus{height=5 round=0}: Error when processing effect: Messaging(RecvErr)
2025-08-25T09:38:12.553438Z DEBUG node{moniker=app-0}:consensus{height=5 round=0}: Transitioned to new step step.previous=Unstarted step.new=Propose
2025-08-25T09:38:12.553445Z  INFO node{moniker=app-0}:consensus{height=5 round=0}: Scheduling timeout round=0 step=Propose
2025-08-25T09:38:12.553455Z DEBUG node{moniker=app-0}:consensus{height=5 round=0}: Replaying inputs count=0
2025-08-25T09:38:12.563779Z DEBUG node{moniker=app-0}:node{moniker=app-0}: metis-test:consensus-chan recv!!! msg:ReceivedProposalPart { from: PeerId("12D3KooWR2Quwt2G6MyT6WQkUdfS8nHZu7XcPotkmbhuEoqc94oJ"), part: StreamMessage { stream_id: StreamId(b"\0\0\0\0\0\0\0\x05\0\0\0\0\0\0\0\x02"), sequence: 0, content: Data(Init(ProposalInit { height: Height(5), round: Some(0), proposer: Address(02CB1B49DA09615BD4A12212C39378556D990DFD) })) }, reply: Sender { inner: Some(Inner { state: State { is_complete: false, is_closed: false, is_rx_task_set: true, is_tx_task_set: false } }) } }
2025-08-25T09:38:12.563824Z  INFO node{moniker=app-0}:node{moniker=app-0}: Received proposal part from=12D3KooWR2Quwt2G6MyT6WQkUdfS8nHZu7XcPotkmbhuEoqc94oJ part.sequence=0 part.type=init part.size=28
2025-08-25T09:38:12.564624Z DEBUG node{moniker=app-0}:node{moniker=app-0}: metis-test:consensus-chan recv!!! msg:ReceivedProposalPart { from: PeerId("12D3KooWR2Quwt2G6MyT6WQkUdfS8nHZu7XcPotkmbhuEoqc94oJ"), part: StreamMessage { stream_id: StreamId(b"\0\0\0\0\0\0\0\x05\0\0\0\0\0\0\0\x02"), sequence: 1, content: Data(Data(ProposalData { bytes: "<...>", len: 545 })) }, reply: Sender { inner: Some(Inner { state: State { is_complete: false, is_closed: false, is_rx_task_set: true, is_tx_task_set: false } }) } }
2025-08-25T09:38:12.564648Z  INFO node{moniker=app-0}:node{moniker=app-0}: Received proposal part from=12D3KooWR2Quwt2G6MyT6WQkUdfS8nHZu7XcPotkmbhuEoqc94oJ part.sequence=1 part.type=data part.size=551
2025-08-25T09:38:12.565873Z DEBUG node{moniker=app-0}:node{moniker=app-0}: metis-test:consensus-chan recv!!! msg:ReceivedProposalPart { from: PeerId("12D3KooWR2Quwt2G6MyT6WQkUdfS8nHZu7XcPotkmbhuEoqc94oJ"), part: StreamMessage { stream_id: StreamId(b"\0\0\0\0\0\0\0\x05\0\0\0\0\0\0\0\x02"), sequence: 2, content: Data(Fin(ProposalFin { signature: Signature(Signature { R_bytes: "31f8b47527d3f4fefd5a37d8233594a574686ebb975f863b459bd2f14bf92dd8", s_bytes: "ee1bda26db7d9e55636e7522affb6a700920669b2ddd5e5301f4261c49c0a205" }) })) }, reply: Sender { inner: Some(Inner { state: State { is_complete: false, is_closed: false, is_rx_task_set: true, is_tx_task_set: false } }) } }
2025-08-25T09:38:12.565921Z  INFO node{moniker=app-0}:node{moniker=app-0}: Received proposal part from=12D3KooWR2Quwt2G6MyT6WQkUdfS8nHZu7XcPotkmbhuEoqc94oJ part.sequence=2 part.type=fin part.size=70
2025-08-25T09:38:12.565955Z DEBUG node{moniker=app-0}:node{moniker=app-0}: metis-test:consensus-chan recv!!! msg:ReceivedProposalPart { from: PeerId("12D3KooWR2Quwt2G6MyT6WQkUdfS8nHZu7XcPotkmbhuEoqc94oJ"), part: StreamMessage { stream_id: StreamId(b"\0\0\0\0\0\0\0\x05\0\0\0\0\0\0\0\x02"), sequence: 3, content: Fin }, reply: Sender { inner: Some(Inner { state: State { is_complete: false, is_closed: false, is_rx_task_set: true, is_tx_task_set: false } }) } }
2025-08-25T09:38:12.565969Z  INFO node{moniker=app-0}:node{moniker=app-0}: Received proposal part from=12D3KooWR2Quwt2G6MyT6WQkUdfS8nHZu7XcPotkmbhuEoqc94oJ part.sequence=3 part.type=end of stream part.size=0
2025-08-25T09:38:12.566317Z  INFO node{moniker=app-0}:node{moniker=app-0}: Proposal data[0..32]: 888f4e404376f4e67b22c2019c5ba9cc84dab6555f5efc8f35e164d5c0c6d933, total_size: 545 bytes, id: c8e12c4fcce64f32
2025-08-25T09:38:12.569833Z  INFO node{moniker=app-0}:consensus{height=5 round=0}: Received vote height=5 vote_height=5 address=02CB1B49DA09615BD4A12212C39378556D990DFD Prevote(height: 5, round: 0, value: c8e12c4fcce64f32, from: 02CB1B49DA09615BD4A12212C39378556D990DFD)
2025-08-25T09:38:12.582350Z DEBUG node{moniker=app-0}:wal{height=5}: Wrote log entry type=Consensus(Vote) entry.size=118 
2025-08-25T09:38:12.582447Z DEBUG node{moniker=app-0}:node{moniker=app-0}: ✅ Received complete proposal: ProposedValue { height: Height(5), round: Some(0), valid_round: Nil, proposer: Address(02CB1B49DA09615BD4A12212C39378556D990DFD), value: Value { value: 14474899398597168946, extensions: b"\x88\x8fN@Cv\xf4\xe6{\"\xc2\x01\x9c[\xa9\xcc\x84\xda\xb6U_^\xfc\x8f5\xe1d\xd5\xc0\xc6\xd93********************\xec&\xdf\x94B\xc5\xd4\xa0\xa0\xccSH\xc9`\x11[C\xda\x08\xc7\xae\xf6\xbeNL\xcc_\x13l\xa8\x92\xa6V\xe8\x1f\x17\x1b\xccU\xa6\xff\x83E\xe6\x92\xc0\xf8n[H\xe0\x1b\x99l\xad\xc0\x01b/\xb5\xe3c\xb4!\0\0\0\0\0\0\0\0\0\0\0\0\0\0\0\0\0\0\0\0\0\0\0\0\0\0\0\0\0\0\0\0\0\0\0\0\0\0\0\0\0\0\0\0\0\0\0\0\0\0\0\0\0\0\0\0\0\0\0\0\0\0\0\0\0\0\0\0\0\0\0\0\0\0\0\0\0\0\0\0\0\0\0\0\0\0\0\0\0\0\0\0\0\0\0\0\0\0\0\0\0\0\0\0\0\0\0\0\0\0\0\0\0\0\0\0\0\0\0\0\0\0\0\0\0\0\0\0\0\0\0\0\0\0\0\0\0\0\0\0\0\0\0\0\0\0\0\0\0\0\0\0\0\0\0\0\0\0\0\0\0\0\0\0\0\0\0\0\0\0\0\0\0\0\0\0\0\0\0\0\0\0\0\0\0\0\0\0\0\0\0\0\0\0\0\0\0\0\0\0\0\0\0\0\0\0\0\0\0\0\0\0\0\0\0\0\0\0\0\0\0\0\0\0\0\0\0\0\0\0\0\0\0\0\0\0\0\0\0\0\0\0\0\0\0\0\0\0\0\0\0\0\0\0\0\0\0\0\0\0\0\0\0\0\0\0\0\0\0\0\0\0\0\0\0\0\0\0\0\0\0\0\0\0\0\0\0\0\x05\0\0\0\0\0\0\0\xcb\0\xcc\x01\0\0\0\0\0\0\0\0\0\0\0\0\x08/\xach\0\0\0\0\x10\x02\0\0\x88^\x92\x1e\0\0\0\0\0\0\0\0\0\0\0\0\0\0\0\0\0\0\0\0\0\0\0\0\0\0\0\0\x0b\x8ftg\x96\x1d\xb4\xf5+\xe5:\x1a\xfb\xb6\r\x90\x99j\xff\xfcM;\xdf\xab_\xc6\xdbi\xceQ\xf5\xec!\x02\0\0!\x02\0\0\0\0\0\0\0\0\0\0\0\0\0\0\0\0\0\0reth/v1.4.1/linux" }, validity: Valid }
2025-08-25T09:38:12.582671Z  INFO node{moniker=app-0}:consensus{height=5 round=0}: Received proposal consensus.height=5 proposal.height=5 proposal.round=0 proposer=02CB1B49DA09615BD4A12212C39378556D990DFD Proposal(height: 5, round: 0, pol_round: -1, value: c8e12c4fcce64f32, from: 02CB1B49DA09615BD4A12212C39378556D990DFD)
2025-08-25T09:38:12.582763Z DEBUG node{moniker=app-0}:wal{height=5}: Wrote log entry type=Consensus(Proposal) entry.size=668 
2025-08-25T09:38:12.582782Z DEBUG node{moniker=app-0}:consensus{height=5 round=0}: No full proposal for this round yet, stored proposal for later proposal.height=5 proposal.round=0
2025-08-25T09:38:12.582799Z DEBUG node{moniker=app-0}:consensus{height=5 round=0}: We have a full proposal for this round, checking... proposal.height=5 proposal.round=0
2025-08-25T09:38:12.582810Z DEBUG node{moniker=app-0}:consensus{height=5 round=0}: Transitioned to new step step.previous=Propose step.new=Prevote
2025-08-25T09:38:12.582819Z  INFO node{moniker=app-0}:consensus{height=5 round=0}: Voting vote_type=Prevote value=c8e12c4fcce64f32 round=0
2025-08-25T09:38:12.582976Z  INFO node{moniker=app-0}:consensus{height=5 round=0}: Received vote height=5 vote_height=5 address=815F9FA61D7C4F1E4A9E30D40DCA1115BB48F759 Prevote(height: 5, round: 0, value: c8e12c4fcce64f32, from: 815F9FA61D7C4F1E4A9E30D40DCA1115BB48F759)
2025-08-25T09:38:12.583040Z DEBUG node{moniker=app-0}:wal{height=5}: Wrote log entry type=Consensus(Vote) entry.size=118 
2025-08-25T09:38:12.583074Z DEBUG node{moniker=app-0}:consensus{height=5 round=0}: Transitioned to new step step.previous=Prevote step.new=Precommit
2025-08-25T09:38:12.583092Z  INFO node{moniker=app-0}:consensus{height=5 round=0}: Voting vote_type=Precommit value=c8e12c4fcce64f32 round=0
2025-08-25T09:38:12.583125Z DEBUG node{moniker=app-0}:node{moniker=app-0}: metis-test:consensus-chan recv!!! msg:ExtendVote { height: Height(5), round: Some(0), value_id: ValueId(14474899398597168946), reply: Sender { inner: Some(Inner { state: State { is_complete: false, is_closed: false, is_rx_task_set: true, is_tx_task_set: false } }) } }
2025-08-25T09:38:12.583304Z  INFO node{moniker=app-0}:consensus{height=5 round=0}: Received vote height=5 vote_height=5 address=815F9FA61D7C4F1E4A9E30D40DCA1115BB48F759 Precommit(height: 5, round: 0, value: c8e12c4fcce64f32, from: 815F9FA61D7C4F1E4A9E30D40DCA1115BB48F759)
2025-08-25T09:38:12.583395Z DEBUG node{moniker=app-0}:wal{height=5}: Wrote log entry type=Consensus(Vote) entry.size=120 
2025-08-25T09:38:12.588180Z DEBUG node{moniker=app-0}:wal{height=5}: Flushed WAL to disk wal.entries=4 wal.size=1088
2025-08-25T09:38:12.588395Z DEBUG node{moniker=app-0}:network: Published message channel=/consensus size=111
2025-08-25T09:38:12.591381Z DEBUG node{moniker=app-0}:wal{height=5}: Flushed WAL to disk wal.entries=4 wal.size=1088
2025-08-25T09:38:12.591742Z DEBUG node{moniker=app-0}:network: Published message channel=/consensus size=109
2025-08-25T09:38:12.599737Z  INFO node{moniker=app-0}:consensus{height=5 round=0}: Received vote height=5 vote_height=5 address=02CB1B49DA09615BD4A12212C39378556D990DFD Precommit(height: 5, round: 0, value: c8e12c4fcce64f32, from: 02CB1B49DA09615BD4A12212C39378556D990DFD)
2025-08-25T09:38:12.602849Z DEBUG node{moniker=app-0}:wal{height=5}: Wrote log entry type=Consensus(Vote) entry.size=120 
2025-08-25T09:38:12.602974Z DEBUG node{moniker=app-0}:consensus{height=5 round=0}: Transitioned to new step step.previous=Precommit step.new=Commit
2025-08-25T09:38:12.602986Z  INFO node{moniker=app-0}:consensus{height=5 round=0}: Decided round=0 height=5 value=c8e12c4fcce64f32
2025-08-25T09:38:12.606213Z DEBUG node{moniker=app-0}:wal{height=5}: Flushed WAL to disk wal.entries=5 wal.size=1221
2025-08-25T09:38:12.606459Z DEBUG node{moniker=app-0}:sync{height.tip=4 height.sync=5}: Updating request state height.tip=5
2025-08-25T09:38:12.606475Z DEBUG node{moniker=app-0}:node{moniker=app-0}: metis-test:consensus-chan recv!!! msg:Decided { certificate: CommitCertificate { height: Height(5), round: Some(0), value_id: ValueId(14474899398597168946), commit_signatures: [CommitSignature { address: Address(02CB1B49DA09615BD4A12212C39378556D990DFD), signature: Signature(Signature { R_bytes: "9c2978772a22ec6a4a11231393b230301ddfec097b072c451dc2780c1229f806", s_bytes: "e5ceba00dfedf0e3ddc7c604e5668a9973a9059480a5f9b41d65c6e76ece910a" }) }, CommitSignature { address: Address(815F9FA61D7C4F1E4A9E30D40DCA1115BB48F759), signature: Signature(Signature { R_bytes: "ac29d119b3d38260e7359b233db32fbae971154f40cc9801a7f7c51b13b076ad", s_bytes: "1e00707685553a42d9f081fb104c6132e207d6d1632af0fae80304a2dbdc750d" }) }] }, extensions: VoteExtensions { extensions: [] }, reply: Sender { inner: Some(Inner { state: State { is_complete: false, is_closed: false, is_rx_task_set: true, is_tx_task_set: false } }) } }
2025-08-25T09:38:12.606493Z  INFO node{moniker=app-0}:node{moniker=app-0}: 🟢🟢 Consensus has decided on value height=5 round=0 value=c8e12c4fcce64f32
2025-08-25T09:38:12.606580Z DEBUG node{moniker=app-0}:node{moniker=app-0}: 🎁 block size: 545, height: 5
2025-08-25T09:38:12.606591Z  INFO node{moniker=app-0}:node{moniker=app-0}: 👉 stats at height 5: #txs=0, txs/s=0.00, chain_bytes=2725, bytes/s=496.00
2025-08-25T09:38:12.606595Z DEBUG node{moniker=app-0}:node{moniker=app-0}: 🦄 Block at height 5 contains 0 transactions
2025-08-25T09:38:12.608969Z DEBUG node{moniker=app-0}:node{moniker=app-0}: 💡 New block added at height 5 with hash: 0x0b8f7467961db4f52be53a1afbb60d90996afffc4d3bdfab5fc6db69ce51f5ec
2025-08-25T09:38:12.608983Z DEBUG node{moniker=app-0}:node{moniker=app-0}: 🟠 set_latest_forkchoice_state: 0x0b8f7467961db4f52be53a1afbb60d90996afffc4d3bdfab5fc6db69ce51f5ec
2025-08-25T09:38:12.609838Z DEBUG node{moniker=app-0}:node{moniker=app-0}: ➡️ payload_status: PayloadStatus { status: Valid, latest_valid_hash: Some(0x0b8f7467961db4f52be53a1afbb60d90996afffc4d3bdfab5fc6db69ce51f5ec) }
2025-08-25T09:38:12.609845Z DEBUG node{moniker=app-0}:node{moniker=app-0}: 🚀 Forkchoice updated to height 5 for block hash=0x0b8f7467961db4f52be53a1afbb60d90996afffc4d3bdfab5fc6db69ce51f5ec and latest_valid_hash=0x0b8f7467961db4f52be53a1afbb60d90996afffc4d3bdfab5fc6db69ce51f5ec
2025-08-25T09:38:12.609849Z  INFO node{moniker=app-0}:node{moniker=app-0}: Looking for certificate height=5 round=0
2025-08-25T09:38:12.618377Z  INFO node{moniker=app-0}:node{moniker=app-0}: Committed block_data[0..32]: 888f4e404376f4e67b22c2019c5ba9cc84dab6555f5efc8f35e164d5c0c6d933
2025-08-25T09:38:12.639233Z DEBUG node{moniker=app-0}:wal{height=6}: Reset WAL height=6
2025-08-25T09:38:12.639400Z DEBUG node{moniker=app-0}:consensus{height=6 round=0}: No WAL entries to replay height=6
2025-08-25T09:38:12.639453Z  INFO node{moniker=app-0}:consensus{height=6 round=0}: Starting new height height=6
2025-08-25T09:38:12.639463Z  INFO node{moniker=app-0}:consensus{height=6 round=0}: Starting new round height=6 round=0 proposer=DE7BA2BE72D2225286133990FF5810B691A5261C role=Validator
2025-08-25T09:38:12.639512Z DEBUG node{moniker=app-0}:sync{height.tip=4 height.sync=5}: Starting new height height.tip=5 height.sync=6 restart=false
2025-08-25T09:38:12.639522Z DEBUG node{moniker=app-0}:sync{height.tip=4 height.sync=5}: No peer to request sync from height.sync=6
2025-08-25T09:38:12.642211Z DEBUG node{moniker=app-0}:wal{height=6}: Flushed WAL to disk wal.entries=0 wal.size=12
2025-08-25T09:38:12.642383Z DEBUG node{moniker=app-0}:node{moniker=app-0}: metis-test:consensus-chan recv!!! msg:StartedRound { height: Height(6), round: Some(0), proposer: Address(DE7BA2BE72D2225286133990FF5810B691A5261C), role: Validator, reply_value: Sender { inner: Some(Inner { state: State { is_complete: false, is_closed: false, is_rx_task_set: false, is_tx_task_set: false } }) } }
2025-08-25T09:38:12.642397Z  INFO node{moniker=app-0}:node{moniker=app-0}: 🟢🟢 Started round height=6 round=0 proposer=DE7BA2BE72D2225286133990FF5810B691A5261C role=Validator
2025-08-25T09:38:12.642410Z ERROR node{moniker=app-0}:consensus{height=6 round=0}: Error when processing effect: Messaging(RecvErr)
2025-08-25T09:38:12.642429Z DEBUG node{moniker=app-0}:consensus{height=6 round=0}: Transitioned to new step step.previous=Unstarted step.new=Propose
2025-08-25T09:38:12.642434Z  INFO node{moniker=app-0}:consensus{height=6 round=0}: Scheduling timeout round=0 step=Propose
2025-08-25T09:38:12.642442Z DEBUG node{moniker=app-0}:consensus{height=6 round=0}: Replaying inputs count=0
2025-08-25T09:38:12.649904Z DEBUG node{moniker=app-0}:node{moniker=app-0}: metis-test:consensus-chan recv!!! msg:ReceivedProposalPart { from: PeerId("12D3KooWEFmACkQS9HNWY86xGVM3LS7fRpQ8saTb5VdfdYCzuUvE"), part: StreamMessage { stream_id: StreamId(b"\0\0\0\0\0\0\0\x06\0\0\0\0\0\0\0\x01"), sequence: 0, content: Data(Init(ProposalInit { height: Height(6), round: Some(0), proposer: Address(DE7BA2BE72D2225286133990FF5810B691A5261C) })) }, reply: Sender { inner: Some(Inner { state: State { is_complete: false, is_closed: false, is_rx_task_set: true, is_tx_task_set: false } }) } }
2025-08-25T09:38:12.649980Z  INFO node{moniker=app-0}:node{moniker=app-0}: Received proposal part from=12D3KooWEFmACkQS9HNWY86xGVM3LS7fRpQ8saTb5VdfdYCzuUvE part.sequence=0 part.type=init part.size=28
2025-08-25T09:38:12.651258Z DEBUG node{moniker=app-0}:node{moniker=app-0}: metis-test:consensus-chan recv!!! msg:ReceivedProposalPart { from: PeerId("12D3KooWEFmACkQS9HNWY86xGVM3LS7fRpQ8saTb5VdfdYCzuUvE"), part: StreamMessage { stream_id: StreamId(b"\0\0\0\0\0\0\0\x06\0\0\0\0\0\0\0\x01"), sequence: 1, content: Data(Data(ProposalData { bytes: "<...>", len: 545 })) }, reply: Sender { inner: Some(Inner { state: State { is_complete: false, is_closed: false, is_rx_task_set: true, is_tx_task_set: false } }) } }
2025-08-25T09:38:12.651293Z  INFO node{moniker=app-0}:node{moniker=app-0}: Received proposal part from=12D3KooWEFmACkQS9HNWY86xGVM3LS7fRpQ8saTb5VdfdYCzuUvE part.sequence=1 part.type=data part.size=551
2025-08-25T09:38:12.651330Z DEBUG node{moniker=app-0}:node{moniker=app-0}: metis-test:consensus-chan recv!!! msg:ReceivedProposalPart { from: PeerId("12D3KooWEFmACkQS9HNWY86xGVM3LS7fRpQ8saTb5VdfdYCzuUvE"), part: StreamMessage { stream_id: StreamId(b"\0\0\0\0\0\0\0\x06\0\0\0\0\0\0\0\x01"), sequence: 2, content: Data(Fin(ProposalFin { signature: Signature(Signature { R_bytes: "bca5085b247626bcbc25ac9030b4f293da2d4ab99da920844160271618529085", s_bytes: "c2b19641dfea0d8bb96ff2bc8abfa0f2f8d39ad36ec2df3a6a61604a51acfb00" }) })) }, reply: Sender { inner: Some(Inner { state: State { is_complete: false, is_closed: false, is_rx_task_set: true, is_tx_task_set: false } }) } }
2025-08-25T09:38:12.651358Z  INFO node{moniker=app-0}:node{moniker=app-0}: Received proposal part from=12D3KooWEFmACkQS9HNWY86xGVM3LS7fRpQ8saTb5VdfdYCzuUvE part.sequence=2 part.type=fin part.size=70
2025-08-25T09:38:12.652643Z DEBUG node{moniker=app-0}:node{moniker=app-0}: metis-test:consensus-chan recv!!! msg:ReceivedProposalPart { from: PeerId("12D3KooWEFmACkQS9HNWY86xGVM3LS7fRpQ8saTb5VdfdYCzuUvE"), part: StreamMessage { stream_id: StreamId(b"\0\0\0\0\0\0\0\x06\0\0\0\0\0\0\0\x01"), sequence: 3, content: Fin }, reply: Sender { inner: Some(Inner { state: State { is_complete: false, is_closed: false, is_rx_task_set: true, is_tx_task_set: false } }) } }
2025-08-25T09:38:12.652667Z  INFO node{moniker=app-0}:node{moniker=app-0}: Received proposal part from=12D3KooWEFmACkQS9HNWY86xGVM3LS7fRpQ8saTb5VdfdYCzuUvE part.sequence=3 part.type=end of stream part.size=0
2025-08-25T09:38:12.653014Z  INFO node{moniker=app-0}:node{moniker=app-0}: Proposal data[0..32]: 0b8f7467961db4f52be53a1afbb60d90996afffc4d3bdfab5fc6db69ce51f5ec, total_size: 545 bytes, id: 86bb03ca1fb8288e
2025-08-25T09:38:12.658409Z  INFO node{moniker=app-0}:consensus{height=6 round=0}: Received vote height=6 vote_height=6 address=DE7BA2BE72D2225286133990FF5810B691A5261C Prevote(height: 6, round: 0, value: 86bb03ca1fb8288e, from: DE7BA2BE72D2225286133990FF5810B691A5261C)
2025-08-25T09:38:12.658929Z DEBUG node{moniker=app-0}:wal{height=6}: Wrote log entry type=Consensus(Vote) entry.size=118 
2025-08-25T09:38:12.660162Z  INFO node{moniker=app-0}:consensus{height=6 round=0}: Received proposal consensus.height=6 proposal.height=6 proposal.round=0 proposer=DE7BA2BE72D2225286133990FF5810B691A5261C Proposal(height: 6, round: 0, pol_round: -1, value: 86bb03ca1fb8288e, from: DE7BA2BE72D2225286133990FF5810B691A5261C)
2025-08-25T09:38:12.663303Z DEBUG node{moniker=app-0}:wal{height=6}: Wrote log entry type=Consensus(Proposal) entry.size=668 
2025-08-25T09:38:12.663472Z DEBUG node{moniker=app-0}:consensus{height=6 round=0}: No full proposal for this round yet, stored proposal for later proposal.height=6 proposal.round=0
2025-08-25T09:38:12.666352Z DEBUG node{moniker=app-0}:node{moniker=app-0}: ✅ Received complete proposal: ProposedValue { height: Height(6), round: Some(0), valid_round: Nil, proposer: Address(DE7BA2BE72D2225286133990FF5810B691A5261C), value: Value { value: 9708357588377675918, extensions: b"\x0b\x8ftg\x96\x1d\xb4\xf5+\xe5:\x1a\xfb\xb6\r\x90\x99j\xff\xfcM;\xdf\xab_\xc6\xdbi\xceQ\xf5\xec********************\xec&\xdf\x94B\xc5\xd4\xa0\xa0\xccSH\xc9`\x11[C\xda\x08\xc7\xae\xf6\xbeNL\xcc_\x13l\xa8\x92\xa6V\xe8\x1f\x17\x1b\xccU\xa6\xff\x83E\xe6\x92\xc0\xf8n[H\xe0\x1b\x99l\xad\xc0\x01b/\xb5\xe3c\xb4!\0\0\0\0\0\0\0\0\0\0\0\0\0\0\0\0\0\0\0\0\0\0\0\0\0\0\0\0\0\0\0\0\0\0\0\0\0\0\0\0\0\0\0\0\0\0\0\0\0\0\0\0\0\0\0\0\0\0\0\0\0\0\0\0\0\0\0\0\0\0\0\0\0\0\0\0\0\0\0\0\0\0\0\0\0\0\0\0\0\0\0\0\0\0\0\0\0\0\0\0\0\0\0\0\0\0\0\0\0\0\0\0\0\0\0\0\0\0\0\0\0\0\0\0\0\0\0\0\0\0\0\0\0\0\0\0\0\0\0\0\0\0\0\0\0\0\0\0\0\0\0\0\0\0\0\0\0\0\0\0\0\0\0\0\0\0\0\0\0\0\0\0\0\0\0\0\0\0\0\0\0\0\0\0\0\0\0\0\0\0\0\0\0\0\0\0\0\0\0\0\0\0\0\0\0\0\0\0\0\0\0\0\0\0\0\0\0\0\0\0\0\0\0\0\0\0\0\0\0\0\0\0\0\0\0\0\0\0\0\0\0\0\0\0\0\0\0\0\0\0\0\0\0\0\0\0\0\0\0\0\0\0\0\0\0\0\0\0\0\0\0\0\0\0\0\0\0\0\0\0\0\0\0\0\0\0\0\0\x06\0\0\0\0\0\0\0\xcas\xcc\x01\0\0\0\0\0\0\0\0\0\0\0\0\t/\xach\0\0\0\0\x10\x02\0\0\xb7\x12\xc0\x1a\0\0\0\0\0\0\0\0\0\0\0\0\0\0\0\0\0\0\0\0\0\0\0\0\0\0\0\0\x8f\x1b]\x06\xef\xc5d\xd8\xb1\xdc1\xa9\xd22\xeb\xb6\xbf\x82\nG\xb3\xfeZ'\x0c\xd0H?\x98m\x04\xf0!\x02\0\0!\x02\0\0\0\0\0\0\0\0\0\0\0\0\0\0\0\0\0\0reth/v1.4.1/linux" }, validity: Valid }
2025-08-25T09:38:12.666408Z DEBUG node{moniker=app-0}:consensus{height=6 round=0}: We have a full proposal for this round, checking... proposal.height=6 proposal.round=0
2025-08-25T09:38:12.666420Z DEBUG node{moniker=app-0}:consensus{height=6 round=0}: Transitioned to new step step.previous=Propose step.new=Prevote
2025-08-25T09:38:12.666430Z  INFO node{moniker=app-0}:consensus{height=6 round=0}: Voting vote_type=Prevote value=86bb03ca1fb8288e round=0
2025-08-25T09:38:12.666596Z  INFO node{moniker=app-0}:consensus{height=6 round=0}: Received vote height=6 vote_height=6 address=815F9FA61D7C4F1E4A9E30D40DCA1115BB48F759 Prevote(height: 6, round: 0, value: 86bb03ca1fb8288e, from: 815F9FA61D7C4F1E4A9E30D40DCA1115BB48F759)
2025-08-25T09:38:12.666676Z DEBUG node{moniker=app-0}:wal{height=6}: Wrote log entry type=Consensus(Vote) entry.size=118 
2025-08-25T09:38:12.666709Z DEBUG node{moniker=app-0}:consensus{height=6 round=0}: Transitioned to new step step.previous=Prevote step.new=Precommit
2025-08-25T09:38:12.666715Z  INFO node{moniker=app-0}:consensus{height=6 round=0}: Voting vote_type=Precommit value=86bb03ca1fb8288e round=0
2025-08-25T09:38:12.666729Z DEBUG node{moniker=app-0}:node{moniker=app-0}: metis-test:consensus-chan recv!!! msg:ExtendVote { height: Height(6), round: Some(0), value_id: ValueId(9708357588377675918), reply: Sender { inner: Some(Inner { state: State { is_complete: false, is_closed: false, is_rx_task_set: true, is_tx_task_set: false } }) } }
2025-08-25T09:38:12.666885Z  INFO node{moniker=app-0}:consensus{height=6 round=0}: Received vote height=6 vote_height=6 address=815F9FA61D7C4F1E4A9E30D40DCA1115BB48F759 Precommit(height: 6, round: 0, value: 86bb03ca1fb8288e, from: 815F9FA61D7C4F1E4A9E30D40DCA1115BB48F759)
2025-08-25T09:38:12.666937Z DEBUG node{moniker=app-0}:wal{height=6}: Wrote log entry type=Consensus(Vote) entry.size=120 
2025-08-25T09:38:12.668920Z DEBUG node{moniker=app-0}:wal{height=6}: Flushed WAL to disk wal.entries=4 wal.size=1088
2025-08-25T09:38:12.669217Z DEBUG node{moniker=app-0}:network: Published message channel=/consensus size=111
2025-08-25T09:38:12.672204Z DEBUG node{moniker=app-0}:wal{height=6}: Flushed WAL to disk wal.entries=4 wal.size=1088
2025-08-25T09:38:12.672557Z DEBUG node{moniker=app-0}:network: Published message channel=/consensus size=109
2025-08-25T09:38:12.682603Z  INFO node{moniker=app-0}:consensus{height=6 round=0}: Received vote height=6 vote_height=6 address=DE7BA2BE72D2225286133990FF5810B691A5261C Precommit(height: 6, round: 0, value: 86bb03ca1fb8288e, from: DE7BA2BE72D2225286133990FF5810B691A5261C)
2025-08-25T09:38:12.685458Z DEBUG node{moniker=app-0}:wal{height=6}: Wrote log entry type=Consensus(Vote) entry.size=120 
2025-08-25T09:38:12.685689Z DEBUG node{moniker=app-0}:consensus{height=6 round=0}: Transitioned to new step step.previous=Precommit step.new=Commit
2025-08-25T09:38:12.685703Z  INFO node{moniker=app-0}:consensus{height=6 round=0}: Decided round=0 height=6 value=86bb03ca1fb8288e
2025-08-25T09:38:12.689197Z DEBUG node{moniker=app-0}:wal{height=6}: Flushed WAL to disk wal.entries=5 wal.size=1221
2025-08-25T09:38:12.689331Z DEBUG node{moniker=app-0}:sync{height.tip=5 height.sync=6}: Updating request state height.tip=6
2025-08-25T09:38:12.689373Z DEBUG node{moniker=app-0}:node{moniker=app-0}: metis-test:consensus-chan recv!!! msg:Decided { certificate: CommitCertificate { height: Height(6), round: Some(0), value_id: ValueId(9708357588377675918), commit_signatures: [CommitSignature { address: Address(815F9FA61D7C4F1E4A9E30D40DCA1115BB48F759), signature: Signature(Signature { R_bytes: "bb7484f8f1bf3f26f0ed0582afb445ab8ffc1c910951e9f986b2ff19a8672732", s_bytes: "fcfcc3c23b43a7909de7adb05aa8e6be01af1dcff70dc1769628a41a5e45dd0d" }) }, CommitSignature { address: Address(DE7BA2BE72D2225286133990FF5810B691A5261C), signature: Signature(Signature { R_bytes: "0a9d50c402252f6f85d34c0aeee17878b0c7103c42fa2da483d7dec2f159b471", s_bytes: "452ce8fde7d070f6cf02f46cf750c359908326b00dd7454a2b5c5812ef973d08" }) }] }, extensions: VoteExtensions { extensions: [] }, reply: Sender { inner: Some(Inner { state: State { is_complete: false, is_closed: false, is_rx_task_set: true, is_tx_task_set: false } }) } }
2025-08-25T09:38:12.689394Z  INFO node{moniker=app-0}:node{moniker=app-0}: 🟢🟢 Consensus has decided on value height=6 round=0 value=86bb03ca1fb8288e
2025-08-25T09:38:12.689477Z DEBUG node{moniker=app-0}:node{moniker=app-0}: 🎁 block size: 545, height: 6
2025-08-25T09:38:12.689488Z  INFO node{moniker=app-0}:node{moniker=app-0}: 👉 stats at height 6: #txs=0, txs/s=0.00, chain_bytes=3270, bytes/s=586.35
2025-08-25T09:38:12.689492Z DEBUG node{moniker=app-0}:node{moniker=app-0}: 🦄 Block at height 6 contains 0 transactions
2025-08-25T09:38:12.691754Z DEBUG node{moniker=app-0}:node{moniker=app-0}: 💡 New block added at height 6 with hash: 0x8f1b5d06efc564d8b1dc31a9d232ebb6bf820a47b3fe5a270cd0483f986d04f0
2025-08-25T09:38:12.691768Z DEBUG node{moniker=app-0}:node{moniker=app-0}: 🟠 set_latest_forkchoice_state: 0x8f1b5d06efc564d8b1dc31a9d232ebb6bf820a47b3fe5a270cd0483f986d04f0
2025-08-25T09:38:12.692834Z DEBUG node{moniker=app-0}:node{moniker=app-0}: ➡️ payload_status: PayloadStatus { status: Valid, latest_valid_hash: Some(0x8f1b5d06efc564d8b1dc31a9d232ebb6bf820a47b3fe5a270cd0483f986d04f0) }
2025-08-25T09:38:12.692841Z DEBUG node{moniker=app-0}:node{moniker=app-0}: 🚀 Forkchoice updated to height 6 for block hash=0x8f1b5d06efc564d8b1dc31a9d232ebb6bf820a47b3fe5a270cd0483f986d04f0 and latest_valid_hash=0x8f1b5d06efc564d8b1dc31a9d232ebb6bf820a47b3fe5a270cd0483f986d04f0
2025-08-25T09:38:12.692844Z  INFO node{moniker=app-0}:node{moniker=app-0}: Looking for certificate height=6 round=0
2025-08-25T09:38:12.695199Z  INFO node{moniker=app-0}:node{moniker=app-0}: Committed block_data[0..32]: 0b8f7467961db4f52be53a1afbb60d90996afffc4d3bdfab5fc6db69ce51f5ec
2025-08-25T09:38:12.714244Z DEBUG node{moniker=app-0}:wal{height=7}: Reset WAL height=7
2025-08-25T09:38:12.714364Z DEBUG node{moniker=app-0}:consensus{height=7 round=0}: No WAL entries to replay height=7
2025-08-25T09:38:12.714447Z  INFO node{moniker=app-0}:consensus{height=7 round=0}: Starting new height height=7
2025-08-25T09:38:12.714461Z  INFO node{moniker=app-0}:consensus{height=7 round=0}: Starting new round height=7 round=0 proposer=DE7BA2BE72D2225286133990FF5810B691A5261C role=None
2025-08-25T09:38:12.714536Z DEBUG node{moniker=app-0}:sync{height.tip=5 height.sync=6}: Starting new height height.tip=6 height.sync=7 restart=false
2025-08-25T09:38:12.714543Z DEBUG node{moniker=app-0}:sync{height.tip=5 height.sync=6}: No peer to request sync from height.sync=7
2025-08-25T09:38:12.717317Z DEBUG node{moniker=app-0}:wal{height=7}: Flushed WAL to disk wal.entries=0 wal.size=12
2025-08-25T09:38:12.717462Z DEBUG node{moniker=app-0}:node{moniker=app-0}: metis-test:consensus-chan recv!!! msg:StartedRound { height: Height(7), round: Some(0), proposer: Address(DE7BA2BE72D2225286133990FF5810B691A5261C), role: None, reply_value: Sender { inner: Some(Inner { state: State { is_complete: false, is_closed: false, is_rx_task_set: false, is_tx_task_set: false } }) } }
2025-08-25T09:38:12.717484Z  INFO node{moniker=app-0}:node{moniker=app-0}: 🟢🟢 Started round height=7 round=0 proposer=DE7BA2BE72D2225286133990FF5810B691A5261C role=None
2025-08-25T09:38:12.717506Z ERROR node{moniker=app-0}:consensus{height=7 round=0}: Error when processing effect: Messaging(RecvErr)
2025-08-25T09:38:12.717534Z DEBUG node{moniker=app-0}:consensus{height=7 round=0}: Transitioned to new step step.previous=Unstarted step.new=Propose
2025-08-25T09:38:12.717543Z  INFO node{moniker=app-0}:consensus{height=7 round=0}: Scheduling timeout round=0 step=Propose
2025-08-25T09:38:12.717558Z DEBUG node{moniker=app-0}:consensus{height=7 round=0}: Replaying inputs count=0
2025-08-25T09:38:12.725476Z DEBUG node{moniker=app-0}:node{moniker=app-0}: metis-test:consensus-chan recv!!! msg:ReceivedProposalPart { from: PeerId("12D3KooWEFmACkQS9HNWY86xGVM3LS7fRpQ8saTb5VdfdYCzuUvE"), part: StreamMessage { stream_id: StreamId(b"\0\0\0\0\0\0\0\x07\0\0\0\0\0\0\0\x02"), sequence: 0, content: Data(Init(ProposalInit { height: Height(7), round: Some(0), proposer: Address(DE7BA2BE72D2225286133990FF5810B691A5261C) })) }, reply: Sender { inner: Some(Inner { state: State { is_complete: false, is_closed: false, is_rx_task_set: true, is_tx_task_set: false } }) } }
2025-08-25T09:38:12.725542Z  INFO node{moniker=app-0}:node{moniker=app-0}: Received proposal part from=12D3KooWEFmACkQS9HNWY86xGVM3LS7fRpQ8saTb5VdfdYCzuUvE part.sequence=0 part.type=init part.size=28
2025-08-25T09:38:12.726900Z DEBUG node{moniker=app-0}:node{moniker=app-0}: metis-test:consensus-chan recv!!! msg:ReceivedProposalPart { from: PeerId("12D3KooWEFmACkQS9HNWY86xGVM3LS7fRpQ8saTb5VdfdYCzuUvE"), part: StreamMessage { stream_id: StreamId(b"\0\0\0\0\0\0\0\x07\0\0\0\0\0\0\0\x02"), sequence: 1, content: Data(Data(ProposalData { bytes: "<...>", len: 545 })) }, reply: Sender { inner: Some(Inner { state: State { is_complete: false, is_closed: false, is_rx_task_set: true, is_tx_task_set: false } }) } }
2025-08-25T09:38:12.726922Z  INFO node{moniker=app-0}:node{moniker=app-0}: Received proposal part from=12D3KooWEFmACkQS9HNWY86xGVM3LS7fRpQ8saTb5VdfdYCzuUvE part.sequence=1 part.type=data part.size=551
2025-08-25T09:38:12.726945Z DEBUG node{moniker=app-0}:node{moniker=app-0}: metis-test:consensus-chan recv!!! msg:ReceivedProposalPart { from: PeerId("12D3KooWEFmACkQS9HNWY86xGVM3LS7fRpQ8saTb5VdfdYCzuUvE"), part: StreamMessage { stream_id: StreamId(b"\0\0\0\0\0\0\0\x07\0\0\0\0\0\0\0\x02"), sequence: 2, content: Data(Fin(ProposalFin { signature: Signature(Signature { R_bytes: "795dc4a495a904e9189cddf70a167c7259b7cb7ee2668a6ff1c94619bd0c4276", s_bytes: "d1b61a8cc788de98fb28cfec73a94be4a1bc30eb58b50c93e9abf3862fe19102" }) })) }, reply: Sender { inner: Some(Inner { state: State { is_complete: false, is_closed: false, is_rx_task_set: true, is_tx_task_set: false } }) } }
2025-08-25T09:38:12.726964Z  INFO node{moniker=app-0}:node{moniker=app-0}: Received proposal part from=12D3KooWEFmACkQS9HNWY86xGVM3LS7fRpQ8saTb5VdfdYCzuUvE part.sequence=2 part.type=fin part.size=70
2025-08-25T09:38:12.726982Z DEBUG node{moniker=app-0}:node{moniker=app-0}: metis-test:consensus-chan recv!!! msg:ReceivedProposalPart { from: PeerId("12D3KooWEFmACkQS9HNWY86xGVM3LS7fRpQ8saTb5VdfdYCzuUvE"), part: StreamMessage { stream_id: StreamId(b"\0\0\0\0\0\0\0\x07\0\0\0\0\0\0\0\x02"), sequence: 3, content: Fin }, reply: Sender { inner: Some(Inner { state: State { is_complete: false, is_closed: false, is_rx_task_set: true, is_tx_task_set: false } }) } }
2025-08-25T09:38:12.726994Z  INFO node{moniker=app-0}:node{moniker=app-0}: Received proposal part from=12D3KooWEFmACkQS9HNWY86xGVM3LS7fRpQ8saTb5VdfdYCzuUvE part.sequence=3 part.type=end of stream part.size=0
2025-08-25T09:38:12.727230Z  INFO node{moniker=app-0}:node{moniker=app-0}: Proposal data[0..32]: 8f1b5d06efc564d8b1dc31a9d232ebb6bf820a47b3fe5a270cd0483f986d04f0, total_size: 545 bytes, id: b7262dc4ace47536
2025-08-25T09:38:12.730491Z  INFO node{moniker=app-0}:consensus{height=7 round=0}: Received vote height=7 vote_height=7 address=DE7BA2BE72D2225286133990FF5810B691A5261C Prevote(height: 7, round: 0, value: b7262dc4ace47536, from: DE7BA2BE72D2225286133990FF5810B691A5261C)
2025-08-25T09:38:12.737385Z DEBUG node{moniker=app-0}:wal{height=7}: Wrote log entry type=Consensus(Vote) entry.size=118 
2025-08-25T09:38:12.737630Z  INFO node{moniker=app-0}:consensus{height=7 round=0}: Received proposal consensus.height=7 proposal.height=7 proposal.round=0 proposer=DE7BA2BE72D2225286133990FF5810B691A5261C Proposal(height: 7, round: 0, pol_round: -1, value: b7262dc4ace47536, from: DE7BA2BE72D2225286133990FF5810B691A5261C)
2025-08-25T09:38:12.739293Z DEBUG node{moniker=app-0}:wal{height=7}: Wrote log entry type=Consensus(Proposal) entry.size=668 
2025-08-25T09:38:12.739340Z DEBUG node{moniker=app-0}:consensus{height=7 round=0}: No full proposal for this round yet, stored proposal for later proposal.height=7 proposal.round=0
2025-08-25T09:38:12.742408Z DEBUG node{moniker=app-0}:node{moniker=app-0}: ✅ Received complete proposal: ProposedValue { height: Height(7), round: Some(0), valid_round: Nil, proposer: Address(DE7BA2BE72D2225286133990FF5810B691A5261C), value: Value { value: 13197286080793310518, extensions: b"\x8f\x1b]\x06\xef\xc5d\xd8\xb1\xdc1\xa9\xd22\xeb\xb6\xbf\x82\nG\xb3\xfeZ'\x0c\xd0H?\x98m\x04\xf0********************\xec&\xdf\x94B\xc5\xd4\xa0\xa0\xccSH\xc9`\x11[C\xda\x08\xc7\xae\xf6\xbeNL\xcc_\x13l\xa8\x92\xa6V\xe8\x1f\x17\x1b\xccU\xa6\xff\x83E\xe6\x92\xc0\xf8n[H\xe0\x1b\x99l\xad\xc0\x01b/\xb5\xe3c\xb4!\0\0\0\0\0\0\0\0\0\0\0\0\0\0\0\0\0\0\0\0\0\0\0\0\0\0\0\0\0\0\0\0\0\0\0\0\0\0\0\0\0\0\0\0\0\0\0\0\0\0\0\0\0\0\0\0\0\0\0\0\0\0\0\0\0\0\0\0\0\0\0\0\0\0\0\0\0\0\0\0\0\0\0\0\0\0\0\0\0\0\0\0\0\0\0\0\0\0\0\0\0\0\0\0\0\0\0\0\0\0\0\0\0\0\0\0\0\0\0\0\0\0\0\0\0\0\0\0\0\0\0\0\0\0\0\0\0\0\0\0\0\0\0\0\0\0\0\0\0\0\0\0\0\0\0\0\0\0\0\0\0\0\0\0\0\0\0\0\0\0\0\0\0\0\0\0\0\0\0\0\0\0\0\0\0\0\0\0\0\0\0\0\0\0\0\0\0\0\0\0\0\0\0\0\0\0\0\0\0\0\0\0\0\0\0\0\0\0\0\0\0\0\0\0\0\0\0\0\0\0\0\0\0\0\0\0\0\0\0\0\0\0\0\0\0\0\0\0\0\0\0\0\0\0\0\0\0\0\0\0\0\0\0\0\0\0\0\0\0\0\0\0\0\0\0\0\0\0\0\0\0\0\0\0\0\0\0\0\x07\0\0\0\0\0\0\0\xe5\xe6\xcc\x01\0\0\0\0\0\0\0\0\0\0\0\0\n/\xach\0\0\0\0\x10\x02\0\0a\x10h\x17\0\0\0\0\0\0\0\0\0\0\0\0\0\0\0\0\0\0\0\0\0\0\0\0\0\0\0\0\xe6\x91\x1b\xb89\xd4\xc0\x04\xf3\x01G\xe6\xb1\xa9\xc5\x05\xd1\x0b\xe1\x9e\xcfD\xdb\x17\xeb\x19\x0fq<\x01Ok!\x02\0\0!\x02\0\0\0\0\0\0\0\0\0\0\0\0\0\0\0\0\0\0reth/v1.4.1/linux" }, validity: Valid }
2025-08-25T09:38:12.742462Z DEBUG node{moniker=app-0}:consensus{height=7 round=0}: We have a full proposal for this round, checking... proposal.height=7 proposal.round=0
2025-08-25T09:38:12.742475Z DEBUG node{moniker=app-0}:consensus{height=7 round=0}: Transitioned to new step step.previous=Propose step.new=Prevote
2025-08-25T09:38:12.747732Z  INFO node{moniker=app-0}:consensus{height=7 round=0}: Received vote height=7 vote_height=7 address=02CB1B49DA09615BD4A12212C39378556D990DFD Precommit(height: 7, round: 0, value: b7262dc4ace47536, from: 02CB1B49DA09615BD4A12212C39378556D990DFD)
2025-08-25T09:38:12.748547Z DEBUG node{moniker=app-0}:wal{height=7}: Wrote log entry type=Consensus(Vote) entry.size=120 
2025-08-25T09:38:12.749326Z  INFO node{moniker=app-0}:consensus{height=7 round=0}: Received vote height=7 vote_height=7 address=02CB1B49DA09615BD4A12212C39378556D990DFD Prevote(height: 7, round: 0, value: b7262dc4ace47536, from: 02CB1B49DA09615BD4A12212C39378556D990DFD)
2025-08-25T09:38:12.749482Z DEBUG node{moniker=app-0}:wal{height=7}: Wrote log entry type=Consensus(Vote) entry.size=118 
2025-08-25T09:38:12.749713Z DEBUG node{moniker=app-0}:consensus{height=7 round=0}: Transitioned to new step step.previous=Prevote step.new=Precommit
2025-08-25T09:38:12.756269Z  INFO node{moniker=app-0}:consensus{height=7 round=0}: Received vote height=7 vote_height=7 address=DE7BA2BE72D2225286133990FF5810B691A5261C Precommit(height: 7, round: 0, value: b7262dc4ace47536, from: DE7BA2BE72D2225286133990FF5810B691A5261C)
2025-08-25T09:38:12.756963Z DEBUG node{moniker=app-0}:wal{height=7}: Wrote log entry type=Consensus(Vote) entry.size=120 
2025-08-25T09:38:12.757015Z DEBUG node{moniker=app-0}:consensus{height=7 round=0}: Transitioned to new step step.previous=Precommit step.new=Commit
2025-08-25T09:38:12.757023Z  INFO node{moniker=app-0}:consensus{height=7 round=0}: Decided round=0 height=7 value=b7262dc4ace47536
2025-08-25T09:38:12.760714Z DEBUG node{moniker=app-0}:wal{height=7}: Flushed WAL to disk wal.entries=5 wal.size=1221
2025-08-25T09:38:12.760891Z DEBUG node{moniker=app-0}:sync{height.tip=6 height.sync=7}: Updating request state height.tip=7
2025-08-25T09:38:12.760922Z DEBUG node{moniker=app-0}:node{moniker=app-0}: metis-test:consensus-chan recv!!! msg:Decided { certificate: CommitCertificate { height: Height(7), round: Some(0), value_id: ValueId(13197286080793310518), commit_signatures: [CommitSignature { address: Address(02CB1B49DA09615BD4A12212C39378556D990DFD), signature: Signature(Signature { R_bytes: "e0828c8a68d0974846c8270cf18197b8e9c5792c29aa1242efe283adde3ae4b1", s_bytes: "4c883a1bfba44780607bb0d6fe27f3d6b60671ff9746fb77b2fadf42214ed800" }) }, CommitSignature { address: Address(DE7BA2BE72D2225286133990FF5810B691A5261C), signature: Signature(Signature { R_bytes: "66683c0bac46c4ea69e0668da76c8f5b117b26dc22df8574cc55986b0d274f41", s_bytes: "c8ef1fd61b52f887d9770a657411b592360314df02f11bfacd6bec77f6529805" }) }] }, extensions: VoteExtensions { extensions: [] }, reply: Sender { inner: Some(Inner { state: State { is_complete: false, is_closed: false, is_rx_task_set: true, is_tx_task_set: false } }) } }
2025-08-25T09:38:12.760957Z  INFO node{moniker=app-0}:node{moniker=app-0}: 🟢🟢 Consensus has decided on value height=7 round=0 value=b7262dc4ace47536
2025-08-25T09:38:12.761057Z DEBUG node{moniker=app-0}:node{moniker=app-0}: 🎁 block size: 545, height: 7
2025-08-25T09:38:12.761074Z  INFO node{moniker=app-0}:node{moniker=app-0}: 👉 stats at height 7: #txs=0, txs/s=0.00, chain_bytes=3815, bytes/s=675.41
2025-08-25T09:38:12.761081Z DEBUG node{moniker=app-0}:node{moniker=app-0}: 🦄 Block at height 7 contains 0 transactions
2025-08-25T09:38:12.762258Z DEBUG node{moniker=app-0}:node{moniker=app-0}: 💡 New block added at height 7 with hash: 0xe6911bb839d4c004f30147e6b1a9c505d10be19ecf44db17eb190f713c014f6b
2025-08-25T09:38:12.762265Z DEBUG node{moniker=app-0}:node{moniker=app-0}: 🟠 set_latest_forkchoice_state: 0xe6911bb839d4c004f30147e6b1a9c505d10be19ecf44db17eb190f713c014f6b
2025-08-25T09:38:12.762741Z DEBUG node{moniker=app-0}:node{moniker=app-0}: ➡️ payload_status: PayloadStatus { status: Valid, latest_valid_hash: Some(0xe6911bb839d4c004f30147e6b1a9c505d10be19ecf44db17eb190f713c014f6b) }
2025-08-25T09:38:12.762751Z DEBUG node{moniker=app-0}:node{moniker=app-0}: 🚀 Forkchoice updated to height 7 for block hash=0xe6911bb839d4c004f30147e6b1a9c505d10be19ecf44db17eb190f713c014f6b and latest_valid_hash=0xe6911bb839d4c004f30147e6b1a9c505d10be19ecf44db17eb190f713c014f6b
2025-08-25T09:38:12.762757Z  INFO node{moniker=app-0}:node{moniker=app-0}: Looking for certificate height=7 round=0
2025-08-25T09:38:12.769587Z  INFO node{moniker=app-0}:node{moniker=app-0}: Committed block_data[0..32]: 8f1b5d06efc564d8b1dc31a9d232ebb6bf820a47b3fe5a270cd0483f986d04f0
2025-08-25T09:38:12.793341Z DEBUG node{moniker=app-0}:wal{height=8}: Reset WAL height=8
2025-08-25T09:38:12.793407Z DEBUG node{moniker=app-0}:consensus{height=8 round=0}: No WAL entries to replay height=8
2025-08-25T09:38:12.793446Z  INFO node{moniker=app-0}:consensus{height=8 round=0}: Starting new height height=8
2025-08-25T09:38:12.793452Z  INFO node{moniker=app-0}:consensus{height=8 round=0}: Starting new round height=8 round=0 proposer=815F9FA61D7C4F1E4A9E30D40DCA1115BB48F759 role=Proposer
2025-08-25T09:38:12.793477Z DEBUG node{moniker=app-0}:sync{height.tip=6 height.sync=7}: Starting new height height.tip=7 height.sync=8 restart=false
2025-08-25T09:38:12.793482Z DEBUG node{moniker=app-0}:sync{height.tip=6 height.sync=7}: No peer to request sync from height.sync=8
2025-08-25T09:38:12.798198Z DEBUG node{moniker=app-0}:wal{height=8}: Flushed WAL to disk wal.entries=0 wal.size=12
2025-08-25T09:38:12.798711Z DEBUG node{moniker=app-0}:node{moniker=app-0}: metis-test:consensus-chan recv!!! msg:StartedRound { height: Height(8), round: Some(0), proposer: Address(815F9FA61D7C4F1E4A9E30D40DCA1115BB48F759), role: Proposer, reply_value: Sender { inner: Some(Inner { state: State { is_complete: false, is_closed: false, is_rx_task_set: false, is_tx_task_set: false } }) } }
2025-08-25T09:38:12.798730Z  INFO node{moniker=app-0}:node{moniker=app-0}: 🟢🟢 Started round height=8 round=0 proposer=815F9FA61D7C4F1E4A9E30D40DCA1115BB48F759 role=Proposer
2025-08-25T09:38:12.798743Z ERROR node{moniker=app-0}:consensus{height=8 round=0}: Error when processing effect: Messaging(RecvErr)
2025-08-25T09:38:12.798762Z DEBUG node{moniker=app-0}:consensus{height=8 round=0}: Transitioned to new step step.previous=Unstarted step.new=Propose
2025-08-25T09:38:12.798767Z  INFO node{moniker=app-0}:consensus{height=8 round=0}: Scheduling timeout round=0 step=Propose
2025-08-25T09:38:12.798774Z  INFO node{moniker=app-0}:consensus{height=8 round=0}: Requesting value from application height=8 round=0
2025-08-25T09:38:12.798783Z DEBUG node{moniker=app-0}:consensus{height=8 round=0}: Replaying inputs count=0
2025-08-25T09:38:12.798811Z DEBUG node{moniker=app-0}:node{moniker=app-0}: metis-test:consensus-chan recv!!! msg:GetValue { height: Height(8), round: Some(0), timeout: 3s, reply: Sender { inner: Some(Inner { state: State { is_complete: false, is_closed: false, is_rx_task_set: true, is_tx_task_set: false } }) } }
2025-08-25T09:38:12.798816Z  INFO node{moniker=app-0}:node{moniker=app-0}: 🟢🟢 Consensus is requesting a value to propose height=8 round=0
2025-08-25T09:38:12.798820Z DEBUG node{moniker=app-0}:node{moniker=app-0}: 🟠 generate_block on top of ExecutionBlock { block_hash: 0xe6911bb839d4c004f30147e6b1a9c505d10be19ecf44db17eb190f713c014f6b, block_number: 7, parent_hash: 0xe6911bb839d4c004f30147e6b1a9c505d10be19ecf44db17eb190f713c014f6b, timestamp: 1756114698, prev_randao: 0x0000000000000000000000000000000000000000000000000000000000000000 }
2025-08-25T09:38:12.800122Z DEBUG node{moniker=app-0}:node{moniker=app-0}: 🌈 Got execution payload: ExecutionPayloadV3 { payload_inner: ExecutionPayloadV2 { payload_inner: ExecutionPayloadV1 { parent_hash: 0xe6911bb839d4c004f30147e6b1a9c505d10be19ecf44db17eb190f713c014f6b, fee_recipient: 0x2a2a2a2a2a2a2a2a2a2a2a2a2a2a2a2a2a2a2a2a, state_root: 0xec26df9442c5d4a0a0cc5348c960115b43da08c7aef6be4e4ccc5f136ca892a6, receipts_root: 0x56e81f171bcc55a6ff8345e692c0f86e5b48e01b996cadc001622fb5e363b421, logs_bloom: 0x00000000000000000000000000000000000000000000000000000000000000000000000000000000000000000000000000000000000000000000000000000000000000000000000000000000000000000000000000000000000000000000000000000000000000000000000000000000000000000000000000000000000000000000000000000000000000000000000000000000000000000000000000000000000000000000000000000000000000000000000000000000000000000000000000000000000000000000000000000000000000000000000000000000000000000000000000000000000000000000000000000000000000000000000000000000, prev_randao: 0x0000000000000000000000000000000000000000000000000000000000000000, block_number: 8, gas_limit: 30235165, gas_used: 0, timestamp: 1756114699, extra_data: 0x726574682f76312e342e312f6c696e7578, base_fee_per_gas: 343608917, block_hash: 0xc836761f8eefbb7d5b28802845e46c8aa025398835dde7782a9554d0263e26ce, transactions: [] }, withdrawals: [] }, blob_gas_used: 0, excess_blob_gas: 0 }
2025-08-25T09:38:12.800135Z DEBUG node{moniker=app-0}:node{moniker=app-0}: 🎁 block size: 545, height: 8
2025-08-25T09:38:12.809138Z  INFO node{moniker=app-0}:node{moniker=app-0}: Streaming proposal part: StreamMessage { stream_id: StreamId(b"\0\0\0\0\0\0\0\x08\0\0\0\0\0\0\0\x02"), sequence: 0, content: Data(Init(ProposalInit { height: Height(8), round: Some(0), proposer: Address(815F9FA61D7C4F1E4A9E30D40DCA1115BB48F759) })) } height=8 round=0
2025-08-25T09:38:12.809182Z  INFO node{moniker=app-0}:node{moniker=app-0}: Streaming proposal part: StreamMessage { stream_id: StreamId(b"\0\0\0\0\0\0\0\x08\0\0\0\0\0\0\0\x02"), sequence: 1, content: Data(Data(ProposalData { bytes: "<...>", len: 545 })) } height=8 round=0
2025-08-25T09:38:12.809229Z  INFO node{moniker=app-0}:node{moniker=app-0}: Streaming proposal part: StreamMessage { stream_id: StreamId(b"\0\0\0\0\0\0\0\x08\0\0\0\0\0\0\0\x02"), sequence: 2, content: Data(Fin(ProposalFin { signature: Signature(Signature { R_bytes: "0c84e07064441f19bbfecb4ea671c20d9b4ebff118dd07f0ebb0c2e59a1d0463", s_bytes: "cc347fe4ceaa5e482c3a66c9188ed9f7e6467e272ba8d2fe1aa54fd807a3590d" }) })) } height=8 round=0
2025-08-25T09:38:12.809515Z DEBUG node{moniker=app-0}:network: Published message channel=/proposal_parts size=48
2025-08-25T09:38:12.809574Z  INFO node{moniker=app-0}:node{moniker=app-0}: Streaming proposal part: StreamMessage { stream_id: StreamId(b"\0\0\0\0\0\0\0\x08\0\0\0\0\0\0\0\x02"), sequence: 3, content: Fin } height=8 round=0
2025-08-25T09:38:12.810583Z DEBUG node{moniker=app-0}:network: Published message channel=/proposal_parts size=574
2025-08-25T09:38:12.810628Z DEBUG node{moniker=app-0}:wal{height=8}: Wrote log entry type=LocallyProposedValue entry.size=598 
2025-08-25T09:38:12.810694Z DEBUG node{moniker=app-0}:node{moniker=app-0}: ✅ Proposal sent height=8 round=0
2025-08-25T09:38:12.810769Z  INFO node{moniker=app-0}:consensus{height=8 round=0}: Proposing value id=2a853211129bcbdb round=0
2025-08-25T09:38:12.811023Z  INFO node{moniker=app-0}:consensus{height=8 round=0}: Received proposal consensus.height=8 proposal.height=8 proposal.round=0 proposer=815F9FA61D7C4F1E4A9E30D40DCA1115BB48F759 Proposal(height: 8, round: 0, pol_round: -1, value: 2a853211129bcbdb, from: 815F9FA61D7C4F1E4A9E30D40DCA1115BB48F759)
2025-08-25T09:38:12.811124Z DEBUG node{moniker=app-0}:network: Published message channel=/proposal_parts size=92
2025-08-25T09:38:12.811361Z DEBUG node{moniker=app-0}:network: Published message channel=/proposal_parts size=22
2025-08-25T09:38:12.812135Z DEBUG node{moniker=app-0}:wal{height=8}: Wrote log entry type=Consensus(Proposal) entry.size=667 
2025-08-25T09:38:12.812287Z DEBUG node{moniker=app-0}:consensus{height=8 round=0}: Transitioned to new step step.previous=Propose step.new=Prevote
2025-08-25T09:38:12.812298Z  INFO node{moniker=app-0}:consensus{height=8 round=0}: Voting vote_type=Prevote value=2a853211129bcbdb round=0
2025-08-25T09:38:12.812988Z  INFO node{moniker=app-0}:consensus{height=8 round=0}: Received vote height=8 vote_height=8 address=815F9FA61D7C4F1E4A9E30D40DCA1115BB48F759 Prevote(height: 8, round: 0, value: 2a853211129bcbdb, from: 815F9FA61D7C4F1E4A9E30D40DCA1115BB48F759)
2025-08-25T09:38:12.813110Z DEBUG node{moniker=app-0}:wal{height=8}: Wrote log entry type=Consensus(Vote) entry.size=117 
2025-08-25T09:38:12.816351Z DEBUG node{moniker=app-0}:wal{height=8}: Flushed WAL to disk wal.entries=3 wal.size=1433
2025-08-25T09:38:12.816667Z DEBUG node{moniker=app-0}:network: Published message channel=/consensus size=108
2025-08-25T09:38:12.821125Z DEBUG node{moniker=app-0}:wal{height=8}: Flushed WAL to disk wal.entries=3 wal.size=1433
2025-08-25T09:38:12.821383Z DEBUG node{moniker=app-0}:network: Published message channel=/consensus size=658
2025-08-25T09:38:12.827977Z  INFO node{moniker=app-0}:consensus{height=8 round=0}: Received vote height=8 vote_height=8 address=02CB1B49DA09615BD4A12212C39378556D990DFD Precommit(height: 8, round: 0, value: 2a853211129bcbdb, from: 02CB1B49DA09615BD4A12212C39378556D990DFD)
2025-08-25T09:38:12.828052Z DEBUG node{moniker=app-0}:wal{height=8}: Wrote log entry type=Consensus(Vote) entry.size=119 
2025-08-25T09:38:12.831462Z  INFO node{moniker=app-0}:consensus{height=8 round=0}: Received vote height=8 vote_height=8 address=02CB1B49DA09615BD4A12212C39378556D990DFD Prevote(height: 8, round: 0, value: 2a853211129bcbdb, from: 02CB1B49DA09615BD4A12212C39378556D990DFD)
2025-08-25T09:38:12.835166Z DEBUG node{moniker=app-0}:wal{height=8}: Wrote log entry type=Consensus(Vote) entry.size=117 
2025-08-25T09:38:12.835353Z DEBUG node{moniker=app-0}:consensus{height=8 round=0}: Transitioned to new step step.previous=Prevote step.new=Precommit
2025-08-25T09:38:12.835363Z  INFO node{moniker=app-0}:consensus{height=8 round=0}: Voting vote_type=Precommit value=2a853211129bcbdb round=0
2025-08-25T09:38:12.835384Z DEBUG node{moniker=app-0}:node{moniker=app-0}: metis-test:consensus-chan recv!!! msg:ExtendVote { height: Height(8), round: Some(0), value_id: ValueId(3063910170403523547), reply: Sender { inner: Some(Inner { state: State { is_complete: false, is_closed: false, is_rx_task_set: true, is_tx_task_set: false } }) } }
2025-08-25T09:38:12.835566Z  INFO node{moniker=app-0}:consensus{height=8 round=0}: Received vote height=8 vote_height=8 address=815F9FA61D7C4F1E4A9E30D40DCA1115BB48F759 Precommit(height: 8, round: 0, value: 2a853211129bcbdb, from: 815F9FA61D7C4F1E4A9E30D40DCA1115BB48F759)
2025-08-25T09:38:12.835635Z DEBUG node{moniker=app-0}:wal{height=8}: Wrote log entry type=Consensus(Vote) entry.size=119 
2025-08-25T09:38:12.835662Z DEBUG node{moniker=app-0}:consensus{height=8 round=0}: Transitioned to new step step.previous=Precommit step.new=Commit
2025-08-25T09:38:12.835666Z  INFO node{moniker=app-0}:consensus{height=8 round=0}: Decided round=0 height=8 value=2a853211129bcbdb
2025-08-25T09:38:12.839333Z DEBUG node{moniker=app-0}:wal{height=8}: Flushed WAL to disk wal.entries=6 wal.size=1827
2025-08-25T09:38:12.839447Z DEBUG node{moniker=app-0}:sync{height.tip=7 height.sync=8}: Updating request state height.tip=8
2025-08-25T09:38:12.839475Z DEBUG node{moniker=app-0}:node{moniker=app-0}: metis-test:consensus-chan recv!!! msg:Decided { certificate: CommitCertificate { height: Height(8), round: Some(0), value_id: ValueId(3063910170403523547), commit_signatures: [CommitSignature { address: Address(02CB1B49DA09615BD4A12212C39378556D990DFD), signature: Signature(Signature { R_bytes: "11c3840d9a9713ff4a7145c406c9baa83fa4dd69ec669aa7c50ae04d03e8cf5a", s_bytes: "1350d7870825bd042189b4249a8d858c709c179e3c3abe8a5a56d1d82856d403" }) }, CommitSignature { address: Address(815F9FA61D7C4F1E4A9E30D40DCA1115BB48F759), signature: Signature(Signature { R_bytes: "d542457cb85ce0a9126498d76502b476a2cde1b9fda284a2ae4ca0714b20fa36", s_bytes: "4458d6755f38b8d809039f9a1586ccbd9481c72b0a4789780edc56cdc08c7d0b" }) }] }, extensions: VoteExtensions { extensions: [] }, reply: Sender { inner: Some(Inner { state: State { is_complete: false, is_closed: false, is_rx_task_set: true, is_tx_task_set: false } }) } }
2025-08-25T09:38:12.839498Z  INFO node{moniker=app-0}:node{moniker=app-0}: 🟢🟢 Consensus has decided on value height=8 round=0 value=2a853211129bcbdb
2025-08-25T09:38:12.839585Z DEBUG node{moniker=app-0}:node{moniker=app-0}: 🎁 block size: 545, height: 8
2025-08-25T09:38:12.839595Z  INFO node{moniker=app-0}:node{moniker=app-0}: 👉 stats at height 8: #txs=0, txs/s=0.00, chain_bytes=4360, bytes/s=761.31
2025-08-25T09:38:12.839626Z DEBUG node{moniker=app-0}:node{moniker=app-0}: 🦄 Block at height 8 contains 0 transactions
2025-08-25T09:38:12.842777Z DEBUG node{moniker=app-0}:wal{height=8}: Flushed WAL to disk wal.entries=6 wal.size=1827
2025-08-25T09:38:12.843024Z DEBUG node{moniker=app-0}:network: Published message channel=/consensus size=110
2025-08-25T09:38:12.843979Z DEBUG node{moniker=app-0}:node{moniker=app-0}: 💡 New block added at height 8 with hash: 0xc836761f8eefbb7d5b28802845e46c8aa025398835dde7782a9554d0263e26ce
2025-08-25T09:38:12.843988Z DEBUG node{moniker=app-0}:node{moniker=app-0}: 🟠 set_latest_forkchoice_state: 0xc836761f8eefbb7d5b28802845e46c8aa025398835dde7782a9554d0263e26ce
2025-08-25T09:38:12.844905Z DEBUG node{moniker=app-0}:node{moniker=app-0}: ➡️ payload_status: PayloadStatus { status: Valid, latest_valid_hash: Some(0xc836761f8eefbb7d5b28802845e46c8aa025398835dde7782a9554d0263e26ce) }
2025-08-25T09:38:12.844925Z DEBUG node{moniker=app-0}:node{moniker=app-0}: 🚀 Forkchoice updated to height 8 for block hash=0xc836761f8eefbb7d5b28802845e46c8aa025398835dde7782a9554d0263e26ce and latest_valid_hash=0xc836761f8eefbb7d5b28802845e46c8aa025398835dde7782a9554d0263e26ce
2025-08-25T09:38:12.844928Z  INFO node{moniker=app-0}:node{moniker=app-0}: Looking for certificate height=8 round=0
2025-08-25T09:38:12.855406Z  INFO node{moniker=app-0}:node{moniker=app-0}: Committed block_data[0..32]: e6911bb839d4c004f30147e6b1a9c505d10be19ecf44db17eb190f713c014f6b
2025-08-25T09:38:12.873454Z DEBUG node{moniker=app-0}:wal{height=9}: Reset WAL height=9
2025-08-25T09:38:12.873544Z DEBUG node{moniker=app-0}:consensus{height=9 round=0}: No WAL entries to replay height=9
2025-08-25T09:38:12.873596Z  INFO node{moniker=app-0}:consensus{height=9 round=0}: Starting new height height=9
2025-08-25T09:38:12.873605Z  INFO node{moniker=app-0}:consensus{height=9 round=0}: Starting new round height=9 round=0 proposer=815F9FA61D7C4F1E4A9E30D40DCA1115BB48F759 role=Proposer
2025-08-25T09:38:12.873638Z DEBUG node{moniker=app-0}:sync{height.tip=7 height.sync=8}: Starting new height height.tip=8 height.sync=9 restart=false
2025-08-25T09:38:12.873646Z DEBUG node{moniker=app-0}:sync{height.tip=7 height.sync=8}: No peer to request sync from height.sync=9
2025-08-25T09:38:12.875409Z DEBUG node{moniker=app-0}:wal{height=9}: Flushed WAL to disk wal.entries=0 wal.size=12
2025-08-25T09:38:12.875472Z DEBUG node{moniker=app-0}:node{moniker=app-0}: metis-test:consensus-chan recv!!! msg:StartedRound { height: Height(9), round: Some(0), proposer: Address(815F9FA61D7C4F1E4A9E30D40DCA1115BB48F759), role: Proposer, reply_value: Sender { inner: Some(Inner { state: State { is_complete: false, is_closed: false, is_rx_task_set: false, is_tx_task_set: false } }) } }
2025-08-25T09:38:12.875484Z  INFO node{moniker=app-0}:node{moniker=app-0}: 🟢🟢 Started round height=9 round=0 proposer=815F9FA61D7C4F1E4A9E30D40DCA1115BB48F759 role=Proposer
2025-08-25T09:38:12.875504Z ERROR node{moniker=app-0}:consensus{height=9 round=0}: Error when processing effect: Messaging(RecvErr)
2025-08-25T09:38:12.875522Z DEBUG node{moniker=app-0}:consensus{height=9 round=0}: Transitioned to new step step.previous=Unstarted step.new=Propose
2025-08-25T09:38:12.875526Z  INFO node{moniker=app-0}:consensus{height=9 round=0}: Scheduling timeout round=0 step=Propose
2025-08-25T09:38:12.875531Z  INFO node{moniker=app-0}:consensus{height=9 round=0}: Requesting value from application height=9 round=0
2025-08-25T09:38:12.875540Z DEBUG node{moniker=app-0}:consensus{height=9 round=0}: Replaying inputs count=0
2025-08-25T09:38:12.875962Z DEBUG node{moniker=app-0}:node{moniker=app-0}: metis-test:consensus-chan recv!!! msg:GetValue { height: Height(9), round: Some(0), timeout: 3s, reply: Sender { inner: Some(Inner { state: State { is_complete: false, is_closed: false, is_rx_task_set: true, is_tx_task_set: false } }) } }
2025-08-25T09:38:12.875971Z  INFO node{moniker=app-0}:node{moniker=app-0}: 🟢🟢 Consensus is requesting a value to propose height=9 round=0
2025-08-25T09:38:12.875975Z DEBUG node{moniker=app-0}:node{moniker=app-0}: 🟠 generate_block on top of ExecutionBlock { block_hash: 0xc836761f8eefbb7d5b28802845e46c8aa025398835dde7782a9554d0263e26ce, block_number: 8, parent_hash: 0xc836761f8eefbb7d5b28802845e46c8aa025398835dde7782a9554d0263e26ce, timestamp: 1756114699, prev_randao: 0x0000000000000000000000000000000000000000000000000000000000000000 }
2025-08-25T09:38:12.880183Z DEBUG node{moniker=app-0}:node{moniker=app-0}: 🌈 Got execution payload: ExecutionPayloadV3 { payload_inner: ExecutionPayloadV2 { payload_inner: ExecutionPayloadV1 { parent_hash: 0xc836761f8eefbb7d5b28802845e46c8aa025398835dde7782a9554d0263e26ce, fee_recipient: 0x2a2a2a2a2a2a2a2a2a2a2a2a2a2a2a2a2a2a2a2a, state_root: 0xec26df9442c5d4a0a0cc5348c960115b43da08c7aef6be4e4ccc5f136ca892a6, receipts_root: 0x56e81f171bcc55a6ff8345e692c0f86e5b48e01b996cadc001622fb5e363b421, logs_bloom: 0x00000000000000000000000000000000000000000000000000000000000000000000000000000000000000000000000000000000000000000000000000000000000000000000000000000000000000000000000000000000000000000000000000000000000000000000000000000000000000000000000000000000000000000000000000000000000000000000000000000000000000000000000000000000000000000000000000000000000000000000000000000000000000000000000000000000000000000000000000000000000000000000000000000000000000000000000000000000000000000000000000000000000000000000000000000000, prev_randao: 0x0000000000000000000000000000000000000000000000000000000000000000, block_number: 9, gas_limit: 30264690, gas_used: 0, timestamp: 1756114700, extra_data: 0x726574682f76312e342e312f6c696e7578, base_fee_per_gas: 300657803, block_hash: 0xdb435bb9260d713e29f3120f9c5b34751d627a542951c9d1f6f07bfc082f8717, transactions: [] }, withdrawals: [] }, blob_gas_used: 0, excess_blob_gas: 0 }
2025-08-25T09:38:12.880201Z DEBUG node{moniker=app-0}:node{moniker=app-0}: 🎁 block size: 545, height: 9
2025-08-25T09:38:12.889759Z  INFO node{moniker=app-0}:node{moniker=app-0}: Streaming proposal part: StreamMessage { stream_id: StreamId(b"\0\0\0\0\0\0\0\t\0\0\0\0\0\0\0\x03"), sequence: 0, content: Data(Init(ProposalInit { height: Height(9), round: Some(0), proposer: Address(815F9FA61D7C4F1E4A9E30D40DCA1115BB48F759) })) } height=9 round=0
2025-08-25T09:38:12.889803Z  INFO node{moniker=app-0}:node{moniker=app-0}: Streaming proposal part: StreamMessage { stream_id: StreamId(b"\0\0\0\0\0\0\0\t\0\0\0\0\0\0\0\x03"), sequence: 1, content: Data(Data(ProposalData { bytes: "<...>", len: 545 })) } height=9 round=0
2025-08-25T09:38:12.889849Z  INFO node{moniker=app-0}:node{moniker=app-0}: Streaming proposal part: StreamMessage { stream_id: StreamId(b"\0\0\0\0\0\0\0\t\0\0\0\0\0\0\0\x03"), sequence: 2, content: Data(Fin(ProposalFin { signature: Signature(Signature { R_bytes: "b5b7eafb615904eb59b0638c705146d78f6c36aa30df2e335db084751a13d401", s_bytes: "b0d1215bf780aca0677751a5ef012c02aff6784cd53fc5013efdc421883e5b0d" }) })) } height=9 round=0
2025-08-25T09:38:12.890163Z DEBUG node{moniker=app-0}:network: Published message channel=/proposal_parts size=48
2025-08-25T09:38:12.890211Z  INFO node{moniker=app-0}:node{moniker=app-0}: Streaming proposal part: StreamMessage { stream_id: StreamId(b"\0\0\0\0\0\0\0\t\0\0\0\0\0\0\0\x03"), sequence: 3, content: Fin } height=9 round=0
2025-08-25T09:38:12.890534Z DEBUG node{moniker=app-0}:wal{height=9}: Wrote log entry type=LocallyProposedValue entry.size=598 
2025-08-25T09:38:12.890795Z DEBUG node{moniker=app-0}:network: Published message channel=/proposal_parts size=574
2025-08-25T09:38:12.890907Z DEBUG node{moniker=app-0}:node{moniker=app-0}: ✅ Proposal sent height=9 round=0
2025-08-25T09:38:12.891089Z DEBUG node{moniker=app-0}:network: Published message channel=/proposal_parts size=92
2025-08-25T09:38:12.891122Z  INFO node{moniker=app-0}:consensus{height=9 round=0}: Proposing value id=17956f0587683bac round=0
2025-08-25T09:38:12.891391Z  INFO node{moniker=app-0}:consensus{height=9 round=0}: Received proposal consensus.height=9 proposal.height=9 proposal.round=0 proposer=815F9FA61D7C4F1E4A9E30D40DCA1115BB48F759 Proposal(height: 9, round: 0, pol_round: -1, value: 17956f0587683bac, from: 815F9FA61D7C4F1E4A9E30D40DCA1115BB48F759)
2025-08-25T09:38:12.891609Z DEBUG node{moniker=app-0}:network: Published message channel=/proposal_parts size=22
2025-08-25T09:38:12.902707Z DEBUG node{moniker=app-0}:wal{height=9}: Wrote log entry type=Consensus(Proposal) entry.size=667 
2025-08-25T09:38:12.902908Z DEBUG node{moniker=app-0}:consensus{height=9 round=0}: Transitioned to new step step.previous=Propose step.new=Prevote
2025-08-25T09:38:12.902924Z  INFO node{moniker=app-0}:consensus{height=9 round=0}: Voting vote_type=Prevote value=17956f0587683bac round=0
2025-08-25T09:38:12.903105Z  INFO node{moniker=app-0}:consensus{height=9 round=0}: Received vote height=9 vote_height=9 address=815F9FA61D7C4F1E4A9E30D40DCA1115BB48F759 Prevote(height: 9, round: 0, value: 17956f0587683bac, from: 815F9FA61D7C4F1E4A9E30D40DCA1115BB48F759)
2025-08-25T09:38:12.906388Z DEBUG node{moniker=app-0}:wal{height=9}: Wrote log entry type=Consensus(Vote) entry.size=117 
2025-08-25T09:38:12.910200Z DEBUG node{moniker=app-0}:wal{height=9}: Flushed WAL to disk wal.entries=3 wal.size=1433
2025-08-25T09:38:12.910516Z DEBUG node{moniker=app-0}:network: Published message channel=/consensus size=108
2025-08-25T09:38:12.914070Z DEBUG node{moniker=app-0}:wal{height=9}: Flushed WAL to disk wal.entries=3 wal.size=1433
2025-08-25T09:38:12.914378Z DEBUG node{moniker=app-0}:network: Published message channel=/consensus size=658
2025-08-25T09:38:12.920422Z  INFO node{moniker=app-0}:consensus{height=9 round=0}: Received vote height=9 vote_height=9 address=DE7BA2BE72D2225286133990FF5810B691A5261C Precommit(height: 9, round: 0, value: 17956f0587683bac, from: DE7BA2BE72D2225286133990FF5810B691A5261C)
2025-08-25T09:38:12.922459Z DEBUG node{moniker=app-0}:wal{height=9}: Wrote log entry type=Consensus(Vote) entry.size=119 
2025-08-25T09:38:12.923305Z  INFO node{moniker=app-0}:consensus{height=9 round=0}: Received vote height=9 vote_height=9 address=DE7BA2BE72D2225286133990FF5810B691A5261C Prevote(height: 9, round: 0, value: 17956f0587683bac, from: DE7BA2BE72D2225286133990FF5810B691A5261C)
2025-08-25T09:38:12.923412Z DEBUG node{moniker=app-0}:wal{height=9}: Wrote log entry type=Consensus(Vote) entry.size=117 
2025-08-25T09:38:12.923542Z DEBUG node{moniker=app-0}:consensus{height=9 round=0}: Transitioned to new step step.previous=Prevote step.new=Precommit
2025-08-25T09:38:12.923552Z  INFO node{moniker=app-0}:consensus{height=9 round=0}: Voting vote_type=Precommit value=17956f0587683bac round=0
2025-08-25T09:38:12.923572Z DEBUG node{moniker=app-0}:node{moniker=app-0}: metis-test:consensus-chan recv!!! msg:ExtendVote { height: Height(9), round: Some(0), value_id: ValueId(1699386503939505068), reply: Sender { inner: Some(Inner { state: State { is_complete: false, is_closed: false, is_rx_task_set: true, is_tx_task_set: false } }) } }
2025-08-25T09:38:12.923926Z  INFO node{moniker=app-0}:consensus{height=9 round=0}: Received vote height=9 vote_height=9 address=815F9FA61D7C4F1E4A9E30D40DCA1115BB48F759 Precommit(height: 9, round: 0, value: 17956f0587683bac, from: 815F9FA61D7C4F1E4A9E30D40DCA1115BB48F759)
2025-08-25T09:38:12.923992Z DEBUG node{moniker=app-0}:wal{height=9}: Wrote log entry type=Consensus(Vote) entry.size=119 
2025-08-25T09:38:12.924022Z DEBUG node{moniker=app-0}:consensus{height=9 round=0}: Transitioned to new step step.previous=Precommit step.new=Commit
2025-08-25T09:38:12.924027Z  INFO node{moniker=app-0}:consensus{height=9 round=0}: Decided round=0 height=9 value=17956f0587683bac
2025-08-25T09:38:12.927221Z DEBUG node{moniker=app-0}:wal{height=9}: Flushed WAL to disk wal.entries=6 wal.size=1827
2025-08-25T09:38:12.927569Z DEBUG node{moniker=app-0}:sync{height.tip=8 height.sync=9}: Updating request state height.tip=9
2025-08-25T09:38:12.927606Z DEBUG node{moniker=app-0}:node{moniker=app-0}: metis-test:consensus-chan recv!!! msg:Decided { certificate: CommitCertificate { height: Height(9), round: Some(0), value_id: ValueId(1699386503939505068), commit_signatures: [CommitSignature { address: Address(815F9FA61D7C4F1E4A9E30D40DCA1115BB48F759), signature: Signature(Signature { R_bytes: "960bcfcadbca5c637e6a55861b6d76c2dbc6bdb02b3137aed8a9f4003356fd91", s_bytes: "dfeb2d7d64049c268f15eef17a7a380aca42eb7b1e99741ac2464b4b7bf4ff00" }) }, CommitSignature { address: Address(DE7BA2BE72D2225286133990FF5810B691A5261C), signature: Signature(Signature { R_bytes: "0cc4a2afa45ddceb2c6e25107709af889c7293713df4eb45a05bef825c0cac12", s_bytes: "1f817f6bbdbd08e68e0aafa8cb80969704013eaa0cd208831f049ab3942cf400" }) }] }, extensions: VoteExtensions { extensions: [] }, reply: Sender { inner: Some(Inner { state: State { is_complete: false, is_closed: false, is_rx_task_set: true, is_tx_task_set: false } }) } }
2025-08-25T09:38:12.927718Z  INFO node{moniker=app-0}:node{moniker=app-0}: 🟢🟢 Consensus has decided on value height=9 round=0 value=17956f0587683bac
2025-08-25T09:38:12.927891Z DEBUG node{moniker=app-0}:node{moniker=app-0}: 🎁 block size: 545, height: 9
2025-08-25T09:38:12.927914Z  INFO node{moniker=app-0}:node{moniker=app-0}: 👉 stats at height 9: #txs=0, txs/s=0.00, chain_bytes=4905, bytes/s=843.47
2025-08-25T09:38:12.927919Z DEBUG node{moniker=app-0}:node{moniker=app-0}: 🦄 Block at height 9 contains 0 transactions
2025-08-25T09:38:12.930011Z DEBUG node{moniker=app-0}:node{moniker=app-0}: 💡 New block added at height 9 with hash: 0xdb435bb9260d713e29f3120f9c5b34751d627a542951c9d1f6f07bfc082f8717
2025-08-25T09:38:12.930030Z DEBUG node{moniker=app-0}:node{moniker=app-0}: 🟠 set_latest_forkchoice_state: 0xdb435bb9260d713e29f3120f9c5b34751d627a542951c9d1f6f07bfc082f8717
2025-08-25T09:38:12.930177Z DEBUG node{moniker=app-0}:wal{height=9}: Flushed WAL to disk wal.entries=6 wal.size=1827
2025-08-25T09:38:12.930378Z DEBUG node{moniker=app-0}:network: Published message channel=/consensus size=110
2025-08-25T09:38:12.930781Z DEBUG node{moniker=app-0}:node{moniker=app-0}: ➡️ payload_status: PayloadStatus { status: Valid, latest_valid_hash: Some(0xdb435bb9260d713e29f3120f9c5b34751d627a542951c9d1f6f07bfc082f8717) }
2025-08-25T09:38:12.930790Z DEBUG node{moniker=app-0}:node{moniker=app-0}: 🚀 Forkchoice updated to height 9 for block hash=0xdb435bb9260d713e29f3120f9c5b34751d627a542951c9d1f6f07bfc082f8717 and latest_valid_hash=0xdb435bb9260d713e29f3120f9c5b34751d627a542951c9d1f6f07bfc082f8717
2025-08-25T09:38:12.930793Z  INFO node{moniker=app-0}:node{moniker=app-0}: Looking for certificate height=9 round=0
2025-08-25T09:38:12.936324Z  INFO node{moniker=app-0}:node{moniker=app-0}: Committed block_data[0..32]: c836761f8eefbb7d5b28802845e46c8aa025398835dde7782a9554d0263e26ce
2025-08-25T09:38:12.958223Z DEBUG node{moniker=app-0}:wal{height=10}: Reset WAL height=10
2025-08-25T09:38:12.958572Z DEBUG node{moniker=app-0}:consensus{height=10 round=0}: No WAL entries to replay height=10
2025-08-25T09:38:12.958689Z  INFO node{moniker=app-0}:consensus{height=10 round=0}: Starting new height height=10
2025-08-25T09:38:12.958700Z  INFO node{moniker=app-0}:consensus{height=10 round=0}: Starting new round height=10 round=0 proposer=02CB1B49DA09615BD4A12212C39378556D990DFD role=None
2025-08-25T09:38:12.959112Z DEBUG node{moniker=app-0}:sync{height.tip=8 height.sync=9}: Starting new height height.tip=9 height.sync=10 restart=false
2025-08-25T09:38:12.959123Z DEBUG node{moniker=app-0}:sync{height.tip=8 height.sync=9}: No peer to request sync from height.sync=10
2025-08-25T09:38:12.975024Z DEBUG node{moniker=app-0}:wal{height=10}: Flushed WAL to disk wal.entries=0 wal.size=12
2025-08-25T09:38:12.975233Z DEBUG node{moniker=app-0}:node{moniker=app-0}: metis-test:consensus-chan recv!!! msg:StartedRound { height: Height(10), round: Some(0), proposer: Address(02CB1B49DA09615BD4A12212C39378556D990DFD), role: None, reply_value: Sender { inner: Some(Inner { state: State { is_complete: false, is_closed: false, is_rx_task_set: false, is_tx_task_set: false } }) } }
2025-08-25T09:38:12.975248Z  INFO node{moniker=app-0}:node{moniker=app-0}: 🟢🟢 Started round height=10 round=0 proposer=02CB1B49DA09615BD4A12212C39378556D990DFD role=None
2025-08-25T09:38:12.975262Z ERROR node{moniker=app-0}:consensus{height=10 round=0}: Error when processing effect: Messaging(RecvErr)
2025-08-25T09:38:12.975275Z DEBUG node{moniker=app-0}:consensus{height=10 round=0}: Transitioned to new step step.previous=Unstarted step.new=Propose
2025-08-25T09:38:12.975279Z  INFO node{moniker=app-0}:consensus{height=10 round=0}: Scheduling timeout round=0 step=Propose
2025-08-25T09:38:12.975284Z DEBUG node{moniker=app-0}:consensus{height=10 round=0}: Replaying inputs count=0
2025-08-25T09:38:12.985340Z DEBUG node{moniker=app-0}:node{moniker=app-0}: metis-test:consensus-chan recv!!! msg:ReceivedProposalPart { from: PeerId("12D3KooWR2Quwt2G6MyT6WQkUdfS8nHZu7XcPotkmbhuEoqc94oJ"), part: StreamMessage { stream_id: StreamId(b"\0\0\0\0\0\0\0\n\0\0\0\0\0\0\0\x03"), sequence: 0, content: Data(Init(ProposalInit { height: Height(10), round: Some(0), proposer: Address(02CB1B49DA09615BD4A12212C39378556D990DFD) })) }, reply: Sender { inner: Some(Inner { state: State { is_complete: false, is_closed: false, is_rx_task_set: true, is_tx_task_set: false } }) } }
2025-08-25T09:38:12.985363Z  INFO node{moniker=app-0}:node{moniker=app-0}: Received proposal part from=12D3KooWR2Quwt2G6MyT6WQkUdfS8nHZu7XcPotkmbhuEoqc94oJ part.sequence=0 part.type=init part.size=28
2025-08-25T09:38:12.985772Z DEBUG node{moniker=app-0}:node{moniker=app-0}: metis-test:consensus-chan recv!!! msg:ReceivedProposalPart { from: PeerId("12D3KooWR2Quwt2G6MyT6WQkUdfS8nHZu7XcPotkmbhuEoqc94oJ"), part: StreamMessage { stream_id: StreamId(b"\0\0\0\0\0\0\0\n\0\0\0\0\0\0\0\x03"), sequence: 1, content: Data(Data(ProposalData { bytes: "<...>", len: 545 })) }, reply: Sender { inner: Some(Inner { state: State { is_complete: false, is_closed: false, is_rx_task_set: true, is_tx_task_set: false } }) } }
2025-08-25T09:38:12.985787Z  INFO node{moniker=app-0}:node{moniker=app-0}: Received proposal part from=12D3KooWR2Quwt2G6MyT6WQkUdfS8nHZu7XcPotkmbhuEoqc94oJ part.sequence=1 part.type=data part.size=551
2025-08-25T09:38:12.985798Z DEBUG node{moniker=app-0}:node{moniker=app-0}: metis-test:consensus-chan recv!!! msg:ReceivedProposalPart { from: PeerId("12D3KooWR2Quwt2G6MyT6WQkUdfS8nHZu7XcPotkmbhuEoqc94oJ"), part: StreamMessage { stream_id: StreamId(b"\0\0\0\0\0\0\0\n\0\0\0\0\0\0\0\x03"), sequence: 2, content: Data(Fin(ProposalFin { signature: Signature(Signature { R_bytes: "3363f043a4af046400606a21cfda57aa7260e17948db22ee8373b80411f5b4f7", s_bytes: "9b0d0a3cdd8a15eefd443d57f873f0f0cca10a01d0b420f9564525b14489cc04" }) })) }, reply: Sender { inner: Some(Inner { state: State { is_complete: false, is_closed: false, is_rx_task_set: true, is_tx_task_set: false } }) } }
2025-08-25T09:38:12.985805Z  INFO node{moniker=app-0}:node{moniker=app-0}: Received proposal part from=12D3KooWR2Quwt2G6MyT6WQkUdfS8nHZu7XcPotkmbhuEoqc94oJ part.sequence=2 part.type=fin part.size=70
2025-08-25T09:38:12.985810Z DEBUG node{moniker=app-0}:node{moniker=app-0}: metis-test:consensus-chan recv!!! msg:ReceivedProposalPart { from: PeerId("12D3KooWR2Quwt2G6MyT6WQkUdfS8nHZu7XcPotkmbhuEoqc94oJ"), part: StreamMessage { stream_id: StreamId(b"\0\0\0\0\0\0\0\n\0\0\0\0\0\0\0\x03"), sequence: 3, content: Fin }, reply: Sender { inner: Some(Inner { state: State { is_complete: false, is_closed: false, is_rx_task_set: true, is_tx_task_set: false } }) } }
2025-08-25T09:38:12.985813Z  INFO node{moniker=app-0}:node{moniker=app-0}: Received proposal part from=12D3KooWR2Quwt2G6MyT6WQkUdfS8nHZu7XcPotkmbhuEoqc94oJ part.sequence=3 part.type=end of stream part.size=0
2025-08-25T09:38:12.985875Z  INFO node{moniker=app-0}:node{moniker=app-0}: Proposal data[0..32]: db435bb9260d713e29f3120f9c5b34751d627a542951c9d1f6f07bfc082f8717, total_size: 545 bytes, id: 6f12b29d2f99622a
2025-08-25T09:38:12.988882Z  INFO node{moniker=app-0}:consensus{height=10 round=0}: Received vote height=10 vote_height=10 address=02CB1B49DA09615BD4A12212C39378556D990DFD Prevote(height: 10, round: 0, value: 6f12b29d2f99622a, from: 02CB1B49DA09615BD4A12212C39378556D990DFD)
2025-08-25T09:38:12.997508Z DEBUG node{moniker=app-0}:wal{height=10}: Wrote log entry type=Consensus(Vote) entry.size=117 
2025-08-25T09:38:12.997986Z  INFO node{moniker=app-0}:consensus{height=10 round=0}: Received proposal consensus.height=10 proposal.height=10 proposal.round=0 proposer=02CB1B49DA09615BD4A12212C39378556D990DFD Proposal(height: 10, round: 0, pol_round: -1, value: 6f12b29d2f99622a, from: 02CB1B49DA09615BD4A12212C39378556D990DFD)
2025-08-25T09:38:13.000276Z DEBUG node{moniker=app-0}:wal{height=10}: Wrote log entry type=Consensus(Proposal) entry.size=667 
2025-08-25T09:38:13.000381Z DEBUG node{moniker=app-0}:consensus{height=10 round=0}: No full proposal for this round yet, stored proposal for later proposal.height=10 proposal.round=0
2025-08-25T09:38:13.000397Z DEBUG node{moniker=app-0}:node{moniker=app-0}: ✅ Received complete proposal: ProposedValue { height: Height(10), round: Some(0), valid_round: Nil, proposer: Address(02CB1B49DA09615BD4A12212C39378556D990DFD), value: Value { value: 8003655875968983594, extensions: b"\xdbC[\xb9&\rq>)\xf3\x12\x0f\x9c[4u\x1dbzT)Q\xc9\xd1\xf6\xf0{\xfc\x08/\x87\x17********************\xec&\xdf\x94B\xc5\xd4\xa0\xa0\xccSH\xc9`\x11[C\xda\x08\xc7\xae\xf6\xbeNL\xcc_\x13l\xa8\x92\xa6V\xe8\x1f\x17\x1b\xccU\xa6\xff\x83E\xe6\x92\xc0\xf8n[H\xe0\x1b\x99l\xad\xc0\x01b/\xb5\xe3c\xb4!\0\0\0\0\0\0\0\0\0\0\0\0\0\0\0\0\0\0\0\0\0\0\0\0\0\0\0\0\0\0\0\0\0\0\0\0\0\0\0\0\0\0\0\0\0\0\0\0\0\0\0\0\0\0\0\0\0\0\0\0\0\0\0\0\0\0\0\0\0\0\0\0\0\0\0\0\0\0\0\0\0\0\0\0\0\0\0\0\0\0\0\0\0\0\0\0\0\0\0\0\0\0\0\0\0\0\0\0\0\0\0\0\0\0\0\0\0\0\0\0\0\0\0\0\0\0\0\0\0\0\0\0\0\0\0\0\0\0\0\0\0\0\0\0\0\0\0\0\0\0\0\0\0\0\0\0\0\0\0\0\0\0\0\0\0\0\0\0\0\0\0\0\0\0\0\0\0\0\0\0\0\0\0\0\0\0\0\0\0\0\0\0\0\0\0\0\0\0\0\0\0\0\0\0\0\0\0\0\0\0\0\0\0\0\0\0\0\0\0\0\0\0\0\0\0\0\0\0\0\0\0\0\0\0\0\0\0\0\0\0\0\0\0\0\0\0\0\0\0\0\0\0\0\0\0\0\0\0\0\0\0\0\0\0\0\0\0\0\0\0\0\0\0\0\0\0\0\0\0\0\0\0\0\0\0\0\0\0\n\0\0\0\0\0\0\0\xe4@\xce\x01\0\0\0\0\0\0\0\0\0\0\0\0\r/\xach\0\0\0\0\x10\x02\0\0\xfa6\xae\x0f\0\0\0\0\0\0\0\0\0\0\0\0\0\0\0\0\0\0\0\0\0\0\0\0\0\0\0\0+\xab\xb0\xb7\x91\xa5w=\x87\x11\xa2\xc5|,Z\x9a}L\xb8^\x11Wx\x14&\xd1\t\xd2\xa7\xa1\x17c!\x02\0\0!\x02\0\0\0\0\0\0\0\0\0\0\0\0\0\0\0\0\0\0reth/v1.4.1/linux" }, validity: Valid }
2025-08-25T09:38:13.000437Z DEBUG node{moniker=app-0}:consensus{height=10 round=0}: We have a full proposal for this round, checking... proposal.height=10 proposal.round=0
2025-08-25T09:38:13.000449Z DEBUG node{moniker=app-0}:consensus{height=10 round=0}: Transitioned to new step step.previous=Propose step.new=Prevote
2025-08-25T09:38:13.003881Z  INFO node{moniker=app-0}:consensus{height=10 round=0}: Received vote height=10 vote_height=10 address=DE7BA2BE72D2225286133990FF5810B691A5261C Precommit(height: 10, round: 0, value: 6f12b29d2f99622a, from: DE7BA2BE72D2225286133990FF5810B691A5261C)
2025-08-25T09:38:13.004809Z DEBUG node{moniker=app-0}:wal{height=10}: Wrote log entry type=Consensus(Vote) entry.size=119 
2025-08-25T09:38:13.005283Z  INFO node{moniker=app-0}:consensus{height=10 round=0}: Received vote height=10 vote_height=10 address=DE7BA2BE72D2225286133990FF5810B691A5261C Prevote(height: 10, round: 0, value: 6f12b29d2f99622a, from: DE7BA2BE72D2225286133990FF5810B691A5261C)
2025-08-25T09:38:13.005345Z DEBUG node{moniker=app-0}:wal{height=10}: Wrote log entry type=Consensus(Vote) entry.size=117 
2025-08-25T09:38:13.005369Z DEBUG node{moniker=app-0}:consensus{height=10 round=0}: Transitioned to new step step.previous=Prevote step.new=Precommit
2025-08-25T09:38:13.011944Z  INFO node{moniker=app-0}:consensus{height=10 round=0}: Received vote height=10 vote_height=10 address=02CB1B49DA09615BD4A12212C39378556D990DFD Precommit(height: 10, round: 0, value: 6f12b29d2f99622a, from: 02CB1B49DA09615BD4A12212C39378556D990DFD)
2025-08-25T09:38:13.012330Z DEBUG node{moniker=app-0}:wal{height=10}: Wrote log entry type=Consensus(Vote) entry.size=119 
2025-08-25T09:38:13.012879Z DEBUG node{moniker=app-0}:consensus{height=10 round=0}: Transitioned to new step step.previous=Precommit step.new=Commit
2025-08-25T09:38:13.012888Z  INFO node{moniker=app-0}:consensus{height=10 round=0}: Decided round=0 height=10 value=6f12b29d2f99622a
2025-08-25T09:38:13.019637Z DEBUG node{moniker=app-0}:wal{height=10}: Flushed WAL to disk wal.entries=5 wal.size=1216
2025-08-25T09:38:13.019758Z DEBUG node{moniker=app-0}:sync{height.tip=9 height.sync=10}: Updating request state height.tip=10
2025-08-25T09:38:13.019771Z DEBUG node{moniker=app-0}:node{moniker=app-0}: metis-test:consensus-chan recv!!! msg:Decided { certificate: CommitCertificate { height: Height(10), round: Some(0), value_id: ValueId(8003655875968983594), commit_signatures: [CommitSignature { address: Address(02CB1B49DA09615BD4A12212C39378556D990DFD), signature: Signature(Signature { R_bytes: "cd968155280e01be99f31900bd2e05c88ef6428a26e473191ff69ae8045b3d1d", s_bytes: "33cbf902f56ed1133ae8d709e099d10f3181b254ba12785238570e28e785ad0a" }) }, CommitSignature { address: Address(DE7BA2BE72D2225286133990FF5810B691A5261C), signature: Signature(Signature { R_bytes: "2913ba23971daa70a40d5a9720c35c9855b264873b078642d45fb9d8ded73018", s_bytes: "ac6f2f4c3f64d72f9332afbfbf9b480225c55d2c9305fe2fdda5cd651f73c00d" }) }] }, extensions: VoteExtensions { extensions: [] }, reply: Sender { inner: Some(Inner { state: State { is_complete: false, is_closed: false, is_rx_task_set: true, is_tx_task_set: false } }) } }
2025-08-25T09:38:13.019790Z  INFO node{moniker=app-0}:node{moniker=app-0}: 🟢🟢 Consensus has decided on value height=10 round=0 value=6f12b29d2f99622a
2025-08-25T09:38:13.019894Z DEBUG node{moniker=app-0}:node{moniker=app-0}: 🎁 block size: 545, height: 10
2025-08-25T09:38:13.019905Z  INFO node{moniker=app-0}:node{moniker=app-0}: 👉 stats at height 10: #txs=0, txs/s=0.00, chain_bytes=5450, bytes/s=922.60
2025-08-25T09:38:13.019910Z DEBUG node{moniker=app-0}:node{moniker=app-0}: 🦄 Block at height 10 contains 0 transactions
2025-08-25T09:38:13.020671Z DEBUG node{moniker=app-0}:node{moniker=app-0}: 💡 New block added at height 10 with hash: 0x2babb0b791a5773d8711a2c57c2c5a9a7d4cb85e1157781426d109d2a7a11763
2025-08-25T09:38:13.020678Z DEBUG node{moniker=app-0}:node{moniker=app-0}: 🟠 set_latest_forkchoice_state: 0x2babb0b791a5773d8711a2c57c2c5a9a7d4cb85e1157781426d109d2a7a11763
2025-08-25T09:38:13.021140Z DEBUG node{moniker=app-0}:node{moniker=app-0}: ➡️ payload_status: PayloadStatus { status: Valid, latest_valid_hash: Some(0x2babb0b791a5773d8711a2c57c2c5a9a7d4cb85e1157781426d109d2a7a11763) }
2025-08-25T09:38:13.021146Z DEBUG node{moniker=app-0}:node{moniker=app-0}: 🚀 Forkchoice updated to height 10 for block hash=0x2babb0b791a5773d8711a2c57c2c5a9a7d4cb85e1157781426d109d2a7a11763 and latest_valid_hash=0x2babb0b791a5773d8711a2c57c2c5a9a7d4cb85e1157781426d109d2a7a11763
2025-08-25T09:38:13.021149Z  INFO node{moniker=app-0}:node{moniker=app-0}: Looking for certificate height=10 round=0
2025-08-25T09:38:13.027006Z  INFO node{moniker=app-0}:node{moniker=app-0}: Committed block_data[0..32]: db435bb9260d713e29f3120f9c5b34751d627a542951c9d1f6f07bfc082f8717
2025-08-25T09:38:13.049013Z DEBUG node{moniker=app-0}:wal{height=11}: Reset WAL height=11
2025-08-25T09:38:13.049075Z DEBUG node{moniker=app-0}:consensus{height=11 round=0}: No WAL entries to replay height=11
2025-08-25T09:38:13.049110Z  INFO node{moniker=app-0}:consensus{height=11 round=0}: Starting new height height=11
2025-08-25T09:38:13.049117Z  INFO node{moniker=app-0}:consensus{height=11 round=0}: Starting new round height=11 round=0 proposer=02CB1B49DA09615BD4A12212C39378556D990DFD role=Validator
2025-08-25T09:38:13.049143Z DEBUG node{moniker=app-0}:sync{height.tip=9 height.sync=10}: Starting new height height.tip=10 height.sync=11 restart=false
2025-08-25T09:38:13.049149Z DEBUG node{moniker=app-0}:sync{height.tip=9 height.sync=10}: No peer to request sync from height.sync=11
2025-08-25T09:38:13.052775Z DEBUG node{moniker=app-0}:wal{height=11}: Flushed WAL to disk wal.entries=0 wal.size=12
2025-08-25T09:38:13.053070Z DEBUG node{moniker=app-0}:node{moniker=app-0}: metis-test:consensus-chan recv!!! msg:StartedRound { height: Height(11), round: Some(0), proposer: Address(02CB1B49DA09615BD4A12212C39378556D990DFD), role: Validator, reply_value: Sender { inner: Some(Inner { state: State { is_complete: false, is_closed: false, is_rx_task_set: false, is_tx_task_set: false } }) } }
2025-08-25T09:38:13.053086Z  INFO node{moniker=app-0}:node{moniker=app-0}: 🟢🟢 Started round height=11 round=0 proposer=02CB1B49DA09615BD4A12212C39378556D990DFD role=Validator
2025-08-25T09:38:13.053103Z ERROR node{moniker=app-0}:consensus{height=11 round=0}: Error when processing effect: Messaging(RecvErr)
2025-08-25T09:38:13.053132Z DEBUG node{moniker=app-0}:consensus{height=11 round=0}: Transitioned to new step step.previous=Unstarted step.new=Propose
2025-08-25T09:38:13.053139Z  INFO node{moniker=app-0}:consensus{height=11 round=0}: Scheduling timeout round=0 step=Propose
2025-08-25T09:38:13.053150Z DEBUG node{moniker=app-0}:consensus{height=11 round=0}: Replaying inputs count=0
2025-08-25T09:38:13.064470Z DEBUG node{moniker=app-0}:node{moniker=app-0}: metis-test:consensus-chan recv!!! msg:ReceivedProposalPart { from: PeerId("12D3KooWR2Quwt2G6MyT6WQkUdfS8nHZu7XcPotkmbhuEoqc94oJ"), part: StreamMessage { stream_id: StreamId(b"\0\0\0\0\0\0\0\x0b\0\0\0\0\0\0\0\x04"), sequence: 0, content: Data(Init(ProposalInit { height: Height(11), round: Some(0), proposer: Address(02CB1B49DA09615BD4A12212C39378556D990DFD) })) }, reply: Sender { inner: Some(Inner { state: State { is_complete: false, is_closed: false, is_rx_task_set: true, is_tx_task_set: false } }) } }
2025-08-25T09:38:13.064503Z  INFO node{moniker=app-0}:node{moniker=app-0}: Received proposal part from=12D3KooWR2Quwt2G6MyT6WQkUdfS8nHZu7XcPotkmbhuEoqc94oJ part.sequence=0 part.type=init part.size=28
2025-08-25T09:38:13.064526Z DEBUG node{moniker=app-0}:node{moniker=app-0}: metis-test:consensus-chan recv!!! msg:ReceivedProposalPart { from: PeerId("12D3KooWR2Quwt2G6MyT6WQkUdfS8nHZu7XcPotkmbhuEoqc94oJ"), part: StreamMessage { stream_id: StreamId(b"\0\0\0\0\0\0\0\x0b\0\0\0\0\0\0\0\x04"), sequence: 1, content: Data(Data(ProposalData { bytes: "<...>", len: 545 })) }, reply: Sender { inner: Some(Inner { state: State { is_complete: false, is_closed: false, is_rx_task_set: true, is_tx_task_set: false } }) } }
2025-08-25T09:38:13.064535Z  INFO node{moniker=app-0}:node{moniker=app-0}: Received proposal part from=12D3KooWR2Quwt2G6MyT6WQkUdfS8nHZu7XcPotkmbhuEoqc94oJ part.sequence=1 part.type=data part.size=551
2025-08-25T09:38:13.064544Z DEBUG node{moniker=app-0}:node{moniker=app-0}: metis-test:consensus-chan recv!!! msg:ReceivedProposalPart { from: PeerId("12D3KooWR2Quwt2G6MyT6WQkUdfS8nHZu7XcPotkmbhuEoqc94oJ"), part: StreamMessage { stream_id: StreamId(b"\0\0\0\0\0\0\0\x0b\0\0\0\0\0\0\0\x04"), sequence: 2, content: Data(Fin(ProposalFin { signature: Signature(Signature { R_bytes: "c1fc696380716638681adc71471d841625f8515c142e064028ffab583a4ad109", s_bytes: "63c0ecb74aa2d364099255f766a27be52b992f9d0c2fcaae6069b2e1adfa4509" }) })) }, reply: Sender { inner: Some(Inner { state: State { is_complete: false, is_closed: false, is_rx_task_set: true, is_tx_task_set: false } }) } }
2025-08-25T09:38:13.064555Z  INFO node{moniker=app-0}:node{moniker=app-0}: Received proposal part from=12D3KooWR2Quwt2G6MyT6WQkUdfS8nHZu7XcPotkmbhuEoqc94oJ part.sequence=2 part.type=fin part.size=70
2025-08-25T09:38:13.064565Z DEBUG node{moniker=app-0}:node{moniker=app-0}: metis-test:consensus-chan recv!!! msg:ReceivedProposalPart { from: PeerId("12D3KooWR2Quwt2G6MyT6WQkUdfS8nHZu7XcPotkmbhuEoqc94oJ"), part: StreamMessage { stream_id: StreamId(b"\0\0\0\0\0\0\0\x0b\0\0\0\0\0\0\0\x04"), sequence: 3, content: Fin }, reply: Sender { inner: Some(Inner { state: State { is_complete: false, is_closed: false, is_rx_task_set: true, is_tx_task_set: false } }) } }
2025-08-25T09:38:13.064571Z  INFO node{moniker=app-0}:node{moniker=app-0}: Received proposal part from=12D3KooWR2Quwt2G6MyT6WQkUdfS8nHZu7XcPotkmbhuEoqc94oJ part.sequence=3 part.type=end of stream part.size=0
2025-08-25T09:38:13.064856Z  INFO node{moniker=app-0}:node{moniker=app-0}: Proposal data[0..32]: 2babb0b791a5773d8711a2c57c2c5a9a7d4cb85e1157781426d109d2a7a11763, total_size: 545 bytes, id: 9b8eb0bd159f6d3d
2025-08-25T09:38:13.072649Z DEBUG node{moniker=app-0}:node{moniker=app-0}: ✅ Received complete proposal: ProposedValue { height: Height(11), round: Some(0), valid_round: Nil, proposer: Address(02CB1B49DA09615BD4A12212C39378556D990DFD), value: Value { value: 11209090848729820477, extensions: b"+\xab\xb0\xb7\x91\xa5w=\x87\x11\xa2\xc5|,Z\x9a}L\xb8^\x11Wx\x14&\xd1\t\xd2\xa7\xa1\x17c********************\xec&\xdf\x94B\xc5\xd4\xa0\xa0\xccSH\xc9`\x11[C\xda\x08\xc7\xae\xf6\xbeNL\xcc_\x13l\xa8\x92\xa6V\xe8\x1f\x17\x1b\xccU\xa6\xff\x83E\xe6\x92\xc0\xf8n[H\xe0\x1b\x99l\xad\xc0\x01b/\xb5\xe3c\xb4!\0\0\0\0\0\0\0\0\0\0\0\0\0\0\0\0\0\0\0\0\0\0\0\0\0\0\0\0\0\0\0\0\0\0\0\0\0\0\0\0\0\0\0\0\0\0\0\0\0\0\0\0\0\0\0\0\0\0\0\0\0\0\0\0\0\0\0\0\0\0\0\0\0\0\0\0\0\0\0\0\0\0\0\0\0\0\0\0\0\0\0\0\0\0\0\0\0\0\0\0\0\0\0\0\0\0\0\0\0\0\0\0\0\0\0\0\0\0\0\0\0\0\0\0\0\0\0\0\0\0\0\0\0\0\0\0\0\0\0\0\0\0\0\0\0\0\0\0\0\0\0\0\0\0\0\0\0\0\0\0\0\0\0\0\0\0\0\0\0\0\0\0\0\0\0\0\0\0\0\0\0\0\0\0\0\0\0\0\0\0\0\0\0\0\0\0\0\0\0\0\0\0\0\0\0\0\0\0\0\0\0\0\0\0\0\0\0\0\0\0\0\0\0\0\0\0\0\0\0\0\0\0\0\0\0\0\0\0\0\0\0\0\0\0\0\0\0\0\0\0\0\0\0\0\0\0\0\0\0\0\0\0\0\0\0\0\0\0\0\0\0\0\0\0\0\0\0\0\0\0\0\0\0\0\0\0\0\0\x0b\0\0\0\0\0\0\0s\xb4\xce\x01\0\0\0\0\0\0\0\0\0\0\0\0\x0e/\xach\0\0\0\0\x10\x02\0\0\x1bp\xb8\r\0\0\0\0\0\0\0\0\0\0\0\0\0\0\0\0\0\0\0\0\0\0\0\0\0\0\0\0\x0f:\x9b_\x06E1\x7f\x1a\xca\xd7\xec\x08'\xe1]>\x7fc\xcf\0\x16\r{\x1e\x1a?\xa0\x8f#\xe0<!\x02\0\0!\x02\0\0\0\0\0\0\0\0\0\0\0\0\0\0\0\0\0\0reth/v1.4.1/linux" }, validity: Valid }
2025-08-25T09:38:13.077064Z DEBUG node{moniker=app-0}:wal{height=11}: Wrote log entry type=LocallyProposedValue entry.size=599 
2025-08-25T09:38:13.081318Z  INFO node{moniker=app-0}:consensus{height=11 round=0}: Received vote height=11 vote_height=11 address=02CB1B49DA09615BD4A12212C39378556D990DFD Prevote(height: 11, round: 0, value: 9b8eb0bd159f6d3d, from: 02CB1B49DA09615BD4A12212C39378556D990DFD)
2025-08-25T09:38:13.083975Z DEBUG node{moniker=app-0}:wal{height=11}: Wrote log entry type=Consensus(Vote) entry.size=118 
2025-08-25T09:38:13.085210Z  INFO node{moniker=app-0}:consensus{height=11 round=0}: Received proposal consensus.height=11 proposal.height=11 proposal.round=0 proposer=02CB1B49DA09615BD4A12212C39378556D990DFD Proposal(height: 11, round: 0, pol_round: -1, value: 9b8eb0bd159f6d3d, from: 02CB1B49DA09615BD4A12212C39378556D990DFD)
2025-08-25T09:38:13.085889Z DEBUG node{moniker=app-0}:wal{height=11}: Wrote log entry type=Consensus(Proposal) entry.size=668 
2025-08-25T09:38:13.085972Z DEBUG node{moniker=app-0}:consensus{height=11 round=0}: Transitioned to new step step.previous=Propose step.new=Prevote
2025-08-25T09:38:13.085988Z  INFO node{moniker=app-0}:consensus{height=11 round=0}: Voting vote_type=Prevote value=9b8eb0bd159f6d3d round=0
2025-08-25T09:38:13.086380Z  INFO node{moniker=app-0}:consensus{height=11 round=0}: Received vote height=11 vote_height=11 address=815F9FA61D7C4F1E4A9E30D40DCA1115BB48F759 Prevote(height: 11, round: 0, value: 9b8eb0bd159f6d3d, from: 815F9FA61D7C4F1E4A9E30D40DCA1115BB48F759)
2025-08-25T09:38:13.086536Z DEBUG node{moniker=app-0}:wal{height=11}: Wrote log entry type=Consensus(Vote) entry.size=118 
2025-08-25T09:38:13.086591Z DEBUG node{moniker=app-0}:consensus{height=11 round=0}: Transitioned to new step step.previous=Prevote step.new=Precommit
2025-08-25T09:38:13.086600Z  INFO node{moniker=app-0}:consensus{height=11 round=0}: Voting vote_type=Precommit value=9b8eb0bd159f6d3d round=0
2025-08-25T09:38:13.086627Z DEBUG node{moniker=app-0}:node{moniker=app-0}: metis-test:consensus-chan recv!!! msg:ExtendVote { height: Height(11), round: Some(0), value_id: ValueId(11209090848729820477), reply: Sender { inner: Some(Inner { state: State { is_complete: false, is_closed: false, is_rx_task_set: true, is_tx_task_set: false } }) } }
2025-08-25T09:38:13.086875Z  INFO node{moniker=app-0}:consensus{height=11 round=0}: Received vote height=11 vote_height=11 address=815F9FA61D7C4F1E4A9E30D40DCA1115BB48F759 Precommit(height: 11, round: 0, value: 9b8eb0bd159f6d3d, from: 815F9FA61D7C4F1E4A9E30D40DCA1115BB48F759)
2025-08-25T09:38:13.086948Z DEBUG node{moniker=app-0}:wal{height=11}: Wrote log entry type=Consensus(Vote) entry.size=120 
2025-08-25T09:38:13.090740Z DEBUG node{moniker=app-0}:wal{height=11}: Flushed WAL to disk wal.entries=5 wal.size=1700
2025-08-25T09:38:13.091063Z DEBUG node{moniker=app-0}:network: Published message channel=/consensus size=111
2025-08-25T09:38:13.093582Z DEBUG node{moniker=app-0}:wal{height=11}: Flushed WAL to disk wal.entries=5 wal.size=1700
2025-08-25T09:38:13.094195Z DEBUG node{moniker=app-0}:network: Published message channel=/consensus size=109
2025-08-25T09:38:13.104414Z  INFO node{moniker=app-0}:consensus{height=11 round=0}: Received vote height=11 vote_height=11 address=02CB1B49DA09615BD4A12212C39378556D990DFD Precommit(height: 11, round: 0, value: 9b8eb0bd159f6d3d, from: 02CB1B49DA09615BD4A12212C39378556D990DFD)
2025-08-25T09:38:13.104591Z DEBUG node{moniker=app-0}:wal{height=11}: Wrote log entry type=Consensus(Vote) entry.size=120 
2025-08-25T09:38:13.104724Z DEBUG node{moniker=app-0}:consensus{height=11 round=0}: Transitioned to new step step.previous=Precommit step.new=Commit
2025-08-25T09:38:13.104733Z  INFO node{moniker=app-0}:consensus{height=11 round=0}: Decided round=0 height=11 value=9b8eb0bd159f6d3d
2025-08-25T09:38:13.108240Z DEBUG node{moniker=app-0}:wal{height=11}: Flushed WAL to disk wal.entries=6 wal.size=1833
2025-08-25T09:38:13.108315Z DEBUG node{moniker=app-0}:sync{height.tip=10 height.sync=11}: Updating request state height.tip=11
2025-08-25T09:38:13.108327Z DEBUG node{moniker=app-0}:node{moniker=app-0}: metis-test:consensus-chan recv!!! msg:Decided { certificate: CommitCertificate { height: Height(11), round: Some(0), value_id: ValueId(11209090848729820477), commit_signatures: [CommitSignature { address: Address(02CB1B49DA09615BD4A12212C39378556D990DFD), signature: Signature(Signature { R_bytes: "17573a071c2888877d693d62128a4d48f249e7754a6c33f9c43fffe595dec5c5", s_bytes: "3214b8481d5bd24688f90ee0605ecb639edd254120646ff7d7aa425a8c7e8b02" }) }, CommitSignature { address: Address(815F9FA61D7C4F1E4A9E30D40DCA1115BB48F759), signature: Signature(Signature { R_bytes: "969ffdb40e1bbef159354127ee49731dc2013bbaab5cd26686295df1ccca62fc", s_bytes: "d984b38c668ca6b7611a8102006126f8686793c505279560299e3ab998c1c605" }) }] }, extensions: VoteExtensions { extensions: [] }, reply: Sender { inner: Some(Inner { state: State { is_complete: false, is_closed: false, is_rx_task_set: true, is_tx_task_set: false } }) } }
2025-08-25T09:38:13.108344Z  INFO node{moniker=app-0}:node{moniker=app-0}: 🟢🟢 Consensus has decided on value height=11 round=0 value=9b8eb0bd159f6d3d
2025-08-25T09:38:13.108396Z DEBUG node{moniker=app-0}:node{moniker=app-0}: 🎁 block size: 545, height: 11
2025-08-25T09:38:13.108407Z  INFO node{moniker=app-0}:node{moniker=app-0}: 👉 stats at height 11: #txs=0, txs/s=0.00, chain_bytes=5995, bytes/s=999.88
2025-08-25T09:38:13.108411Z DEBUG node{moniker=app-0}:node{moniker=app-0}: 🦄 Block at height 11 contains 0 transactions
2025-08-25T09:38:13.109264Z DEBUG node{moniker=app-0}:node{moniker=app-0}: 💡 New block added at height 11 with hash: 0x0f3a9b5f0645317f1acad7ec0827e15d3e7f63cf00160d7b1e1a3fa08f23e03c
2025-08-25T09:38:13.109272Z DEBUG node{moniker=app-0}:node{moniker=app-0}: 🟠 set_latest_forkchoice_state: 0x0f3a9b5f0645317f1acad7ec0827e15d3e7f63cf00160d7b1e1a3fa08f23e03c
2025-08-25T09:38:13.109735Z DEBUG node{moniker=app-0}:node{moniker=app-0}: ➡️ payload_status: PayloadStatus { status: Valid, latest_valid_hash: Some(0x0f3a9b5f0645317f1acad7ec0827e15d3e7f63cf00160d7b1e1a3fa08f23e03c) }
2025-08-25T09:38:13.109740Z DEBUG node{moniker=app-0}:node{moniker=app-0}: 🚀 Forkchoice updated to height 11 for block hash=0x0f3a9b5f0645317f1acad7ec0827e15d3e7f63cf00160d7b1e1a3fa08f23e03c and latest_valid_hash=0x0f3a9b5f0645317f1acad7ec0827e15d3e7f63cf00160d7b1e1a3fa08f23e03c
2025-08-25T09:38:13.109742Z  INFO node{moniker=app-0}:node{moniker=app-0}: Looking for certificate height=11 round=0
2025-08-25T09:38:13.117452Z  INFO node{moniker=app-0}:node{moniker=app-0}: Committed block_data[0..32]: 2babb0b791a5773d8711a2c57c2c5a9a7d4cb85e1157781426d109d2a7a11763
2025-08-25T09:38:13.135137Z DEBUG node{moniker=app-0}:wal{height=12}: Reset WAL height=12
2025-08-25T09:38:13.135196Z DEBUG node{moniker=app-0}:consensus{height=12 round=0}: No WAL entries to replay height=12
2025-08-25T09:38:13.135226Z  INFO node{moniker=app-0}:consensus{height=12 round=0}: Starting new height height=12
2025-08-25T09:38:13.135232Z  INFO node{moniker=app-0}:consensus{height=12 round=0}: Starting new round height=12 round=0 proposer=DE7BA2BE72D2225286133990FF5810B691A5261C role=Validator
2025-08-25T09:38:13.135256Z DEBUG node{moniker=app-0}:sync{height.tip=10 height.sync=11}: Starting new height height.tip=11 height.sync=12 restart=false
2025-08-25T09:38:13.135261Z DEBUG node{moniker=app-0}:sync{height.tip=10 height.sync=11}: No peer to request sync from height.sync=12
2025-08-25T09:38:13.138766Z DEBUG node{moniker=app-0}:wal{height=12}: Flushed WAL to disk wal.entries=0 wal.size=12
2025-08-25T09:38:13.138871Z DEBUG node{moniker=app-0}:node{moniker=app-0}: metis-test:consensus-chan recv!!! msg:StartedRound { height: Height(12), round: Some(0), proposer: Address(DE7BA2BE72D2225286133990FF5810B691A5261C), role: Validator, reply_value: Sender { inner: Some(Inner { state: State { is_complete: false, is_closed: false, is_rx_task_set: false, is_tx_task_set: false } }) } }
2025-08-25T09:38:13.138884Z  INFO node{moniker=app-0}:node{moniker=app-0}: 🟢🟢 Started round height=12 round=0 proposer=DE7BA2BE72D2225286133990FF5810B691A5261C role=Validator
2025-08-25T09:38:13.138896Z ERROR node{moniker=app-0}:consensus{height=12 round=0}: Error when processing effect: Messaging(RecvErr)
2025-08-25T09:38:13.138913Z DEBUG node{moniker=app-0}:consensus{height=12 round=0}: Transitioned to new step step.previous=Unstarted step.new=Propose
2025-08-25T09:38:13.138918Z  INFO node{moniker=app-0}:consensus{height=12 round=0}: Scheduling timeout round=0 step=Propose
2025-08-25T09:38:13.138926Z DEBUG node{moniker=app-0}:consensus{height=12 round=0}: Replaying inputs count=0
2025-08-25T09:38:13.153761Z DEBUG node{moniker=app-0}:node{moniker=app-0}: metis-test:consensus-chan recv!!! msg:ReceivedProposalPart { from: PeerId("12D3KooWEFmACkQS9HNWY86xGVM3LS7fRpQ8saTb5VdfdYCzuUvE"), part: StreamMessage { stream_id: StreamId(b"\0\0\0\0\0\0\0\x0c\0\0\0\0\0\0\0\x03"), sequence: 0, content: Data(Init(ProposalInit { height: Height(12), round: Some(0), proposer: Address(DE7BA2BE72D2225286133990FF5810B691A5261C) })) }, reply: Sender { inner: Some(Inner { state: State { is_complete: false, is_closed: false, is_rx_task_set: true, is_tx_task_set: false } }) } }
2025-08-25T09:38:13.153851Z  INFO node{moniker=app-0}:node{moniker=app-0}: Received proposal part from=12D3KooWEFmACkQS9HNWY86xGVM3LS7fRpQ8saTb5VdfdYCzuUvE part.sequence=0 part.type=init part.size=28
2025-08-25T09:38:13.154712Z DEBUG node{moniker=app-0}:node{moniker=app-0}: metis-test:consensus-chan recv!!! msg:ReceivedProposalPart { from: PeerId("12D3KooWEFmACkQS9HNWY86xGVM3LS7fRpQ8saTb5VdfdYCzuUvE"), part: StreamMessage { stream_id: StreamId(b"\0\0\0\0\0\0\0\x0c\0\0\0\0\0\0\0\x03"), sequence: 1, content: Data(Data(ProposalData { bytes: "<...>", len: 545 })) }, reply: Sender { inner: Some(Inner { state: State { is_complete: false, is_closed: false, is_rx_task_set: true, is_tx_task_set: false } }) } }
2025-08-25T09:38:13.154729Z  INFO node{moniker=app-0}:node{moniker=app-0}: Received proposal part from=12D3KooWEFmACkQS9HNWY86xGVM3LS7fRpQ8saTb5VdfdYCzuUvE part.sequence=1 part.type=data part.size=551
2025-08-25T09:38:13.154745Z DEBUG node{moniker=app-0}:node{moniker=app-0}: metis-test:consensus-chan recv!!! msg:ReceivedProposalPart { from: PeerId("12D3KooWEFmACkQS9HNWY86xGVM3LS7fRpQ8saTb5VdfdYCzuUvE"), part: StreamMessage { stream_id: StreamId(b"\0\0\0\0\0\0\0\x0c\0\0\0\0\0\0\0\x03"), sequence: 2, content: Data(Fin(ProposalFin { signature: Signature(Signature { R_bytes: "fd97b74aa730127a419fcb9e449ccf971c79f57862ee101bb611ebccf6e33327", s_bytes: "3c337cc85ab7e7dca53e5ce0ed9e850ea981696ff4c2633211f543c84970e50f" }) })) }, reply: Sender { inner: Some(Inner { state: State { is_complete: false, is_closed: false, is_rx_task_set: true, is_tx_task_set: false } }) } }
2025-08-25T09:38:13.154758Z  INFO node{moniker=app-0}:node{moniker=app-0}: Received proposal part from=12D3KooWEFmACkQS9HNWY86xGVM3LS7fRpQ8saTb5VdfdYCzuUvE part.sequence=2 part.type=fin part.size=70
2025-08-25T09:38:13.154769Z DEBUG node{moniker=app-0}:node{moniker=app-0}: metis-test:consensus-chan recv!!! msg:ReceivedProposalPart { from: PeerId("12D3KooWEFmACkQS9HNWY86xGVM3LS7fRpQ8saTb5VdfdYCzuUvE"), part: StreamMessage { stream_id: StreamId(b"\0\0\0\0\0\0\0\x0c\0\0\0\0\0\0\0\x03"), sequence: 3, content: Fin }, reply: Sender { inner: Some(Inner { state: State { is_complete: false, is_closed: false, is_rx_task_set: true, is_tx_task_set: false } }) } }
2025-08-25T09:38:13.154777Z  INFO node{moniker=app-0}:node{moniker=app-0}: Received proposal part from=12D3KooWEFmACkQS9HNWY86xGVM3LS7fRpQ8saTb5VdfdYCzuUvE part.sequence=3 part.type=end of stream part.size=0
2025-08-25T09:38:13.154944Z  INFO node{moniker=app-0}:node{moniker=app-0}: Proposal data[0..32]: 0f3a9b5f0645317f1acad7ec0827e15d3e7f63cf00160d7b1e1a3fa08f23e03c, total_size: 545 bytes, id: 51ba4e4d64cadaa9
2025-08-25T09:38:13.158205Z  INFO node{moniker=app-0}:consensus{height=12 round=0}: Received vote height=12 vote_height=12 address=DE7BA2BE72D2225286133990FF5810B691A5261C Prevote(height: 12, round: 0, value: 51ba4e4d64cadaa9, from: DE7BA2BE72D2225286133990FF5810B691A5261C)
2025-08-25T09:38:13.160436Z DEBUG node{moniker=app-0}:wal{height=12}: Wrote log entry type=Consensus(Vote) entry.size=117 
2025-08-25T09:38:13.161455Z  INFO node{moniker=app-0}:consensus{height=12 round=0}: Received proposal consensus.height=12 proposal.height=12 proposal.round=0 proposer=DE7BA2BE72D2225286133990FF5810B691A5261C Proposal(height: 12, round: 0, pol_round: -1, value: 51ba4e4d64cadaa9, from: DE7BA2BE72D2225286133990FF5810B691A5261C)
2025-08-25T09:38:13.163850Z DEBUG node{moniker=app-0}:wal{height=12}: Wrote log entry type=Consensus(Proposal) entry.size=667 
2025-08-25T09:38:13.163976Z DEBUG node{moniker=app-0}:consensus{height=12 round=0}: No full proposal for this round yet, stored proposal for later proposal.height=12 proposal.round=0
2025-08-25T09:38:13.166407Z DEBUG node{moniker=app-0}:node{moniker=app-0}: ✅ Received complete proposal: ProposedValue { height: Height(12), round: Some(0), valid_round: Nil, proposer: Address(DE7BA2BE72D2225286133990FF5810B691A5261C), value: Value { value: 5889105557050809001, extensions: b"\x0f:\x9b_\x06E1\x7f\x1a\xca\xd7\xec\x08'\xe1]>\x7fc\xcf\0\x16\r{\x1e\x1a?\xa0\x8f#\xe0<********************\xec&\xdf\x94B\xc5\xd4\xa0\xa0\xccSH\xc9`\x11[C\xda\x08\xc7\xae\xf6\xbeNL\xcc_\x13l\xa8\x92\xa6V\xe8\x1f\x17\x1b\xccU\xa6\xff\x83E\xe6\x92\xc0\xf8n[H\xe0\x1b\x99l\xad\xc0\x01b/\xb5\xe3c\xb4!\0\0\0\0\0\0\0\0\0\0\0\0\0\0\0\0\0\0\0\0\0\0\0\0\0\0\0\0\0\0\0\0\0\0\0\0\0\0\0\0\0\0\0\0\0\0\0\0\0\0\0\0\0\0\0\0\0\0\0\0\0\0\0\0\0\0\0\0\0\0\0\0\0\0\0\0\0\0\0\0\0\0\0\0\0\0\0\0\0\0\0\0\0\0\0\0\0\0\0\0\0\0\0\0\0\0\0\0\0\0\0\0\0\0\0\0\0\0\0\0\0\0\0\0\0\0\0\0\0\0\0\0\0\0\0\0\0\0\0\0\0\0\0\0\0\0\0\0\0\0\0\0\0\0\0\0\0\0\0\0\0\0\0\0\0\0\0\0\0\0\0\0\0\0\0\0\0\0\0\0\0\0\0\0\0\0\0\0\0\0\0\0\0\0\0\0\0\0\0\0\0\0\0\0\0\0\0\0\0\0\0\0\0\0\0\0\0\0\0\0\0\0\0\0\0\0\0\0\0\0\0\0\0\0\0\0\0\0\0\0\0\0\0\0\0\0\0\0\0\0\0\0\0\0\0\0\0\0\0\0\0\0\0\0\0\0\0\0\0\0\0\0\0\0\0\0\0\0\0\0\0\0\0\0\0\0\0\0\x0c\0\0\0\0\0\0\0\x1f(\xcf\x01\0\0\0\0\0\0\0\0\0\0\0\0\x0f/\xach\0\0\0\0\x10\x02\0\0\x18b\x01\x0c\0\0\0\0\0\0\0\0\0\0\0\0\0\0\0\0\0\0\0\0\0\0\0\0\0\0\0\0\xc2h\x03\x8d\x9b\xdfr>vGx\xc3\x08lp\xc1\x82\xb8\x90]\x7fn\xfe\xfa\xeb3\xee\xef\xbax\xa2\x93!\x02\0\0!\x02\0\0\0\0\0\0\0\0\0\0\0\0\0\0\0\0\0\0reth/v1.4.1/linux" }, validity: Valid }
2025-08-25T09:38:13.166500Z DEBUG node{moniker=app-0}:consensus{height=12 round=0}: We have a full proposal for this round, checking... proposal.height=12 proposal.round=0
2025-08-25T09:38:13.166515Z DEBUG node{moniker=app-0}:consensus{height=12 round=0}: Transitioned to new step step.previous=Propose step.new=Prevote
2025-08-25T09:38:13.166526Z  INFO node{moniker=app-0}:consensus{height=12 round=0}: Voting vote_type=Prevote value=51ba4e4d64cadaa9 round=0
2025-08-25T09:38:13.166689Z  INFO node{moniker=app-0}:consensus{height=12 round=0}: Received vote height=12 vote_height=12 address=815F9FA61D7C4F1E4A9E30D40DCA1115BB48F759 Prevote(height: 12, round: 0, value: 51ba4e4d64cadaa9, from: 815F9FA61D7C4F1E4A9E30D40DCA1115BB48F759)
2025-08-25T09:38:13.166768Z DEBUG node{moniker=app-0}:wal{height=12}: Wrote log entry type=Consensus(Vote) entry.size=117 
2025-08-25T09:38:13.166797Z DEBUG node{moniker=app-0}:consensus{height=12 round=0}: Transitioned to new step step.previous=Prevote step.new=Precommit
2025-08-25T09:38:13.166802Z  INFO node{moniker=app-0}:consensus{height=12 round=0}: Voting vote_type=Precommit value=51ba4e4d64cadaa9 round=0
2025-08-25T09:38:13.166813Z DEBUG node{moniker=app-0}:node{moniker=app-0}: metis-test:consensus-chan recv!!! msg:ExtendVote { height: Height(12), round: Some(0), value_id: ValueId(5889105557050809001), reply: Sender { inner: Some(Inner { state: State { is_complete: false, is_closed: false, is_rx_task_set: true, is_tx_task_set: false } }) } }
2025-08-25T09:38:13.166968Z  INFO node{moniker=app-0}:consensus{height=12 round=0}: Received vote height=12 vote_height=12 address=815F9FA61D7C4F1E4A9E30D40DCA1115BB48F759 Precommit(height: 12, round: 0, value: 51ba4e4d64cadaa9, from: 815F9FA61D7C4F1E4A9E30D40DCA1115BB48F759)
2025-08-25T09:38:13.167019Z DEBUG node{moniker=app-0}:wal{height=12}: Wrote log entry type=Consensus(Vote) entry.size=119 
2025-08-25T09:38:13.168554Z DEBUG node{moniker=app-0}:wal{height=12}: Flushed WAL to disk wal.entries=4 wal.size=1084
2025-08-25T09:38:13.168878Z DEBUG node{moniker=app-0}:network: Published message channel=/consensus size=110
2025-08-25T09:38:13.172284Z DEBUG node{moniker=app-0}:wal{height=12}: Flushed WAL to disk wal.entries=4 wal.size=1084
2025-08-25T09:38:13.174942Z DEBUG node{moniker=app-0}:network: Published message channel=/consensus size=108
2025-08-25T09:38:13.185112Z  INFO node{moniker=app-0}:consensus{height=12 round=0}: Received vote height=12 vote_height=12 address=DE7BA2BE72D2225286133990FF5810B691A5261C Precommit(height: 12, round: 0, value: 51ba4e4d64cadaa9, from: DE7BA2BE72D2225286133990FF5810B691A5261C)
2025-08-25T09:38:13.186337Z DEBUG node{moniker=app-0}:wal{height=12}: Wrote log entry type=Consensus(Vote) entry.size=119 
2025-08-25T09:38:13.186829Z DEBUG node{moniker=app-0}:consensus{height=12 round=0}: Transitioned to new step step.previous=Precommit step.new=Commit
2025-08-25T09:38:13.186841Z  INFO node{moniker=app-0}:consensus{height=12 round=0}: Decided round=0 height=12 value=51ba4e4d64cadaa9
2025-08-25T09:38:13.193457Z DEBUG node{moniker=app-0}:wal{height=12}: Flushed WAL to disk wal.entries=5 wal.size=1216
2025-08-25T09:38:13.193750Z DEBUG node{moniker=app-0}:sync{height.tip=11 height.sync=12}: Updating request state height.tip=12
2025-08-25T09:38:13.193989Z DEBUG node{moniker=app-0}:node{moniker=app-0}: metis-test:consensus-chan recv!!! msg:Decided { certificate: CommitCertificate { height: Height(12), round: Some(0), value_id: ValueId(5889105557050809001), commit_signatures: [CommitSignature { address: Address(815F9FA61D7C4F1E4A9E30D40DCA1115BB48F759), signature: Signature(Signature { R_bytes: "e158e3224c626ff1321759248250809ddf6a2575179e32a000c4a69065b70d64", s_bytes: "b0b52007b25f9df0f426526e3599d846ceafc642fed238e1c6a58a180a37660b" }) }, CommitSignature { address: Address(DE7BA2BE72D2225286133990FF5810B691A5261C), signature: Signature(Signature { R_bytes: "bb13cd2f5fa96dfc2cf91af36ad0c3e1da08c291831c18ab07d39562ba7671e9", s_bytes: "2462e87338a132e505b64e38d6c7050c9856639a31e170e5f8a85634b25c1703" }) }] }, extensions: VoteExtensions { extensions: [] }, reply: Sender { inner: Some(Inner { state: State { is_complete: false, is_closed: false, is_rx_task_set: true, is_tx_task_set: false } }) } }
2025-08-25T09:38:13.194034Z  INFO node{moniker=app-0}:node{moniker=app-0}: 🟢🟢 Consensus has decided on value height=12 round=0 value=51ba4e4d64cadaa9
2025-08-25T09:38:13.194195Z DEBUG node{moniker=app-0}:node{moniker=app-0}: 🎁 block size: 545, height: 12
2025-08-25T09:38:13.194206Z  INFO node{moniker=app-0}:node{moniker=app-0}: 👉 stats at height 12: #txs=0, txs/s=0.00, chain_bytes=6540, bytes/s=1075.39
2025-08-25T09:38:13.194210Z DEBUG node{moniker=app-0}:node{moniker=app-0}: 🦄 Block at height 12 contains 0 transactions
2025-08-25T09:38:13.196267Z DEBUG node{moniker=app-0}:node{moniker=app-0}: 💡 New block added at height 12 with hash: 0xc268038d9bdf723e764778c3086c70c182b8905d7f6efefaeb33eeefba78a293
2025-08-25T09:38:13.196275Z DEBUG node{moniker=app-0}:node{moniker=app-0}: 🟠 set_latest_forkchoice_state: 0xc268038d9bdf723e764778c3086c70c182b8905d7f6efefaeb33eeefba78a293
2025-08-25T09:38:13.204140Z DEBUG node{moniker=app-0}:node{moniker=app-0}: ➡️ payload_status: PayloadStatus { status: Valid, latest_valid_hash: Some(0xc268038d9bdf723e764778c3086c70c182b8905d7f6efefaeb33eeefba78a293) }
2025-08-25T09:38:13.204158Z DEBUG node{moniker=app-0}:node{moniker=app-0}: 🚀 Forkchoice updated to height 12 for block hash=0xc268038d9bdf723e764778c3086c70c182b8905d7f6efefaeb33eeefba78a293 and latest_valid_hash=0xc268038d9bdf723e764778c3086c70c182b8905d7f6efefaeb33eeefba78a293
2025-08-25T09:38:13.204161Z  INFO node{moniker=app-0}:node{moniker=app-0}: Looking for certificate height=12 round=0
2025-08-25T09:38:13.210942Z  INFO node{moniker=app-0}:node{moniker=app-0}: Committed block_data[0..32]: 0f3a9b5f0645317f1acad7ec0827e15d3e7f63cf00160d7b1e1a3fa08f23e03c
2025-08-25T09:38:13.227370Z DEBUG node{moniker=app-0}:wal{height=13}: Reset WAL height=13
2025-08-25T09:38:13.227483Z DEBUG node{moniker=app-0}:consensus{height=13 round=0}: No WAL entries to replay height=13
2025-08-25T09:38:13.227534Z  INFO node{moniker=app-0}:consensus{height=13 round=0}: Starting new height height=13
2025-08-25T09:38:13.227543Z  INFO node{moniker=app-0}:consensus{height=13 round=0}: Starting new round height=13 round=0 proposer=DE7BA2BE72D2225286133990FF5810B691A5261C role=None
2025-08-25T09:38:13.227573Z DEBUG node{moniker=app-0}:sync{height.tip=11 height.sync=12}: Starting new height height.tip=12 height.sync=13 restart=false
2025-08-25T09:38:13.227579Z DEBUG node{moniker=app-0}:sync{height.tip=11 height.sync=12}: No peer to request sync from height.sync=13
2025-08-25T09:38:13.230537Z DEBUG node{moniker=app-0}:wal{height=13}: Flushed WAL to disk wal.entries=0 wal.size=12
2025-08-25T09:38:13.230751Z DEBUG node{moniker=app-0}:node{moniker=app-0}: metis-test:consensus-chan recv!!! msg:StartedRound { height: Height(13), round: Some(0), proposer: Address(DE7BA2BE72D2225286133990FF5810B691A5261C), role: None, reply_value: Sender { inner: Some(Inner { state: State { is_complete: false, is_closed: false, is_rx_task_set: false, is_tx_task_set: false } }) } }
2025-08-25T09:38:13.230762Z  INFO node{moniker=app-0}:node{moniker=app-0}: 🟢🟢 Started round height=13 round=0 proposer=DE7BA2BE72D2225286133990FF5810B691A5261C role=None
2025-08-25T09:38:13.230774Z ERROR node{moniker=app-0}:consensus{height=13 round=0}: Error when processing effect: Messaging(RecvErr)
2025-08-25T09:38:13.230790Z DEBUG node{moniker=app-0}:consensus{height=13 round=0}: Transitioned to new step step.previous=Unstarted step.new=Propose
2025-08-25T09:38:13.230795Z  INFO node{moniker=app-0}:consensus{height=13 round=0}: Scheduling timeout round=0 step=Propose
2025-08-25T09:38:13.230803Z DEBUG node{moniker=app-0}:consensus{height=13 round=0}: Replaying inputs count=0
2025-08-25T09:38:13.231485Z DEBUG node{moniker=app-0}:node{moniker=app-0}: metis-test:consensus-chan recv!!! msg:ReceivedProposalPart { from: PeerId("12D3KooWEFmACkQS9HNWY86xGVM3LS7fRpQ8saTb5VdfdYCzuUvE"), part: StreamMessage { stream_id: StreamId(b"\0\0\0\0\0\0\0\r\0\0\0\0\0\0\0\x04"), sequence: 0, content: Data(Init(ProposalInit { height: Height(13), round: Some(0), proposer: Address(DE7BA2BE72D2225286133990FF5810B691A5261C) })) }, reply: Sender { inner: Some(Inner { state: State { is_complete: false, is_closed: false, is_rx_task_set: true, is_tx_task_set: false } }) } }
2025-08-25T09:38:13.231507Z  INFO node{moniker=app-0}:node{moniker=app-0}: Received proposal part from=12D3KooWEFmACkQS9HNWY86xGVM3LS7fRpQ8saTb5VdfdYCzuUvE part.sequence=0 part.type=init part.size=28
2025-08-25T09:38:13.231794Z DEBUG node{moniker=app-0}:node{moniker=app-0}: metis-test:consensus-chan recv!!! msg:ReceivedProposalPart { from: PeerId("12D3KooWEFmACkQS9HNWY86xGVM3LS7fRpQ8saTb5VdfdYCzuUvE"), part: StreamMessage { stream_id: StreamId(b"\0\0\0\0\0\0\0\r\0\0\0\0\0\0\0\x04"), sequence: 1, content: Data(Data(ProposalData { bytes: "<...>", len: 545 })) }, reply: Sender { inner: Some(Inner { state: State { is_complete: false, is_closed: false, is_rx_task_set: true, is_tx_task_set: false } }) } }
2025-08-25T09:38:13.231805Z  INFO node{moniker=app-0}:node{moniker=app-0}: Received proposal part from=12D3KooWEFmACkQS9HNWY86xGVM3LS7fRpQ8saTb5VdfdYCzuUvE part.sequence=1 part.type=data part.size=551
2025-08-25T09:38:13.232308Z DEBUG node{moniker=app-0}:node{moniker=app-0}: metis-test:consensus-chan recv!!! msg:ReceivedProposalPart { from: PeerId("12D3KooWEFmACkQS9HNWY86xGVM3LS7fRpQ8saTb5VdfdYCzuUvE"), part: StreamMessage { stream_id: StreamId(b"\0\0\0\0\0\0\0\r\0\0\0\0\0\0\0\x04"), sequence: 2, content: Data(Fin(ProposalFin { signature: Signature(Signature { R_bytes: "e6cfbfea7a71173da3fc8d207912a9dc494a25844feffa87cc04774176e6201e", s_bytes: "c55da0095ed78a4c32b8640114a4df2de3a6a6c207ffda9509c4cd6de2b60e01" }) })) }, reply: Sender { inner: Some(Inner { state: State { is_complete: false, is_closed: false, is_rx_task_set: true, is_tx_task_set: false } }) } }
2025-08-25T09:38:13.232320Z  INFO node{moniker=app-0}:node{moniker=app-0}: Received proposal part from=12D3KooWEFmACkQS9HNWY86xGVM3LS7fRpQ8saTb5VdfdYCzuUvE part.sequence=2 part.type=fin part.size=70
2025-08-25T09:38:13.232331Z DEBUG node{moniker=app-0}:node{moniker=app-0}: metis-test:consensus-chan recv!!! msg:ReceivedProposalPart { from: PeerId("12D3KooWEFmACkQS9HNWY86xGVM3LS7fRpQ8saTb5VdfdYCzuUvE"), part: StreamMessage { stream_id: StreamId(b"\0\0\0\0\0\0\0\r\0\0\0\0\0\0\0\x04"), sequence: 3, content: Fin }, reply: Sender { inner: Some(Inner { state: State { is_complete: false, is_closed: false, is_rx_task_set: true, is_tx_task_set: false } }) } }
2025-08-25T09:38:13.232337Z  INFO node{moniker=app-0}:node{moniker=app-0}: Received proposal part from=12D3KooWEFmACkQS9HNWY86xGVM3LS7fRpQ8saTb5VdfdYCzuUvE part.sequence=3 part.type=end of stream part.size=0
2025-08-25T09:38:13.232477Z  INFO node{moniker=app-0}:node{moniker=app-0}: Proposal data[0..32]: c268038d9bdf723e764778c3086c70c182b8905d7f6efefaeb33eeefba78a293, total_size: 545 bytes, id: e7b24396c0f7791b
2025-08-25T09:38:13.237010Z  INFO node{moniker=app-0}:consensus{height=13 round=0}: Received vote height=13 vote_height=13 address=DE7BA2BE72D2225286133990FF5810B691A5261C Prevote(height: 13, round: 0, value: e7b24396c0f7791b, from: DE7BA2BE72D2225286133990FF5810B691A5261C)
2025-08-25T09:38:13.242568Z DEBUG node{moniker=app-0}:node{moniker=app-0}: ✅ Received complete proposal: ProposedValue { height: Height(13), round: Some(0), valid_round: Nil, proposer: Address(DE7BA2BE72D2225286133990FF5810B691A5261C), value: Value { value: 16695481083377449243, extensions: b"\xc2h\x03\x8d\x9b\xdfr>vGx\xc3\x08lp\xc1\x82\xb8\x90]\x7fn\xfe\xfa\xeb3\xee\xef\xbax\xa2\x93********************\xec&\xdf\x94B\xc5\xd4\xa0\xa0\xccSH\xc9`\x11[C\xda\x08\xc7\xae\xf6\xbeNL\xcc_\x13l\xa8\x92\xa6V\xe8\x1f\x17\x1b\xccU\xa6\xff\x83E\xe6\x92\xc0\xf8n[H\xe0\x1b\x99l\xad\xc0\x01b/\xb5\xe3c\xb4!\0\0\0\0\0\0\0\0\0\0\0\0\0\0\0\0\0\0\0\0\0\0\0\0\0\0\0\0\0\0\0\0\0\0\0\0\0\0\0\0\0\0\0\0\0\0\0\0\0\0\0\0\0\0\0\0\0\0\0\0\0\0\0\0\0\0\0\0\0\0\0\0\0\0\0\0\0\0\0\0\0\0\0\0\0\0\0\0\0\0\0\0\0\0\0\0\0\0\0\0\0\0\0\0\0\0\0\0\0\0\0\0\0\0\0\0\0\0\0\0\0\0\0\0\0\0\0\0\0\0\0\0\0\0\0\0\0\0\0\0\0\0\0\0\0\0\0\0\0\0\0\0\0\0\0\0\0\0\0\0\0\0\0\0\0\0\0\0\0\0\0\0\0\0\0\0\0\0\0\0\0\0\0\0\0\0\0\0\0\0\0\0\0\0\0\0\0\0\0\0\0\0\0\0\0\0\0\0\0\0\0\0\0\0\0\0\0\0\0\0\0\0\0\0\0\0\0\0\0\0\0\0\0\0\0\0\0\0\0\0\0\0\0\0\0\0\0\0\0\0\0\0\0\0\0\0\0\0\0\0\0\0\0\0\0\0\0\0\0\0\0\0\0\0\0\0\0\0\0\0\0\0\0\0\0\0\0\0\r\0\0\0\0\0\0\0\xe8\x9b\xcf\x01\0\0\0\0\0\0\0\0\0\0\0\0\x10/\xach\0\0\0\0\x10\x02\0\0\xd55\x81\n\0\0\0\0\0\0\0\0\0\0\0\0\0\0\0\0\0\0\0\0\0\0\0\0\0\0\0\0\xec\x7f\x87q\x1eC\x9b\x91-\x92\xac:p\x05\xd3\x14\xa9`\xca\xfb+\xbed\xc48\xce\xc7\xc3\xf2\x06\xa6e!\x02\0\0!\x02\0\0\0\0\0\0\0\0\0\0\0\0\0\0\0\0\0\0reth/v1.4.1/linux" }, validity: Valid }
2025-08-25T09:38:13.242931Z DEBUG node{moniker=app-0}:wal{height=13}: Wrote log entry type=Consensus(Vote) entry.size=118 
2025-08-25T09:38:13.243153Z  INFO node{moniker=app-0}:consensus{height=13 round=0}: Received proposal consensus.height=13 proposal.height=13 proposal.round=0 proposer=DE7BA2BE72D2225286133990FF5810B691A5261C Proposal(height: 13, round: 0, pol_round: -1, value: e7b24396c0f7791b, from: DE7BA2BE72D2225286133990FF5810B691A5261C)
2025-08-25T09:38:13.245443Z DEBUG node{moniker=app-0}:wal{height=13}: Wrote log entry type=Consensus(Proposal) entry.size=668 
2025-08-25T09:38:13.245475Z DEBUG node{moniker=app-0}:consensus{height=13 round=0}: No full proposal for this round yet, stored proposal for later proposal.height=13 proposal.round=0
2025-08-25T09:38:13.245496Z DEBUG node{moniker=app-0}:consensus{height=13 round=0}: We have a full proposal for this round, checking... proposal.height=13 proposal.round=0
2025-08-25T09:38:13.245507Z DEBUG node{moniker=app-0}:consensus{height=13 round=0}: Transitioned to new step step.previous=Propose step.new=Prevote
2025-08-25T09:38:13.250774Z  INFO node{moniker=app-0}:consensus{height=13 round=0}: Received vote height=13 vote_height=13 address=02CB1B49DA09615BD4A12212C39378556D990DFD Precommit(height: 13, round: 0, value: e7b24396c0f7791b, from: 02CB1B49DA09615BD4A12212C39378556D990DFD)
2025-08-25T09:38:13.251328Z DEBUG node{moniker=app-0}:wal{height=13}: Wrote log entry type=Consensus(Vote) entry.size=120 
2025-08-25T09:38:13.252141Z  INFO node{moniker=app-0}:consensus{height=13 round=0}: Received vote height=13 vote_height=13 address=02CB1B49DA09615BD4A12212C39378556D990DFD Prevote(height: 13, round: 0, value: e7b24396c0f7791b, from: 02CB1B49DA09615BD4A12212C39378556D990DFD)
2025-08-25T09:38:13.252218Z DEBUG node{moniker=app-0}:wal{height=13}: Wrote log entry type=Consensus(Vote) entry.size=118 
2025-08-25T09:38:13.252337Z DEBUG node{moniker=app-0}:consensus{height=13 round=0}: Transitioned to new step step.previous=Prevote step.new=Precommit
2025-08-25T09:38:13.260210Z  INFO node{moniker=app-0}:consensus{height=13 round=0}: Received vote height=13 vote_height=13 address=DE7BA2BE72D2225286133990FF5810B691A5261C Precommit(height: 13, round: 0, value: e7b24396c0f7791b, from: DE7BA2BE72D2225286133990FF5810B691A5261C)
2025-08-25T09:38:13.261244Z DEBUG node{moniker=app-0}:wal{height=13}: Wrote log entry type=Consensus(Vote) entry.size=120 
2025-08-25T09:38:13.261296Z DEBUG node{moniker=app-0}:consensus{height=13 round=0}: Transitioned to new step step.previous=Precommit step.new=Commit
2025-08-25T09:38:13.261304Z  INFO node{moniker=app-0}:consensus{height=13 round=0}: Decided round=0 height=13 value=e7b24396c0f7791b
2025-08-25T09:38:13.264256Z DEBUG node{moniker=app-0}:wal{height=13}: Flushed WAL to disk wal.entries=5 wal.size=1221
2025-08-25T09:38:13.264359Z DEBUG node{moniker=app-0}:sync{height.tip=12 height.sync=13}: Updating request state height.tip=13
2025-08-25T09:38:13.264373Z DEBUG node{moniker=app-0}:node{moniker=app-0}: metis-test:consensus-chan recv!!! msg:Decided { certificate: CommitCertificate { height: Height(13), round: Some(0), value_id: ValueId(16695481083377449243), commit_signatures: [CommitSignature { address: Address(02CB1B49DA09615BD4A12212C39378556D990DFD), signature: Signature(Signature { R_bytes: "b4ad75834b674abefad9129001b66326a5c7c7d1d858cab2180b390624050b18", s_bytes: "9ca87e34dcf6c1c93ef8059451f5bc5ec3e6ff41a0b86fd5e2591f88e849c00d" }) }, CommitSignature { address: Address(DE7BA2BE72D2225286133990FF5810B691A5261C), signature: Signature(Signature { R_bytes: "df7a8754dabc7f9316d79257165a59c76dd69bd5ff9431bf3e8af49d6a9a59f7", s_bytes: "181f3f086f0dfbd47668554d3f1a8a769db3da656c177b148c3169eb8ad47a03" }) }] }, extensions: VoteExtensions { extensions: [] }, reply: Sender { inner: Some(Inner { state: State { is_complete: false, is_closed: false, is_rx_task_set: true, is_tx_task_set: false } }) } }
2025-08-25T09:38:13.264422Z  INFO node{moniker=app-0}:node{moniker=app-0}: 🟢🟢 Consensus has decided on value height=13 round=0 value=e7b24396c0f7791b
2025-08-25T09:38:13.264567Z DEBUG node{moniker=app-0}:node{moniker=app-0}: 🎁 block size: 545, height: 13
2025-08-25T09:38:13.264576Z  INFO node{moniker=app-0}:node{moniker=app-0}: 👉 stats at height 13: #txs=0, txs/s=0.00, chain_bytes=7085, bytes/s=1151.67
2025-08-25T09:38:13.264582Z DEBUG node{moniker=app-0}:node{moniker=app-0}: 🦄 Block at height 13 contains 0 transactions
2025-08-25T09:38:13.276936Z DEBUG node{moniker=app-0}:node{moniker=app-0}: 💡 New block added at height 13 with hash: 0xec7f87711e439b912d92ac3a7005d314a960cafb2bbe64c438cec7c3f206a665
2025-08-25T09:38:13.276957Z DEBUG node{moniker=app-0}:node{moniker=app-0}: 🟠 set_latest_forkchoice_state: 0xec7f87711e439b912d92ac3a7005d314a960cafb2bbe64c438cec7c3f206a665
2025-08-25T09:38:13.283185Z DEBUG node{moniker=app-0}:node{moniker=app-0}: ➡️ payload_status: PayloadStatus { status: Valid, latest_valid_hash: Some(0xec7f87711e439b912d92ac3a7005d314a960cafb2bbe64c438cec7c3f206a665) }
2025-08-25T09:38:13.283204Z DEBUG node{moniker=app-0}:node{moniker=app-0}: 🚀 Forkchoice updated to height 13 for block hash=0xec7f87711e439b912d92ac3a7005d314a960cafb2bbe64c438cec7c3f206a665 and latest_valid_hash=0xec7f87711e439b912d92ac3a7005d314a960cafb2bbe64c438cec7c3f206a665
2025-08-25T09:38:13.283208Z  INFO node{moniker=app-0}:node{moniker=app-0}: Looking for certificate height=13 round=0
2025-08-25T09:38:13.288604Z  INFO node{moniker=app-0}:node{moniker=app-0}: Committed block_data[0..32]: c268038d9bdf723e764778c3086c70c182b8905d7f6efefaeb33eeefba78a293
2025-08-25T09:38:13.309550Z DEBUG node{moniker=app-0}:wal{height=14}: Reset WAL height=14
2025-08-25T09:38:13.309686Z DEBUG node{moniker=app-0}:consensus{height=14 round=0}: No WAL entries to replay height=14
2025-08-25T09:38:13.309725Z  INFO node{moniker=app-0}:consensus{height=14 round=0}: Starting new height height=14
2025-08-25T09:38:13.309732Z  INFO node{moniker=app-0}:consensus{height=14 round=0}: Starting new round height=14 round=0 proposer=815F9FA61D7C4F1E4A9E30D40DCA1115BB48F759 role=Proposer
2025-08-25T09:38:13.309762Z DEBUG node{moniker=app-0}:sync{height.tip=12 height.sync=13}: Starting new height height.tip=13 height.sync=14 restart=false
2025-08-25T09:38:13.309769Z DEBUG node{moniker=app-0}:sync{height.tip=12 height.sync=13}: No peer to request sync from height.sync=14
2025-08-25T09:38:13.315258Z DEBUG node{moniker=app-0}:wal{height=14}: Flushed WAL to disk wal.entries=0 wal.size=12
2025-08-25T09:38:13.315336Z DEBUG node{moniker=app-0}:node{moniker=app-0}: metis-test:consensus-chan recv!!! msg:StartedRound { height: Height(14), round: Some(0), proposer: Address(815F9FA61D7C4F1E4A9E30D40DCA1115BB48F759), role: Proposer, reply_value: Sender { inner: Some(Inner { state: State { is_complete: false, is_closed: false, is_rx_task_set: false, is_tx_task_set: false } }) } }
2025-08-25T09:38:13.315391Z  INFO node{moniker=app-0}:node{moniker=app-0}: 🟢🟢 Started round height=14 round=0 proposer=815F9FA61D7C4F1E4A9E30D40DCA1115BB48F759 role=Proposer
2025-08-25T09:38:13.315406Z ERROR node{moniker=app-0}:consensus{height=14 round=0}: Error when processing effect: Messaging(RecvErr)
2025-08-25T09:38:13.315423Z DEBUG node{moniker=app-0}:consensus{height=14 round=0}: Transitioned to new step step.previous=Unstarted step.new=Propose
2025-08-25T09:38:13.315427Z  INFO node{moniker=app-0}:consensus{height=14 round=0}: Scheduling timeout round=0 step=Propose
2025-08-25T09:38:13.315642Z  INFO node{moniker=app-0}:consensus{height=14 round=0}: Requesting value from application height=14 round=0
2025-08-25T09:38:13.315653Z DEBUG node{moniker=app-0}:consensus{height=14 round=0}: Replaying inputs count=0
2025-08-25T09:38:13.315679Z DEBUG node{moniker=app-0}:node{moniker=app-0}: metis-test:consensus-chan recv!!! msg:GetValue { height: Height(14), round: Some(0), timeout: 3s, reply: Sender { inner: Some(Inner { state: State { is_complete: false, is_closed: false, is_rx_task_set: true, is_tx_task_set: false } }) } }
2025-08-25T09:38:13.315686Z  INFO node{moniker=app-0}:node{moniker=app-0}: 🟢🟢 Consensus is requesting a value to propose height=14 round=0
2025-08-25T09:38:13.315689Z DEBUG node{moniker=app-0}:node{moniker=app-0}: 🟠 generate_block on top of ExecutionBlock { block_hash: 0xec7f87711e439b912d92ac3a7005d314a960cafb2bbe64c438cec7c3f206a665, block_number: 13, parent_hash: 0xec7f87711e439b912d92ac3a7005d314a960cafb2bbe64c438cec7c3f206a665, timestamp: 1756114704, prev_randao: 0x0000000000000000000000000000000000000000000000000000000000000000 }
2025-08-25T09:38:13.320184Z DEBUG node{moniker=app-0}:node{moniker=app-0}: 🌈 Got execution payload: ExecutionPayloadV3 { payload_inner: ExecutionPayloadV2 { payload_inner: ExecutionPayloadV1 { parent_hash: 0xec7f87711e439b912d92ac3a7005d314a960cafb2bbe64c438cec7c3f206a665, fee_recipient: 0x2a2a2a2a2a2a2a2a2a2a2a2a2a2a2a2a2a2a2a2a, state_root: 0xec26df9442c5d4a0a0cc5348c960115b43da08c7aef6be4e4ccc5f136ca892a6, receipts_root: 0x56e81f171bcc55a6ff8345e692c0f86e5b48e01b996cadc001622fb5e363b421, logs_bloom: 0x00000000000000000000000000000000000000000000000000000000000000000000000000000000000000000000000000000000000000000000000000000000000000000000000000000000000000000000000000000000000000000000000000000000000000000000000000000000000000000000000000000000000000000000000000000000000000000000000000000000000000000000000000000000000000000000000000000000000000000000000000000000000000000000000000000000000000000000000000000000000000000000000000000000000000000000000000000000000000000000000000000000000000000000000000000000, prev_randao: 0x0000000000000000000000000000000000000000000000000000000000000000, block_number: 14, gas_limit: 30412749, gas_used: 0, timestamp: 1756114705, extra_data: 0x726574682f76312e342e312f6c696e7578, base_fee_per_gas: 154210075, block_hash: 0xcab8a3db2f6d76fcfe982a35d0c848f04af203875a2e1e7092e90017339de25a, transactions: [] }, withdrawals: [] }, blob_gas_used: 0, excess_blob_gas: 0 }
2025-08-25T09:38:13.320207Z DEBUG node{moniker=app-0}:node{moniker=app-0}: 🎁 block size: 545, height: 14
2025-08-25T09:38:13.327291Z  INFO node{moniker=app-0}:node{moniker=app-0}: Streaming proposal part: StreamMessage { stream_id: StreamId(b"\0\0\0\0\0\0\0\x0e\0\0\0\0\0\0\0\x04"), sequence: 0, content: Data(Init(ProposalInit { height: Height(14), round: Some(0), proposer: Address(815F9FA61D7C4F1E4A9E30D40DCA1115BB48F759) })) } height=14 round=0
2025-08-25T09:38:13.327318Z  INFO node{moniker=app-0}:node{moniker=app-0}: Streaming proposal part: StreamMessage { stream_id: StreamId(b"\0\0\0\0\0\0\0\x0e\0\0\0\0\0\0\0\x04"), sequence: 1, content: Data(Data(ProposalData { bytes: "<...>", len: 545 })) } height=14 round=0
2025-08-25T09:38:13.327342Z  INFO node{moniker=app-0}:node{moniker=app-0}: Streaming proposal part: StreamMessage { stream_id: StreamId(b"\0\0\0\0\0\0\0\x0e\0\0\0\0\0\0\0\x04"), sequence: 2, content: Data(Fin(ProposalFin { signature: Signature(Signature { R_bytes: "36e77fcc4646b2de08bdd8f8a73aeb86cc50e1c532ccf3eb583478295d9a0825", s_bytes: "1ac5796bc8319365fbd531841e371737038d084e7684bb81836912452cc1630c" }) })) } height=14 round=0
2025-08-25T09:38:13.327597Z DEBUG node{moniker=app-0}:network: Published message channel=/proposal_parts size=48
2025-08-25T09:38:13.327636Z  INFO node{moniker=app-0}:node{moniker=app-0}: Streaming proposal part: StreamMessage { stream_id: StreamId(b"\0\0\0\0\0\0\0\x0e\0\0\0\0\0\0\0\x04"), sequence: 3, content: Fin } height=14 round=0
2025-08-25T09:38:13.327730Z DEBUG node{moniker=app-0}:wal{height=14}: Wrote log entry type=LocallyProposedValue entry.size=599 
2025-08-25T09:38:13.328018Z DEBUG node{moniker=app-0}:network: Published message channel=/proposal_parts size=574
2025-08-25T09:38:13.328088Z DEBUG node{moniker=app-0}:node{moniker=app-0}: ✅ Proposal sent height=14 round=0
2025-08-25T09:38:13.328139Z  INFO node{moniker=app-0}:consensus{height=14 round=0}: Proposing value id=907540771dfe8939 round=0
2025-08-25T09:38:13.328304Z  INFO node{moniker=app-0}:consensus{height=14 round=0}: Received proposal consensus.height=14 proposal.height=14 proposal.round=0 proposer=815F9FA61D7C4F1E4A9E30D40DCA1115BB48F759 Proposal(height: 14, round: 0, pol_round: -1, value: 907540771dfe8939, from: 815F9FA61D7C4F1E4A9E30D40DCA1115BB48F759)
2025-08-25T09:38:13.328409Z DEBUG node{moniker=app-0}:network: Published message channel=/proposal_parts size=92
2025-08-25T09:38:13.328589Z DEBUG node{moniker=app-0}:wal{height=14}: Wrote log entry type=Consensus(Proposal) entry.size=668 
2025-08-25T09:38:13.328639Z DEBUG node{moniker=app-0}:network: Published message channel=/proposal_parts size=22
2025-08-25T09:38:13.328761Z DEBUG node{moniker=app-0}:consensus{height=14 round=0}: Transitioned to new step step.previous=Propose step.new=Prevote
2025-08-25T09:38:13.328771Z  INFO node{moniker=app-0}:consensus{height=14 round=0}: Voting vote_type=Prevote value=907540771dfe8939 round=0
2025-08-25T09:38:13.329050Z  INFO node{moniker=app-0}:consensus{height=14 round=0}: Received vote height=14 vote_height=14 address=815F9FA61D7C4F1E4A9E30D40DCA1115BB48F759 Prevote(height: 14, round: 0, value: 907540771dfe8939, from: 815F9FA61D7C4F1E4A9E30D40DCA1115BB48F759)
2025-08-25T09:38:13.329241Z DEBUG node{moniker=app-0}:wal{height=14}: Wrote log entry type=Consensus(Vote) entry.size=118 
2025-08-25T09:38:13.331736Z DEBUG node{moniker=app-0}:wal{height=14}: Flushed WAL to disk wal.entries=3 wal.size=1436
2025-08-25T09:38:13.332308Z DEBUG node{moniker=app-0}:network: Published message channel=/consensus size=109
2025-08-25T09:38:13.337539Z DEBUG node{moniker=app-0}:wal{height=14}: Flushed WAL to disk wal.entries=3 wal.size=1436
2025-08-25T09:38:13.338057Z DEBUG node{moniker=app-0}:network: Published message channel=/consensus size=659
2025-08-25T09:38:13.352881Z  INFO node{moniker=app-0}:consensus{height=14 round=0}: Received vote height=14 vote_height=14 address=02CB1B49DA09615BD4A12212C39378556D990DFD Precommit(height: 14, round: 0, value: 907540771dfe8939, from: 02CB1B49DA09615BD4A12212C39378556D990DFD)
2025-08-25T09:38:13.357177Z DEBUG node{moniker=app-0}:wal{height=14}: Wrote log entry type=Consensus(Vote) entry.size=120 
2025-08-25T09:38:13.357767Z  INFO node{moniker=app-0}:consensus{height=14 round=0}: Received vote height=14 vote_height=14 address=02CB1B49DA09615BD4A12212C39378556D990DFD Prevote(height: 14, round: 0, value: 907540771dfe8939, from: 02CB1B49DA09615BD4A12212C39378556D990DFD)
2025-08-25T09:38:13.357864Z DEBUG node{moniker=app-0}:wal{height=14}: Wrote log entry type=Consensus(Vote) entry.size=118 
2025-08-25T09:38:13.357881Z DEBUG node{moniker=app-0}:consensus{height=14 round=0}: Transitioned to new step step.previous=Prevote step.new=Precommit
2025-08-25T09:38:13.357886Z  INFO node{moniker=app-0}:consensus{height=14 round=0}: Voting vote_type=Precommit value=907540771dfe8939 round=0
2025-08-25T09:38:13.357898Z DEBUG node{moniker=app-0}:node{moniker=app-0}: metis-test:consensus-chan recv!!! msg:ExtendVote { height: Height(14), round: Some(0), value_id: ValueId(10409296994085275961), reply: Sender { inner: Some(Inner { state: State { is_complete: false, is_closed: false, is_rx_task_set: true, is_tx_task_set: false } }) } }
2025-08-25T09:38:13.357975Z  INFO node{moniker=app-0}:consensus{height=14 round=0}: Received vote height=14 vote_height=14 address=815F9FA61D7C4F1E4A9E30D40DCA1115BB48F759 Precommit(height: 14, round: 0, value: 907540771dfe8939, from: 815F9FA61D7C4F1E4A9E30D40DCA1115BB48F759)
2025-08-25T09:38:13.358004Z DEBUG node{moniker=app-0}:wal{height=14}: Wrote log entry type=Consensus(Vote) entry.size=120 
2025-08-25T09:38:13.358015Z DEBUG node{moniker=app-0}:consensus{height=14 round=0}: Transitioned to new step step.previous=Precommit step.new=Commit
2025-08-25T09:38:13.358017Z  INFO node{moniker=app-0}:consensus{height=14 round=0}: Decided round=0 height=14 value=907540771dfe8939
2025-08-25T09:38:13.361759Z DEBUG node{moniker=app-0}:wal{height=14}: Flushed WAL to disk wal.entries=6 wal.size=1833
2025-08-25T09:38:13.361930Z DEBUG node{moniker=app-0}:sync{height.tip=13 height.sync=14}: Updating request state height.tip=14
2025-08-25T09:38:13.361941Z DEBUG node{moniker=app-0}:node{moniker=app-0}: metis-test:consensus-chan recv!!! msg:Decided { certificate: CommitCertificate { height: Height(14), round: Some(0), value_id: ValueId(10409296994085275961), commit_signatures: [CommitSignature { address: Address(02CB1B49DA09615BD4A12212C39378556D990DFD), signature: Signature(Signature { R_bytes: "70ef8c837a98e03f500be8866e75b922d373322640a0961988b5586c63452c73", s_bytes: "6757d1a746889563c4f02f39b75b40731df6835c7745d6963041e683bec36403" }) }, CommitSignature { address: Address(815F9FA61D7C4F1E4A9E30D40DCA1115BB48F759), signature: Signature(Signature { R_bytes: "7a3aa66612684d62aa9a4236d5f3103e1ba5d2f6c606959a6d3b2494bdd82553", s_bytes: "bf9feadda3508607e25d68264634d091888c4452f90daf38b82c9710a897da0a" }) }] }, extensions: VoteExtensions { extensions: [] }, reply: Sender { inner: Some(Inner { state: State { is_complete: false, is_closed: false, is_rx_task_set: true, is_tx_task_set: false } }) } }
2025-08-25T09:38:13.361951Z  INFO node{moniker=app-0}:node{moniker=app-0}: 🟢🟢 Consensus has decided on value height=14 round=0 value=907540771dfe8939
2025-08-25T09:38:13.361983Z DEBUG node{moniker=app-0}:node{moniker=app-0}: 🎁 block size: 545, height: 14
2025-08-25T09:38:13.361988Z  INFO node{moniker=app-0}:node{moniker=app-0}: 👉 stats at height 14: #txs=0, txs/s=0.00, chain_bytes=7630, bytes/s=1220.93
2025-08-25T09:38:13.361991Z DEBUG node{moniker=app-0}:node{moniker=app-0}: 🦄 Block at height 14 contains 0 transactions
2025-08-25T09:38:13.365060Z DEBUG node{moniker=app-0}:node{moniker=app-0}: 💡 New block added at height 14 with hash: 0xcab8a3db2f6d76fcfe982a35d0c848f04af203875a2e1e7092e90017339de25a
2025-08-25T09:38:13.365064Z DEBUG node{moniker=app-0}:node{moniker=app-0}: 🟠 set_latest_forkchoice_state: 0xcab8a3db2f6d76fcfe982a35d0c848f04af203875a2e1e7092e90017339de25a
2025-08-25T09:38:13.365226Z DEBUG node{moniker=app-0}:wal{height=14}: Flushed WAL to disk wal.entries=6 wal.size=1833
2025-08-25T09:38:13.365350Z DEBUG node{moniker=app-0}:network: Published message channel=/consensus size=111
2025-08-25T09:38:13.366123Z DEBUG node{moniker=app-0}:node{moniker=app-0}: ➡️ payload_status: PayloadStatus { status: Valid, latest_valid_hash: Some(0xcab8a3db2f6d76fcfe982a35d0c848f04af203875a2e1e7092e90017339de25a) }
2025-08-25T09:38:13.366129Z DEBUG node{moniker=app-0}:node{moniker=app-0}: 🚀 Forkchoice updated to height 14 for block hash=0xcab8a3db2f6d76fcfe982a35d0c848f04af203875a2e1e7092e90017339de25a and latest_valid_hash=0xcab8a3db2f6d76fcfe982a35d0c848f04af203875a2e1e7092e90017339de25a
2025-08-25T09:38:13.366130Z  INFO node{moniker=app-0}:node{moniker=app-0}: Looking for certificate height=14 round=0
2025-08-25T09:38:13.375860Z  INFO node{moniker=app-0}:node{moniker=app-0}: Committed block_data[0..32]: ec7f87711e439b912d92ac3a7005d314a960cafb2bbe64c438cec7c3f206a665
2025-08-25T09:38:13.395678Z DEBUG node{moniker=app-0}:wal{height=15}: Reset WAL height=15
2025-08-25T09:38:13.395736Z DEBUG node{moniker=app-0}:consensus{height=15 round=0}: No WAL entries to replay height=15
2025-08-25T09:38:13.395757Z  INFO node{moniker=app-0}:consensus{height=15 round=0}: Starting new height height=15
2025-08-25T09:38:13.395760Z  INFO node{moniker=app-0}:consensus{height=15 round=0}: Starting new round height=15 round=0 proposer=815F9FA61D7C4F1E4A9E30D40DCA1115BB48F759 role=Proposer
2025-08-25T09:38:13.395774Z DEBUG node{moniker=app-0}:sync{height.tip=13 height.sync=14}: Starting new height height.tip=14 height.sync=15 restart=false
2025-08-25T09:38:13.395778Z DEBUG node{moniker=app-0}:sync{height.tip=13 height.sync=14}: No peer to request sync from height.sync=15
2025-08-25T09:38:13.400487Z DEBUG node{moniker=app-0}:wal{height=15}: Flushed WAL to disk wal.entries=0 wal.size=12
2025-08-25T09:38:13.400553Z DEBUG node{moniker=app-0}:node{moniker=app-0}: metis-test:consensus-chan recv!!! msg:StartedRound { height: Height(15), round: Some(0), proposer: Address(815F9FA61D7C4F1E4A9E30D40DCA1115BB48F759), role: Proposer, reply_value: Sender { inner: Some(Inner { state: State { is_complete: false, is_closed: false, is_rx_task_set: false, is_tx_task_set: false } }) } }
2025-08-25T09:38:13.400561Z  INFO node{moniker=app-0}:node{moniker=app-0}: 🟢🟢 Started round height=15 round=0 proposer=815F9FA61D7C4F1E4A9E30D40DCA1115BB48F759 role=Proposer
2025-08-25T09:38:13.400568Z ERROR node{moniker=app-0}:consensus{height=15 round=0}: Error when processing effect: Messaging(RecvErr)
2025-08-25T09:38:13.400580Z DEBUG node{moniker=app-0}:consensus{height=15 round=0}: Transitioned to new step step.previous=Unstarted step.new=Propose
2025-08-25T09:38:13.400583Z  INFO node{moniker=app-0}:consensus{height=15 round=0}: Scheduling timeout round=0 step=Propose
2025-08-25T09:38:13.400587Z  INFO node{moniker=app-0}:consensus{height=15 round=0}: Requesting value from application height=15 round=0
2025-08-25T09:38:13.400593Z DEBUG node{moniker=app-0}:consensus{height=15 round=0}: Replaying inputs count=0
2025-08-25T09:38:13.400604Z DEBUG node{moniker=app-0}:node{moniker=app-0}: metis-test:consensus-chan recv!!! msg:GetValue { height: Height(15), round: Some(0), timeout: 3s, reply: Sender { inner: Some(Inner { state: State { is_complete: false, is_closed: false, is_rx_task_set: true, is_tx_task_set: false } }) } }
2025-08-25T09:38:13.400606Z  INFO node{moniker=app-0}:node{moniker=app-0}: 🟢🟢 Consensus is requesting a value to propose height=15 round=0
2025-08-25T09:38:13.400608Z DEBUG node{moniker=app-0}:node{moniker=app-0}: 🟠 generate_block on top of ExecutionBlock { block_hash: 0xcab8a3db2f6d76fcfe982a35d0c848f04af203875a2e1e7092e90017339de25a, block_number: 14, parent_hash: 0xcab8a3db2f6d76fcfe982a35d0c848f04af203875a2e1e7092e90017339de25a, timestamp: 1756114705, prev_randao: 0x0000000000000000000000000000000000000000000000000000000000000000 }
2025-08-25T09:38:13.402661Z DEBUG node{moniker=app-0}:node{moniker=app-0}: 🌈 Got execution payload: ExecutionPayloadV3 { payload_inner: ExecutionPayloadV2 { payload_inner: ExecutionPayloadV1 { parent_hash: 0xcab8a3db2f6d76fcfe982a35d0c848f04af203875a2e1e7092e90017339de25a, fee_recipient: 0x2a2a2a2a2a2a2a2a2a2a2a2a2a2a2a2a2a2a2a2a, state_root: 0xec26df9442c5d4a0a0cc5348c960115b43da08c7aef6be4e4ccc5f136ca892a6, receipts_root: 0x56e81f171bcc55a6ff8345e692c0f86e5b48e01b996cadc001622fb5e363b421, logs_bloom: 0x00000000000000000000000000000000000000000000000000000000000000000000000000000000000000000000000000000000000000000000000000000000000000000000000000000000000000000000000000000000000000000000000000000000000000000000000000000000000000000000000000000000000000000000000000000000000000000000000000000000000000000000000000000000000000000000000000000000000000000000000000000000000000000000000000000000000000000000000000000000000000000000000000000000000000000000000000000000000000000000000000000000000000000000000000000000, prev_randao: 0x0000000000000000000000000000000000000000000000000000000000000000, block_number: 15, gas_limit: 30442447, gas_used: 0, timestamp: 1756114706, extra_data: 0x726574682f76312e342e312f6c696e7578, base_fee_per_gas: 134933816, block_hash: 0x6d4a75dfe6471474b08f073e88f7c57a34950a1dd4becfb8ef9ba5812ec6e95a, transactions: [] }, withdrawals: [] }, blob_gas_used: 0, excess_blob_gas: 0 }
2025-08-25T09:38:13.402670Z DEBUG node{moniker=app-0}:node{moniker=app-0}: 🎁 block size: 545, height: 15
2025-08-25T09:38:13.410435Z  INFO node{moniker=app-0}:node{moniker=app-0}: Streaming proposal part: StreamMessage { stream_id: StreamId(b"\0\0\0\0\0\0\0\x0f\0\0\0\0\0\0\0\x05"), sequence: 0, content: Data(Init(ProposalInit { height: Height(15), round: Some(0), proposer: Address(815F9FA61D7C4F1E4A9E30D40DCA1115BB48F759) })) } height=15 round=0
2025-08-25T09:38:13.410445Z  INFO node{moniker=app-0}:node{moniker=app-0}: Streaming proposal part: StreamMessage { stream_id: StreamId(b"\0\0\0\0\0\0\0\x0f\0\0\0\0\0\0\0\x05"), sequence: 1, content: Data(Data(ProposalData { bytes: "<...>", len: 545 })) } height=15 round=0
2025-08-25T09:38:13.410456Z  INFO node{moniker=app-0}:node{moniker=app-0}: Streaming proposal part: StreamMessage { stream_id: StreamId(b"\0\0\0\0\0\0\0\x0f\0\0\0\0\0\0\0\x05"), sequence: 2, content: Data(Fin(ProposalFin { signature: Signature(Signature { R_bytes: "cd597dad51dead3b111117cdaa119e318cb11883fd093706b7baa9c47c0c66a8", s_bytes: "e05c4b15fbc4c20565703f38eaab8cae0cf1883edb575150530472220dbaa70e" }) })) } height=15 round=0
2025-08-25T09:38:13.410530Z DEBUG node{moniker=app-0}:network: Published message channel=/proposal_parts size=48
2025-08-25T09:38:13.410548Z  INFO node{moniker=app-0}:node{moniker=app-0}: Streaming proposal part: StreamMessage { stream_id: StreamId(b"\0\0\0\0\0\0\0\x0f\0\0\0\0\0\0\0\x05"), sequence: 3, content: Fin } height=15 round=0
2025-08-25T09:38:13.410662Z DEBUG node{moniker=app-0}:wal{height=15}: Wrote log entry type=LocallyProposedValue entry.size=599 
2025-08-25T09:38:13.410725Z DEBUG node{moniker=app-0}:network: Published message channel=/proposal_parts size=574
2025-08-25T09:38:13.410766Z DEBUG node{moniker=app-0}:node{moniker=app-0}: ✅ Proposal sent height=15 round=0
2025-08-25T09:38:13.410795Z  INFO node{moniker=app-0}:consensus{height=15 round=0}: Proposing value id=a5a16cd71c31447e round=0
2025-08-25T09:38:13.410877Z  INFO node{moniker=app-0}:consensus{height=15 round=0}: Received proposal consensus.height=15 proposal.height=15 proposal.round=0 proposer=815F9FA61D7C4F1E4A9E30D40DCA1115BB48F759 Proposal(height: 15, round: 0, pol_round: -1, value: a5a16cd71c31447e, from: 815F9FA61D7C4F1E4A9E30D40DCA1115BB48F759)
2025-08-25T09:38:13.410929Z DEBUG node{moniker=app-0}:network: Published message channel=/proposal_parts size=92
2025-08-25T09:38:13.411017Z DEBUG node{moniker=app-0}:wal{height=15}: Wrote log entry type=Consensus(Proposal) entry.size=668 
2025-08-25T09:38:13.411065Z DEBUG node{moniker=app-0}:network: Published message channel=/proposal_parts size=22
2025-08-25T09:38:13.411123Z DEBUG node{moniker=app-0}:consensus{height=15 round=0}: Transitioned to new step step.previous=Propose step.new=Prevote
2025-08-25T09:38:13.411128Z  INFO node{moniker=app-0}:consensus{height=15 round=0}: Voting vote_type=Prevote value=a5a16cd71c31447e round=0
2025-08-25T09:38:13.411360Z  INFO node{moniker=app-0}:consensus{height=15 round=0}: Received vote height=15 vote_height=15 address=815F9FA61D7C4F1E4A9E30D40DCA1115BB48F759 Prevote(height: 15, round: 0, value: a5a16cd71c31447e, from: 815F9FA61D7C4F1E4A9E30D40DCA1115BB48F759)
2025-08-25T09:38:13.411411Z DEBUG node{moniker=app-0}:wal{height=15}: Wrote log entry type=Consensus(Vote) entry.size=118 
2025-08-25T09:38:13.413616Z DEBUG node{moniker=app-0}:wal{height=15}: Flushed WAL to disk wal.entries=3 wal.size=1436
2025-08-25T09:38:13.413702Z DEBUG node{moniker=app-0}:network: Published message channel=/consensus size=109
2025-08-25T09:38:13.416793Z DEBUG node{moniker=app-0}:wal{height=15}: Flushed WAL to disk wal.entries=3 wal.size=1436
2025-08-25T09:38:13.416901Z DEBUG node{moniker=app-0}:network: Published message channel=/consensus size=659
2025-08-25T09:38:13.426868Z  INFO node{moniker=app-0}:consensus{height=15 round=0}: Received vote height=15 vote_height=15 address=DE7BA2BE72D2225286133990FF5810B691A5261C Precommit(height: 15, round: 0, value: a5a16cd71c31447e, from: DE7BA2BE72D2225286133990FF5810B691A5261C)
2025-08-25T09:38:13.426940Z DEBUG node{moniker=app-0}:wal{height=15}: Wrote log entry type=Consensus(Vote) entry.size=120 
2025-08-25T09:38:13.429791Z  INFO node{moniker=app-0}:consensus{height=15 round=0}: Received vote height=15 vote_height=15 address=DE7BA2BE72D2225286133990FF5810B691A5261C Prevote(height: 15, round: 0, value: a5a16cd71c31447e, from: DE7BA2BE72D2225286133990FF5810B691A5261C)
2025-08-25T09:38:13.429821Z DEBUG node{moniker=app-0}:wal{height=15}: Wrote log entry type=Consensus(Vote) entry.size=118 
2025-08-25T09:38:13.429881Z DEBUG node{moniker=app-0}:consensus{height=15 round=0}: Transitioned to new step step.previous=Prevote step.new=Precommit
2025-08-25T09:38:13.429886Z  INFO node{moniker=app-0}:consensus{height=15 round=0}: Voting vote_type=Precommit value=a5a16cd71c31447e round=0
2025-08-25T09:38:13.429895Z DEBUG node{moniker=app-0}:node{moniker=app-0}: metis-test:consensus-chan recv!!! msg:ExtendVote { height: Height(15), round: Some(0), value_id: ValueId(11934940158655284350), reply: Sender { inner: Some(Inner { state: State { is_complete: false, is_closed: false, is_rx_task_set: true, is_tx_task_set: false } }) } }
2025-08-25T09:38:13.429968Z  INFO node{moniker=app-0}:consensus{height=15 round=0}: Received vote height=15 vote_height=15 address=815F9FA61D7C4F1E4A9E30D40DCA1115BB48F759 Precommit(height: 15, round: 0, value: a5a16cd71c31447e, from: 815F9FA61D7C4F1E4A9E30D40DCA1115BB48F759)
2025-08-25T09:38:13.429997Z DEBUG node{moniker=app-0}:wal{height=15}: Wrote log entry type=Consensus(Vote) entry.size=120 
2025-08-25T09:38:13.430010Z DEBUG node{moniker=app-0}:consensus{height=15 round=0}: Transitioned to new step step.previous=Precommit step.new=Commit
2025-08-25T09:38:13.430013Z  INFO node{moniker=app-0}:consensus{height=15 round=0}: Decided round=0 height=15 value=a5a16cd71c31447e
2025-08-25T09:38:13.433307Z DEBUG node{moniker=app-0}:wal{height=15}: Flushed WAL to disk wal.entries=6 wal.size=1833
2025-08-25T09:38:13.433335Z DEBUG node{moniker=app-0}:sync{height.tip=14 height.sync=15}: Updating request state height.tip=15
2025-08-25T09:38:13.433342Z DEBUG node{moniker=app-0}:node{moniker=app-0}: metis-test:consensus-chan recv!!! msg:Decided { certificate: CommitCertificate { height: Height(15), round: Some(0), value_id: ValueId(11934940158655284350), commit_signatures: [CommitSignature { address: Address(815F9FA61D7C4F1E4A9E30D40DCA1115BB48F759), signature: Signature(Signature { R_bytes: "56afe2a9a47876f691f014496167d71ad40cff63caae013a80ae73a049b7347e", s_bytes: "257c1009699621bf28762b019d29d4cd18f2760b0f829f2e265e4fd6d0b64e04" }) }, CommitSignature { address: Address(DE7BA2BE72D2225286133990FF5810B691A5261C), signature: Signature(Signature { R_bytes: "ef5053a9757eebf129671987f7cbf3681af307611c913bad6bdcef136d151be1", s_bytes: "55ed67e54ecc70adf77c87d9af68556b2218ef82b298002907be775b6fbb9c09" }) }] }, extensions: VoteExtensions { extensions: [] }, reply: Sender { inner: Some(Inner { state: State { is_complete: false, is_closed: false, is_rx_task_set: true, is_tx_task_set: false } }) } }
2025-08-25T09:38:13.433351Z  INFO node{moniker=app-0}:node{moniker=app-0}: 🟢🟢 Consensus has decided on value height=15 round=0 value=a5a16cd71c31447e
2025-08-25T09:38:13.433381Z DEBUG node{moniker=app-0}:node{moniker=app-0}: 🎁 block size: 545, height: 15
2025-08-25T09:38:13.433386Z  INFO node{moniker=app-0}:node{moniker=app-0}: 👉 stats at height 15: #txs=0, txs/s=0.00, chain_bytes=8175, bytes/s=1293.37
2025-08-25T09:38:13.433389Z DEBUG node{moniker=app-0}:node{moniker=app-0}: 🦄 Block at height 15 contains 0 transactions
2025-08-25T09:38:13.435801Z DEBUG node{moniker=app-0}:node{moniker=app-0}: 💡 New block added at height 15 with hash: 0x6d4a75dfe6471474b08f073e88f7c57a34950a1dd4becfb8ef9ba5812ec6e95a
2025-08-25T09:38:13.435803Z DEBUG node{moniker=app-0}:node{moniker=app-0}: 🟠 set_latest_forkchoice_state: 0x6d4a75dfe6471474b08f073e88f7c57a34950a1dd4becfb8ef9ba5812ec6e95a
2025-08-25T09:38:13.436226Z DEBUG node{moniker=app-0}:node{moniker=app-0}: ➡️ payload_status: PayloadStatus { status: Valid, latest_valid_hash: Some(0x6d4a75dfe6471474b08f073e88f7c57a34950a1dd4becfb8ef9ba5812ec6e95a) }
2025-08-25T09:38:13.436229Z DEBUG node{moniker=app-0}:node{moniker=app-0}: 🚀 Forkchoice updated to height 15 for block hash=0x6d4a75dfe6471474b08f073e88f7c57a34950a1dd4becfb8ef9ba5812ec6e95a and latest_valid_hash=0x6d4a75dfe6471474b08f073e88f7c57a34950a1dd4becfb8ef9ba5812ec6e95a
2025-08-25T09:38:13.436230Z  INFO node{moniker=app-0}:node{moniker=app-0}: Looking for certificate height=15 round=0
2025-08-25T09:38:13.436598Z DEBUG node{moniker=app-0}:wal{height=15}: Flushed WAL to disk wal.entries=6 wal.size=1833
2025-08-25T09:38:13.436672Z DEBUG node{moniker=app-0}:network: Published message channel=/consensus size=111
2025-08-25T09:38:13.438628Z  INFO node{moniker=app-0}:node{moniker=app-0}: Committed block_data[0..32]: cab8a3db2f6d76fcfe982a35d0c848f04af203875a2e1e7092e90017339de25a
2025-08-25T09:38:13.463090Z DEBUG node{moniker=app-0}:wal{height=16}: Reset WAL height=16
2025-08-25T09:38:13.463125Z DEBUG node{moniker=app-0}:consensus{height=16 round=0}: No WAL entries to replay height=16
2025-08-25T09:38:13.463143Z  INFO node{moniker=app-0}:consensus{height=16 round=0}: Starting new height height=16
2025-08-25T09:38:13.463146Z  INFO node{moniker=app-0}:consensus{height=16 round=0}: Starting new round height=16 round=0 proposer=02CB1B49DA09615BD4A12212C39378556D990DFD role=None
2025-08-25T09:38:13.463159Z DEBUG node{moniker=app-0}:sync{height.tip=14 height.sync=15}: Starting new height height.tip=15 height.sync=16 restart=false
2025-08-25T09:38:13.463163Z DEBUG node{moniker=app-0}:sync{height.tip=14 height.sync=15}: No peer to request sync from height.sync=16
2025-08-25T09:38:13.466275Z DEBUG node{moniker=app-0}:wal{height=16}: Flushed WAL to disk wal.entries=0 wal.size=12
2025-08-25T09:38:13.466299Z DEBUG node{moniker=app-0}:node{moniker=app-0}: metis-test:consensus-chan recv!!! msg:StartedRound { height: Height(16), round: Some(0), proposer: Address(02CB1B49DA09615BD4A12212C39378556D990DFD), role: None, reply_value: Sender { inner: Some(Inner { state: State { is_complete: false, is_closed: false, is_rx_task_set: false, is_tx_task_set: false } }) } }
2025-08-25T09:38:13.466304Z  INFO node{moniker=app-0}:node{moniker=app-0}: 🟢🟢 Started round height=16 round=0 proposer=02CB1B49DA09615BD4A12212C39378556D990DFD role=None
2025-08-25T09:38:13.466310Z ERROR node{moniker=app-0}:consensus{height=16 round=0}: Error when processing effect: Messaging(RecvErr)
2025-08-25T09:38:13.466317Z DEBUG node{moniker=app-0}:consensus{height=16 round=0}: Transitioned to new step step.previous=Unstarted step.new=Propose
2025-08-25T09:38:13.466319Z  INFO node{moniker=app-0}:consensus{height=16 round=0}: Scheduling timeout round=0 step=Propose
2025-08-25T09:38:13.466323Z DEBUG node{moniker=app-0}:consensus{height=16 round=0}: Replaying inputs count=0
2025-08-25T09:38:13.495390Z DEBUG node{moniker=app-0}:node{moniker=app-0}: metis-test:consensus-chan recv!!! msg:ReceivedProposalPart { from: PeerId("12D3KooWR2Quwt2G6MyT6WQkUdfS8nHZu7XcPotkmbhuEoqc94oJ"), part: StreamMessage { stream_id: StreamId(b"\0\0\0\0\0\0\0\x10\0\0\0\0\0\0\0\x05"), sequence: 0, content: Data(Init(ProposalInit { height: Height(16), round: Some(0), proposer: Address(02CB1B49DA09615BD4A12212C39378556D990DFD) })) }, reply: Sender { inner: Some(Inner { state: State { is_complete: false, is_closed: false, is_rx_task_set: true, is_tx_task_set: false } }) } }
2025-08-25T09:38:13.495414Z  INFO node{moniker=app-0}:node{moniker=app-0}: Received proposal part from=12D3KooWR2Quwt2G6MyT6WQkUdfS8nHZu7XcPotkmbhuEoqc94oJ part.sequence=0 part.type=init part.size=28
2025-08-25T09:38:13.495732Z DEBUG node{moniker=app-0}:node{moniker=app-0}: metis-test:consensus-chan recv!!! msg:ReceivedProposalPart { from: PeerId("12D3KooWR2Quwt2G6MyT6WQkUdfS8nHZu7XcPotkmbhuEoqc94oJ"), part: StreamMessage { stream_id: StreamId(b"\0\0\0\0\0\0\0\x10\0\0\0\0\0\0\0\x05"), sequence: 1, content: Data(Data(ProposalData { bytes: "<...>", len: 545 })) }, reply: Sender { inner: Some(Inner { state: State { is_complete: false, is_closed: false, is_rx_task_set: true, is_tx_task_set: false } }) } }
2025-08-25T09:38:13.495743Z  INFO node{moniker=app-0}:node{moniker=app-0}: Received proposal part from=12D3KooWR2Quwt2G6MyT6WQkUdfS8nHZu7XcPotkmbhuEoqc94oJ part.sequence=1 part.type=data part.size=551
2025-08-25T09:38:13.495754Z DEBUG node{moniker=app-0}:node{moniker=app-0}: metis-test:consensus-chan recv!!! msg:ReceivedProposalPart { from: PeerId("12D3KooWR2Quwt2G6MyT6WQkUdfS8nHZu7XcPotkmbhuEoqc94oJ"), part: StreamMessage { stream_id: StreamId(b"\0\0\0\0\0\0\0\x10\0\0\0\0\0\0\0\x05"), sequence: 2, content: Data(Fin(ProposalFin { signature: Signature(Signature { R_bytes: "b0c9b03e41a74283906505e0e961edd8d0946f51f8fcda5dcab8ff0294d23666", s_bytes: "567f45d8fbfbdfc0ecef955c9cf31fea0daceb9f0d9cf87d525a43dc13be930c" }) })) }, reply: Sender { inner: Some(Inner { state: State { is_complete: false, is_closed: false, is_rx_task_set: true, is_tx_task_set: false } }) } }
2025-08-25T09:38:13.495761Z  INFO node{moniker=app-0}:node{moniker=app-0}: Received proposal part from=12D3KooWR2Quwt2G6MyT6WQkUdfS8nHZu7XcPotkmbhuEoqc94oJ part.sequence=2 part.type=fin part.size=70
2025-08-25T09:38:13.495766Z DEBUG node{moniker=app-0}:node{moniker=app-0}: metis-test:consensus-chan recv!!! msg:ReceivedProposalPart { from: PeerId("12D3KooWR2Quwt2G6MyT6WQkUdfS8nHZu7XcPotkmbhuEoqc94oJ"), part: StreamMessage { stream_id: StreamId(b"\0\0\0\0\0\0\0\x10\0\0\0\0\0\0\0\x05"), sequence: 3, content: Fin }, reply: Sender { inner: Some(Inner { state: State { is_complete: false, is_closed: false, is_rx_task_set: true, is_tx_task_set: false } }) } }
2025-08-25T09:38:13.495769Z  INFO node{moniker=app-0}:node{moniker=app-0}: Received proposal part from=12D3KooWR2Quwt2G6MyT6WQkUdfS8nHZu7XcPotkmbhuEoqc94oJ part.sequence=3 part.type=end of stream part.size=0
2025-08-25T09:38:13.495873Z  INFO node{moniker=app-0}:node{moniker=app-0}: Proposal data[0..32]: 6d4a75dfe6471474b08f073e88f7c57a34950a1dd4becfb8ef9ba5812ec6e95a, total_size: 545 bytes, id: 40744c0a1d06a1ab
2025-08-25T09:38:13.498730Z  INFO node{moniker=app-0}:consensus{height=16 round=0}: Received vote height=16 vote_height=16 address=02CB1B49DA09615BD4A12212C39378556D990DFD Prevote(height: 16, round: 0, value: 40744c0a1d06a1ab, from: 02CB1B49DA09615BD4A12212C39378556D990DFD)
2025-08-25T09:38:13.506324Z DEBUG node{moniker=app-0}:node{moniker=app-0}: ✅ Received complete proposal: ProposedValue { height: Height(16), round: Some(0), valid_round: Nil, proposer: Address(02CB1B49DA09615BD4A12212C39378556D990DFD), value: Value { value: 4644420722046181803, extensions: b"mJu\xdf\xe6G\x14t\xb0\x8f\x07>\x88\xf7\xc5z4\x95\n\x1d\xd4\xbe\xcf\xb8\xef\x9b\xa5\x81.\xc6\xe9Z********************\xec&\xdf\x94B\xc5\xd4\xa0\xa0\xccSH\xc9`\x11[C\xda\x08\xc7\xae\xf6\xbeNL\xcc_\x13l\xa8\x92\xa6V\xe8\x1f\x17\x1b\xccU\xa6\xff\x83E\xe6\x92\xc0\xf8n[H\xe0\x1b\x99l\xad\xc0\x01b/\xb5\xe3c\xb4!\0\0\0\0\0\0\0\0\0\0\0\0\0\0\0\0\0\0\0\0\0\0\0\0\0\0\0\0\0\0\0\0\0\0\0\0\0\0\0\0\0\0\0\0\0\0\0\0\0\0\0\0\0\0\0\0\0\0\0\0\0\0\0\0\0\0\0\0\0\0\0\0\0\0\0\0\0\0\0\0\0\0\0\0\0\0\0\0\0\0\0\0\0\0\0\0\0\0\0\0\0\0\0\0\0\0\0\0\0\0\0\0\0\0\0\0\0\0\0\0\0\0\0\0\0\0\0\0\0\0\0\0\0\0\0\0\0\0\0\0\0\0\0\0\0\0\0\0\0\0\0\0\0\0\0\0\0\0\0\0\0\0\0\0\0\0\0\0\0\0\0\0\0\0\0\0\0\0\0\0\0\0\0\0\0\0\0\0\0\0\0\0\0\0\0\0\0\0\0\0\0\0\0\0\0\0\0\0\0\0\0\0\0\0\0\0\0\0\0\0\0\0\0\0\0\0\0\0\0\0\0\0\0\0\0\0\0\0\0\0\0\0\0\0\0\0\0\0\0\0\0\0\0\0\0\0\0\0\0\0\0\0\0\0\0\0\0\0\0\0\0\0\0\0\0\0\0\0\0\0\0\0\0\0\0\0\0\0\x10\0\0\0\0\0\0\0\xee\xf7\xd0\x01\0\0\0\0\0\0\0\0\0\0\0\0\x13/\xach\0\0\0\0\x10\x02\0\0\x91\x8f\t\x07\0\0\0\0\0\0\0\0\0\0\0\0\0\0\0\0\0\0\0\0\0\0\0\0\0\0\0\0YpoM\x89\xd0j\x87\xa4\xa7\x03\x88\x82\xee4\xf0\xf4\x81\xb15\xd2\xcf\xd1\xfa~\xda\x87\xf1\x85\xad\xc7M!\x02\0\0!\x02\0\0\0\0\0\0\0\0\0\0\0\0\0\0\0\0\0\0reth/v1.4.1/linux" }, validity: Valid }
2025-08-25T09:38:13.506704Z DEBUG node{moniker=app-0}:wal{height=16}: Wrote log entry type=Consensus(Vote) entry.size=117 
2025-08-25T09:38:13.506888Z  INFO node{moniker=app-0}:consensus{height=16 round=0}: Received proposal consensus.height=16 proposal.height=16 proposal.round=0 proposer=02CB1B49DA09615BD4A12212C39378556D990DFD Proposal(height: 16, round: 0, pol_round: -1, value: 40744c0a1d06a1ab, from: 02CB1B49DA09615BD4A12212C39378556D990DFD)
2025-08-25T09:38:13.514081Z DEBUG node{moniker=app-0}:wal{height=16}: Wrote log entry type=Consensus(Proposal) entry.size=667 
2025-08-25T09:38:13.514181Z DEBUG node{moniker=app-0}:consensus{height=16 round=0}: No full proposal for this round yet, stored proposal for later proposal.height=16 proposal.round=0
2025-08-25T09:38:13.514201Z DEBUG node{moniker=app-0}:consensus{height=16 round=0}: We have a full proposal for this round, checking... proposal.height=16 proposal.round=0
2025-08-25T09:38:13.514209Z DEBUG node{moniker=app-0}:consensus{height=16 round=0}: Transitioned to new step step.previous=Propose step.new=Prevote
2025-08-25T09:38:13.518531Z  INFO node{moniker=app-0}:consensus{height=16 round=0}: Received vote height=16 vote_height=16 address=DE7BA2BE72D2225286133990FF5810B691A5261C Precommit(height: 16, round: 0, value: 40744c0a1d06a1ab, from: DE7BA2BE72D2225286133990FF5810B691A5261C)
2025-08-25T09:38:13.521283Z DEBUG node{moniker=app-0}:wal{height=16}: Wrote log entry type=Consensus(Vote) entry.size=119 
2025-08-25T09:38:13.521685Z  INFO node{moniker=app-0}:consensus{height=16 round=0}: Received vote height=16 vote_height=16 address=DE7BA2BE72D2225286133990FF5810B691A5261C Prevote(height: 16, round: 0, value: 40744c0a1d06a1ab, from: DE7BA2BE72D2225286133990FF5810B691A5261C)
2025-08-25T09:38:13.521773Z DEBUG node{moniker=app-0}:wal{height=16}: Wrote log entry type=Consensus(Vote) entry.size=117 
2025-08-25T09:38:13.521807Z DEBUG node{moniker=app-0}:consensus{height=16 round=0}: Transitioned to new step step.previous=Prevote step.new=Precommit
2025-08-25T09:38:13.525625Z  INFO node{moniker=app-0}:consensus{height=16 round=0}: Received vote height=16 vote_height=16 address=02CB1B49DA09615BD4A12212C39378556D990DFD Precommit(height: 16, round: 0, value: 40744c0a1d06a1ab, from: 02CB1B49DA09615BD4A12212C39378556D990DFD)
2025-08-25T09:38:13.525672Z DEBUG node{moniker=app-0}:wal{height=16}: Wrote log entry type=Consensus(Vote) entry.size=119 
2025-08-25T09:38:13.525719Z DEBUG node{moniker=app-0}:consensus{height=16 round=0}: Transitioned to new step step.previous=Precommit step.new=Commit
2025-08-25T09:38:13.525722Z  INFO node{moniker=app-0}:consensus{height=16 round=0}: Decided round=0 height=16 value=40744c0a1d06a1ab
2025-08-25T09:38:13.528221Z DEBUG node{moniker=app-0}:wal{height=16}: Flushed WAL to disk wal.entries=5 wal.size=1216
2025-08-25T09:38:13.528263Z DEBUG node{moniker=app-0}:sync{height.tip=15 height.sync=16}: Updating request state height.tip=16
2025-08-25T09:38:13.528268Z DEBUG node{moniker=app-0}:node{moniker=app-0}: metis-test:consensus-chan recv!!! msg:Decided { certificate: CommitCertificate { height: Height(16), round: Some(0), value_id: ValueId(4644420722046181803), commit_signatures: [CommitSignature { address: Address(02CB1B49DA09615BD4A12212C39378556D990DFD), signature: Signature(Signature { R_bytes: "91eaaa4cbf55ec406f7e5184c0f28c80dbcc20832675ab5b4d63feecd6aff11b", s_bytes: "d54450f02367932bbe00c51192870865aa4d898aa39c97fa60d1fce6f9fb540a" }) }, CommitSignature { address: Address(DE7BA2BE72D2225286133990FF5810B691A5261C), signature: Signature(Signature { R_bytes: "04f676a3b179f2ea884cee3f1db7e466178e06523cd5e4b4e1ff29b97525cdb5", s_bytes: "a120f5025dce088d445e06499381ad7d0ed5bee97ab8e69bb16bdfcbf692d20b" }) }] }, extensions: VoteExtensions { extensions: [] }, reply: Sender { inner: Some(Inner { state: State { is_complete: false, is_closed: false, is_rx_task_set: true, is_tx_task_set: false } }) } }
2025-08-25T09:38:13.528279Z  INFO node{moniker=app-0}:node{moniker=app-0}: 🟢🟢 Consensus has decided on value height=16 round=0 value=40744c0a1d06a1ab
2025-08-25T09:38:13.528309Z DEBUG node{moniker=app-0}:node{moniker=app-0}: 🎁 block size: 545, height: 16
2025-08-25T09:38:13.528313Z  INFO node{moniker=app-0}:node{moniker=app-0}: 👉 stats at height 16: #txs=0, txs/s=0.00, chain_bytes=8720, bytes/s=1359.18
2025-08-25T09:38:13.528316Z DEBUG node{moniker=app-0}:node{moniker=app-0}: 🦄 Block at height 16 contains 0 transactions
2025-08-25T09:38:13.529201Z DEBUG node{moniker=app-0}:node{moniker=app-0}: 💡 New block added at height 16 with hash: 0x59706f4d89d06a87a4a7038882ee34f0f481b135d2cfd1fa7eda87f185adc74d
2025-08-25T09:38:13.529204Z DEBUG node{moniker=app-0}:node{moniker=app-0}: 🟠 set_latest_forkchoice_state: 0x59706f4d89d06a87a4a7038882ee34f0f481b135d2cfd1fa7eda87f185adc74d
2025-08-25T09:38:13.529762Z DEBUG node{moniker=app-0}:node{moniker=app-0}: ➡️ payload_status: PayloadStatus { status: Valid, latest_valid_hash: Some(0x59706f4d89d06a87a4a7038882ee34f0f481b135d2cfd1fa7eda87f185adc74d) }
2025-08-25T09:38:13.529765Z DEBUG node{moniker=app-0}:node{moniker=app-0}: 🚀 Forkchoice updated to height 16 for block hash=0x59706f4d89d06a87a4a7038882ee34f0f481b135d2cfd1fa7eda87f185adc74d and latest_valid_hash=0x59706f4d89d06a87a4a7038882ee34f0f481b135d2cfd1fa7eda87f185adc74d
2025-08-25T09:38:13.529767Z  INFO node{moniker=app-0}:node{moniker=app-0}: Looking for certificate height=16 round=0
2025-08-25T09:38:13.536346Z  INFO node{moniker=app-0}:node{moniker=app-0}: Committed block_data[0..32]: 6d4a75dfe6471474b08f073e88f7c57a34950a1dd4becfb8ef9ba5812ec6e95a
2025-08-25T09:38:13.552228Z DEBUG node{moniker=app-0}:wal{height=17}: Reset WAL height=17
2025-08-25T09:38:13.552256Z DEBUG node{moniker=app-0}:consensus{height=17 round=0}: No WAL entries to replay height=17
2025-08-25T09:38:13.552276Z  INFO node{moniker=app-0}:consensus{height=17 round=0}: Starting new height height=17
2025-08-25T09:38:13.552279Z  INFO node{moniker=app-0}:consensus{height=17 round=0}: Starting new round height=17 round=0 proposer=02CB1B49DA09615BD4A12212C39378556D990DFD role=Validator
2025-08-25T09:38:13.552293Z DEBUG node{moniker=app-0}:sync{height.tip=15 height.sync=16}: Starting new height height.tip=16 height.sync=17 restart=false
2025-08-25T09:38:13.552297Z DEBUG node{moniker=app-0}:sync{height.tip=15 height.sync=16}: No peer to request sync from height.sync=17
2025-08-25T09:38:13.553552Z DEBUG node{moniker=app-0}:wal{height=17}: Flushed WAL to disk wal.entries=0 wal.size=12
2025-08-25T09:38:13.553587Z DEBUG node{moniker=app-0}:node{moniker=app-0}: metis-test:consensus-chan recv!!! msg:StartedRound { height: Height(17), round: Some(0), proposer: Address(02CB1B49DA09615BD4A12212C39378556D990DFD), role: Validator, reply_value: Sender { inner: Some(Inner { state: State { is_complete: false, is_closed: false, is_rx_task_set: false, is_tx_task_set: false } }) } }
2025-08-25T09:38:13.553593Z  INFO node{moniker=app-0}:node{moniker=app-0}: 🟢🟢 Started round height=17 round=0 proposer=02CB1B49DA09615BD4A12212C39378556D990DFD role=Validator
2025-08-25T09:38:13.553614Z ERROR node{moniker=app-0}:consensus{height=17 round=0}: Error when processing effect: Messaging(RecvErr)
2025-08-25T09:38:13.553626Z DEBUG node{moniker=app-0}:consensus{height=17 round=0}: Transitioned to new step step.previous=Unstarted step.new=Propose
2025-08-25T09:38:13.553629Z  INFO node{moniker=app-0}:consensus{height=17 round=0}: Scheduling timeout round=0 step=Propose
2025-08-25T09:38:13.553634Z DEBUG node{moniker=app-0}:consensus{height=17 round=0}: Replaying inputs count=0
2025-08-25T09:38:13.564892Z DEBUG node{moniker=app-0}:node{moniker=app-0}: metis-test:consensus-chan recv!!! msg:ReceivedProposalPart { from: PeerId("12D3KooWR2Quwt2G6MyT6WQkUdfS8nHZu7XcPotkmbhuEoqc94oJ"), part: StreamMessage { stream_id: StreamId(b"\0\0\0\0\0\0\0\x11\0\0\0\0\0\0\0\x06"), sequence: 0, content: Data(Init(ProposalInit { height: Height(17), round: Some(0), proposer: Address(02CB1B49DA09615BD4A12212C39378556D990DFD) })) }, reply: Sender { inner: Some(Inner { state: State { is_complete: false, is_closed: false, is_rx_task_set: true, is_tx_task_set: false } }) } }
2025-08-25T09:38:13.564911Z  INFO node{moniker=app-0}:node{moniker=app-0}: Received proposal part from=12D3KooWR2Quwt2G6MyT6WQkUdfS8nHZu7XcPotkmbhuEoqc94oJ part.sequence=0 part.type=init part.size=28
2025-08-25T09:38:13.565300Z DEBUG node{moniker=app-0}:node{moniker=app-0}: metis-test:consensus-chan recv!!! msg:ReceivedProposalPart { from: PeerId("12D3KooWR2Quwt2G6MyT6WQkUdfS8nHZu7XcPotkmbhuEoqc94oJ"), part: StreamMessage { stream_id: StreamId(b"\0\0\0\0\0\0\0\x11\0\0\0\0\0\0\0\x06"), sequence: 1, content: Data(Data(ProposalData { bytes: "<...>", len: 545 })) }, reply: Sender { inner: Some(Inner { state: State { is_complete: false, is_closed: false, is_rx_task_set: true, is_tx_task_set: false } }) } }
2025-08-25T09:38:13.565313Z  INFO node{moniker=app-0}:node{moniker=app-0}: Received proposal part from=12D3KooWR2Quwt2G6MyT6WQkUdfS8nHZu7XcPotkmbhuEoqc94oJ part.sequence=1 part.type=data part.size=551
2025-08-25T09:38:13.565325Z DEBUG node{moniker=app-0}:node{moniker=app-0}: metis-test:consensus-chan recv!!! msg:ReceivedProposalPart { from: PeerId("12D3KooWR2Quwt2G6MyT6WQkUdfS8nHZu7XcPotkmbhuEoqc94oJ"), part: StreamMessage { stream_id: StreamId(b"\0\0\0\0\0\0\0\x11\0\0\0\0\0\0\0\x06"), sequence: 2, content: Data(Fin(ProposalFin { signature: Signature(Signature { R_bytes: "76564b7f4aec60531757e4723bd1fd3a40e7176d2932b41e96b124672d1ec772", s_bytes: "0921e07849ac41040891121d949c41434dc998358962e273db1434913c9b6f0d" }) })) }, reply: Sender { inner: Some(Inner { state: State { is_complete: false, is_closed: false, is_rx_task_set: true, is_tx_task_set: false } }) } }
2025-08-25T09:38:13.565331Z  INFO node{moniker=app-0}:node{moniker=app-0}: Received proposal part from=12D3KooWR2Quwt2G6MyT6WQkUdfS8nHZu7XcPotkmbhuEoqc94oJ part.sequence=2 part.type=fin part.size=70
2025-08-25T09:38:13.565336Z DEBUG node{moniker=app-0}:node{moniker=app-0}: metis-test:consensus-chan recv!!! msg:ReceivedProposalPart { from: PeerId("12D3KooWR2Quwt2G6MyT6WQkUdfS8nHZu7XcPotkmbhuEoqc94oJ"), part: StreamMessage { stream_id: StreamId(b"\0\0\0\0\0\0\0\x11\0\0\0\0\0\0\0\x06"), sequence: 3, content: Fin }, reply: Sender { inner: Some(Inner { state: State { is_complete: false, is_closed: false, is_rx_task_set: true, is_tx_task_set: false } }) } }
2025-08-25T09:38:13.565340Z  INFO node{moniker=app-0}:node{moniker=app-0}: Received proposal part from=12D3KooWR2Quwt2G6MyT6WQkUdfS8nHZu7XcPotkmbhuEoqc94oJ part.sequence=3 part.type=end of stream part.size=0
2025-08-25T09:38:13.565418Z  INFO node{moniker=app-0}:node{moniker=app-0}: Proposal data[0..32]: 59706f4d89d06a87a4a7038882ee34f0f481b135d2cfd1fa7eda87f185adc74d, total_size: 545 bytes, id: b98acea53dd0e24f
2025-08-25T09:38:13.568637Z  INFO node{moniker=app-0}:consensus{height=17 round=0}: Received vote height=17 vote_height=17 address=02CB1B49DA09615BD4A12212C39378556D990DFD Prevote(height: 17, round: 0, value: b98acea53dd0e24f, from: 02CB1B49DA09615BD4A12212C39378556D990DFD)
2025-08-25T09:38:13.576245Z DEBUG node{moniker=app-0}:wal{height=17}: Wrote log entry type=Consensus(Vote) entry.size=118 
2025-08-25T09:38:13.576391Z  INFO node{moniker=app-0}:consensus{height=17 round=0}: Received proposal consensus.height=17 proposal.height=17 proposal.round=0 proposer=02CB1B49DA09615BD4A12212C39378556D990DFD Proposal(height: 17, round: 0, pol_round: -1, value: b98acea53dd0e24f, from: 02CB1B49DA09615BD4A12212C39378556D990DFD)
2025-08-25T09:38:13.579393Z DEBUG node{moniker=app-0}:wal{height=17}: Wrote log entry type=Consensus(Proposal) entry.size=668 
2025-08-25T09:38:13.579399Z DEBUG node{moniker=app-0}:node{moniker=app-0}: ✅ Received complete proposal: ProposedValue { height: Height(17), round: Some(0), valid_round: Nil, proposer: Address(02CB1B49DA09615BD4A12212C39378556D990DFD), value: Value { value: 13369725652904763983, extensions: b"YpoM\x89\xd0j\x87\xa4\xa7\x03\x88\x82\xee4\xf0\xf4\x81\xb15\xd2\xcf\xd1\xfa~\xda\x87\xf1\x85\xad\xc7M********************\xec&\xdf\x94B\xc5\xd4\xa0\xa0\xccSH\xc9`\x11[C\xda\x08\xc7\xae\xf6\xbeNL\xcc_\x13l\xa8\x92\xa6V\xe8\x1f\x17\x1b\xccU\xa6\xff\x83E\xe6\x92\xc0\xf8n[H\xe0\x1b\x99l\xad\xc0\x01b/\xb5\xe3c\xb4!\0\0\0\0\0\0\0\0\0\0\0\0\0\0\0\0\0\0\0\0\0\0\0\0\0\0\0\0\0\0\0\0\0\0\0\0\0\0\0\0\0\0\0\0\0\0\0\0\0\0\0\0\0\0\0\0\0\0\0\0\0\0\0\0\0\0\0\0\0\0\0\0\0\0\0\0\0\0\0\0\0\0\0\0\0\0\0\0\0\0\0\0\0\0\0\0\0\0\0\0\0\0\0\0\0\0\0\0\0\0\0\0\0\0\0\0\0\0\0\0\0\0\0\0\0\0\0\0\0\0\0\0\0\0\0\0\0\0\0\0\0\0\0\0\0\0\0\0\0\0\0\0\0\0\0\0\0\0\0\0\0\0\0\0\0\0\0\0\0\0\0\0\0\0\0\0\0\0\0\0\0\0\0\0\0\0\0\0\0\0\0\0\0\0\0\0\0\0\0\0\0\0\0\0\0\0\0\0\0\0\0\0\0\0\0\0\0\0\0\0\0\0\0\0\0\0\0\0\0\0\0\0\0\0\0\0\0\0\0\0\0\0\0\0\0\0\0\0\0\0\0\0\0\0\0\0\0\0\0\0\0\0\0\0\0\0\0\0\0\0\0\0\0\0\0\0\0\0\0\0\0\0\0\0\0\0\0\0\x11\0\0\0\0\0\0\0*l\xd1\x01\0\0\0\0\0\0\0\0\0\0\0\0\x14/\xach\0\0\0\0\x10\x02\0\0\x9f](\x06\0\0\0\0\0\0\0\0\0\0\0\0\0\0\0\0\0\0\0\0\0\0\0\0\0\0\0\0\x84X\xc8\xf5nff<T\xcfi\x98\xa8\xe4I\x7fT\x1e\"\x9e\xb6\xf3N\x14\x06\x9a\x17\x8e\xa3X\x8f4!\x02\0\0!\x02\0\0\0\0\0\0\0\0\0\0\0\0\0\0\0\0\0\0reth/v1.4.1/linux" }, validity: Valid }
2025-08-25T09:38:13.579477Z DEBUG node{moniker=app-0}:consensus{height=17 round=0}: No full proposal for this round yet, stored proposal for later proposal.height=17 proposal.round=0
2025-08-25T09:38:13.579510Z DEBUG node{moniker=app-0}:consensus{height=17 round=0}: We have a full proposal for this round, checking... proposal.height=17 proposal.round=0
2025-08-25T09:38:13.579527Z DEBUG node{moniker=app-0}:consensus{height=17 round=0}: Transitioned to new step step.previous=Propose step.new=Prevote
2025-08-25T09:38:13.579538Z  INFO node{moniker=app-0}:consensus{height=17 round=0}: Voting vote_type=Prevote value=b98acea53dd0e24f round=0
2025-08-25T09:38:13.579682Z  INFO node{moniker=app-0}:consensus{height=17 round=0}: Received vote height=17 vote_height=17 address=815F9FA61D7C4F1E4A9E30D40DCA1115BB48F759 Prevote(height: 17, round: 0, value: b98acea53dd0e24f, from: 815F9FA61D7C4F1E4A9E30D40DCA1115BB48F759)
2025-08-25T09:38:13.579761Z DEBUG node{moniker=app-0}:wal{height=17}: Wrote log entry type=Consensus(Vote) entry.size=118 
2025-08-25T09:38:13.579780Z DEBUG node{moniker=app-0}:consensus{height=17 round=0}: Transitioned to new step step.previous=Prevote step.new=Precommit
2025-08-25T09:38:13.579784Z  INFO node{moniker=app-0}:consensus{height=17 round=0}: Voting vote_type=Precommit value=b98acea53dd0e24f round=0
2025-08-25T09:38:13.579793Z DEBUG node{moniker=app-0}:node{moniker=app-0}: metis-test:consensus-chan recv!!! msg:ExtendVote { height: Height(17), round: Some(0), value_id: ValueId(13369725652904763983), reply: Sender { inner: Some(Inner { state: State { is_complete: false, is_closed: false, is_rx_task_set: true, is_tx_task_set: false } }) } }
2025-08-25T09:38:13.579872Z  INFO node{moniker=app-0}:consensus{height=17 round=0}: Received vote height=17 vote_height=17 address=815F9FA61D7C4F1E4A9E30D40DCA1115BB48F759 Precommit(height: 17, round: 0, value: b98acea53dd0e24f, from: 815F9FA61D7C4F1E4A9E30D40DCA1115BB48F759)
2025-08-25T09:38:13.579903Z DEBUG node{moniker=app-0}:wal{height=17}: Wrote log entry type=Consensus(Vote) entry.size=120 
2025-08-25T09:38:13.581617Z DEBUG node{moniker=app-0}:wal{height=17}: Flushed WAL to disk wal.entries=4 wal.size=1088
2025-08-25T09:38:13.581732Z DEBUG node{moniker=app-0}:network: Published message channel=/consensus size=111
2025-08-25T09:38:13.583286Z DEBUG node{moniker=app-0}:wal{height=17}: Flushed WAL to disk wal.entries=4 wal.size=1088
2025-08-25T09:38:13.583354Z DEBUG node{moniker=app-0}:network: Published message channel=/consensus size=109
2025-08-25T09:38:13.590190Z  INFO node{moniker=app-0}:consensus{height=17 round=0}: Received vote height=17 vote_height=17 address=02CB1B49DA09615BD4A12212C39378556D990DFD Precommit(height: 17, round: 0, value: b98acea53dd0e24f, from: 02CB1B49DA09615BD4A12212C39378556D990DFD)
2025-08-25T09:38:13.590282Z DEBUG node{moniker=app-0}:wal{height=17}: Wrote log entry type=Consensus(Vote) entry.size=120 
2025-08-25T09:38:13.590316Z DEBUG node{moniker=app-0}:consensus{height=17 round=0}: Transitioned to new step step.previous=Precommit step.new=Commit
2025-08-25T09:38:13.590321Z  INFO node{moniker=app-0}:consensus{height=17 round=0}: Decided round=0 height=17 value=b98acea53dd0e24f
2025-08-25T09:38:13.595220Z DEBUG node{moniker=app-0}:wal{height=17}: Flushed WAL to disk wal.entries=5 wal.size=1221
2025-08-25T09:38:13.595260Z DEBUG node{moniker=app-0}:sync{height.tip=16 height.sync=17}: Updating request state height.tip=17
2025-08-25T09:38:13.595267Z DEBUG node{moniker=app-0}:node{moniker=app-0}: metis-test:consensus-chan recv!!! msg:Decided { certificate: CommitCertificate { height: Height(17), round: Some(0), value_id: ValueId(13369725652904763983), commit_signatures: [CommitSignature { address: Address(02CB1B49DA09615BD4A12212C39378556D990DFD), signature: Signature(Signature { R_bytes: "0bc5a7917d26822b83df55f42a3199c5365ce8b268846b7a588e99cffdbf950c", s_bytes: "194cac1510906c3c0f17fc530c3758e03d83d50692956e9456549a5118d6be0f" }) }, CommitSignature { address: Address(815F9FA61D7C4F1E4A9E30D40DCA1115BB48F759), signature: Signature(Signature { R_bytes: "31d83d1c3f123c14f66778d915d9a70a60ca748ce3d7ae51d93b3cd14c1cc975", s_bytes: "22f3085225dd20f80ef65e865ebb3c1ce2e2c79753670ced67c5c647c9e31e04" }) }] }, extensions: VoteExtensions { extensions: [] }, reply: Sender { inner: Some(Inner { state: State { is_complete: false, is_closed: false, is_rx_task_set: true, is_tx_task_set: false } }) } }
2025-08-25T09:38:13.595277Z  INFO node{moniker=app-0}:node{moniker=app-0}: 🟢🟢 Consensus has decided on value height=17 round=0 value=b98acea53dd0e24f
2025-08-25T09:38:13.595306Z DEBUG node{moniker=app-0}:node{moniker=app-0}: 🎁 block size: 545, height: 17
2025-08-25T09:38:13.595311Z  INFO node{moniker=app-0}:node{moniker=app-0}: 👉 stats at height 17: #txs=0, txs/s=0.00, chain_bytes=9265, bytes/s=1429.20
2025-08-25T09:38:13.595313Z DEBUG node{moniker=app-0}:node{moniker=app-0}: 🦄 Block at height 17 contains 0 transactions
2025-08-25T09:38:13.595792Z DEBUG node{moniker=app-0}:node{moniker=app-0}: 💡 New block added at height 17 with hash: 0x8458c8f56e66663c54cf6998a8e4497f541e229eb6f34e14069a178ea3588f34
2025-08-25T09:38:13.595794Z DEBUG node{moniker=app-0}:node{moniker=app-0}: 🟠 set_latest_forkchoice_state: 0x8458c8f56e66663c54cf6998a8e4497f541e229eb6f34e14069a178ea3588f34
2025-08-25T09:38:13.596169Z DEBUG node{moniker=app-0}:node{moniker=app-0}: ➡️ payload_status: PayloadStatus { status: Valid, latest_valid_hash: Some(0x8458c8f56e66663c54cf6998a8e4497f541e229eb6f34e14069a178ea3588f34) }
2025-08-25T09:38:13.596173Z DEBUG node{moniker=app-0}:node{moniker=app-0}: 🚀 Forkchoice updated to height 17 for block hash=0x8458c8f56e66663c54cf6998a8e4497f541e229eb6f34e14069a178ea3588f34 and latest_valid_hash=0x8458c8f56e66663c54cf6998a8e4497f541e229eb6f34e14069a178ea3588f34
2025-08-25T09:38:13.596174Z  INFO node{moniker=app-0}:node{moniker=app-0}: Looking for certificate height=17 round=0
2025-08-25T09:38:13.600790Z  INFO node{moniker=app-0}:node{moniker=app-0}: Committed block_data[0..32]: 59706f4d89d06a87a4a7038882ee34f0f481b135d2cfd1fa7eda87f185adc74d
2025-08-25T09:38:13.613434Z DEBUG node{moniker=app-0}:wal{height=18}: Reset WAL height=18
2025-08-25T09:38:13.613486Z DEBUG node{moniker=app-0}:consensus{height=18 round=0}: No WAL entries to replay height=18
2025-08-25T09:38:13.613516Z  INFO node{moniker=app-0}:consensus{height=18 round=0}: Starting new height height=18
2025-08-25T09:38:13.613519Z  INFO node{moniker=app-0}:consensus{height=18 round=0}: Starting new round height=18 round=0 proposer=DE7BA2BE72D2225286133990FF5810B691A5261C role=Validator
2025-08-25T09:38:13.613532Z DEBUG node{moniker=app-0}:sync{height.tip=16 height.sync=17}: Starting new height height.tip=17 height.sync=18 restart=false
2025-08-25T09:38:13.613536Z DEBUG node{moniker=app-0}:sync{height.tip=16 height.sync=17}: No peer to request sync from height.sync=18
2025-08-25T09:38:13.616216Z DEBUG node{moniker=app-0}:wal{height=18}: Flushed WAL to disk wal.entries=0 wal.size=12
2025-08-25T09:38:13.616272Z DEBUG node{moniker=app-0}:node{moniker=app-0}: metis-test:consensus-chan recv!!! msg:StartedRound { height: Height(18), round: Some(0), proposer: Address(DE7BA2BE72D2225286133990FF5810B691A5261C), role: Validator, reply_value: Sender { inner: Some(Inner { state: State { is_complete: false, is_closed: false, is_rx_task_set: false, is_tx_task_set: false } }) } }
2025-08-25T09:38:13.616277Z  INFO node{moniker=app-0}:node{moniker=app-0}: 🟢🟢 Started round height=18 round=0 proposer=DE7BA2BE72D2225286133990FF5810B691A5261C role=Validator
2025-08-25T09:38:13.616284Z ERROR node{moniker=app-0}:consensus{height=18 round=0}: Error when processing effect: Messaging(RecvErr)
2025-08-25T09:38:13.616295Z DEBUG node{moniker=app-0}:consensus{height=18 round=0}: Transitioned to new step step.previous=Unstarted step.new=Propose
2025-08-25T09:38:13.616297Z  INFO node{moniker=app-0}:consensus{height=18 round=0}: Scheduling timeout round=0 step=Propose
2025-08-25T09:38:13.616302Z DEBUG node{moniker=app-0}:consensus{height=18 round=0}: Replaying inputs count=0
2025-08-25T09:38:13.623188Z DEBUG node{moniker=app-0}:node{moniker=app-0}: metis-test:consensus-chan recv!!! msg:ReceivedProposalPart { from: PeerId("12D3KooWEFmACkQS9HNWY86xGVM3LS7fRpQ8saTb5VdfdYCzuUvE"), part: StreamMessage { stream_id: StreamId(b"\0\0\0\0\0\0\0\x12\0\0\0\0\0\0\0\x05"), sequence: 0, content: Data(Init(ProposalInit { height: Height(18), round: Some(0), proposer: Address(DE7BA2BE72D2225286133990FF5810B691A5261C) })) }, reply: Sender { inner: Some(Inner { state: State { is_complete: false, is_closed: false, is_rx_task_set: true, is_tx_task_set: false } }) } }
2025-08-25T09:38:13.623242Z  INFO node{moniker=app-0}:node{moniker=app-0}: Received proposal part from=12D3KooWEFmACkQS9HNWY86xGVM3LS7fRpQ8saTb5VdfdYCzuUvE part.sequence=0 part.type=init part.size=28
2025-08-25T09:38:13.623536Z DEBUG node{moniker=app-0}:node{moniker=app-0}: metis-test:consensus-chan recv!!! msg:ReceivedProposalPart { from: PeerId("12D3KooWEFmACkQS9HNWY86xGVM3LS7fRpQ8saTb5VdfdYCzuUvE"), part: StreamMessage { stream_id: StreamId(b"\0\0\0\0\0\0\0\x12\0\0\0\0\0\0\0\x05"), sequence: 1, content: Data(Data(ProposalData { bytes: "<...>", len: 545 })) }, reply: Sender { inner: Some(Inner { state: State { is_complete: false, is_closed: false, is_rx_task_set: true, is_tx_task_set: false } }) } }
2025-08-25T09:38:13.623545Z  INFO node{moniker=app-0}:node{moniker=app-0}: Received proposal part from=12D3KooWEFmACkQS9HNWY86xGVM3LS7fRpQ8saTb5VdfdYCzuUvE part.sequence=1 part.type=data part.size=551
2025-08-25T09:38:13.623552Z DEBUG node{moniker=app-0}:node{moniker=app-0}: metis-test:consensus-chan recv!!! msg:ReceivedProposalPart { from: PeerId("12D3KooWEFmACkQS9HNWY86xGVM3LS7fRpQ8saTb5VdfdYCzuUvE"), part: StreamMessage { stream_id: StreamId(b"\0\0\0\0\0\0\0\x12\0\0\0\0\0\0\0\x05"), sequence: 2, content: Data(Fin(ProposalFin { signature: Signature(Signature { R_bytes: "886a0a2d816b3f96e7ab68c86a9713cc7fa0ebd51ffb57fcc4c0ba471d112d0d", s_bytes: "d7f389cee3a57a6a7eb2676b92f421d8258015cbf310e1579f5ed9beb803ee05" }) })) }, reply: Sender { inner: Some(Inner { state: State { is_complete: false, is_closed: false, is_rx_task_set: true, is_tx_task_set: false } }) } }
2025-08-25T09:38:13.623560Z  INFO node{moniker=app-0}:node{moniker=app-0}: Received proposal part from=12D3KooWEFmACkQS9HNWY86xGVM3LS7fRpQ8saTb5VdfdYCzuUvE part.sequence=2 part.type=fin part.size=70
2025-08-25T09:38:13.623565Z DEBUG node{moniker=app-0}:node{moniker=app-0}: metis-test:consensus-chan recv!!! msg:ReceivedProposalPart { from: PeerId("12D3KooWEFmACkQS9HNWY86xGVM3LS7fRpQ8saTb5VdfdYCzuUvE"), part: StreamMessage { stream_id: StreamId(b"\0\0\0\0\0\0\0\x12\0\0\0\0\0\0\0\x05"), sequence: 3, content: Fin }, reply: Sender { inner: Some(Inner { state: State { is_complete: false, is_closed: false, is_rx_task_set: true, is_tx_task_set: false } }) } }
2025-08-25T09:38:13.623569Z  INFO node{moniker=app-0}:node{moniker=app-0}: Received proposal part from=12D3KooWEFmACkQS9HNWY86xGVM3LS7fRpQ8saTb5VdfdYCzuUvE part.sequence=3 part.type=end of stream part.size=0
2025-08-25T09:38:13.623887Z  INFO node{moniker=app-0}:node{moniker=app-0}: Proposal data[0..32]: 8458c8f56e66663c54cf6998a8e4497f541e229eb6f34e14069a178ea3588f34, total_size: 545 bytes, id: 78cf0ecc3144bc7e
2025-08-25T09:38:13.631106Z  INFO node{moniker=app-0}:consensus{height=18 round=0}: Received vote height=18 vote_height=18 address=DE7BA2BE72D2225286133990FF5810B691A5261C Prevote(height: 18, round: 0, value: 78cf0ecc3144bc7e, from: DE7BA2BE72D2225286133990FF5810B691A5261C)
2025-08-25T09:38:13.632087Z DEBUG node{moniker=app-0}:wal{height=18}: Wrote log entry type=Consensus(Vote) entry.size=117 
2025-08-25T09:38:13.632778Z  INFO node{moniker=app-0}:consensus{height=18 round=0}: Received proposal consensus.height=18 proposal.height=18 proposal.round=0 proposer=DE7BA2BE72D2225286133990FF5810B691A5261C Proposal(height: 18, round: 0, pol_round: -1, value: 78cf0ecc3144bc7e, from: DE7BA2BE72D2225286133990FF5810B691A5261C)
2025-08-25T09:38:13.632899Z DEBUG node{moniker=app-0}:wal{height=18}: Wrote log entry type=Consensus(Proposal) entry.size=667 
2025-08-25T09:38:13.633032Z DEBUG node{moniker=app-0}:consensus{height=18 round=0}: No full proposal for this round yet, stored proposal for later proposal.height=18 proposal.round=0
2025-08-25T09:38:13.635294Z DEBUG node{moniker=app-0}:node{moniker=app-0}: ✅ Received complete proposal: ProposedValue { height: Height(18), round: Some(0), valid_round: Nil, proposer: Address(DE7BA2BE72D2225286133990FF5810B691A5261C), value: Value { value: 8705192874893163646, extensions: b"\x84X\xc8\xf5nff<T\xcfi\x98\xa8\xe4I\x7fT\x1e\"\x9e\xb6\xf3N\x14\x06\x9a\x17\x8e\xa3X\x8f4********************\xec&\xdf\x94B\xc5\xd4\xa0\xa0\xccSH\xc9`\x11[C\xda\x08\xc7\xae\xf6\xbeNL\xcc_\x13l\xa8\x92\xa6V\xe8\x1f\x17\x1b\xccU\xa6\xff\x83E\xe6\x92\xc0\xf8n[H\xe0\x1b\x99l\xad\xc0\x01b/\xb5\xe3c\xb4!\0\0\0\0\0\0\0\0\0\0\0\0\0\0\0\0\0\0\0\0\0\0\0\0\0\0\0\0\0\0\0\0\0\0\0\0\0\0\0\0\0\0\0\0\0\0\0\0\0\0\0\0\0\0\0\0\0\0\0\0\0\0\0\0\0\0\0\0\0\0\0\0\0\0\0\0\0\0\0\0\0\0\0\0\0\0\0\0\0\0\0\0\0\0\0\0\0\0\0\0\0\0\0\0\0\0\0\0\0\0\0\0\0\0\0\0\0\0\0\0\0\0\0\0\0\0\0\0\0\0\0\0\0\0\0\0\0\0\0\0\0\0\0\0\0\0\0\0\0\0\0\0\0\0\0\0\0\0\0\0\0\0\0\0\0\0\0\0\0\0\0\0\0\0\0\0\0\0\0\0\0\0\0\0\0\0\0\0\0\0\0\0\0\0\0\0\0\0\0\0\0\0\0\0\0\0\0\0\0\0\0\0\0\0\0\0\0\0\0\0\0\0\0\0\0\0\0\0\0\0\0\0\0\0\0\0\0\0\0\0\0\0\0\0\0\0\0\0\0\0\0\0\0\0\0\0\0\0\0\0\0\0\0\0\0\0\0\0\0\0\0\0\0\0\0\0\0\0\0\0\0\0\0\0\0\0\0\0\x12\0\0\0\0\0\0\0\x84\xe0\xd1\x01\0\0\0\0\0\0\0\0\0\0\0\0\x15/\xach\0\0\0\0\x10\x02\0\0\xecQc\x05\0\0\0\0\0\0\0\0\0\0\0\0\0\0\0\0\0\0\0\0\0\0\0\0\0\0\0\0`?S\x14\0_\x1d%BG=\xd69\nn\xba\x0e\xd6r\xb2\xa7\xd1.\xd7\xc25\x95\xd7(G\x8b\xde!\x02\0\0!\x02\0\0\0\0\0\0\0\0\0\0\0\0\0\0\0\0\0\0reth/v1.4.1/linux" }, validity: Valid }
2025-08-25T09:38:13.635324Z DEBUG node{moniker=app-0}:consensus{height=18 round=0}: We have a full proposal for this round, checking... proposal.height=18 proposal.round=0
2025-08-25T09:38:13.635332Z DEBUG node{moniker=app-0}:consensus{height=18 round=0}: Transitioned to new step step.previous=Propose step.new=Prevote
2025-08-25T09:38:13.635344Z  INFO node{moniker=app-0}:consensus{height=18 round=0}: Voting vote_type=Prevote value=78cf0ecc3144bc7e round=0
2025-08-25T09:38:13.635421Z  INFO node{moniker=app-0}:consensus{height=18 round=0}: Received vote height=18 vote_height=18 address=815F9FA61D7C4F1E4A9E30D40DCA1115BB48F759 Prevote(height: 18, round: 0, value: 78cf0ecc3144bc7e, from: 815F9FA61D7C4F1E4A9E30D40DCA1115BB48F759)
2025-08-25T09:38:13.635484Z DEBUG node{moniker=app-0}:wal{height=18}: Wrote log entry type=Consensus(Vote) entry.size=117 
2025-08-25T09:38:13.635499Z DEBUG node{moniker=app-0}:consensus{height=18 round=0}: Transitioned to new step step.previous=Prevote step.new=Precommit
2025-08-25T09:38:13.635502Z  INFO node{moniker=app-0}:consensus{height=18 round=0}: Voting vote_type=Precommit value=78cf0ecc3144bc7e round=0
2025-08-25T09:38:13.635510Z DEBUG node{moniker=app-0}:node{moniker=app-0}: metis-test:consensus-chan recv!!! msg:ExtendVote { height: Height(18), round: Some(0), value_id: ValueId(8705192874893163646), reply: Sender { inner: Some(Inner { state: State { is_complete: false, is_closed: false, is_rx_task_set: true, is_tx_task_set: false } }) } }
2025-08-25T09:38:13.635582Z  INFO node{moniker=app-0}:consensus{height=18 round=0}: Received vote height=18 vote_height=18 address=815F9FA61D7C4F1E4A9E30D40DCA1115BB48F759 Precommit(height: 18, round: 0, value: 78cf0ecc3144bc7e, from: 815F9FA61D7C4F1E4A9E30D40DCA1115BB48F759)
2025-08-25T09:38:13.635669Z DEBUG node{moniker=app-0}:wal{height=18}: Wrote log entry type=Consensus(Vote) entry.size=119 
2025-08-25T09:38:13.638432Z DEBUG node{moniker=app-0}:wal{height=18}: Flushed WAL to disk wal.entries=4 wal.size=1084
2025-08-25T09:38:13.638529Z DEBUG node{moniker=app-0}:network: Published message channel=/consensus size=110
2025-08-25T09:38:13.641176Z DEBUG node{moniker=app-0}:wal{height=18}: Flushed WAL to disk wal.entries=4 wal.size=1084
2025-08-25T09:38:13.641254Z DEBUG node{moniker=app-0}:network: Published message channel=/consensus size=108
2025-08-25T09:38:13.647222Z  INFO node{moniker=app-0}:consensus{height=18 round=0}: Received vote height=18 vote_height=18 address=DE7BA2BE72D2225286133990FF5810B691A5261C Precommit(height: 18, round: 0, value: 78cf0ecc3144bc7e, from: DE7BA2BE72D2225286133990FF5810B691A5261C)
2025-08-25T09:38:13.647312Z DEBUG node{moniker=app-0}:wal{height=18}: Wrote log entry type=Consensus(Vote) entry.size=119 
2025-08-25T09:38:13.647371Z DEBUG node{moniker=app-0}:consensus{height=18 round=0}: Transitioned to new step step.previous=Precommit step.new=Commit
2025-08-25T09:38:13.647384Z  INFO node{moniker=app-0}:consensus{height=18 round=0}: Decided round=0 height=18 value=78cf0ecc3144bc7e
2025-08-25T09:38:13.653675Z DEBUG node{moniker=app-0}:wal{height=18}: Flushed WAL to disk wal.entries=5 wal.size=1216
2025-08-25T09:38:13.653725Z DEBUG node{moniker=app-0}:sync{height.tip=17 height.sync=18}: Updating request state height.tip=18
2025-08-25T09:38:13.653732Z DEBUG node{moniker=app-0}:node{moniker=app-0}: metis-test:consensus-chan recv!!! msg:Decided { certificate: CommitCertificate { height: Height(18), round: Some(0), value_id: ValueId(8705192874893163646), commit_signatures: [CommitSignature { address: Address(815F9FA61D7C4F1E4A9E30D40DCA1115BB48F759), signature: Signature(Signature { R_bytes: "62a72e61d3184492cff61ea20b00fe258638e042f3f74b971067ae2a110154a5", s_bytes: "899779ddebfb20d75719566e082f1f1a366a7c6b7ca23ee47a8326c346f3df01" }) }, CommitSignature { address: Address(DE7BA2BE72D2225286133990FF5810B691A5261C), signature: Signature(Signature { R_bytes: "1cc3a45c70ef21887cf4549cc6f3283732830e27c754868f65ecd5ac739fcce7", s_bytes: "ad0a717cb5a522e0872d82592d67a3e2b8cd3403a3523608524eca773f191109" }) }] }, extensions: VoteExtensions { extensions: [] }, reply: Sender { inner: Some(Inner { state: State { is_complete: false, is_closed: false, is_rx_task_set: true, is_tx_task_set: false } }) } }
2025-08-25T09:38:13.653742Z  INFO node{moniker=app-0}:node{moniker=app-0}: 🟢🟢 Consensus has decided on value height=18 round=0 value=78cf0ecc3144bc7e
2025-08-25T09:38:13.653771Z DEBUG node{moniker=app-0}:node{moniker=app-0}: 🎁 block size: 545, height: 18
2025-08-25T09:38:13.653777Z  INFO node{moniker=app-0}:node{moniker=app-0}: 👉 stats at height 18: #txs=0, txs/s=0.00, chain_bytes=9810, bytes/s=1499.75
2025-08-25T09:38:13.653779Z DEBUG node{moniker=app-0}:node{moniker=app-0}: 🦄 Block at height 18 contains 0 transactions
2025-08-25T09:38:13.654501Z DEBUG node{moniker=app-0}:node{moniker=app-0}: 💡 New block added at height 18 with hash: 0x603f5314005f1d2542473dd6390a6eba0ed672b2a7d12ed7c23595d728478bde
2025-08-25T09:38:13.654504Z DEBUG node{moniker=app-0}:node{moniker=app-0}: 🟠 set_latest_forkchoice_state: 0x603f5314005f1d2542473dd6390a6eba0ed672b2a7d12ed7c23595d728478bde
2025-08-25T09:38:13.655894Z DEBUG node{moniker=app-0}:node{moniker=app-0}: ➡️ payload_status: PayloadStatus { status: Valid, latest_valid_hash: Some(0x603f5314005f1d2542473dd6390a6eba0ed672b2a7d12ed7c23595d728478bde) }
2025-08-25T09:38:13.655898Z DEBUG node{moniker=app-0}:node{moniker=app-0}: 🚀 Forkchoice updated to height 18 for block hash=0x603f5314005f1d2542473dd6390a6eba0ed672b2a7d12ed7c23595d728478bde and latest_valid_hash=0x603f5314005f1d2542473dd6390a6eba0ed672b2a7d12ed7c23595d728478bde
2025-08-25T09:38:13.655899Z  INFO node{moniker=app-0}:node{moniker=app-0}: Looking for certificate height=18 round=0
2025-08-25T09:38:13.668369Z  INFO node{moniker=app-0}:node{moniker=app-0}: Committed block_data[0..32]: 8458c8f56e66663c54cf6998a8e4497f541e229eb6f34e14069a178ea3588f34
2025-08-25T09:38:13.696194Z DEBUG node{moniker=app-0}:wal{height=19}: Reset WAL height=19
2025-08-25T09:38:13.696263Z DEBUG node{moniker=app-0}:consensus{height=19 round=0}: No WAL entries to replay height=19
2025-08-25T09:38:13.696326Z  INFO node{moniker=app-0}:consensus{height=19 round=0}: Starting new height height=19
2025-08-25T09:38:13.696333Z  INFO node{moniker=app-0}:consensus{height=19 round=0}: Starting new round height=19 round=0 proposer=DE7BA2BE72D2225286133990FF5810B691A5261C role=None
2025-08-25T09:38:13.696358Z DEBUG node{moniker=app-0}:sync{height.tip=17 height.sync=18}: Starting new height height.tip=18 height.sync=19 restart=false
2025-08-25T09:38:13.696362Z DEBUG node{moniker=app-0}:sync{height.tip=17 height.sync=18}: No peer to request sync from height.sync=19
2025-08-25T09:38:13.699655Z DEBUG node{moniker=app-0}:wal{height=19}: Flushed WAL to disk wal.entries=0 wal.size=12
2025-08-25T09:38:13.699699Z DEBUG node{moniker=app-0}:node{moniker=app-0}: metis-test:consensus-chan recv!!! msg:StartedRound { height: Height(19), round: Some(0), proposer: Address(DE7BA2BE72D2225286133990FF5810B691A5261C), role: None, reply_value: Sender { inner: Some(Inner { state: State { is_complete: false, is_closed: false, is_rx_task_set: false, is_tx_task_set: false } }) } }
2025-08-25T09:38:13.699705Z  INFO node{moniker=app-0}:node{moniker=app-0}: 🟢🟢 Started round height=19 round=0 proposer=DE7BA2BE72D2225286133990FF5810B691A5261C role=None
2025-08-25T09:38:13.699712Z ERROR node{moniker=app-0}:consensus{height=19 round=0}: Error when processing effect: Messaging(RecvErr)
2025-08-25T09:38:13.699722Z DEBUG node{moniker=app-0}:consensus{height=19 round=0}: Transitioned to new step step.previous=Unstarted step.new=Propose
2025-08-25T09:38:13.699726Z  INFO node{moniker=app-0}:consensus{height=19 round=0}: Scheduling timeout round=0 step=Propose
2025-08-25T09:38:13.699730Z DEBUG node{moniker=app-0}:consensus{height=19 round=0}: Replaying inputs count=0
2025-08-25T09:38:13.706186Z DEBUG node{moniker=app-0}:node{moniker=app-0}: metis-test:consensus-chan recv!!! msg:ReceivedProposalPart { from: PeerId("12D3KooWEFmACkQS9HNWY86xGVM3LS7fRpQ8saTb5VdfdYCzuUvE"), part: StreamMessage { stream_id: StreamId(b"\0\0\0\0\0\0\0\x13\0\0\0\0\0\0\0\x06"), sequence: 0, content: Data(Init(ProposalInit { height: Height(19), round: Some(0), proposer: Address(DE7BA2BE72D2225286133990FF5810B691A5261C) })) }, reply: Sender { inner: Some(Inner { state: State { is_complete: false, is_closed: false, is_rx_task_set: true, is_tx_task_set: false } }) } }
2025-08-25T09:38:13.706204Z  INFO node{moniker=app-0}:node{moniker=app-0}: Received proposal part from=12D3KooWEFmACkQS9HNWY86xGVM3LS7fRpQ8saTb5VdfdYCzuUvE part.sequence=0 part.type=init part.size=28
2025-08-25T09:38:13.706470Z DEBUG node{moniker=app-0}:node{moniker=app-0}: metis-test:consensus-chan recv!!! msg:ReceivedProposalPart { from: PeerId("12D3KooWEFmACkQS9HNWY86xGVM3LS7fRpQ8saTb5VdfdYCzuUvE"), part: StreamMessage { stream_id: StreamId(b"\0\0\0\0\0\0\0\x13\0\0\0\0\0\0\0\x06"), sequence: 1, content: Data(Data(ProposalData { bytes: "<...>", len: 545 })) }, reply: Sender { inner: Some(Inner { state: State { is_complete: false, is_closed: false, is_rx_task_set: true, is_tx_task_set: false } }) } }
2025-08-25T09:38:13.706477Z  INFO node{moniker=app-0}:node{moniker=app-0}: Received proposal part from=12D3KooWEFmACkQS9HNWY86xGVM3LS7fRpQ8saTb5VdfdYCzuUvE part.sequence=1 part.type=data part.size=551
2025-08-25T09:38:13.706483Z DEBUG node{moniker=app-0}:node{moniker=app-0}: metis-test:consensus-chan recv!!! msg:ReceivedProposalPart { from: PeerId("12D3KooWEFmACkQS9HNWY86xGVM3LS7fRpQ8saTb5VdfdYCzuUvE"), part: StreamMessage { stream_id: StreamId(b"\0\0\0\0\0\0\0\x13\0\0\0\0\0\0\0\x06"), sequence: 2, content: Data(Fin(ProposalFin { signature: Signature(Signature { R_bytes: "ba0e0f0ad01c0fc5ff7961af5fe1c6cd867969ae88c43dca89153b49719616ee", s_bytes: "0f4014d0b2665a51d9825b10afbc3ef0fe2b359a98f2f86edad57f89200ee300" }) })) }, reply: Sender { inner: Some(Inner { state: State { is_complete: false, is_closed: false, is_rx_task_set: true, is_tx_task_set: false } }) } }
2025-08-25T09:38:13.706489Z  INFO node{moniker=app-0}:node{moniker=app-0}: Received proposal part from=12D3KooWEFmACkQS9HNWY86xGVM3LS7fRpQ8saTb5VdfdYCzuUvE part.sequence=2 part.type=fin part.size=70
2025-08-25T09:38:13.706589Z DEBUG node{moniker=app-0}:node{moniker=app-0}: metis-test:consensus-chan recv!!! msg:ReceivedProposalPart { from: PeerId("12D3KooWEFmACkQS9HNWY86xGVM3LS7fRpQ8saTb5VdfdYCzuUvE"), part: StreamMessage { stream_id: StreamId(b"\0\0\0\0\0\0\0\x13\0\0\0\0\0\0\0\x06"), sequence: 3, content: Fin }, reply: Sender { inner: Some(Inner { state: State { is_complete: false, is_closed: false, is_rx_task_set: true, is_tx_task_set: false } }) } }
2025-08-25T09:38:13.706594Z  INFO node{moniker=app-0}:node{moniker=app-0}: Received proposal part from=12D3KooWEFmACkQS9HNWY86xGVM3LS7fRpQ8saTb5VdfdYCzuUvE part.sequence=3 part.type=end of stream part.size=0
2025-08-25T09:38:13.706656Z  INFO node{moniker=app-0}:node{moniker=app-0}: Proposal data[0..32]: 603f5314005f1d2542473dd6390a6eba0ed672b2a7d12ed7c23595d728478bde, total_size: 545 bytes, id: 75673974a618c3f3
2025-08-25T09:38:13.710658Z  INFO node{moniker=app-0}:consensus{height=19 round=0}: Received vote height=19 vote_height=19 address=DE7BA2BE72D2225286133990FF5810B691A5261C Prevote(height: 19, round: 0, value: 75673974a618c3f3, from: DE7BA2BE72D2225286133990FF5810B691A5261C)
2025-08-25T09:38:13.717910Z DEBUG node{moniker=app-0}:node{moniker=app-0}: ✅ Received complete proposal: ProposedValue { height: Height(19), round: Some(0), valid_round: Nil, proposer: Address(DE7BA2BE72D2225286133990FF5810B691A5261C), value: Value { value: 8459793598204396531, extensions: b"`?S\x14\0_\x1d%BG=\xd69\nn\xba\x0e\xd6r\xb2\xa7\xd1.\xd7\xc25\x95\xd7(G\x8b\xde********************\xec&\xdf\x94B\xc5\xd4\xa0\xa0\xccSH\xc9`\x11[C\xda\x08\xc7\xae\xf6\xbeNL\xcc_\x13l\xa8\x92\xa6V\xe8\x1f\x17\x1b\xccU\xa6\xff\x83E\xe6\x92\xc0\xf8n[H\xe0\x1b\x99l\xad\xc0\x01b/\xb5\xe3c\xb4!\0\0\0\0\0\0\0\0\0\0\0\0\0\0\0\0\0\0\0\0\0\0\0\0\0\0\0\0\0\0\0\0\0\0\0\0\0\0\0\0\0\0\0\0\0\0\0\0\0\0\0\0\0\0\0\0\0\0\0\0\0\0\0\0\0\0\0\0\0\0\0\0\0\0\0\0\0\0\0\0\0\0\0\0\0\0\0\0\0\0\0\0\0\0\0\0\0\0\0\0\0\0\0\0\0\0\0\0\0\0\0\0\0\0\0\0\0\0\0\0\0\0\0\0\0\0\0\0\0\0\0\0\0\0\0\0\0\0\0\0\0\0\0\0\0\0\0\0\0\0\0\0\0\0\0\0\0\0\0\0\0\0\0\0\0\0\0\0\0\0\0\0\0\0\0\0\0\0\0\0\0\0\0\0\0\0\0\0\0\0\0\0\0\0\0\0\0\0\0\0\0\0\0\0\0\0\0\0\0\0\0\0\0\0\0\0\0\0\0\0\0\0\0\0\0\0\0\0\0\0\0\0\0\0\0\0\0\0\0\0\0\0\0\0\0\0\0\0\0\0\0\0\0\0\0\0\0\0\0\0\0\0\0\0\0\0\0\0\0\0\0\0\0\0\0\0\0\0\0\0\0\0\0\0\0\0\0\0\x13\0\0\0\0\0\0\0\xfbT\xd2\x01\0\0\0\0\0\0\0\0\0\0\0\0\x16/\xach\0\0\0\0\x10\x02\0\0\xaf\xe7\xb6\x04\0\0\0\0\0\0\0\0\0\0\0\0\0\0\0\0\0\0\0\0\0\0\0\0\0\0\0\0B\x0c\0\xfb&\xa3\x07\x1b\x86\xd9oc9\xd8\xda\"\xba1\x85\x8b\xb9G>\xdfq\x88\xb6\x1e_\xec\xfb\xe3!\x02\0\0!\x02\0\0\0\0\0\0\0\0\0\0\0\0\0\0\0\0\0\0reth/v1.4.1/linux" }, validity: Valid }
2025-08-25T09:38:13.718111Z DEBUG node{moniker=app-0}:wal{height=19}: Wrote log entry type=Consensus(Vote) entry.size=117 
2025-08-25T09:38:13.718834Z  INFO node{moniker=app-0}:consensus{height=19 round=0}: Received proposal consensus.height=19 proposal.height=19 proposal.round=0 proposer=DE7BA2BE72D2225286133990FF5810B691A5261C Proposal(height: 19, round: 0, pol_round: -1, value: 75673974a618c3f3, from: DE7BA2BE72D2225286133990FF5810B691A5261C)
2025-08-25T09:38:13.721201Z DEBUG node{moniker=app-0}:wal{height=19}: Wrote log entry type=Consensus(Proposal) entry.size=667 
2025-08-25T09:38:13.721255Z DEBUG node{moniker=app-0}:consensus{height=19 round=0}: No full proposal for this round yet, stored proposal for later proposal.height=19 proposal.round=0
2025-08-25T09:38:13.721272Z DEBUG node{moniker=app-0}:consensus{height=19 round=0}: We have a full proposal for this round, checking... proposal.height=19 proposal.round=0
2025-08-25T09:38:13.721280Z DEBUG node{moniker=app-0}:consensus{height=19 round=0}: Transitioned to new step step.previous=Propose step.new=Prevote
2025-08-25T09:38:13.726380Z  INFO node{moniker=app-0}:consensus{height=19 round=0}: Received vote height=19 vote_height=19 address=02CB1B49DA09615BD4A12212C39378556D990DFD Precommit(height: 19, round: 0, value: 75673974a618c3f3, from: 02CB1B49DA09615BD4A12212C39378556D990DFD)
2025-08-25T09:38:13.726557Z DEBUG node{moniker=app-0}:wal{height=19}: Wrote log entry type=Consensus(Vote) entry.size=119 
2025-08-25T09:38:13.729097Z  INFO node{moniker=app-0}:consensus{height=19 round=0}: Received vote height=19 vote_height=19 address=02CB1B49DA09615BD4A12212C39378556D990DFD Prevote(height: 19, round: 0, value: 75673974a618c3f3, from: 02CB1B49DA09615BD4A12212C39378556D990DFD)
2025-08-25T09:38:13.729256Z DEBUG node{moniker=app-0}:wal{height=19}: Wrote log entry type=Consensus(Vote) entry.size=117 
2025-08-25T09:38:13.731037Z DEBUG node{moniker=app-0}:consensus{height=19 round=0}: Transitioned to new step step.previous=Prevote step.new=Precommit
2025-08-25T09:38:13.742300Z  INFO node{moniker=app-0}:consensus{height=19 round=0}: Received vote height=19 vote_height=19 address=DE7BA2BE72D2225286133990FF5810B691A5261C Precommit(height: 19, round: 0, value: 75673974a618c3f3, from: DE7BA2BE72D2225286133990FF5810B691A5261C)
2025-08-25T09:38:13.742577Z DEBUG node{moniker=app-0}:wal{height=19}: Wrote log entry type=Consensus(Vote) entry.size=119 
2025-08-25T09:38:13.743165Z DEBUG node{moniker=app-0}:consensus{height=19 round=0}: Transitioned to new step step.previous=Precommit step.new=Commit
2025-08-25T09:38:13.743173Z  INFO node{moniker=app-0}:consensus{height=19 round=0}: Decided round=0 height=19 value=75673974a618c3f3
2025-08-25T09:38:13.746820Z DEBUG node{moniker=app-0}:wal{height=19}: Flushed WAL to disk wal.entries=5 wal.size=1216
2025-08-25T09:38:13.746888Z DEBUG node{moniker=app-0}:sync{height.tip=18 height.sync=19}: Updating request state height.tip=19
2025-08-25T09:38:13.746896Z DEBUG node{moniker=app-0}:node{moniker=app-0}: metis-test:consensus-chan recv!!! msg:Decided { certificate: CommitCertificate { height: Height(19), round: Some(0), value_id: ValueId(8459793598204396531), commit_signatures: [CommitSignature { address: Address(02CB1B49DA09615BD4A12212C39378556D990DFD), signature: Signature(Signature { R_bytes: "da4535350798abca5e7cb573f463ecf6a23ba6e244948ee6c1e7a9555d76aca1", s_bytes: "3e3c795c61e45854b273f0b7c4f0db66633d27f23956b701e8ccea823f904405" }) }, CommitSignature { address: Address(DE7BA2BE72D2225286133990FF5810B691A5261C), signature: Signature(Signature { R_bytes: "6027ea47961aef0580f2c68961f0595030463bdd7a3e5b92e4470818bec8947c", s_bytes: "90b4570c080cb32a7da814b2b87b12ce92f47418ff30f73aa1bb344ca8d84c04" }) }] }, extensions: VoteExtensions { extensions: [] }, reply: Sender { inner: Some(Inner { state: State { is_complete: false, is_closed: false, is_rx_task_set: true, is_tx_task_set: false } }) } }
2025-08-25T09:38:13.746906Z  INFO node{moniker=app-0}:node{moniker=app-0}: 🟢🟢 Consensus has decided on value height=19 round=0 value=75673974a618c3f3
2025-08-25T09:38:13.746938Z DEBUG node{moniker=app-0}:node{moniker=app-0}: 🎁 block size: 545, height: 19
2025-08-25T09:38:13.746948Z  INFO node{moniker=app-0}:node{moniker=app-0}: 👉 stats at height 19: #txs=0, txs/s=0.00, chain_bytes=10355, bytes/s=1560.83
2025-08-25T09:38:13.746953Z DEBUG node{moniker=app-0}:node{moniker=app-0}: 🦄 Block at height 19 contains 0 transactions
2025-08-25T09:38:13.748486Z DEBUG node{moniker=app-0}:node{moniker=app-0}: 💡 New block added at height 19 with hash: 0x420c00fb26a3071b86d96f6339d8da22ba31858bb9473edf7188b61e5fecfbe3
2025-08-25T09:38:13.748489Z DEBUG node{moniker=app-0}:node{moniker=app-0}: 🟠 set_latest_forkchoice_state: 0x420c00fb26a3071b86d96f6339d8da22ba31858bb9473edf7188b61e5fecfbe3
2025-08-25T09:38:13.749416Z DEBUG node{moniker=app-0}:node{moniker=app-0}: ➡️ payload_status: PayloadStatus { status: Valid, latest_valid_hash: Some(0x420c00fb26a3071b86d96f6339d8da22ba31858bb9473edf7188b61e5fecfbe3) }
2025-08-25T09:38:13.749421Z DEBUG node{moniker=app-0}:node{moniker=app-0}: 🚀 Forkchoice updated to height 19 for block hash=0x420c00fb26a3071b86d96f6339d8da22ba31858bb9473edf7188b61e5fecfbe3 and latest_valid_hash=0x420c00fb26a3071b86d96f6339d8da22ba31858bb9473edf7188b61e5fecfbe3
2025-08-25T09:38:13.749422Z  INFO node{moniker=app-0}:node{moniker=app-0}: Looking for certificate height=19 round=0
2025-08-25T09:38:13.755411Z  INFO node{moniker=app-0}:node{moniker=app-0}: Committed block_data[0..32]: 603f5314005f1d2542473dd6390a6eba0ed672b2a7d12ed7c23595d728478bde
2025-08-25T09:38:13.778013Z DEBUG node{moniker=app-0}:wal{height=20}: Reset WAL height=20
2025-08-25T09:38:13.778057Z DEBUG node{moniker=app-0}:consensus{height=20 round=0}: No WAL entries to replay height=20
2025-08-25T09:38:13.778087Z  INFO node{moniker=app-0}:consensus{height=20 round=0}: Starting new height height=20
2025-08-25T09:38:13.778091Z  INFO node{moniker=app-0}:consensus{height=20 round=0}: Starting new round height=20 round=0 proposer=815F9FA61D7C4F1E4A9E30D40DCA1115BB48F759 role=Proposer
2025-08-25T09:38:13.778110Z DEBUG node{moniker=app-0}:sync{height.tip=18 height.sync=19}: Starting new height height.tip=19 height.sync=20 restart=false
2025-08-25T09:38:13.778114Z DEBUG node{moniker=app-0}:sync{height.tip=18 height.sync=19}: No peer to request sync from height.sync=20
2025-08-25T09:38:13.781492Z DEBUG node{moniker=app-0}:wal{height=20}: Flushed WAL to disk wal.entries=0 wal.size=12
2025-08-25T09:38:13.781534Z DEBUG node{moniker=app-0}:node{moniker=app-0}: metis-test:consensus-chan recv!!! msg:StartedRound { height: Height(20), round: Some(0), proposer: Address(815F9FA61D7C4F1E4A9E30D40DCA1115BB48F759), role: Proposer, reply_value: Sender { inner: Some(Inner { state: State { is_complete: false, is_closed: false, is_rx_task_set: false, is_tx_task_set: false } }) } }
2025-08-25T09:38:13.781542Z  INFO node{moniker=app-0}:node{moniker=app-0}: 🟢🟢 Started round height=20 round=0 proposer=815F9FA61D7C4F1E4A9E30D40DCA1115BB48F759 role=Proposer
2025-08-25T09:38:13.781553Z ERROR node{moniker=app-0}:consensus{height=20 round=0}: Error when processing effect: Messaging(RecvErr)
2025-08-25T09:38:13.781565Z DEBUG node{moniker=app-0}:consensus{height=20 round=0}: Transitioned to new step step.previous=Unstarted step.new=Propose
2025-08-25T09:38:13.781568Z  INFO node{moniker=app-0}:consensus{height=20 round=0}: Scheduling timeout round=0 step=Propose
2025-08-25T09:38:13.781571Z  INFO node{moniker=app-0}:consensus{height=20 round=0}: Requesting value from application height=20 round=0
2025-08-25T09:38:13.781577Z DEBUG node{moniker=app-0}:consensus{height=20 round=0}: Replaying inputs count=0
2025-08-25T09:38:13.781594Z DEBUG node{moniker=app-0}:node{moniker=app-0}: metis-test:consensus-chan recv!!! msg:GetValue { height: Height(20), round: Some(0), timeout: 3s, reply: Sender { inner: Some(Inner { state: State { is_complete: false, is_closed: false, is_rx_task_set: true, is_tx_task_set: false } }) } }
2025-08-25T09:38:13.781601Z  INFO node{moniker=app-0}:node{moniker=app-0}: 🟢🟢 Consensus is requesting a value to propose height=20 round=0
2025-08-25T09:38:13.781605Z DEBUG node{moniker=app-0}:node{moniker=app-0}: 🟠 generate_block on top of ExecutionBlock { block_hash: 0x420c00fb26a3071b86d96f6339d8da22ba31858bb9473edf7188b61e5fecfbe3, block_number: 19, parent_hash: 0x420c00fb26a3071b86d96f6339d8da22ba31858bb9473edf7188b61e5fecfbe3, timestamp: 1756114710, prev_randao: 0x0000000000000000000000000000000000000000000000000000000000000000 }
2025-08-25T09:38:13.784279Z DEBUG node{moniker=app-0}:node{moniker=app-0}: 🌈 Got execution payload: ExecutionPayloadV3 { payload_inner: ExecutionPayloadV2 { payload_inner: ExecutionPayloadV1 { parent_hash: 0x420c00fb26a3071b86d96f6339d8da22ba31858bb9473edf7188b61e5fecfbe3, fee_recipient: 0x2a2a2a2a2a2a2a2a2a2a2a2a2a2a2a2a2a2a2a2a, state_root: 0xec26df9442c5d4a0a0cc5348c960115b43da08c7aef6be4e4ccc5f136ca892a6, receipts_root: 0x56e81f171bcc55a6ff8345e692c0f86e5b48e01b996cadc001622fb5e363b421, logs_bloom: 0x00000000000000000000000000000000000000000000000000000000000000000000000000000000000000000000000000000000000000000000000000000000000000000000000000000000000000000000000000000000000000000000000000000000000000000000000000000000000000000000000000000000000000000000000000000000000000000000000000000000000000000000000000000000000000000000000000000000000000000000000000000000000000000000000000000000000000000000000000000000000000000000000000000000000000000000000000000000000000000000000000000000000000000000000000000000, prev_randao: 0x0000000000000000000000000000000000000000000000000000000000000000, block_number: 20, gas_limit: 30591375, gas_used: 0, timestamp: 1756114711, extra_data: 0x726574682f76312e342e312f6c696e7578, base_fee_per_gas: 69208762, block_hash: 0xc5dac4bf738720e14fef9e1b9b3b316c1d7d1d44f5eaac4a666ce02502f36f65, transactions: [] }, withdrawals: [] }, blob_gas_used: 0, excess_blob_gas: 0 }
2025-08-25T09:38:13.784286Z DEBUG node{moniker=app-0}:node{moniker=app-0}: 🎁 block size: 545, height: 20
2025-08-25T09:38:13.796714Z  INFO node{moniker=app-0}:node{moniker=app-0}: Streaming proposal part: StreamMessage { stream_id: StreamId(b"\0\0\0\0\0\0\0\x14\0\0\0\0\0\0\0\x06"), sequence: 0, content: Data(Init(ProposalInit { height: Height(20), round: Some(0), proposer: Address(815F9FA61D7C4F1E4A9E30D40DCA1115BB48F759) })) } height=20 round=0
2025-08-25T09:38:13.796742Z  INFO node{moniker=app-0}:node{moniker=app-0}: Streaming proposal part: StreamMessage { stream_id: StreamId(b"\0\0\0\0\0\0\0\x14\0\0\0\0\0\0\0\x06"), sequence: 1, content: Data(Data(ProposalData { bytes: "<...>", len: 545 })) } height=20 round=0
2025-08-25T09:38:13.796769Z  INFO node{moniker=app-0}:node{moniker=app-0}: Streaming proposal part: StreamMessage { stream_id: StreamId(b"\0\0\0\0\0\0\0\x14\0\0\0\0\0\0\0\x06"), sequence: 2, content: Data(Fin(ProposalFin { signature: Signature(Signature { R_bytes: "07b1b63858fef170082f9c20c1df67665b00b1f9b8ce07e5187c548b7c3cf868", s_bytes: "c6ea6f5945ee5a045ffbb08c65c232079f108f19c90d5bed25356d9d327da405" }) })) } height=20 round=0
2025-08-25T09:38:13.796964Z DEBUG node{moniker=app-0}:network: Published message channel=/proposal_parts size=48
2025-08-25T09:38:13.797003Z  INFO node{moniker=app-0}:node{moniker=app-0}: Streaming proposal part: StreamMessage { stream_id: StreamId(b"\0\0\0\0\0\0\0\x14\0\0\0\0\0\0\0\x06"), sequence: 3, content: Fin } height=20 round=0
2025-08-25T09:38:13.797070Z DEBUG node{moniker=app-0}:wal{height=20}: Wrote log entry type=LocallyProposedValue entry.size=597 
2025-08-25T09:38:13.797315Z DEBUG node{moniker=app-0}:network: Published message channel=/proposal_parts size=574
2025-08-25T09:38:13.797381Z  INFO node{moniker=app-0}:consensus{height=20 round=0}: Proposing value id=fd4aa447130a9c round=0
2025-08-25T09:38:13.797568Z  INFO node{moniker=app-0}:consensus{height=20 round=0}: Received proposal consensus.height=20 proposal.height=20 proposal.round=0 proposer=815F9FA61D7C4F1E4A9E30D40DCA1115BB48F759 Proposal(height: 20, round: 0, pol_round: -1, value: fd4aa447130a9c, from: 815F9FA61D7C4F1E4A9E30D40DCA1115BB48F759)
2025-08-25T09:38:13.797618Z DEBUG node{moniker=app-0}:node{moniker=app-0}: ✅ Proposal sent height=20 round=0
2025-08-25T09:38:13.797746Z DEBUG node{moniker=app-0}:network: Published message channel=/proposal_parts size=92
2025-08-25T09:38:13.797863Z DEBUG node{moniker=app-0}:network: Published message channel=/proposal_parts size=22
2025-08-25T09:38:13.797881Z DEBUG node{moniker=app-0}:wal{height=20}: Wrote log entry type=Consensus(Proposal) entry.size=666 
2025-08-25T09:38:13.797943Z DEBUG node{moniker=app-0}:consensus{height=20 round=0}: Transitioned to new step step.previous=Propose step.new=Prevote
2025-08-25T09:38:13.797951Z  INFO node{moniker=app-0}:consensus{height=20 round=0}: Voting vote_type=Prevote value=fd4aa447130a9c round=0
2025-08-25T09:38:13.798123Z  INFO node{moniker=app-0}:consensus{height=20 round=0}: Received vote height=20 vote_height=20 address=815F9FA61D7C4F1E4A9E30D40DCA1115BB48F759 Prevote(height: 20, round: 0, value: fd4aa447130a9c, from: 815F9FA61D7C4F1E4A9E30D40DCA1115BB48F759)
2025-08-25T09:38:13.798200Z DEBUG node{moniker=app-0}:wal{height=20}: Wrote log entry type=Consensus(Vote) entry.size=116 
2025-08-25T09:38:13.801591Z DEBUG node{moniker=app-0}:wal{height=20}: Flushed WAL to disk wal.entries=3 wal.size=1430
2025-08-25T09:38:13.801812Z DEBUG node{moniker=app-0}:network: Published message channel=/consensus size=107
2025-08-25T09:38:13.804105Z DEBUG node{moniker=app-0}:wal{height=20}: Flushed WAL to disk wal.entries=3 wal.size=1430
2025-08-25T09:38:13.804305Z DEBUG node{moniker=app-0}:network: Published message channel=/consensus size=657
2025-08-25T09:38:13.815145Z  INFO node{moniker=app-0}:consensus{height=20 round=0}: Received vote height=20 vote_height=20 address=02CB1B49DA09615BD4A12212C39378556D990DFD Precommit(height: 20, round: 0, value: fd4aa447130a9c, from: 02CB1B49DA09615BD4A12212C39378556D990DFD)
2025-08-25T09:38:13.815909Z DEBUG node{moniker=app-0}:wal{height=20}: Wrote log entry type=Consensus(Vote) entry.size=118 
2025-08-25T09:38:13.816658Z  INFO node{moniker=app-0}:consensus{height=20 round=0}: Received vote height=20 vote_height=20 address=02CB1B49DA09615BD4A12212C39378556D990DFD Prevote(height: 20, round: 0, value: fd4aa447130a9c, from: 02CB1B49DA09615BD4A12212C39378556D990DFD)
2025-08-25T09:38:13.816870Z DEBUG node{moniker=app-0}:wal{height=20}: Wrote log entry type=Consensus(Vote) entry.size=116 
2025-08-25T09:38:13.816929Z DEBUG node{moniker=app-0}:consensus{height=20 round=0}: Transitioned to new step step.previous=Prevote step.new=Precommit
2025-08-25T09:38:13.816940Z  INFO node{moniker=app-0}:consensus{height=20 round=0}: Voting vote_type=Precommit value=fd4aa447130a9c round=0
2025-08-25T09:38:13.816962Z DEBUG node{moniker=app-0}:node{moniker=app-0}: metis-test:consensus-chan recv!!! msg:ExtendVote { height: Height(20), round: Some(0), value_id: ValueId(71295238535318172), reply: Sender { inner: Some(Inner { state: State { is_complete: false, is_closed: false, is_rx_task_set: true, is_tx_task_set: false } }) } }
2025-08-25T09:38:13.817134Z  INFO node{moniker=app-0}:consensus{height=20 round=0}: Received vote height=20 vote_height=20 address=815F9FA61D7C4F1E4A9E30D40DCA1115BB48F759 Precommit(height: 20, round: 0, value: fd4aa447130a9c, from: 815F9FA61D7C4F1E4A9E30D40DCA1115BB48F759)
2025-08-25T09:38:13.817188Z DEBUG node{moniker=app-0}:wal{height=20}: Wrote log entry type=Consensus(Vote) entry.size=118 
2025-08-25T09:38:13.817210Z DEBUG node{moniker=app-0}:consensus{height=20 round=0}: Transitioned to new step step.previous=Precommit step.new=Commit
2025-08-25T09:38:13.817217Z  INFO node{moniker=app-0}:consensus{height=20 round=0}: Decided round=0 height=20 value=fd4aa447130a9c
2025-08-25T09:38:13.820389Z DEBUG node{moniker=app-0}:wal{height=20}: Flushed WAL to disk wal.entries=6 wal.size=1821
2025-08-25T09:38:13.820517Z DEBUG node{moniker=app-0}:sync{height.tip=19 height.sync=20}: Updating request state height.tip=20
2025-08-25T09:38:13.820542Z DEBUG node{moniker=app-0}:node{moniker=app-0}: metis-test:consensus-chan recv!!! msg:Decided { certificate: CommitCertificate { height: Height(20), round: Some(0), value_id: ValueId(71295238535318172), commit_signatures: [CommitSignature { address: Address(02CB1B49DA09615BD4A12212C39378556D990DFD), signature: Signature(Signature { R_bytes: "0a3cf9886c2acb11642796a8e9e80d0c556f82c2476242a94ef2652fcbc347ba", s_bytes: "0b0bd03f6ad98066872ce644a6b08c61e4acd0c2178af61988a9aeb67e20d50e" }) }, CommitSignature { address: Address(815F9FA61D7C4F1E4A9E30D40DCA1115BB48F759), signature: Signature(Signature { R_bytes: "ae95a4ff4cec07a97cf66294003fbe15282516ec8c371f391850ab43cf22a272", s_bytes: "a31427538bb8a51a817af0280b9c6b6e2ba32ebeaef4656344412ba07d953801" }) }] }, extensions: VoteExtensions { extensions: [] }, reply: Sender { inner: Some(Inner { state: State { is_complete: false, is_closed: false, is_rx_task_set: true, is_tx_task_set: false } }) } }
2025-08-25T09:38:13.820560Z  INFO node{moniker=app-0}:node{moniker=app-0}: 🟢🟢 Consensus has decided on value height=20 round=0 value=fd4aa447130a9c
2025-08-25T09:38:13.820641Z DEBUG node{moniker=app-0}:node{moniker=app-0}: 🎁 block size: 545, height: 20
2025-08-25T09:38:13.820651Z  INFO node{moniker=app-0}:node{moniker=app-0}: 👉 stats at height 20: #txs=0, txs/s=0.00, chain_bytes=10900, bytes/s=1624.93
2025-08-25T09:38:13.820655Z DEBUG node{moniker=app-0}:node{moniker=app-0}: 🦄 Block at height 20 contains 0 transactions
2025-08-25T09:38:13.822855Z DEBUG node{moniker=app-0}:wal{height=20}: Flushed WAL to disk wal.entries=6 wal.size=1821
2025-08-25T09:38:13.823047Z DEBUG node{moniker=app-0}:network: Published message channel=/consensus size=109
2025-08-25T09:38:13.824652Z DEBUG node{moniker=app-0}:node{moniker=app-0}: 💡 New block added at height 20 with hash: 0xc5dac4bf738720e14fef9e1b9b3b316c1d7d1d44f5eaac4a666ce02502f36f65
2025-08-25T09:38:13.824663Z DEBUG node{moniker=app-0}:node{moniker=app-0}: 🟠 set_latest_forkchoice_state: 0xc5dac4bf738720e14fef9e1b9b3b316c1d7d1d44f5eaac4a666ce02502f36f65
2025-08-25T09:38:13.826248Z DEBUG node{moniker=app-0}:node{moniker=app-0}: ➡️ payload_status: PayloadStatus { status: Valid, latest_valid_hash: Some(0xc5dac4bf738720e14fef9e1b9b3b316c1d7d1d44f5eaac4a666ce02502f36f65) }
2025-08-25T09:38:13.826257Z DEBUG node{moniker=app-0}:node{moniker=app-0}: 🚀 Forkchoice updated to height 20 for block hash=0xc5dac4bf738720e14fef9e1b9b3b316c1d7d1d44f5eaac4a666ce02502f36f65 and latest_valid_hash=0xc5dac4bf738720e14fef9e1b9b3b316c1d7d1d44f5eaac4a666ce02502f36f65
2025-08-25T09:38:13.826260Z  INFO node{moniker=app-0}:node{moniker=app-0}: Looking for certificate height=20 round=0
2025-08-25T09:38:13.830258Z  INFO node{moniker=app-0}:node{moniker=app-0}: Committed block_data[0..32]: 420c00fb26a3071b86d96f6339d8da22ba31858bb9473edf7188b61e5fecfbe3
2025-08-25T09:38:13.862278Z DEBUG node{moniker=app-0}:wal{height=21}: Reset WAL height=21
2025-08-25T09:38:13.862745Z DEBUG node{moniker=app-0}:consensus{height=21 round=0}: No WAL entries to replay height=21
2025-08-25T09:38:13.862809Z  INFO node{moniker=app-0}:consensus{height=21 round=0}: Starting new height height=21
2025-08-25T09:38:13.862816Z  INFO node{moniker=app-0}:consensus{height=21 round=0}: Starting new round height=21 round=0 proposer=815F9FA61D7C4F1E4A9E30D40DCA1115BB48F759 role=Proposer
2025-08-25T09:38:13.862844Z DEBUG node{moniker=app-0}:sync{height.tip=19 height.sync=20}: Starting new height height.tip=20 height.sync=21 restart=false
2025-08-25T09:38:13.862851Z DEBUG node{moniker=app-0}:sync{height.tip=19 height.sync=20}: No peer to request sync from height.sync=21
2025-08-25T09:38:13.871532Z DEBUG node{moniker=app-0}:wal{height=21}: Flushed WAL to disk wal.entries=0 wal.size=12
2025-08-25T09:38:13.871632Z DEBUG node{moniker=app-0}:node{moniker=app-0}: metis-test:consensus-chan recv!!! msg:StartedRound { height: Height(21), round: Some(0), proposer: Address(815F9FA61D7C4F1E4A9E30D40DCA1115BB48F759), role: Proposer, reply_value: Sender { inner: Some(Inner { state: State { is_complete: false, is_closed: false, is_rx_task_set: false, is_tx_task_set: false } }) } }
2025-08-25T09:38:13.871651Z  INFO node{moniker=app-0}:node{moniker=app-0}: 🟢🟢 Started round height=21 round=0 proposer=815F9FA61D7C4F1E4A9E30D40DCA1115BB48F759 role=Proposer
2025-08-25T09:38:13.871665Z ERROR node{moniker=app-0}:consensus{height=21 round=0}: Error when processing effect: Messaging(RecvErr)
2025-08-25T09:38:13.871684Z DEBUG node{moniker=app-0}:consensus{height=21 round=0}: Transitioned to new step step.previous=Unstarted step.new=Propose
2025-08-25T09:38:13.871689Z  INFO node{moniker=app-0}:consensus{height=21 round=0}: Scheduling timeout round=0 step=Propose
2025-08-25T09:38:13.871696Z  INFO node{moniker=app-0}:consensus{height=21 round=0}: Requesting value from application height=21 round=0
2025-08-25T09:38:13.871704Z DEBUG node{moniker=app-0}:consensus{height=21 round=0}: Replaying inputs count=0
2025-08-25T09:38:13.871729Z DEBUG node{moniker=app-0}:node{moniker=app-0}: metis-test:consensus-chan recv!!! msg:GetValue { height: Height(21), round: Some(0), timeout: 3s, reply: Sender { inner: Some(Inner { state: State { is_complete: false, is_closed: false, is_rx_task_set: true, is_tx_task_set: false } }) } }
2025-08-25T09:38:13.871734Z  INFO node{moniker=app-0}:node{moniker=app-0}: 🟢🟢 Consensus is requesting a value to propose height=21 round=0
2025-08-25T09:38:13.871737Z DEBUG node{moniker=app-0}:node{moniker=app-0}: 🟠 generate_block on top of ExecutionBlock { block_hash: 0xc5dac4bf738720e14fef9e1b9b3b316c1d7d1d44f5eaac4a666ce02502f36f65, block_number: 20, parent_hash: 0xc5dac4bf738720e14fef9e1b9b3b316c1d7d1d44f5eaac4a666ce02502f36f65, timestamp: 1756114711, prev_randao: 0x0000000000000000000000000000000000000000000000000000000000000000 }
2025-08-25T09:38:13.873830Z DEBUG node{moniker=app-0}:node{moniker=app-0}: 🌈 Got execution payload: ExecutionPayloadV3 { payload_inner: ExecutionPayloadV2 { payload_inner: ExecutionPayloadV1 { parent_hash: 0xc5dac4bf738720e14fef9e1b9b3b316c1d7d1d44f5eaac4a666ce02502f36f65, fee_recipient: 0x2a2a2a2a2a2a2a2a2a2a2a2a2a2a2a2a2a2a2a2a, state_root: 0xec26df9442c5d4a0a0cc5348c960115b43da08c7aef6be4e4ccc5f136ca892a6, receipts_root: 0x56e81f171bcc55a6ff8345e692c0f86e5b48e01b996cadc001622fb5e363b421, logs_bloom: 0x00000000000000000000000000000000000000000000000000000000000000000000000000000000000000000000000000000000000000000000000000000000000000000000000000000000000000000000000000000000000000000000000000000000000000000000000000000000000000000000000000000000000000000000000000000000000000000000000000000000000000000000000000000000000000000000000000000000000000000000000000000000000000000000000000000000000000000000000000000000000000000000000000000000000000000000000000000000000000000000000000000000000000000000000000000000, prev_randao: 0x0000000000000000000000000000000000000000000000000000000000000000, block_number: 21, gas_limit: 30621248, gas_used: 0, timestamp: 1756114712, extra_data: 0x726574682f76312e342e312f6c696e7578, base_fee_per_gas: 60557667, block_hash: 0xa8193b9274eff65b2823ebc07ab124558054fdf17c2773eeae20aeba0f58f284, transactions: [] }, withdrawals: [] }, blob_gas_used: 0, excess_blob_gas: 0 }
2025-08-25T09:38:13.873850Z DEBUG node{moniker=app-0}:node{moniker=app-0}: 🎁 block size: 545, height: 21
2025-08-25T09:38:13.879446Z  INFO node{moniker=app-0}:node{moniker=app-0}: Streaming proposal part: StreamMessage { stream_id: StreamId(b"\0\0\0\0\0\0\0\x15\0\0\0\0\0\0\0\x07"), sequence: 0, content: Data(Init(ProposalInit { height: Height(21), round: Some(0), proposer: Address(815F9FA61D7C4F1E4A9E30D40DCA1115BB48F759) })) } height=21 round=0
2025-08-25T09:38:13.879476Z  INFO node{moniker=app-0}:node{moniker=app-0}: Streaming proposal part: StreamMessage { stream_id: StreamId(b"\0\0\0\0\0\0\0\x15\0\0\0\0\0\0\0\x07"), sequence: 1, content: Data(Data(ProposalData { bytes: "<...>", len: 545 })) } height=21 round=0
2025-08-25T09:38:13.879526Z  INFO node{moniker=app-0}:node{moniker=app-0}: Streaming proposal part: StreamMessage { stream_id: StreamId(b"\0\0\0\0\0\0\0\x15\0\0\0\0\0\0\0\x07"), sequence: 2, content: Data(Fin(ProposalFin { signature: Signature(Signature { R_bytes: "e6cc0347d4c48def1159b79317899cd3d96c444f188a08d96aba3e878182a924", s_bytes: "f77eb3e4e17aa023ee828b67da7563a572c09323e373e7c7619e1f5c8c15520e" }) })) } height=21 round=0
2025-08-25T09:38:13.879809Z DEBUG node{moniker=app-0}:network: Published message channel=/proposal_parts size=48
2025-08-25T09:38:13.879851Z  INFO node{moniker=app-0}:node{moniker=app-0}: Streaming proposal part: StreamMessage { stream_id: StreamId(b"\0\0\0\0\0\0\0\x15\0\0\0\0\0\0\0\x07"), sequence: 3, content: Fin } height=21 round=0
2025-08-25T09:38:13.879943Z DEBUG node{moniker=app-0}:wal{height=21}: Wrote log entry type=LocallyProposedValue entry.size=598 
2025-08-25T09:38:13.880182Z DEBUG node{moniker=app-0}:network: Published message channel=/proposal_parts size=574
2025-08-25T09:38:13.880273Z  INFO node{moniker=app-0}:consensus{height=21 round=0}: Proposing value id=1ea1d29d5e2d56d5 round=0
2025-08-25T09:38:13.880499Z  INFO node{moniker=app-0}:consensus{height=21 round=0}: Received proposal consensus.height=21 proposal.height=21 proposal.round=0 proposer=815F9FA61D7C4F1E4A9E30D40DCA1115BB48F759 Proposal(height: 21, round: 0, pol_round: -1, value: 1ea1d29d5e2d56d5, from: 815F9FA61D7C4F1E4A9E30D40DCA1115BB48F759)
2025-08-25T09:38:13.880517Z DEBUG node{moniker=app-0}:node{moniker=app-0}: ✅ Proposal sent height=21 round=0
2025-08-25T09:38:13.880715Z DEBUG node{moniker=app-0}:network: Published message channel=/proposal_parts size=92
2025-08-25T09:38:13.880949Z DEBUG node{moniker=app-0}:wal{height=21}: Wrote log entry type=Consensus(Proposal) entry.size=667 
2025-08-25T09:38:13.880951Z DEBUG node{moniker=app-0}:network: Published message channel=/proposal_parts size=22
2025-08-25T09:38:13.881054Z DEBUG node{moniker=app-0}:consensus{height=21 round=0}: Transitioned to new step step.previous=Propose step.new=Prevote
2025-08-25T09:38:13.881063Z  INFO node{moniker=app-0}:consensus{height=21 round=0}: Voting vote_type=Prevote value=1ea1d29d5e2d56d5 round=0
2025-08-25T09:38:13.881273Z  INFO node{moniker=app-0}:consensus{height=21 round=0}: Received vote height=21 vote_height=21 address=815F9FA61D7C4F1E4A9E30D40DCA1115BB48F759 Prevote(height: 21, round: 0, value: 1ea1d29d5e2d56d5, from: 815F9FA61D7C4F1E4A9E30D40DCA1115BB48F759)
2025-08-25T09:38:13.881360Z DEBUG node{moniker=app-0}:wal{height=21}: Wrote log entry type=Consensus(Vote) entry.size=117 
2025-08-25T09:38:13.884023Z DEBUG node{moniker=app-0}:wal{height=21}: Flushed WAL to disk wal.entries=3 wal.size=1433
2025-08-25T09:38:13.884179Z DEBUG node{moniker=app-0}:network: Published message channel=/consensus size=108
2025-08-25T09:38:13.887571Z DEBUG node{moniker=app-0}:wal{height=21}: Flushed WAL to disk wal.entries=3 wal.size=1433
2025-08-25T09:38:13.887856Z DEBUG node{moniker=app-0}:network: Published message channel=/consensus size=658
2025-08-25T09:38:13.905321Z  INFO node{moniker=app-0}:consensus{height=21 round=0}: Received vote height=21 vote_height=21 address=DE7BA2BE72D2225286133990FF5810B691A5261C Precommit(height: 21, round: 0, value: 1ea1d29d5e2d56d5, from: DE7BA2BE72D2225286133990FF5810B691A5261C)
2025-08-25T09:38:13.906413Z DEBUG node{moniker=app-0}:wal{height=21}: Wrote log entry type=Consensus(Vote) entry.size=119 
2025-08-25T09:38:13.907289Z  INFO node{moniker=app-0}:consensus{height=21 round=0}: Received vote height=21 vote_height=21 address=DE7BA2BE72D2225286133990FF5810B691A5261C Prevote(height: 21, round: 0, value: 1ea1d29d5e2d56d5, from: DE7BA2BE72D2225286133990FF5810B691A5261C)
2025-08-25T09:38:13.907426Z DEBUG node{moniker=app-0}:wal{height=21}: Wrote log entry type=Consensus(Vote) entry.size=117 
2025-08-25T09:38:13.907671Z DEBUG node{moniker=app-0}:consensus{height=21 round=0}: Transitioned to new step step.previous=Prevote step.new=Precommit
2025-08-25T09:38:13.907685Z  INFO node{moniker=app-0}:consensus{height=21 round=0}: Voting vote_type=Precommit value=1ea1d29d5e2d56d5 round=0
2025-08-25T09:38:13.907708Z DEBUG node{moniker=app-0}:node{moniker=app-0}: metis-test:consensus-chan recv!!! msg:ExtendVote { height: Height(21), round: Some(0), value_id: ValueId(2207276865719981781), reply: Sender { inner: Some(Inner { state: State { is_complete: false, is_closed: false, is_rx_task_set: true, is_tx_task_set: false } }) } }
2025-08-25T09:38:13.907930Z  INFO node{moniker=app-0}:consensus{height=21 round=0}: Received vote height=21 vote_height=21 address=815F9FA61D7C4F1E4A9E30D40DCA1115BB48F759 Precommit(height: 21, round: 0, value: 1ea1d29d5e2d56d5, from: 815F9FA61D7C4F1E4A9E30D40DCA1115BB48F759)
2025-08-25T09:38:13.908005Z DEBUG node{moniker=app-0}:wal{height=21}: Wrote log entry type=Consensus(Vote) entry.size=119 
2025-08-25T09:38:13.908034Z DEBUG node{moniker=app-0}:consensus{height=21 round=0}: Transitioned to new step step.previous=Precommit step.new=Commit
2025-08-25T09:38:13.908041Z  INFO node{moniker=app-0}:consensus{height=21 round=0}: Decided round=0 height=21 value=1ea1d29d5e2d56d5
2025-08-25T09:38:13.911790Z DEBUG node{moniker=app-0}:wal{height=21}: Flushed WAL to disk wal.entries=6 wal.size=1827
2025-08-25T09:38:13.911893Z DEBUG node{moniker=app-0}:sync{height.tip=20 height.sync=21}: Updating request state height.tip=21
2025-08-25T09:38:13.911945Z DEBUG node{moniker=app-0}:node{moniker=app-0}: metis-test:consensus-chan recv!!! msg:Decided { certificate: CommitCertificate { height: Height(21), round: Some(0), value_id: ValueId(2207276865719981781), commit_signatures: [CommitSignature { address: Address(815F9FA61D7C4F1E4A9E30D40DCA1115BB48F759), signature: Signature(Signature { R_bytes: "f928c998aebc644d3c6885519fccd4ebb2aa00b2fd4ccdc09c0821cb92e69ec9", s_bytes: "705eae10d6d66b0fc5578a09068419b1c277d146a15ef528619038e713310104" }) }, CommitSignature { address: Address(DE7BA2BE72D2225286133990FF5810B691A5261C), signature: Signature(Signature { R_bytes: "74d76885e00a4593c40796ef6a0c9f5ea92039093971ef7767c11783fe64fb16", s_bytes: "3cf7573ad6561f407d77f074d90963e26b03d0078cf36eaafba8ea52db77f201" }) }] }, extensions: VoteExtensions { extensions: [] }, reply: Sender { inner: Some(Inner { state: State { is_complete: false, is_closed: false, is_rx_task_set: true, is_tx_task_set: false } }) } }
2025-08-25T09:38:13.911979Z  INFO node{moniker=app-0}:node{moniker=app-0}: 🟢🟢 Consensus has decided on value height=21 round=0 value=1ea1d29d5e2d56d5
2025-08-25T09:38:13.912068Z DEBUG node{moniker=app-0}:node{moniker=app-0}: 🎁 block size: 545, height: 21
2025-08-25T09:38:13.912087Z  INFO node{moniker=app-0}:node{moniker=app-0}: 👉 stats at height 21: #txs=0, txs/s=0.00, chain_bytes=11445, bytes/s=1683.23
2025-08-25T09:38:13.912095Z DEBUG node{moniker=app-0}:node{moniker=app-0}: 🦄 Block at height 21 contains 0 transactions
2025-08-25T09:38:13.914334Z DEBUG node{moniker=app-0}:node{moniker=app-0}: 💡 New block added at height 21 with hash: 0xa8193b9274eff65b2823ebc07ab124558054fdf17c2773eeae20aeba0f58f284
2025-08-25T09:38:13.914341Z DEBUG node{moniker=app-0}:node{moniker=app-0}: 🟠 set_latest_forkchoice_state: 0xa8193b9274eff65b2823ebc07ab124558054fdf17c2773eeae20aeba0f58f284
2025-08-25T09:38:13.914977Z DEBUG node{moniker=app-0}:node{moniker=app-0}: ➡️ payload_status: PayloadStatus { status: Valid, latest_valid_hash: Some(0xa8193b9274eff65b2823ebc07ab124558054fdf17c2773eeae20aeba0f58f284) }
2025-08-25T09:38:13.914982Z DEBUG node{moniker=app-0}:node{moniker=app-0}: 🚀 Forkchoice updated to height 21 for block hash=0xa8193b9274eff65b2823ebc07ab124558054fdf17c2773eeae20aeba0f58f284 and latest_valid_hash=0xa8193b9274eff65b2823ebc07ab124558054fdf17c2773eeae20aeba0f58f284
2025-08-25T09:38:13.914984Z  INFO node{moniker=app-0}:node{moniker=app-0}: Looking for certificate height=21 round=0
2025-08-25T09:38:13.915492Z DEBUG node{moniker=app-0}:wal{height=21}: Flushed WAL to disk wal.entries=6 wal.size=1827
2025-08-25T09:38:13.915673Z DEBUG node{moniker=app-0}:network: Published message channel=/consensus size=110
2025-08-25T09:38:13.918752Z  INFO node{moniker=app-0}:node{moniker=app-0}: Committed block_data[0..32]: c5dac4bf738720e14fef9e1b9b3b316c1d7d1d44f5eaac4a666ce02502f36f65
2025-08-25T09:38:13.934275Z DEBUG node{moniker=app-0}:wal{height=22}: Reset WAL height=22
2025-08-25T09:38:13.934369Z DEBUG node{moniker=app-0}:consensus{height=22 round=0}: No WAL entries to replay height=22
2025-08-25T09:38:13.934417Z  INFO node{moniker=app-0}:consensus{height=22 round=0}: Starting new height height=22
2025-08-25T09:38:13.934427Z  INFO node{moniker=app-0}:consensus{height=22 round=0}: Starting new round height=22 round=0 proposer=02CB1B49DA09615BD4A12212C39378556D990DFD role=None
2025-08-25T09:38:13.934465Z DEBUG node{moniker=app-0}:sync{height.tip=20 height.sync=21}: Starting new height height.tip=21 height.sync=22 restart=false
2025-08-25T09:38:13.934475Z DEBUG node{moniker=app-0}:sync{height.tip=20 height.sync=21}: No peer to request sync from height.sync=22
2025-08-25T09:38:13.936633Z DEBUG node{moniker=app-0}:wal{height=22}: Flushed WAL to disk wal.entries=0 wal.size=12
2025-08-25T09:38:13.936767Z DEBUG node{moniker=app-0}:node{moniker=app-0}: metis-test:consensus-chan recv!!! msg:StartedRound { height: Height(22), round: Some(0), proposer: Address(02CB1B49DA09615BD4A12212C39378556D990DFD), role: None, reply_value: Sender { inner: Some(Inner { state: State { is_complete: false, is_closed: false, is_rx_task_set: false, is_tx_task_set: false } }) } }
2025-08-25T09:38:13.936787Z  INFO node{moniker=app-0}:node{moniker=app-0}: 🟢🟢 Started round height=22 round=0 proposer=02CB1B49DA09615BD4A12212C39378556D990DFD role=None
2025-08-25T09:38:13.936811Z ERROR node{moniker=app-0}:consensus{height=22 round=0}: Error when processing effect: Messaging(RecvErr)
2025-08-25T09:38:13.936836Z DEBUG node{moniker=app-0}:consensus{height=22 round=0}: Transitioned to new step step.previous=Unstarted step.new=Propose
2025-08-25T09:38:13.936845Z  INFO node{moniker=app-0}:consensus{height=22 round=0}: Scheduling timeout round=0 step=Propose
2025-08-25T09:38:13.936861Z DEBUG node{moniker=app-0}:consensus{height=22 round=0}: Replaying inputs count=0
2025-08-25T09:38:13.968160Z DEBUG node{moniker=app-0}:node{moniker=app-0}: metis-test:consensus-chan recv!!! msg:ReceivedProposalPart { from: PeerId("12D3KooWR2Quwt2G6MyT6WQkUdfS8nHZu7XcPotkmbhuEoqc94oJ"), part: StreamMessage { stream_id: StreamId(b"\0\0\0\0\0\0\0\x16\0\0\0\0\0\0\0\x07"), sequence: 0, content: Data(Init(ProposalInit { height: Height(22), round: Some(0), proposer: Address(02CB1B49DA09615BD4A12212C39378556D990DFD) })) }, reply: Sender { inner: Some(Inner { state: State { is_complete: false, is_closed: false, is_rx_task_set: true, is_tx_task_set: false } }) } }
2025-08-25T09:38:13.968219Z  INFO node{moniker=app-0}:node{moniker=app-0}: Received proposal part from=12D3KooWR2Quwt2G6MyT6WQkUdfS8nHZu7XcPotkmbhuEoqc94oJ part.sequence=0 part.type=init part.size=28
2025-08-25T09:38:13.969370Z DEBUG node{moniker=app-0}:node{moniker=app-0}: metis-test:consensus-chan recv!!! msg:ReceivedProposalPart { from: PeerId("12D3KooWR2Quwt2G6MyT6WQkUdfS8nHZu7XcPotkmbhuEoqc94oJ"), part: StreamMessage { stream_id: StreamId(b"\0\0\0\0\0\0\0\x16\0\0\0\0\0\0\0\x07"), sequence: 1, content: Data(Data(ProposalData { bytes: "<...>", len: 545 })) }, reply: Sender { inner: Some(Inner { state: State { is_complete: false, is_closed: false, is_rx_task_set: true, is_tx_task_set: false } }) } }
2025-08-25T09:38:13.969407Z  INFO node{moniker=app-0}:node{moniker=app-0}: Received proposal part from=12D3KooWR2Quwt2G6MyT6WQkUdfS8nHZu7XcPotkmbhuEoqc94oJ part.sequence=1 part.type=data part.size=551
2025-08-25T09:38:13.971009Z DEBUG node{moniker=app-0}:node{moniker=app-0}: metis-test:consensus-chan recv!!! msg:ReceivedProposalPart { from: PeerId("12D3KooWR2Quwt2G6MyT6WQkUdfS8nHZu7XcPotkmbhuEoqc94oJ"), part: StreamMessage { stream_id: StreamId(b"\0\0\0\0\0\0\0\x16\0\0\0\0\0\0\0\x07"), sequence: 2, content: Data(Fin(ProposalFin { signature: Signature(Signature { R_bytes: "4c62f3489d224a22d473a5d538f9428fd85e06ddf55a3c703e12b9a90a7ba48b", s_bytes: "12440c2d943538e0d2648916adce43119220995f35accc2d56827c15a36ddf04" }) })) }, reply: Sender { inner: Some(Inner { state: State { is_complete: false, is_closed: false, is_rx_task_set: true, is_tx_task_set: false } }) } }
2025-08-25T09:38:13.971045Z  INFO node{moniker=app-0}:node{moniker=app-0}: Received proposal part from=12D3KooWR2Quwt2G6MyT6WQkUdfS8nHZu7XcPotkmbhuEoqc94oJ part.sequence=2 part.type=fin part.size=70
2025-08-25T09:38:13.971074Z DEBUG node{moniker=app-0}:node{moniker=app-0}: metis-test:consensus-chan recv!!! msg:ReceivedProposalPart { from: PeerId("12D3KooWR2Quwt2G6MyT6WQkUdfS8nHZu7XcPotkmbhuEoqc94oJ"), part: StreamMessage { stream_id: StreamId(b"\0\0\0\0\0\0\0\x16\0\0\0\0\0\0\0\x07"), sequence: 3, content: Fin }, reply: Sender { inner: Some(Inner { state: State { is_complete: false, is_closed: false, is_rx_task_set: true, is_tx_task_set: false } }) } }
2025-08-25T09:38:13.971092Z  INFO node{moniker=app-0}:node{moniker=app-0}: Received proposal part from=12D3KooWR2Quwt2G6MyT6WQkUdfS8nHZu7XcPotkmbhuEoqc94oJ part.sequence=3 part.type=end of stream part.size=0
2025-08-25T09:38:13.971449Z  INFO node{moniker=app-0}:node{moniker=app-0}: Proposal data[0..32]: a8193b9274eff65b2823ebc07ab124558054fdf17c2773eeae20aeba0f58f284, total_size: 545 bytes, id: 5b4c8f4c9bdc727c
2025-08-25T09:38:13.974150Z  INFO node{moniker=app-0}:consensus{height=22 round=0}: Received vote height=22 vote_height=22 address=02CB1B49DA09615BD4A12212C39378556D990DFD Prevote(height: 22, round: 0, value: 5b4c8f4c9bdc727c, from: 02CB1B49DA09615BD4A12212C39378556D990DFD)
2025-08-25T09:38:13.975443Z DEBUG node{moniker=app-0}:wal{height=22}: Wrote log entry type=Consensus(Vote) entry.size=117 
2025-08-25T09:38:13.978653Z  INFO node{moniker=app-0}:consensus{height=22 round=0}: Received proposal consensus.height=22 proposal.height=22 proposal.round=0 proposer=02CB1B49DA09615BD4A12212C39378556D990DFD Proposal(height: 22, round: 0, pol_round: -1, value: 5b4c8f4c9bdc727c, from: 02CB1B49DA09615BD4A12212C39378556D990DFD)
2025-08-25T09:38:13.979545Z DEBUG node{moniker=app-0}:wal{height=22}: Wrote log entry type=Consensus(Proposal) entry.size=667 
2025-08-25T09:38:13.979597Z DEBUG node{moniker=app-0}:consensus{height=22 round=0}: No full proposal for this round yet, stored proposal for later proposal.height=22 proposal.round=0
2025-08-25T09:38:13.982308Z DEBUG node{moniker=app-0}:node{moniker=app-0}: ✅ Received complete proposal: ProposedValue { height: Height(22), round: Some(0), valid_round: Nil, proposer: Address(02CB1B49DA09615BD4A12212C39378556D990DFD), value: Value { value: 6578790714876654204, extensions: b"\xa8\x19;\x92t\xef\xf6[(#\xeb\xc0z\xb1$U\x80T\xfd\xf1|'s\xee\xae \xae\xba\x0fX\xf2\x84********************\xec&\xdf\x94B\xc5\xd4\xa0\xa0\xccSH\xc9`\x11[C\xda\x08\xc7\xae\xf6\xbeNL\xcc_\x13l\xa8\x92\xa6V\xe8\x1f\x17\x1b\xccU\xa6\xff\x83E\xe6\x92\xc0\xf8n[H\xe0\x1b\x99l\xad\xc0\x01b/\xb5\xe3c\xb4!\0\0\0\0\0\0\0\0\0\0\0\0\0\0\0\0\0\0\0\0\0\0\0\0\0\0\0\0\0\0\0\0\0\0\0\0\0\0\0\0\0\0\0\0\0\0\0\0\0\0\0\0\0\0\0\0\0\0\0\0\0\0\0\0\0\0\0\0\0\0\0\0\0\0\0\0\0\0\0\0\0\0\0\0\0\0\0\0\0\0\0\0\0\0\0\0\0\0\0\0\0\0\0\0\0\0\0\0\0\0\0\0\0\0\0\0\0\0\0\0\0\0\0\0\0\0\0\0\0\0\0\0\0\0\0\0\0\0\0\0\0\0\0\0\0\0\0\0\0\0\0\0\0\0\0\0\0\0\0\0\0\0\0\0\0\0\0\0\0\0\0\0\0\0\0\0\0\0\0\0\0\0\0\0\0\0\0\0\0\0\0\0\0\0\0\0\0\0\0\0\0\0\0\0\0\0\0\0\0\0\0\0\0\0\0\0\0\0\0\0\0\0\0\0\0\0\0\0\0\0\0\0\0\0\0\0\0\0\0\0\0\0\0\0\0\0\0\0\0\0\0\0\0\0\0\0\0\0\0\0\0\0\0\0\0\0\0\0\0\0\0\0\0\0\0\0\0\0\0\0\0\0\0\0\0\0\0\0\x16\0\0\0\0\0\0\0\x0e\xb3\xd3\x01\0\0\0\0\0\0\0\0\0\0\0\0\x19/\xach\0\0\0\0\x10\x02\0\07\x88(\x03\0\0\0\0\0\0\0\0\0\0\0\0\0\0\0\0\0\0\0\0\0\0\0\0\0\0\0\0\x91m\x10\xc0#\xca\n\xf3\xc6\x16\x14\x0b>\xb3\xa2Z\x0bh\xdf\xb8Z\x1b9\xf9\x8b]\x01H\xdf\xae\x1e\x04!\x02\0\0!\x02\0\0\0\0\0\0\0\0\0\0\0\0\0\0\0\0\0\0reth/v1.4.1/linux" }, validity: Valid }
2025-08-25T09:38:13.982429Z DEBUG node{moniker=app-0}:consensus{height=22 round=0}: We have a full proposal for this round, checking... proposal.height=22 proposal.round=0
2025-08-25T09:38:13.982467Z DEBUG node{moniker=app-0}:consensus{height=22 round=0}: Transitioned to new step step.previous=Propose step.new=Prevote
2025-08-25T09:38:13.986257Z  INFO node{moniker=app-0}:consensus{height=22 round=0}: Received vote height=22 vote_height=22 address=DE7BA2BE72D2225286133990FF5810B691A5261C Precommit(height: 22, round: 0, value: 5b4c8f4c9bdc727c, from: DE7BA2BE72D2225286133990FF5810B691A5261C)
2025-08-25T09:38:13.988304Z DEBUG node{moniker=app-0}:wal{height=22}: Wrote log entry type=Consensus(Vote) entry.size=119 
2025-08-25T09:38:13.989101Z  INFO node{moniker=app-0}:consensus{height=22 round=0}: Received vote height=22 vote_height=22 address=DE7BA2BE72D2225286133990FF5810B691A5261C Prevote(height: 22, round: 0, value: 5b4c8f4c9bdc727c, from: DE7BA2BE72D2225286133990FF5810B691A5261C)
2025-08-25T09:38:13.989205Z DEBUG node{moniker=app-0}:wal{height=22}: Wrote log entry type=Consensus(Vote) entry.size=117 
2025-08-25T09:38:13.989310Z DEBUG node{moniker=app-0}:consensus{height=22 round=0}: Transitioned to new step step.previous=Prevote step.new=Precommit
2025-08-25T09:38:13.997126Z  INFO node{moniker=app-0}:consensus{height=22 round=0}: Received vote height=22 vote_height=22 address=02CB1B49DA09615BD4A12212C39378556D990DFD Precommit(height: 22, round: 0, value: 5b4c8f4c9bdc727c, from: 02CB1B49DA09615BD4A12212C39378556D990DFD)
2025-08-25T09:38:13.997252Z DEBUG node{moniker=app-0}:wal{height=22}: Wrote log entry type=Consensus(Vote) entry.size=119 
2025-08-25T09:38:13.997387Z DEBUG node{moniker=app-0}:consensus{height=22 round=0}: Transitioned to new step step.previous=Precommit step.new=Commit
2025-08-25T09:38:13.997395Z  INFO node{moniker=app-0}:consensus{height=22 round=0}: Decided round=0 height=22 value=5b4c8f4c9bdc727c
2025-08-25T09:38:14.001449Z DEBUG node{moniker=app-0}:wal{height=22}: Flushed WAL to disk wal.entries=5 wal.size=1216
2025-08-25T09:38:14.001595Z DEBUG node{moniker=app-0}:sync{height.tip=21 height.sync=22}: Updating request state height.tip=22
2025-08-25T09:38:14.001628Z DEBUG node{moniker=app-0}:node{moniker=app-0}: metis-test:consensus-chan recv!!! msg:Decided { certificate: CommitCertificate { height: Height(22), round: Some(0), value_id: ValueId(6578790714876654204), commit_signatures: [CommitSignature { address: Address(02CB1B49DA09615BD4A12212C39378556D990DFD), signature: Signature(Signature { R_bytes: "69134229da782bcf1420114a5fe74eac3d68f3c3345dfebcbe477db4a5755ff4", s_bytes: "de8b38c8c85c704e157156f41a40b36c85d4fcedf520eb2077f2e414758e6803" }) }, CommitSignature { address: Address(DE7BA2BE72D2225286133990FF5810B691A5261C), signature: Signature(Signature { R_bytes: "531586b620c4c77c66854e0a03b4639767d48f9b72d7f7f385acdef163b7ac68", s_bytes: "5bd2132ca5a37fbcda53a717f51e6818755f1fefdc0ebf4262c7c7ec39d9e800" }) }] }, extensions: VoteExtensions { extensions: [] }, reply: Sender { inner: Some(Inner { state: State { is_complete: false, is_closed: false, is_rx_task_set: true, is_tx_task_set: false } }) } }
2025-08-25T09:38:14.001659Z  INFO node{moniker=app-0}:node{moniker=app-0}: 🟢🟢 Consensus has decided on value height=22 round=0 value=5b4c8f4c9bdc727c
2025-08-25T09:38:14.001751Z DEBUG node{moniker=app-0}:node{moniker=app-0}: 🎁 block size: 545, height: 22
2025-08-25T09:38:14.001766Z  INFO node{moniker=app-0}:node{moniker=app-0}: 👉 stats at height 22: #txs=0, txs/s=0.00, chain_bytes=11990, bytes/s=1740.43
2025-08-25T09:38:14.001773Z DEBUG node{moniker=app-0}:node{moniker=app-0}: 🦄 Block at height 22 contains 0 transactions
2025-08-25T09:38:14.003256Z DEBUG node{moniker=app-0}:node{moniker=app-0}: 💡 New block added at height 22 with hash: 0x916d10c023ca0af3c616140b3eb3a25a0b68dfb85a1b39f98b5d0148dfae1e04
2025-08-25T09:38:14.003264Z DEBUG node{moniker=app-0}:node{moniker=app-0}: 🟠 set_latest_forkchoice_state: 0x916d10c023ca0af3c616140b3eb3a25a0b68dfb85a1b39f98b5d0148dfae1e04
2025-08-25T09:38:14.004077Z DEBUG node{moniker=app-0}:node{moniker=app-0}: ➡️ payload_status: PayloadStatus { status: Valid, latest_valid_hash: Some(0x916d10c023ca0af3c616140b3eb3a25a0b68dfb85a1b39f98b5d0148dfae1e04) }
2025-08-25T09:38:14.004106Z DEBUG node{moniker=app-0}:node{moniker=app-0}: 🚀 Forkchoice updated to height 22 for block hash=0x916d10c023ca0af3c616140b3eb3a25a0b68dfb85a1b39f98b5d0148dfae1e04 and latest_valid_hash=0x916d10c023ca0af3c616140b3eb3a25a0b68dfb85a1b39f98b5d0148dfae1e04
2025-08-25T09:38:14.004110Z  INFO node{moniker=app-0}:node{moniker=app-0}: Looking for certificate height=22 round=0
2025-08-25T09:38:14.011725Z  INFO node{moniker=app-0}:node{moniker=app-0}: Committed block_data[0..32]: a8193b9274eff65b2823ebc07ab124558054fdf17c2773eeae20aeba0f58f284
2025-08-25T09:38:14.038510Z DEBUG node{moniker=app-0}:wal{height=23}: Reset WAL height=23
2025-08-25T09:38:14.038627Z DEBUG node{moniker=app-0}:consensus{height=23 round=0}: No WAL entries to replay height=23
2025-08-25T09:38:14.038672Z  INFO node{moniker=app-0}:consensus{height=23 round=0}: Starting new height height=23
2025-08-25T09:38:14.038678Z  INFO node{moniker=app-0}:consensus{height=23 round=0}: Starting new round height=23 round=0 proposer=02CB1B49DA09615BD4A12212C39378556D990DFD role=Validator
2025-08-25T09:38:14.038707Z DEBUG node{moniker=app-0}:sync{height.tip=21 height.sync=22}: Starting new height height.tip=22 height.sync=23 restart=false
2025-08-25T09:38:14.038713Z DEBUG node{moniker=app-0}:sync{height.tip=21 height.sync=22}: No peer to request sync from height.sync=23
2025-08-25T09:38:14.041806Z DEBUG node{moniker=app-0}:wal{height=23}: Flushed WAL to disk wal.entries=0 wal.size=12
2025-08-25T09:38:14.042111Z DEBUG node{moniker=app-0}:node{moniker=app-0}: metis-test:consensus-chan recv!!! msg:StartedRound { height: Height(23), round: Some(0), proposer: Address(02CB1B49DA09615BD4A12212C39378556D990DFD), role: Validator, reply_value: Sender { inner: Some(Inner { state: State { is_complete: false, is_closed: false, is_rx_task_set: false, is_tx_task_set: false } }) } }
2025-08-25T09:38:14.042126Z  INFO node{moniker=app-0}:node{moniker=app-0}: 🟢🟢 Started round height=23 round=0 proposer=02CB1B49DA09615BD4A12212C39378556D990DFD role=Validator
2025-08-25T09:38:14.042140Z ERROR node{moniker=app-0}:consensus{height=23 round=0}: Error when processing effect: Messaging(RecvErr)
2025-08-25T09:38:14.042160Z DEBUG node{moniker=app-0}:consensus{height=23 round=0}: Transitioned to new step step.previous=Unstarted step.new=Propose
2025-08-25T09:38:14.042166Z  INFO node{moniker=app-0}:consensus{height=23 round=0}: Scheduling timeout round=0 step=Propose
2025-08-25T09:38:14.042175Z DEBUG node{moniker=app-0}:consensus{height=23 round=0}: Replaying inputs count=0
2025-08-25T09:38:14.053049Z DEBUG node{moniker=app-0}:node{moniker=app-0}: metis-test:consensus-chan recv!!! msg:ReceivedProposalPart { from: PeerId("12D3KooWR2Quwt2G6MyT6WQkUdfS8nHZu7XcPotkmbhuEoqc94oJ"), part: StreamMessage { stream_id: StreamId(b"\0\0\0\0\0\0\0\x17\0\0\0\0\0\0\0\x08"), sequence: 0, content: Data(Init(ProposalInit { height: Height(23), round: Some(0), proposer: Address(02CB1B49DA09615BD4A12212C39378556D990DFD) })) }, reply: Sender { inner: Some(Inner { state: State { is_complete: false, is_closed: false, is_rx_task_set: true, is_tx_task_set: false } }) } }
2025-08-25T09:38:14.053086Z  INFO node{moniker=app-0}:node{moniker=app-0}: Received proposal part from=12D3KooWR2Quwt2G6MyT6WQkUdfS8nHZu7XcPotkmbhuEoqc94oJ part.sequence=0 part.type=init part.size=28
2025-08-25T09:38:14.053538Z DEBUG node{moniker=app-0}:node{moniker=app-0}: metis-test:consensus-chan recv!!! msg:ReceivedProposalPart { from: PeerId("12D3KooWR2Quwt2G6MyT6WQkUdfS8nHZu7XcPotkmbhuEoqc94oJ"), part: StreamMessage { stream_id: StreamId(b"\0\0\0\0\0\0\0\x17\0\0\0\0\0\0\0\x08"), sequence: 1, content: Data(Data(ProposalData { bytes: "<...>", len: 545 })) }, reply: Sender { inner: Some(Inner { state: State { is_complete: false, is_closed: false, is_rx_task_set: true, is_tx_task_set: false } }) } }
2025-08-25T09:38:14.053555Z  INFO node{moniker=app-0}:node{moniker=app-0}: Received proposal part from=12D3KooWR2Quwt2G6MyT6WQkUdfS8nHZu7XcPotkmbhuEoqc94oJ part.sequence=1 part.type=data part.size=551
2025-08-25T09:38:14.054020Z DEBUG node{moniker=app-0}:node{moniker=app-0}: metis-test:consensus-chan recv!!! msg:ReceivedProposalPart { from: PeerId("12D3KooWR2Quwt2G6MyT6WQkUdfS8nHZu7XcPotkmbhuEoqc94oJ"), part: StreamMessage { stream_id: StreamId(b"\0\0\0\0\0\0\0\x17\0\0\0\0\0\0\0\x08"), sequence: 2, content: Data(Fin(ProposalFin { signature: Signature(Signature { R_bytes: "fa7bfda5390af618ec64abf1bd552983d24b52c917df24135d8bf98022cd606c", s_bytes: "e6f0d191bed9b0e46c402d6ae952a0442645c1b8f56e8a1d54a0f2899ac24f0b" }) })) }, reply: Sender { inner: Some(Inner { state: State { is_complete: false, is_closed: false, is_rx_task_set: true, is_tx_task_set: false } }) } }
2025-08-25T09:38:14.054089Z  INFO node{moniker=app-0}:node{moniker=app-0}: Received proposal part from=12D3KooWR2Quwt2G6MyT6WQkUdfS8nHZu7XcPotkmbhuEoqc94oJ part.sequence=2 part.type=fin part.size=70
2025-08-25T09:38:14.054105Z DEBUG node{moniker=app-0}:node{moniker=app-0}: metis-test:consensus-chan recv!!! msg:ReceivedProposalPart { from: PeerId("12D3KooWR2Quwt2G6MyT6WQkUdfS8nHZu7XcPotkmbhuEoqc94oJ"), part: StreamMessage { stream_id: StreamId(b"\0\0\0\0\0\0\0\x17\0\0\0\0\0\0\0\x08"), sequence: 3, content: Fin }, reply: Sender { inner: Some(Inner { state: State { is_complete: false, is_closed: false, is_rx_task_set: true, is_tx_task_set: false } }) } }
2025-08-25T09:38:14.054137Z  INFO node{moniker=app-0}:node{moniker=app-0}: Received proposal part from=12D3KooWR2Quwt2G6MyT6WQkUdfS8nHZu7XcPotkmbhuEoqc94oJ part.sequence=3 part.type=end of stream part.size=0
2025-08-25T09:38:14.054287Z  INFO node{moniker=app-0}:node{moniker=app-0}: Proposal data[0..32]: 916d10c023ca0af3c616140b3eb3a25a0b68dfb85a1b39f98b5d0148dfae1e04, total_size: 545 bytes, id: 94a870922b0dd28
2025-08-25T09:38:14.058475Z  INFO node{moniker=app-0}:consensus{height=23 round=0}: Received vote height=23 vote_height=23 address=02CB1B49DA09615BD4A12212C39378556D990DFD Prevote(height: 23, round: 0, value: 94a870922b0dd28, from: 02CB1B49DA09615BD4A12212C39378556D990DFD)
2025-08-25T09:38:14.069184Z DEBUG node{moniker=app-0}:node{moniker=app-0}: ✅ Received complete proposal: ProposedValue { height: Height(23), round: Some(0), valid_round: Nil, proposer: Address(02CB1B49DA09615BD4A12212C39378556D990DFD), value: Value { value: 669495967924411688, extensions: b"\x91m\x10\xc0#\xca\n\xf3\xc6\x16\x14\x0b>\xb3\xa2Z\x0bh\xdf\xb8Z\x1b9\xf9\x8b]\x01H\xdf\xae\x1e\x04********************\xec&\xdf\x94B\xc5\xd4\xa0\xa0\xccSH\xc9`\x11[C\xda\x08\xc7\xae\xf6\xbeNL\xcc_\x13l\xa8\x92\xa6V\xe8\x1f\x17\x1b\xccU\xa6\xff\x83E\xe6\x92\xc0\xf8n[H\xe0\x1b\x99l\xad\xc0\x01b/\xb5\xe3c\xb4!\0\0\0\0\0\0\0\0\0\0\0\0\0\0\0\0\0\0\0\0\0\0\0\0\0\0\0\0\0\0\0\0\0\0\0\0\0\0\0\0\0\0\0\0\0\0\0\0\0\0\0\0\0\0\0\0\0\0\0\0\0\0\0\0\0\0\0\0\0\0\0\0\0\0\0\0\0\0\0\0\0\0\0\0\0\0\0\0\0\0\0\0\0\0\0\0\0\0\0\0\0\0\0\0\0\0\0\0\0\0\0\0\0\0\0\0\0\0\0\0\0\0\0\0\0\0\0\0\0\0\0\0\0\0\0\0\0\0\0\0\0\0\0\0\0\0\0\0\0\0\0\0\0\0\0\0\0\0\0\0\0\0\0\0\0\0\0\0\0\0\0\0\0\0\0\0\0\0\0\0\0\0\0\0\0\0\0\0\0\0\0\0\0\0\0\0\0\0\0\0\0\0\0\0\0\0\0\0\0\0\0\0\0\0\0\0\0\0\0\0\0\0\0\0\0\0\0\0\0\0\0\0\0\0\0\0\0\0\0\0\0\0\0\0\0\0\0\0\0\0\0\0\0\0\0\0\0\0\0\0\0\0\0\0\0\0\0\0\0\0\0\0\0\0\0\0\0\0\0\0\0\0\0\0\0\0\0\0\x17\0\0\0\0\0\0\0\xf9'\xd4\x01\0\0\0\0\0\0\0\0\0\0\0\0\x1a/\xach\0\0\0\0\x10\x02\0\01w\xc3\x02\0\0\0\0\0\0\0\0\0\0\0\0\0\0\0\0\0\0\0\0\0\0\0\0\0\0\0\0\xba?\xa6-\xfdWo4J\x1ak\xe5\x9d\xd5\xcc\x97p\x1b3\xe3\xcaOJ'\xc9\x8bp\xb1\xa9\x10\xa3b!\x02\0\0!\x02\0\0\0\0\0\0\0\0\0\0\0\0\0\0\0\0\0\0reth/v1.4.1/linux" }, validity: Valid }
2025-08-25T09:38:14.070052Z DEBUG node{moniker=app-0}:wal{height=23}: Wrote log entry type=Consensus(Vote) entry.size=117 
2025-08-25T09:38:14.070335Z  INFO node{moniker=app-0}:consensus{height=23 round=0}: Received proposal consensus.height=23 proposal.height=23 proposal.round=0 proposer=02CB1B49DA09615BD4A12212C39378556D990DFD Proposal(height: 23, round: 0, pol_round: -1, value: 94a870922b0dd28, from: 02CB1B49DA09615BD4A12212C39378556D990DFD)
2025-08-25T09:38:14.070448Z DEBUG node{moniker=app-0}:wal{height=23}: Wrote log entry type=Consensus(Proposal) entry.size=667 
2025-08-25T09:38:14.070473Z DEBUG node{moniker=app-0}:consensus{height=23 round=0}: No full proposal for this round yet, stored proposal for later proposal.height=23 proposal.round=0
2025-08-25T09:38:14.070492Z DEBUG node{moniker=app-0}:consensus{height=23 round=0}: We have a full proposal for this round, checking... proposal.height=23 proposal.round=0
2025-08-25T09:38:14.070518Z DEBUG node{moniker=app-0}:consensus{height=23 round=0}: Transitioned to new step step.previous=Propose step.new=Prevote
2025-08-25T09:38:14.070528Z  INFO node{moniker=app-0}:consensus{height=23 round=0}: Voting vote_type=Prevote value=94a870922b0dd28 round=0
2025-08-25T09:38:14.070690Z  INFO node{moniker=app-0}:consensus{height=23 round=0}: Received vote height=23 vote_height=23 address=815F9FA61D7C4F1E4A9E30D40DCA1115BB48F759 Prevote(height: 23, round: 0, value: 94a870922b0dd28, from: 815F9FA61D7C4F1E4A9E30D40DCA1115BB48F759)
2025-08-25T09:38:14.073212Z DEBUG node{moniker=app-0}:wal{height=23}: Wrote log entry type=Consensus(Vote) entry.size=117 
2025-08-25T09:38:14.073305Z DEBUG node{moniker=app-0}:consensus{height=23 round=0}: Transitioned to new step step.previous=Prevote step.new=Precommit
2025-08-25T09:38:14.073313Z  INFO node{moniker=app-0}:consensus{height=23 round=0}: Voting vote_type=Precommit value=94a870922b0dd28 round=0
2025-08-25T09:38:14.073332Z DEBUG node{moniker=app-0}:node{moniker=app-0}: metis-test:consensus-chan recv!!! msg:ExtendVote { height: Height(23), round: Some(0), value_id: ValueId(669495967924411688), reply: Sender { inner: Some(Inner { state: State { is_complete: false, is_closed: false, is_rx_task_set: true, is_tx_task_set: false } }) } }
2025-08-25T09:38:14.073496Z  INFO node{moniker=app-0}:consensus{height=23 round=0}: Received vote height=23 vote_height=23 address=815F9FA61D7C4F1E4A9E30D40DCA1115BB48F759 Precommit(height: 23, round: 0, value: 94a870922b0dd28, from: 815F9FA61D7C4F1E4A9E30D40DCA1115BB48F759)
2025-08-25T09:38:14.073572Z DEBUG node{moniker=app-0}:wal{height=23}: Wrote log entry type=Consensus(Vote) entry.size=119 
2025-08-25T09:38:14.076934Z DEBUG node{moniker=app-0}:wal{height=23}: Flushed WAL to disk wal.entries=4 wal.size=1084
2025-08-25T09:38:14.077430Z DEBUG node{moniker=app-0}:network: Published message channel=/consensus size=110
2025-08-25T09:38:14.080659Z DEBUG node{moniker=app-0}:wal{height=23}: Flushed WAL to disk wal.entries=4 wal.size=1084
2025-08-25T09:38:14.080836Z DEBUG node{moniker=app-0}:network: Published message channel=/consensus size=108
2025-08-25T09:38:14.172407Z  INFO node{moniker=app-0}:consensus{height=23 round=0}: Received vote height=23 vote_height=23 address=02CB1B49DA09615BD4A12212C39378556D990DFD Precommit(height: 23, round: 0, value: 94a870922b0dd28, from: 02CB1B49DA09615BD4A12212C39378556D990DFD)
2025-08-25T09:38:14.182740Z DEBUG node{moniker=app-0}:wal{height=23}: Wrote log entry type=Consensus(Vote) entry.size=119 
2025-08-25T09:38:14.182821Z DEBUG node{moniker=app-0}:consensus{height=23 round=0}: Transitioned to new step step.previous=Precommit step.new=Commit
2025-08-25T09:38:14.182855Z  INFO node{moniker=app-0}:consensus{height=23 round=0}: Decided round=0 height=23 value=94a870922b0dd28
2025-08-25T09:38:14.189199Z DEBUG node{moniker=app-0}:wal{height=23}: Flushed WAL to disk wal.entries=5 wal.size=1216
2025-08-25T09:38:14.189280Z DEBUG node{moniker=app-0}:sync{height.tip=22 height.sync=23}: Updating request state height.tip=23
2025-08-25T09:38:14.189291Z DEBUG node{moniker=app-0}:node{moniker=app-0}: metis-test:consensus-chan recv!!! msg:Decided { certificate: CommitCertificate { height: Height(23), round: Some(0), value_id: ValueId(669495967924411688), commit_signatures: [CommitSignature { address: Address(02CB1B49DA09615BD4A12212C39378556D990DFD), signature: Signature(Signature { R_bytes: "0f9e9864627e5d62a4dfa08c050a57fb0086cd93225a581ddce884e73dd37f66", s_bytes: "165d912ae296674fd3ad75e1c669ce6726f3617d1c8d4690a9cbb58bcce35703" }) }, CommitSignature { address: Address(815F9FA61D7C4F1E4A9E30D40DCA1115BB48F759), signature: Signature(Signature { R_bytes: "614ad1f4b285284f79c5808ceb2afa95f2ff888fca50895a664046debc68e87c", s_bytes: "ac44e5fe35f02c2189b963eaf5ebd146d2a8616767db13c7eab1c0ac7668610b" }) }] }, extensions: VoteExtensions { extensions: [] }, reply: Sender { inner: Some(Inner { state: State { is_complete: false, is_closed: false, is_rx_task_set: true, is_tx_task_set: false } }) } }
2025-08-25T09:38:14.189316Z  INFO node{moniker=app-0}:node{moniker=app-0}: 🟢🟢 Consensus has decided on value height=23 round=0 value=94a870922b0dd28
2025-08-25T09:38:14.189367Z DEBUG node{moniker=app-0}:node{moniker=app-0}: 🎁 block size: 545, height: 23
2025-08-25T09:38:14.189376Z  INFO node{moniker=app-0}:node{moniker=app-0}: 👉 stats at height 23: #txs=0, txs/s=0.00, chain_bytes=12535, bytes/s=1771.31
2025-08-25T09:38:14.189381Z DEBUG node{moniker=app-0}:node{moniker=app-0}: 🦄 Block at height 23 contains 0 transactions
2025-08-25T09:38:14.190274Z DEBUG node{moniker=app-0}:node{moniker=app-0}: 💡 New block added at height 23 with hash: 0xba3fa62dfd576f344a1a6be59dd5cc97701b33e3ca4f4a27c98b70b1a910a362
2025-08-25T09:38:14.190279Z DEBUG node{moniker=app-0}:node{moniker=app-0}: 🟠 set_latest_forkchoice_state: 0xba3fa62dfd576f344a1a6be59dd5cc97701b33e3ca4f4a27c98b70b1a910a362
2025-08-25T09:38:14.190726Z DEBUG node{moniker=app-0}:node{moniker=app-0}: ➡️ payload_status: PayloadStatus { status: Valid, latest_valid_hash: Some(0xba3fa62dfd576f344a1a6be59dd5cc97701b33e3ca4f4a27c98b70b1a910a362) }
2025-08-25T09:38:14.190731Z DEBUG node{moniker=app-0}:node{moniker=app-0}: 🚀 Forkchoice updated to height 23 for block hash=0xba3fa62dfd576f344a1a6be59dd5cc97701b33e3ca4f4a27c98b70b1a910a362 and latest_valid_hash=0xba3fa62dfd576f344a1a6be59dd5cc97701b33e3ca4f4a27c98b70b1a910a362
2025-08-25T09:38:14.190733Z  INFO node{moniker=app-0}:node{moniker=app-0}: Looking for certificate height=23 round=0
2025-08-25T09:38:14.203949Z  INFO node{moniker=app-0}:node{moniker=app-0}: Committed block_data[0..32]: 916d10c023ca0af3c616140b3eb3a25a0b68dfb85a1b39f98b5d0148dfae1e04
2025-08-25T09:38:14.220480Z DEBUG node{moniker=app-0}:wal{height=24}: Reset WAL height=24
2025-08-25T09:38:14.220575Z DEBUG node{moniker=app-0}:consensus{height=24 round=0}: No WAL entries to replay height=24
2025-08-25T09:38:14.220673Z  INFO node{moniker=app-0}:consensus{height=24 round=0}: Starting new height height=24
2025-08-25T09:38:14.220682Z  INFO node{moniker=app-0}:consensus{height=24 round=0}: Starting new round height=24 round=0 proposer=DE7BA2BE72D2225286133990FF5810B691A5261C role=Validator
2025-08-25T09:38:14.220709Z DEBUG node{moniker=app-0}:sync{height.tip=22 height.sync=23}: Starting new height height.tip=23 height.sync=24 restart=false
2025-08-25T09:38:14.220715Z DEBUG node{moniker=app-0}:sync{height.tip=22 height.sync=23}: No peer to request sync from height.sync=24
2025-08-25T09:38:14.223485Z DEBUG node{moniker=app-0}:wal{height=24}: Flushed WAL to disk wal.entries=0 wal.size=12
2025-08-25T09:38:14.223544Z DEBUG node{moniker=app-0}:node{moniker=app-0}: metis-test:consensus-chan recv!!! msg:StartedRound { height: Height(24), round: Some(0), proposer: Address(DE7BA2BE72D2225286133990FF5810B691A5261C), role: Validator, reply_value: Sender { inner: Some(Inner { state: State { is_complete: false, is_closed: false, is_rx_task_set: false, is_tx_task_set: false } }) } }
2025-08-25T09:38:14.223554Z  INFO node{moniker=app-0}:node{moniker=app-0}: 🟢🟢 Started round height=24 round=0 proposer=DE7BA2BE72D2225286133990FF5810B691A5261C role=Validator
2025-08-25T09:38:14.223564Z ERROR node{moniker=app-0}:consensus{height=24 round=0}: Error when processing effect: Messaging(RecvErr)
2025-08-25T09:38:14.223579Z DEBUG node{moniker=app-0}:consensus{height=24 round=0}: Transitioned to new step step.previous=Unstarted step.new=Propose
2025-08-25T09:38:14.223584Z  INFO node{moniker=app-0}:consensus{height=24 round=0}: Scheduling timeout round=0 step=Propose
2025-08-25T09:38:14.223591Z DEBUG node{moniker=app-0}:consensus{height=24 round=0}: Replaying inputs count=0
2025-08-25T09:38:14.230605Z DEBUG node{moniker=app-0}:node{moniker=app-0}: metis-test:consensus-chan recv!!! msg:ReceivedProposalPart { from: PeerId("12D3KooWEFmACkQS9HNWY86xGVM3LS7fRpQ8saTb5VdfdYCzuUvE"), part: StreamMessage { stream_id: StreamId(b"\0\0\0\0\0\0\0\x18\0\0\0\0\0\0\0\x07"), sequence: 0, content: Data(Init(ProposalInit { height: Height(24), round: Some(0), proposer: Address(DE7BA2BE72D2225286133990FF5810B691A5261C) })) }, reply: Sender { inner: Some(Inner { state: State { is_complete: false, is_closed: false, is_rx_task_set: true, is_tx_task_set: false } }) } }
2025-08-25T09:38:14.230635Z  INFO node{moniker=app-0}:node{moniker=app-0}: Received proposal part from=12D3KooWEFmACkQS9HNWY86xGVM3LS7fRpQ8saTb5VdfdYCzuUvE part.sequence=0 part.type=init part.size=28
2025-08-25T09:38:14.230658Z DEBUG node{moniker=app-0}:node{moniker=app-0}: metis-test:consensus-chan recv!!! msg:ReceivedProposalPart { from: PeerId("12D3KooWEFmACkQS9HNWY86xGVM3LS7fRpQ8saTb5VdfdYCzuUvE"), part: StreamMessage { stream_id: StreamId(b"\0\0\0\0\0\0\0\x18\0\0\0\0\0\0\0\x07"), sequence: 1, content: Data(Data(ProposalData { bytes: "<...>", len: 545 })) }, reply: Sender { inner: Some(Inner { state: State { is_complete: false, is_closed: false, is_rx_task_set: true, is_tx_task_set: false } }) } }
2025-08-25T09:38:14.230667Z  INFO node{moniker=app-0}:node{moniker=app-0}: Received proposal part from=12D3KooWEFmACkQS9HNWY86xGVM3LS7fRpQ8saTb5VdfdYCzuUvE part.sequence=1 part.type=data part.size=551
2025-08-25T09:38:14.230677Z DEBUG node{moniker=app-0}:node{moniker=app-0}: metis-test:consensus-chan recv!!! msg:ReceivedProposalPart { from: PeerId("12D3KooWEFmACkQS9HNWY86xGVM3LS7fRpQ8saTb5VdfdYCzuUvE"), part: StreamMessage { stream_id: StreamId(b"\0\0\0\0\0\0\0\x18\0\0\0\0\0\0\0\x07"), sequence: 2, content: Data(Fin(ProposalFin { signature: Signature(Signature { R_bytes: "b3fb637ea285f2726cbcea8b9e506a3173f4bb843a8e62f18c93a3d65bb83ca7", s_bytes: "d4a2460d5015e5e5a5bfcc768fad00dd2fe68d5f58a9c706495d636e892e7304" }) })) }, reply: Sender { inner: Some(Inner { state: State { is_complete: false, is_closed: false, is_rx_task_set: true, is_tx_task_set: false } }) } }
2025-08-25T09:38:14.230688Z  INFO node{moniker=app-0}:node{moniker=app-0}: Received proposal part from=12D3KooWEFmACkQS9HNWY86xGVM3LS7fRpQ8saTb5VdfdYCzuUvE part.sequence=2 part.type=fin part.size=70
2025-08-25T09:38:14.230696Z DEBUG node{moniker=app-0}:node{moniker=app-0}: metis-test:consensus-chan recv!!! msg:ReceivedProposalPart { from: PeerId("12D3KooWEFmACkQS9HNWY86xGVM3LS7fRpQ8saTb5VdfdYCzuUvE"), part: StreamMessage { stream_id: StreamId(b"\0\0\0\0\0\0\0\x18\0\0\0\0\0\0\0\x07"), sequence: 3, content: Fin }, reply: Sender { inner: Some(Inner { state: State { is_complete: false, is_closed: false, is_rx_task_set: true, is_tx_task_set: false } }) } }
2025-08-25T09:38:14.230703Z  INFO node{moniker=app-0}:node{moniker=app-0}: Received proposal part from=12D3KooWEFmACkQS9HNWY86xGVM3LS7fRpQ8saTb5VdfdYCzuUvE part.sequence=3 part.type=end of stream part.size=0
2025-08-25T09:38:14.230854Z  INFO node{moniker=app-0}:node{moniker=app-0}: Proposal data[0..32]: ba3fa62dfd576f344a1a6be59dd5cc97701b33e3ca4f4a27c98b70b1a910a362, total_size: 545 bytes, id: 848bfbae96f4d4cb
2025-08-25T09:38:14.234490Z  INFO node{moniker=app-0}:consensus{height=24 round=0}: Received vote height=24 vote_height=24 address=DE7BA2BE72D2225286133990FF5810B691A5261C Prevote(height: 24, round: 0, value: 848bfbae96f4d4cb, from: DE7BA2BE72D2225286133990FF5810B691A5261C)
2025-08-25T09:38:14.237317Z DEBUG node{moniker=app-0}:wal{height=24}: Wrote log entry type=Consensus(Vote) entry.size=118 
2025-08-25T09:38:14.240675Z  INFO node{moniker=app-0}:consensus{height=24 round=0}: Received proposal consensus.height=24 proposal.height=24 proposal.round=0 proposer=DE7BA2BE72D2225286133990FF5810B691A5261C Proposal(height: 24, round: 0, pol_round: -1, value: 848bfbae96f4d4cb, from: DE7BA2BE72D2225286133990FF5810B691A5261C)
2025-08-25T09:38:14.241892Z DEBUG node{moniker=app-0}:node{moniker=app-0}: ✅ Received complete proposal: ProposedValue { height: Height(24), round: Some(0), valid_round: Nil, proposer: Address(DE7BA2BE72D2225286133990FF5810B691A5261C), value: Value { value: 9551004162044777675, extensions: b"\xba?\xa6-\xfdWo4J\x1ak\xe5\x9d\xd5\xcc\x97p\x1b3\xe3\xcaOJ'\xc9\x8bp\xb1\xa9\x10\xa3b********************\xec&\xdf\x94B\xc5\xd4\xa0\xa0\xccSH\xc9`\x11[C\xda\x08\xc7\xae\xf6\xbeNL\xcc_\x13l\xa8\x92\xa6V\xe8\x1f\x17\x1b\xccU\xa6\xff\x83E\xe6\x92\xc0\xf8n[H\xe0\x1b\x99l\xad\xc0\x01b/\xb5\xe3c\xb4!\0\0\0\0\0\0\0\0\0\0\0\0\0\0\0\0\0\0\0\0\0\0\0\0\0\0\0\0\0\0\0\0\0\0\0\0\0\0\0\0\0\0\0\0\0\0\0\0\0\0\0\0\0\0\0\0\0\0\0\0\0\0\0\0\0\0\0\0\0\0\0\0\0\0\0\0\0\0\0\0\0\0\0\0\0\0\0\0\0\0\0\0\0\0\0\0\0\0\0\0\0\0\0\0\0\0\0\0\0\0\0\0\0\0\0\0\0\0\0\0\0\0\0\0\0\0\0\0\0\0\0\0\0\0\0\0\0\0\0\0\0\0\0\0\0\0\0\0\0\0\0\0\0\0\0\0\0\0\0\0\0\0\0\0\0\0\0\0\0\0\0\0\0\0\0\0\0\0\0\0\0\0\0\0\0\0\0\0\0\0\0\0\0\0\0\0\0\0\0\0\0\0\0\0\0\0\0\0\0\0\0\0\0\0\0\0\0\0\0\0\0\0\0\0\0\0\0\0\0\0\0\0\0\0\0\0\0\0\0\0\0\0\0\0\0\0\0\0\0\0\0\0\0\0\0\0\0\0\0\0\0\0\0\0\0\0\0\0\0\0\0\0\0\0\0\0\0\0\0\0\0\0\0\0\0\0\0\0\x18\0\0\0\0\0\0\0\x01\x9d\xd4\x01\0\0\0\0\0\0\0\0\0\0\0\0\x1b/\xach\0\0\0\0\x10\x02\0\0K\x08k\x02\0\0\0\0\0\0\0\0\0\0\0\0\0\0\0\0\0\0\0\0\0\0\0\0\0\0\0\0\xa8\x1f\x8e\xdc\xe6\x0f\x96\xcd\xcd\x047\xef0\xd32\xafz\xe7\xc6\xb4(\xf4\xe8[\xf3\xc0\x08o(2`\x0f!\x02\0\0!\x02\0\0\0\0\0\0\0\0\0\0\0\0\0\0\0\0\0\0reth/v1.4.1/linux" }, validity: Valid }
2025-08-25T09:38:14.249820Z DEBUG node{moniker=app-0}:wal{height=24}: Wrote log entry type=Consensus(Proposal) entry.size=668 
2025-08-25T09:38:14.249881Z DEBUG node{moniker=app-0}:consensus{height=24 round=0}: No full proposal for this round yet, stored proposal for later proposal.height=24 proposal.round=0
2025-08-25T09:38:14.249911Z DEBUG node{moniker=app-0}:consensus{height=24 round=0}: We have a full proposal for this round, checking... proposal.height=24 proposal.round=0
2025-08-25T09:38:14.249925Z DEBUG node{moniker=app-0}:consensus{height=24 round=0}: Transitioned to new step step.previous=Propose step.new=Prevote
2025-08-25T09:38:14.249936Z  INFO node{moniker=app-0}:consensus{height=24 round=0}: Voting vote_type=Prevote value=848bfbae96f4d4cb round=0
2025-08-25T09:38:14.250107Z  INFO node{moniker=app-0}:consensus{height=24 round=0}: Received vote height=24 vote_height=24 address=815F9FA61D7C4F1E4A9E30D40DCA1115BB48F759 Prevote(height: 24, round: 0, value: 848bfbae96f4d4cb, from: 815F9FA61D7C4F1E4A9E30D40DCA1115BB48F759)
2025-08-25T09:38:14.250191Z DEBUG node{moniker=app-0}:wal{height=24}: Wrote log entry type=Consensus(Vote) entry.size=118 
2025-08-25T09:38:14.250239Z DEBUG node{moniker=app-0}:consensus{height=24 round=0}: Transitioned to new step step.previous=Prevote step.new=Precommit
2025-08-25T09:38:14.250248Z  INFO node{moniker=app-0}:consensus{height=24 round=0}: Voting vote_type=Precommit value=848bfbae96f4d4cb round=0
2025-08-25T09:38:14.250266Z DEBUG node{moniker=app-0}:node{moniker=app-0}: metis-test:consensus-chan recv!!! msg:ExtendVote { height: Height(24), round: Some(0), value_id: ValueId(9551004162044777675), reply: Sender { inner: Some(Inner { state: State { is_complete: false, is_closed: false, is_rx_task_set: true, is_tx_task_set: false } }) } }
2025-08-25T09:38:14.250464Z  INFO node{moniker=app-0}:consensus{height=24 round=0}: Received vote height=24 vote_height=24 address=815F9FA61D7C4F1E4A9E30D40DCA1115BB48F759 Precommit(height: 24, round: 0, value: 848bfbae96f4d4cb, from: 815F9FA61D7C4F1E4A9E30D40DCA1115BB48F759)
2025-08-25T09:38:14.250547Z DEBUG node{moniker=app-0}:wal{height=24}: Wrote log entry type=Consensus(Vote) entry.size=120 
2025-08-25T09:38:14.274820Z DEBUG node{moniker=app-0}:wal{height=24}: Flushed WAL to disk wal.entries=4 wal.size=1088
2025-08-25T09:38:14.275119Z DEBUG node{moniker=app-0}:network: Published message channel=/consensus size=111
2025-08-25T09:38:14.313249Z DEBUG node{moniker=app-0}:wal{height=24}: Flushed WAL to disk wal.entries=4 wal.size=1088
2025-08-25T09:38:14.313531Z DEBUG node{moniker=app-0}:network: Published message channel=/consensus size=109
2025-08-25T09:38:14.329526Z  INFO node{moniker=app-0}:consensus{height=24 round=0}: Received vote height=24 vote_height=24 address=DE7BA2BE72D2225286133990FF5810B691A5261C Precommit(height: 24, round: 0, value: 848bfbae96f4d4cb, from: DE7BA2BE72D2225286133990FF5810B691A5261C)
2025-08-25T09:38:14.329690Z DEBUG node{moniker=app-0}:wal{height=24}: Wrote log entry type=Consensus(Vote) entry.size=120 
2025-08-25T09:38:14.329773Z DEBUG node{moniker=app-0}:consensus{height=24 round=0}: Transitioned to new step step.previous=Precommit step.new=Commit
2025-08-25T09:38:14.329784Z  INFO node{moniker=app-0}:consensus{height=24 round=0}: Decided round=0 height=24 value=848bfbae96f4d4cb
2025-08-25T09:38:14.335998Z DEBUG node{moniker=app-0}:wal{height=24}: Flushed WAL to disk wal.entries=5 wal.size=1221
2025-08-25T09:38:14.336425Z DEBUG node{moniker=app-0}:sync{height.tip=23 height.sync=24}: Updating request state height.tip=24
2025-08-25T09:38:14.336447Z DEBUG node{moniker=app-0}:node{moniker=app-0}: metis-test:consensus-chan recv!!! msg:Decided { certificate: CommitCertificate { height: Height(24), round: Some(0), value_id: ValueId(9551004162044777675), commit_signatures: [CommitSignature { address: Address(815F9FA61D7C4F1E4A9E30D40DCA1115BB48F759), signature: Signature(Signature { R_bytes: "6fe17f3798dec0c3f15fd72dc82cf56f3808c8c7f4374821356d349089c7e3df", s_bytes: "a38d0cdf36267931a6c331a40f7ccbd3b7c7de951cf74d8ff251d405f2d55909" }) }, CommitSignature { address: Address(DE7BA2BE72D2225286133990FF5810B691A5261C), signature: Signature(Signature { R_bytes: "fba18cd5cbd2672439b61b59e53f3b6f370617d7fcdf0476e03da278dd9c6886", s_bytes: "070551ee3037672e34465630fe82c2389ab2cd056390d5a69926cc2ba3e44609" }) }] }, extensions: VoteExtensions { extensions: [] }, reply: Sender { inner: Some(Inner { state: State { is_complete: false, is_closed: false, is_rx_task_set: true, is_tx_task_set: false } }) } }
2025-08-25T09:38:14.336468Z  INFO node{moniker=app-0}:node{moniker=app-0}: 🟢🟢 Consensus has decided on value height=24 round=0 value=848bfbae96f4d4cb
2025-08-25T09:38:14.336974Z DEBUG node{moniker=app-0}:node{moniker=app-0}: 🎁 block size: 545, height: 24
2025-08-25T09:38:14.337008Z  INFO node{moniker=app-0}:node{moniker=app-0}: 👉 stats at height 24: #txs=0, txs/s=0.00, chain_bytes=13080, bytes/s=1810.55
2025-08-25T09:38:14.337013Z DEBUG node{moniker=app-0}:node{moniker=app-0}: 🦄 Block at height 24 contains 0 transactions
2025-08-25T09:38:14.338894Z DEBUG node{moniker=app-0}:node{moniker=app-0}: 💡 New block added at height 24 with hash: 0xa81f8edce60f96cdcd0437ef30d332af7ae7c6b428f4e85bf3c0086f2832600f
2025-08-25T09:38:14.338903Z DEBUG node{moniker=app-0}:node{moniker=app-0}: 🟠 set_latest_forkchoice_state: 0xa81f8edce60f96cdcd0437ef30d332af7ae7c6b428f4e85bf3c0086f2832600f
2025-08-25T09:38:14.339541Z DEBUG node{moniker=app-0}:node{moniker=app-0}: ➡️ payload_status: PayloadStatus { status: Valid, latest_valid_hash: Some(0xa81f8edce60f96cdcd0437ef30d332af7ae7c6b428f4e85bf3c0086f2832600f) }
2025-08-25T09:38:14.339548Z DEBUG node{moniker=app-0}:node{moniker=app-0}: 🚀 Forkchoice updated to height 24 for block hash=0xa81f8edce60f96cdcd0437ef30d332af7ae7c6b428f4e85bf3c0086f2832600f and latest_valid_hash=0xa81f8edce60f96cdcd0437ef30d332af7ae7c6b428f4e85bf3c0086f2832600f
2025-08-25T09:38:14.339553Z  INFO node{moniker=app-0}:node{moniker=app-0}: Looking for certificate height=24 round=0
2025-08-25T09:38:14.352696Z  INFO node{moniker=app-0}:node{moniker=app-0}: Committed block_data[0..32]: ba3fa62dfd576f344a1a6be59dd5cc97701b33e3ca4f4a27c98b70b1a910a362
2025-08-25T09:38:14.375750Z DEBUG node{moniker=app-0}:wal{height=25}: Reset WAL height=25
2025-08-25T09:38:14.376044Z DEBUG node{moniker=app-0}:consensus{height=25 round=0}: No WAL entries to replay height=25
2025-08-25T09:38:14.376097Z  INFO node{moniker=app-0}:consensus{height=25 round=0}: Starting new height height=25
2025-08-25T09:38:14.376107Z  INFO node{moniker=app-0}:consensus{height=25 round=0}: Starting new round height=25 round=0 proposer=DE7BA2BE72D2225286133990FF5810B691A5261C role=None
2025-08-25T09:38:14.376154Z DEBUG node{moniker=app-0}:sync{height.tip=23 height.sync=24}: Starting new height height.tip=24 height.sync=25 restart=false
2025-08-25T09:38:14.376164Z DEBUG node{moniker=app-0}:sync{height.tip=23 height.sync=24}: No peer to request sync from height.sync=25
2025-08-25T09:38:14.379500Z DEBUG node{moniker=app-0}:wal{height=25}: Flushed WAL to disk wal.entries=0 wal.size=12
2025-08-25T09:38:14.379598Z DEBUG node{moniker=app-0}:node{moniker=app-0}: metis-test:consensus-chan recv!!! msg:StartedRound { height: Height(25), round: Some(0), proposer: Address(DE7BA2BE72D2225286133990FF5810B691A5261C), role: None, reply_value: Sender { inner: Some(Inner { state: State { is_complete: false, is_closed: false, is_rx_task_set: false, is_tx_task_set: false } }) } }
2025-08-25T09:38:14.379619Z  INFO node{moniker=app-0}:node{moniker=app-0}: 🟢🟢 Started round height=25 round=0 proposer=DE7BA2BE72D2225286133990FF5810B691A5261C role=None
2025-08-25T09:38:14.379640Z ERROR node{moniker=app-0}:consensus{height=25 round=0}: Error when processing effect: Messaging(RecvErr)
2025-08-25T09:38:14.379665Z DEBUG node{moniker=app-0}:consensus{height=25 round=0}: Transitioned to new step step.previous=Unstarted step.new=Propose
2025-08-25T09:38:14.379674Z  INFO node{moniker=app-0}:consensus{height=25 round=0}: Scheduling timeout round=0 step=Propose
2025-08-25T09:38:14.379690Z DEBUG node{moniker=app-0}:consensus{height=25 round=0}: Replaying inputs count=0
2025-08-25T09:38:14.388971Z DEBUG node{moniker=app-0}:node{moniker=app-0}: metis-test:consensus-chan recv!!! msg:ReceivedProposalPart { from: PeerId("12D3KooWEFmACkQS9HNWY86xGVM3LS7fRpQ8saTb5VdfdYCzuUvE"), part: StreamMessage { stream_id: StreamId(b"\0\0\0\0\0\0\0\x19\0\0\0\0\0\0\0\x08"), sequence: 0, content: Data(Init(ProposalInit { height: Height(25), round: Some(0), proposer: Address(DE7BA2BE72D2225286133990FF5810B691A5261C) })) }, reply: Sender { inner: Some(Inner { state: State { is_complete: false, is_closed: false, is_rx_task_set: true, is_tx_task_set: false } }) } }
2025-08-25T09:38:14.389010Z  INFO node{moniker=app-0}:node{moniker=app-0}: Received proposal part from=12D3KooWEFmACkQS9HNWY86xGVM3LS7fRpQ8saTb5VdfdYCzuUvE part.sequence=0 part.type=init part.size=28
2025-08-25T09:38:14.390004Z DEBUG node{moniker=app-0}:node{moniker=app-0}: metis-test:consensus-chan recv!!! msg:ReceivedProposalPart { from: PeerId("12D3KooWEFmACkQS9HNWY86xGVM3LS7fRpQ8saTb5VdfdYCzuUvE"), part: StreamMessage { stream_id: StreamId(b"\0\0\0\0\0\0\0\x19\0\0\0\0\0\0\0\x08"), sequence: 1, content: Data(Data(ProposalData { bytes: "<...>", len: 545 })) }, reply: Sender { inner: Some(Inner { state: State { is_complete: false, is_closed: false, is_rx_task_set: true, is_tx_task_set: false } }) } }
2025-08-25T09:38:14.390032Z  INFO node{moniker=app-0}:node{moniker=app-0}: Received proposal part from=12D3KooWEFmACkQS9HNWY86xGVM3LS7fRpQ8saTb5VdfdYCzuUvE part.sequence=1 part.type=data part.size=551
2025-08-25T09:38:14.390048Z DEBUG node{moniker=app-0}:node{moniker=app-0}: metis-test:consensus-chan recv!!! msg:ReceivedProposalPart { from: PeerId("12D3KooWEFmACkQS9HNWY86xGVM3LS7fRpQ8saTb5VdfdYCzuUvE"), part: StreamMessage { stream_id: StreamId(b"\0\0\0\0\0\0\0\x19\0\0\0\0\0\0\0\x08"), sequence: 2, content: Data(Fin(ProposalFin { signature: Signature(Signature { R_bytes: "b72017b0e8b8e52d731bda391e9b2eb934c784fd62f3c065ab2a13fc0d2c7908", s_bytes: "00d6e1f1961c1f24feef887dbd3aa35f3a16eea9c82bc385df59e4d2ded4410b" }) })) }, reply: Sender { inner: Some(Inner { state: State { is_complete: false, is_closed: false, is_rx_task_set: true, is_tx_task_set: false } }) } }
2025-08-25T09:38:14.390060Z  INFO node{moniker=app-0}:node{moniker=app-0}: Received proposal part from=12D3KooWEFmACkQS9HNWY86xGVM3LS7fRpQ8saTb5VdfdYCzuUvE part.sequence=2 part.type=fin part.size=70
2025-08-25T09:38:14.390070Z DEBUG node{moniker=app-0}:node{moniker=app-0}: metis-test:consensus-chan recv!!! msg:ReceivedProposalPart { from: PeerId("12D3KooWEFmACkQS9HNWY86xGVM3LS7fRpQ8saTb5VdfdYCzuUvE"), part: StreamMessage { stream_id: StreamId(b"\0\0\0\0\0\0\0\x19\0\0\0\0\0\0\0\x08"), sequence: 3, content: Fin }, reply: Sender { inner: Some(Inner { state: State { is_complete: false, is_closed: false, is_rx_task_set: true, is_tx_task_set: false } }) } }
2025-08-25T09:38:14.390077Z  INFO node{moniker=app-0}:node{moniker=app-0}: Received proposal part from=12D3KooWEFmACkQS9HNWY86xGVM3LS7fRpQ8saTb5VdfdYCzuUvE part.sequence=3 part.type=end of stream part.size=0
2025-08-25T09:38:14.390206Z  INFO node{moniker=app-0}:node{moniker=app-0}: Proposal data[0..32]: a81f8edce60f96cdcd0437ef30d332af7ae7c6b428f4e85bf3c0086f2832600f, total_size: 545 bytes, id: 4633cec99b55ddfe
2025-08-25T09:38:14.393444Z  INFO node{moniker=app-0}:consensus{height=25 round=0}: Received vote height=25 vote_height=25 address=DE7BA2BE72D2225286133990FF5810B691A5261C Prevote(height: 25, round: 0, value: 4633cec99b55ddfe, from: DE7BA2BE72D2225286133990FF5810B691A5261C)
2025-08-25T09:38:14.395547Z DEBUG node{moniker=app-0}:wal{height=25}: Wrote log entry type=Consensus(Vote) entry.size=117 
2025-08-25T09:38:14.396496Z  INFO node{moniker=app-0}:consensus{height=25 round=0}: Received proposal consensus.height=25 proposal.height=25 proposal.round=0 proposer=DE7BA2BE72D2225286133990FF5810B691A5261C Proposal(height: 25, round: 0, pol_round: -1, value: 4633cec99b55ddfe, from: DE7BA2BE72D2225286133990FF5810B691A5261C)
2025-08-25T09:38:14.399968Z DEBUG node{moniker=app-0}:wal{height=25}: Wrote log entry type=Consensus(Proposal) entry.size=667 
2025-08-25T09:38:14.400061Z DEBUG node{moniker=app-0}:consensus{height=25 round=0}: No full proposal for this round yet, stored proposal for later proposal.height=25 proposal.round=0
2025-08-25T09:38:14.402251Z DEBUG node{moniker=app-0}:node{moniker=app-0}: ✅ Received complete proposal: ProposedValue { height: Height(25), round: Some(0), valid_round: Nil, proposer: Address(DE7BA2BE72D2225286133990FF5810B691A5261C), value: Value { value: 5058614171757043198, extensions: b"\xa8\x1f\x8e\xdc\xe6\x0f\x96\xcd\xcd\x047\xef0\xd32\xafz\xe7\xc6\xb4(\xf4\xe8[\xf3\xc0\x08o(2`\x0f********************\xec&\xdf\x94B\xc5\xd4\xa0\xa0\xccSH\xc9`\x11[C\xda\x08\xc7\xae\xf6\xbeNL\xcc_\x13l\xa8\x92\xa6V\xe8\x1f\x17\x1b\xccU\xa6\xff\x83E\xe6\x92\xc0\xf8n[H\xe0\x1b\x99l\xad\xc0\x01b/\xb5\xe3c\xb4!\0\0\0\0\0\0\0\0\0\0\0\0\0\0\0\0\0\0\0\0\0\0\0\0\0\0\0\0\0\0\0\0\0\0\0\0\0\0\0\0\0\0\0\0\0\0\0\0\0\0\0\0\0\0\0\0\0\0\0\0\0\0\0\0\0\0\0\0\0\0\0\0\0\0\0\0\0\0\0\0\0\0\0\0\0\0\0\0\0\0\0\0\0\0\0\0\0\0\0\0\0\0\0\0\0\0\0\0\0\0\0\0\0\0\0\0\0\0\0\0\0\0\0\0\0\0\0\0\0\0\0\0\0\0\0\0\0\0\0\0\0\0\0\0\0\0\0\0\0\0\0\0\0\0\0\0\0\0\0\0\0\0\0\0\0\0\0\0\0\0\0\0\0\0\0\0\0\0\0\0\0\0\0\0\0\0\0\0\0\0\0\0\0\0\0\0\0\0\0\0\0\0\0\0\0\0\0\0\0\0\0\0\0\0\0\0\0\0\0\0\0\0\0\0\0\0\0\0\0\0\0\0\0\0\0\0\0\0\0\0\0\0\0\0\0\0\0\0\0\0\0\0\0\0\0\0\0\0\0\0\0\0\0\0\0\0\0\0\0\0\0\0\0\0\0\0\0\0\0\0\0\0\0\0\0\0\0\0\x19\0\0\0\0\0\0\0'\x12\xd5\x01\0\0\0\0\0\0\0\0\0\0\0\0\x1c/\xach\0\0\0\0\x10\x02\0\0B\xa7\x1d\x02\0\0\0\0\0\0\0\0\0\0\0\0\0\0\0\0\0\0\0\0\0\0\0\0\0\0\0\0w\x14EX\xce\x9b;\xd5\x0cY:T\xeeQ\x8a1\xec\xee[\xde\xbf\x01&\xe5D\xb2\xf4\x88\xa6\xacO\xed!\x02\0\0!\x02\0\0\0\0\0\0\0\0\0\0\0\0\0\0\0\0\0\0reth/v1.4.1/linux" }, validity: Valid }
2025-08-25T09:38:14.402312Z DEBUG node{moniker=app-0}:consensus{height=25 round=0}: We have a full proposal for this round, checking... proposal.height=25 proposal.round=0
2025-08-25T09:38:14.402327Z DEBUG node{moniker=app-0}:consensus{height=25 round=0}: Transitioned to new step step.previous=Propose step.new=Prevote
2025-08-25T09:38:14.406594Z  INFO node{moniker=app-0}:consensus{height=25 round=0}: Received vote height=25 vote_height=25 address=02CB1B49DA09615BD4A12212C39378556D990DFD Precommit(height: 25, round: 0, value: 4633cec99b55ddfe, from: 02CB1B49DA09615BD4A12212C39378556D990DFD)
2025-08-25T09:38:14.409077Z DEBUG node{moniker=app-0}:wal{height=25}: Wrote log entry type=Consensus(Vote) entry.size=119 
2025-08-25T09:38:14.410410Z  INFO node{moniker=app-0}:consensus{height=25 round=0}: Received vote height=25 vote_height=25 address=02CB1B49DA09615BD4A12212C39378556D990DFD Prevote(height: 25, round: 0, value: 4633cec99b55ddfe, from: 02CB1B49DA09615BD4A12212C39378556D990DFD)
2025-08-25T09:38:14.410658Z DEBUG node{moniker=app-0}:wal{height=25}: Wrote log entry type=Consensus(Vote) entry.size=117 
2025-08-25T09:38:14.410865Z DEBUG node{moniker=app-0}:consensus{height=25 round=0}: Transitioned to new step step.previous=Prevote step.new=Precommit
2025-08-25T09:38:14.417258Z  INFO node{moniker=app-0}:consensus{height=25 round=0}: Received vote height=25 vote_height=25 address=DE7BA2BE72D2225286133990FF5810B691A5261C Precommit(height: 25, round: 0, value: 4633cec99b55ddfe, from: DE7BA2BE72D2225286133990FF5810B691A5261C)
2025-08-25T09:38:14.420842Z DEBUG node{moniker=app-0}:wal{height=25}: Wrote log entry type=Consensus(Vote) entry.size=119 
2025-08-25T09:38:14.420992Z DEBUG node{moniker=app-0}:consensus{height=25 round=0}: Transitioned to new step step.previous=Precommit step.new=Commit
2025-08-25T09:38:14.421001Z  INFO node{moniker=app-0}:consensus{height=25 round=0}: Decided round=0 height=25 value=4633cec99b55ddfe
2025-08-25T09:38:14.427181Z DEBUG node{moniker=app-0}:wal{height=25}: Flushed WAL to disk wal.entries=5 wal.size=1216
2025-08-25T09:38:14.427283Z DEBUG node{moniker=app-0}:sync{height.tip=24 height.sync=25}: Updating request state height.tip=25
2025-08-25T09:38:14.427302Z DEBUG node{moniker=app-0}:node{moniker=app-0}: metis-test:consensus-chan recv!!! msg:Decided { certificate: CommitCertificate { height: Height(25), round: Some(0), value_id: ValueId(5058614171757043198), commit_signatures: [CommitSignature { address: Address(02CB1B49DA09615BD4A12212C39378556D990DFD), signature: Signature(Signature { R_bytes: "9cca119736ffc0bc914075ecacd255f78c2b1283bc3e1b2b31cdf0fa6d544ecb", s_bytes: "4b1d6b2c7e7eeba7ca2847ae4f6dc0c0087a284df3a2c888bd16b13ed3246a01" }) }, CommitSignature { address: Address(DE7BA2BE72D2225286133990FF5810B691A5261C), signature: Signature(Signature { R_bytes: "378d8b5998aa62c02d829b8d3ff7a98e24d1f602fd867de90283f6c6cec26e2e", s_bytes: "65f260a22a4becc6b3c7f8bc1d2a1f46c66ea2b2a0b2497eb5c04ab77efe5e0d" }) }] }, extensions: VoteExtensions { extensions: [] }, reply: Sender { inner: Some(Inner { state: State { is_complete: false, is_closed: false, is_rx_task_set: true, is_tx_task_set: false } }) } }
2025-08-25T09:38:14.427335Z  INFO node{moniker=app-0}:node{moniker=app-0}: 🟢🟢 Consensus has decided on value height=25 round=0 value=4633cec99b55ddfe
2025-08-25T09:38:14.427395Z DEBUG node{moniker=app-0}:node{moniker=app-0}: 🎁 block size: 545, height: 25
2025-08-25T09:38:14.427405Z  INFO node{moniker=app-0}:node{moniker=app-0}: 👉 stats at height 25: #txs=0, txs/s=0.00, chain_bytes=13625, bytes/s=1862.68
2025-08-25T09:38:14.427410Z DEBUG node{moniker=app-0}:node{moniker=app-0}: 🦄 Block at height 25 contains 0 transactions
2025-08-25T09:38:14.428429Z DEBUG node{moniker=app-0}:node{moniker=app-0}: 💡 New block added at height 25 with hash: 0x77144558ce9b3bd50c593a54ee518a31ecee5bdebf0126e544b2f488a6ac4fed
2025-08-25T09:38:14.428434Z DEBUG node{moniker=app-0}:node{moniker=app-0}: 🟠 set_latest_forkchoice_state: 0x77144558ce9b3bd50c593a54ee518a31ecee5bdebf0126e544b2f488a6ac4fed
2025-08-25T09:38:14.428886Z DEBUG node{moniker=app-0}:node{moniker=app-0}: ➡️ payload_status: PayloadStatus { status: Valid, latest_valid_hash: Some(0x77144558ce9b3bd50c593a54ee518a31ecee5bdebf0126e544b2f488a6ac4fed) }
2025-08-25T09:38:14.428890Z DEBUG node{moniker=app-0}:node{moniker=app-0}: 🚀 Forkchoice updated to height 25 for block hash=0x77144558ce9b3bd50c593a54ee518a31ecee5bdebf0126e544b2f488a6ac4fed and latest_valid_hash=0x77144558ce9b3bd50c593a54ee518a31ecee5bdebf0126e544b2f488a6ac4fed
2025-08-25T09:38:14.428893Z  INFO node{moniker=app-0}:node{moniker=app-0}: Looking for certificate height=25 round=0
2025-08-25T09:38:14.436558Z  INFO node{moniker=app-0}:node{moniker=app-0}: Committed block_data[0..32]: a81f8edce60f96cdcd0437ef30d332af7ae7c6b428f4e85bf3c0086f2832600f
2025-08-25T09:38:14.455695Z DEBUG node{moniker=app-0}:wal{height=26}: Reset WAL height=26
2025-08-25T09:38:14.455816Z DEBUG node{moniker=app-0}:consensus{height=26 round=0}: No WAL entries to replay height=26
2025-08-25T09:38:14.455858Z  INFO node{moniker=app-0}:consensus{height=26 round=0}: Starting new height height=26
2025-08-25T09:38:14.455864Z  INFO node{moniker=app-0}:consensus{height=26 round=0}: Starting new round height=26 round=0 proposer=815F9FA61D7C4F1E4A9E30D40DCA1115BB48F759 role=Proposer
2025-08-25T09:38:14.455898Z DEBUG node{moniker=app-0}:sync{height.tip=24 height.sync=25}: Starting new height height.tip=25 height.sync=26 restart=false
2025-08-25T09:38:14.455906Z DEBUG node{moniker=app-0}:sync{height.tip=24 height.sync=25}: No peer to request sync from height.sync=26
2025-08-25T09:38:14.459712Z DEBUG node{moniker=app-0}:wal{height=26}: Flushed WAL to disk wal.entries=0 wal.size=12
2025-08-25T09:38:14.459815Z DEBUG node{moniker=app-0}:node{moniker=app-0}: metis-test:consensus-chan recv!!! msg:StartedRound { height: Height(26), round: Some(0), proposer: Address(815F9FA61D7C4F1E4A9E30D40DCA1115BB48F759), role: Proposer, reply_value: Sender { inner: Some(Inner { state: State { is_complete: false, is_closed: false, is_rx_task_set: false, is_tx_task_set: false } }) } }
2025-08-25T09:38:14.459830Z  INFO node{moniker=app-0}:node{moniker=app-0}: 🟢🟢 Started round height=26 round=0 proposer=815F9FA61D7C4F1E4A9E30D40DCA1115BB48F759 role=Proposer
2025-08-25T09:38:14.459845Z ERROR node{moniker=app-0}:consensus{height=26 round=0}: Error when processing effect: Messaging(RecvErr)
2025-08-25T09:38:14.459867Z DEBUG node{moniker=app-0}:consensus{height=26 round=0}: Transitioned to new step step.previous=Unstarted step.new=Propose
2025-08-25T09:38:14.459872Z  INFO node{moniker=app-0}:consensus{height=26 round=0}: Scheduling timeout round=0 step=Propose
2025-08-25T09:38:14.459879Z  INFO node{moniker=app-0}:consensus{height=26 round=0}: Requesting value from application height=26 round=0
2025-08-25T09:38:14.459888Z DEBUG node{moniker=app-0}:consensus{height=26 round=0}: Replaying inputs count=0
2025-08-25T09:38:14.459914Z DEBUG node{moniker=app-0}:node{moniker=app-0}: metis-test:consensus-chan recv!!! msg:GetValue { height: Height(26), round: Some(0), timeout: 3s, reply: Sender { inner: Some(Inner { state: State { is_complete: false, is_closed: false, is_rx_task_set: true, is_tx_task_set: false } }) } }
2025-08-25T09:38:14.459921Z  INFO node{moniker=app-0}:node{moniker=app-0}: 🟢🟢 Consensus is requesting a value to propose height=26 round=0
2025-08-25T09:38:14.459927Z DEBUG node{moniker=app-0}:node{moniker=app-0}: 🟠 generate_block on top of ExecutionBlock { block_hash: 0x77144558ce9b3bd50c593a54ee518a31ecee5bdebf0126e544b2f488a6ac4fed, block_number: 25, parent_hash: 0x77144558ce9b3bd50c593a54ee518a31ecee5bdebf0126e544b2f488a6ac4fed, timestamp: 1756114716, prev_randao: 0x0000000000000000000000000000000000000000000000000000000000000000 }
2025-08-25T09:38:14.496621Z DEBUG node{moniker=app-0}:node{moniker=app-0}: 🌈 Got execution payload: ExecutionPayloadV3 { payload_inner: ExecutionPayloadV2 { payload_inner: ExecutionPayloadV1 { parent_hash: 0x77144558ce9b3bd50c593a54ee518a31ecee5bdebf0126e544b2f488a6ac4fed, fee_recipient: 0x2a2a2a2a2a2a2a2a2a2a2a2a2a2a2a2a2a2a2a2a, state_root: 0xec26df9442c5d4a0a0cc5348c960115b43da08c7aef6be4e4ccc5f136ca892a6, receipts_root: 0x56e81f171bcc55a6ff8345e692c0f86e5b48e01b996cadc001622fb5e363b421, logs_bloom: 0x00000000000000000000000000000000000000000000000000000000000000000000000000000000000000000000000000000000000000000000000000000000000000000000000000000000000000000000000000000000000000000000000000000000000000000000000000000000000000000000000000000000000000000000000000000000000000000000000000000000000000000000000000000000000000000000000000000000000000000000000000000000000000000000000000000000000000000000000000000000000000000000000000000000000000000000000000000000000000000000000000000000000000000000000000000000, prev_randao: 0x0000000000000000000000000000000000000000000000000000000000000000, block_number: 26, gas_limit: 30771050, gas_used: 0, timestamp: 1756114717, extra_data: 0x726574682f76312e342e312f6c696e7578, base_fee_per_gas: 31060570, block_hash: 0xcbf589d18e5871a2863296b5c7c4bc09e4bf16e4b8dfb53567d6bc1e09ca9d27, transactions: [] }, withdrawals: [] }, blob_gas_used: 0, excess_blob_gas: 0 }
2025-08-25T09:38:14.496652Z DEBUG node{moniker=app-0}:node{moniker=app-0}: 🎁 block size: 545, height: 26
2025-08-25T09:38:14.586797Z  INFO node{moniker=app-0}:node{moniker=app-0}: Streaming proposal part: StreamMessage { stream_id: StreamId(b"\0\0\0\0\0\0\0\x1a\0\0\0\0\0\0\0\x08"), sequence: 0, content: Data(Init(ProposalInit { height: Height(26), round: Some(0), proposer: Address(815F9FA61D7C4F1E4A9E30D40DCA1115BB48F759) })) } height=26 round=0
2025-08-25T09:38:14.586841Z  INFO node{moniker=app-0}:node{moniker=app-0}: Streaming proposal part: StreamMessage { stream_id: StreamId(b"\0\0\0\0\0\0\0\x1a\0\0\0\0\0\0\0\x08"), sequence: 1, content: Data(Data(ProposalData { bytes: "<...>", len: 545 })) } height=26 round=0
2025-08-25T09:38:14.586883Z  INFO node{moniker=app-0}:node{moniker=app-0}: Streaming proposal part: StreamMessage { stream_id: StreamId(b"\0\0\0\0\0\0\0\x1a\0\0\0\0\0\0\0\x08"), sequence: 2, content: Data(Fin(ProposalFin { signature: Signature(Signature { R_bytes: "4f73e101c7214004402f9fb2760398563153078ae2d7431b9d8dcd52d8c47f49", s_bytes: "1a542cb223b58b6bbb7622d67f7bd36beae154bc1b2b6b89fa9d5cc288d00b0b" }) })) } height=26 round=0
2025-08-25T09:38:14.587056Z DEBUG node{moniker=app-0}:network: Published message channel=/proposal_parts size=48
2025-08-25T09:38:14.587141Z  INFO node{moniker=app-0}:node{moniker=app-0}: Streaming proposal part: StreamMessage { stream_id: StreamId(b"\0\0\0\0\0\0\0\x1a\0\0\0\0\0\0\0\x08"), sequence: 3, content: Fin } height=26 round=0
2025-08-25T09:38:14.587224Z DEBUG node{moniker=app-0}:wal{height=26}: Wrote log entry type=LocallyProposedValue entry.size=599 
2025-08-25T09:38:14.587453Z DEBUG node{moniker=app-0}:network: Published message channel=/proposal_parts size=574
2025-08-25T09:38:14.587530Z DEBUG node{moniker=app-0}:node{moniker=app-0}: ✅ Proposal sent height=26 round=0
2025-08-25T09:38:14.587640Z DEBUG node{moniker=app-0}:network: Published message channel=/proposal_parts size=92
2025-08-25T09:38:14.587662Z  INFO node{moniker=app-0}:consensus{height=26 round=0}: Proposing value id=8769f0ca7106e3c2 round=0
2025-08-25T09:38:14.587902Z  INFO node{moniker=app-0}:consensus{height=26 round=0}: Received proposal consensus.height=26 proposal.height=26 proposal.round=0 proposer=815F9FA61D7C4F1E4A9E30D40DCA1115BB48F759 Proposal(height: 26, round: 0, pol_round: -1, value: 8769f0ca7106e3c2, from: 815F9FA61D7C4F1E4A9E30D40DCA1115BB48F759)
2025-08-25T09:38:14.588082Z DEBUG node{moniker=app-0}:network: Published message channel=/proposal_parts size=22
2025-08-25T09:38:14.588281Z DEBUG node{moniker=app-0}:wal{height=26}: Wrote log entry type=Consensus(Proposal) entry.size=668 
2025-08-25T09:38:14.588355Z DEBUG node{moniker=app-0}:consensus{height=26 round=0}: Transitioned to new step step.previous=Propose step.new=Prevote
2025-08-25T09:38:14.588365Z  INFO node{moniker=app-0}:consensus{height=26 round=0}: Voting vote_type=Prevote value=8769f0ca7106e3c2 round=0
2025-08-25T09:38:14.588787Z  INFO node{moniker=app-0}:consensus{height=26 round=0}: Received vote height=26 vote_height=26 address=815F9FA61D7C4F1E4A9E30D40DCA1115BB48F759 Prevote(height: 26, round: 0, value: 8769f0ca7106e3c2, from: 815F9FA61D7C4F1E4A9E30D40DCA1115BB48F759)
2025-08-25T09:38:14.589277Z DEBUG node{moniker=app-0}:wal{height=26}: Wrote log entry type=Consensus(Vote) entry.size=118 
2025-08-25T09:38:14.593527Z DEBUG node{moniker=app-0}:wal{height=26}: Flushed WAL to disk wal.entries=3 wal.size=1436
2025-08-25T09:38:14.593853Z DEBUG node{moniker=app-0}:network: Published message channel=/consensus size=109
2025-08-25T09:38:14.596560Z DEBUG node{moniker=app-0}:wal{height=26}: Flushed WAL to disk wal.entries=3 wal.size=1436
2025-08-25T09:38:14.596847Z DEBUG node{moniker=app-0}:network: Published message channel=/consensus size=659
2025-08-25T09:38:14.609781Z  INFO node{moniker=app-0}:consensus{height=26 round=0}: Received vote height=26 vote_height=26 address=02CB1B49DA09615BD4A12212C39378556D990DFD Precommit(height: 26, round: 0, value: 8769f0ca7106e3c2, from: 02CB1B49DA09615BD4A12212C39378556D990DFD)
2025-08-25T09:38:14.611922Z DEBUG node{moniker=app-0}:wal{height=26}: Wrote log entry type=Consensus(Vote) entry.size=120 
2025-08-25T09:38:14.612954Z  INFO node{moniker=app-0}:consensus{height=26 round=0}: Received vote height=26 vote_height=26 address=02CB1B49DA09615BD4A12212C39378556D990DFD Prevote(height: 26, round: 0, value: 8769f0ca7106e3c2, from: 02CB1B49DA09615BD4A12212C39378556D990DFD)
2025-08-25T09:38:14.613083Z DEBUG node{moniker=app-0}:wal{height=26}: Wrote log entry type=Consensus(Vote) entry.size=118 
2025-08-25T09:38:14.613237Z DEBUG node{moniker=app-0}:consensus{height=26 round=0}: Transitioned to new step step.previous=Prevote step.new=Precommit
2025-08-25T09:38:14.613250Z  INFO node{moniker=app-0}:consensus{height=26 round=0}: Voting vote_type=Precommit value=8769f0ca7106e3c2 round=0
2025-08-25T09:38:14.613273Z DEBUG node{moniker=app-0}:node{moniker=app-0}: metis-test:consensus-chan recv!!! msg:ExtendVote { height: Height(26), round: Some(0), value_id: ValueId(9757594819945227202), reply: Sender { inner: Some(Inner { state: State { is_complete: false, is_closed: false, is_rx_task_set: true, is_tx_task_set: false } }) } }
2025-08-25T09:38:14.613498Z  INFO node{moniker=app-0}:consensus{height=26 round=0}: Received vote height=26 vote_height=26 address=815F9FA61D7C4F1E4A9E30D40DCA1115BB48F759 Precommit(height: 26, round: 0, value: 8769f0ca7106e3c2, from: 815F9FA61D7C4F1E4A9E30D40DCA1115BB48F759)
2025-08-25T09:38:14.613570Z DEBUG node{moniker=app-0}:wal{height=26}: Wrote log entry type=Consensus(Vote) entry.size=120 
2025-08-25T09:38:14.613621Z DEBUG node{moniker=app-0}:consensus{height=26 round=0}: Transitioned to new step step.previous=Precommit step.new=Commit
2025-08-25T09:38:14.613627Z  INFO node{moniker=app-0}:consensus{height=26 round=0}: Decided round=0 height=26 value=8769f0ca7106e3c2
2025-08-25T09:38:14.621155Z DEBUG node{moniker=app-0}:wal{height=26}: Flushed WAL to disk wal.entries=6 wal.size=1833
2025-08-25T09:38:14.621299Z DEBUG node{moniker=app-0}:sync{height.tip=25 height.sync=26}: Updating request state height.tip=26
2025-08-25T09:38:14.621350Z DEBUG node{moniker=app-0}:node{moniker=app-0}: metis-test:consensus-chan recv!!! msg:Decided { certificate: CommitCertificate { height: Height(26), round: Some(0), value_id: ValueId(9757594819945227202), commit_signatures: [CommitSignature { address: Address(02CB1B49DA09615BD4A12212C39378556D990DFD), signature: Signature(Signature { R_bytes: "dce23e3045508e204edf9f3b08ce1eab9f20e1612c8781a876355171aea57f3c", s_bytes: "dce7f48886ac4a0058b5d975c6407ebaf18bdfcda41dbe5f3c5f9d83f505db09" }) }, CommitSignature { address: Address(815F9FA61D7C4F1E4A9E30D40DCA1115BB48F759), signature: Signature(Signature { R_bytes: "c7b00c317b8081ea329d5c1c0704ceec96c9fc9e7d1b853c183132e589d61141", s_bytes: "0c0a5fe3eeeee28c623ed464df342fa8becd34063a7533489b13e806cdb4710d" }) }] }, extensions: VoteExtensions { extensions: [] }, reply: Sender { inner: Some(Inner { state: State { is_complete: false, is_closed: false, is_rx_task_set: true, is_tx_task_set: false } }) } }
2025-08-25T09:38:14.621378Z  INFO node{moniker=app-0}:node{moniker=app-0}: 🟢🟢 Consensus has decided on value height=26 round=0 value=8769f0ca7106e3c2
2025-08-25T09:38:14.621448Z DEBUG node{moniker=app-0}:node{moniker=app-0}: 🎁 block size: 545, height: 26
2025-08-25T09:38:14.621459Z  INFO node{moniker=app-0}:node{moniker=app-0}: 👉 stats at height 26: #txs=0, txs/s=0.00, chain_bytes=14170, bytes/s=1887.13
2025-08-25T09:38:14.621464Z DEBUG node{moniker=app-0}:node{moniker=app-0}: 🦄 Block at height 26 contains 0 transactions
2025-08-25T09:38:14.624393Z DEBUG node{moniker=app-0}:wal{height=26}: Flushed WAL to disk wal.entries=6 wal.size=1833
2025-08-25T09:38:14.624654Z DEBUG node{moniker=app-0}:network: Published message channel=/consensus size=111
2025-08-25T09:38:14.624984Z DEBUG node{moniker=app-0}:node{moniker=app-0}: 💡 New block added at height 26 with hash: 0xcbf589d18e5871a2863296b5c7c4bc09e4bf16e4b8dfb53567d6bc1e09ca9d27
2025-08-25T09:38:14.624992Z DEBUG node{moniker=app-0}:node{moniker=app-0}: 🟠 set_latest_forkchoice_state: 0xcbf589d18e5871a2863296b5c7c4bc09e4bf16e4b8dfb53567d6bc1e09ca9d27
2025-08-25T09:38:14.627842Z DEBUG node{moniker=app-0}:node{moniker=app-0}: ➡️ payload_status: PayloadStatus { status: Valid, latest_valid_hash: Some(0xcbf589d18e5871a2863296b5c7c4bc09e4bf16e4b8dfb53567d6bc1e09ca9d27) }
2025-08-25T09:38:14.627858Z DEBUG node{moniker=app-0}:node{moniker=app-0}: 🚀 Forkchoice updated to height 26 for block hash=0xcbf589d18e5871a2863296b5c7c4bc09e4bf16e4b8dfb53567d6bc1e09ca9d27 and latest_valid_hash=0xcbf589d18e5871a2863296b5c7c4bc09e4bf16e4b8dfb53567d6bc1e09ca9d27
2025-08-25T09:38:14.627862Z  INFO node{moniker=app-0}:node{moniker=app-0}: Looking for certificate height=26 round=0
2025-08-25T09:38:14.635593Z  INFO node{moniker=app-0}:node{moniker=app-0}: Committed block_data[0..32]: 77144558ce9b3bd50c593a54ee518a31ecee5bdebf0126e544b2f488a6ac4fed
2025-08-25T09:38:14.668774Z DEBUG node{moniker=app-0}:wal{height=27}: Reset WAL height=27
2025-08-25T09:38:14.668859Z DEBUG node{moniker=app-0}:consensus{height=27 round=0}: No WAL entries to replay height=27
2025-08-25T09:38:14.668898Z  INFO node{moniker=app-0}:consensus{height=27 round=0}: Starting new height height=27
2025-08-25T09:38:14.668906Z  INFO node{moniker=app-0}:consensus{height=27 round=0}: Starting new round height=27 round=0 proposer=815F9FA61D7C4F1E4A9E30D40DCA1115BB48F759 role=Proposer
2025-08-25T09:38:14.668940Z DEBUG node{moniker=app-0}:sync{height.tip=25 height.sync=26}: Starting new height height.tip=26 height.sync=27 restart=false
2025-08-25T09:38:14.668947Z DEBUG node{moniker=app-0}:sync{height.tip=25 height.sync=26}: No peer to request sync from height.sync=27
2025-08-25T09:38:14.672504Z DEBUG node{moniker=app-0}:wal{height=27}: Flushed WAL to disk wal.entries=0 wal.size=12
2025-08-25T09:38:14.672769Z DEBUG node{moniker=app-0}:node{moniker=app-0}: metis-test:consensus-chan recv!!! msg:StartedRound { height: Height(27), round: Some(0), proposer: Address(815F9FA61D7C4F1E4A9E30D40DCA1115BB48F759), role: Proposer, reply_value: Sender { inner: Some(Inner { state: State { is_complete: false, is_closed: false, is_rx_task_set: false, is_tx_task_set: false } }) } }
2025-08-25T09:38:14.672784Z  INFO node{moniker=app-0}:node{moniker=app-0}: 🟢🟢 Started round height=27 round=0 proposer=815F9FA61D7C4F1E4A9E30D40DCA1115BB48F759 role=Proposer
2025-08-25T09:38:14.672798Z ERROR node{moniker=app-0}:consensus{height=27 round=0}: Error when processing effect: Messaging(RecvErr)
2025-08-25T09:38:14.672819Z DEBUG node{moniker=app-0}:consensus{height=27 round=0}: Transitioned to new step step.previous=Unstarted step.new=Propose
2025-08-25T09:38:14.672826Z  INFO node{moniker=app-0}:consensus{height=27 round=0}: Scheduling timeout round=0 step=Propose
2025-08-25T09:38:14.672832Z  INFO node{moniker=app-0}:consensus{height=27 round=0}: Requesting value from application height=27 round=0
2025-08-25T09:38:14.672841Z DEBUG node{moniker=app-0}:consensus{height=27 round=0}: Replaying inputs count=0
2025-08-25T09:38:14.672867Z DEBUG node{moniker=app-0}:node{moniker=app-0}: metis-test:consensus-chan recv!!! msg:GetValue { height: Height(27), round: Some(0), timeout: 3s, reply: Sender { inner: Some(Inner { state: State { is_complete: false, is_closed: false, is_rx_task_set: true, is_tx_task_set: false } }) } }
2025-08-25T09:38:14.672873Z  INFO node{moniker=app-0}:node{moniker=app-0}: 🟢🟢 Consensus is requesting a value to propose height=27 round=0
2025-08-25T09:38:14.672877Z DEBUG node{moniker=app-0}:node{moniker=app-0}: 🟠 generate_block on top of ExecutionBlock { block_hash: 0xcbf589d18e5871a2863296b5c7c4bc09e4bf16e4b8dfb53567d6bc1e09ca9d27, block_number: 26, parent_hash: 0xcbf589d18e5871a2863296b5c7c4bc09e4bf16e4b8dfb53567d6bc1e09ca9d27, timestamp: 1756114717, prev_randao: 0x0000000000000000000000000000000000000000000000000000000000000000 }
2025-08-25T09:38:14.675820Z DEBUG node{moniker=app-0}:node{moniker=app-0}: 🌈 Got execution payload: ExecutionPayloadV3 { payload_inner: ExecutionPayloadV2 { payload_inner: ExecutionPayloadV1 { parent_hash: 0xcbf589d18e5871a2863296b5c7c4bc09e4bf16e4b8dfb53567d6bc1e09ca9d27, fee_recipient: 0x2a2a2a2a2a2a2a2a2a2a2a2a2a2a2a2a2a2a2a2a, state_root: 0xec26df9442c5d4a0a0cc5348c960115b43da08c7aef6be4e4ccc5f136ca892a6, receipts_root: 0x56e81f171bcc55a6ff8345e692c0f86e5b48e01b996cadc001622fb5e363b421, logs_bloom: 0x00000000000000000000000000000000000000000000000000000000000000000000000000000000000000000000000000000000000000000000000000000000000000000000000000000000000000000000000000000000000000000000000000000000000000000000000000000000000000000000000000000000000000000000000000000000000000000000000000000000000000000000000000000000000000000000000000000000000000000000000000000000000000000000000000000000000000000000000000000000000000000000000000000000000000000000000000000000000000000000000000000000000000000000000000000000, prev_randao: 0x0000000000000000000000000000000000000000000000000000000000000000, block_number: 27, gas_limit: 30801098, gas_used: 0, timestamp: 1756114718, extra_data: 0x726574682f76312e342e312f6c696e7578, base_fee_per_gas: 27177999, block_hash: 0xc8d25f5b178bfa62f159cd1e634898cc60369a5e023b79827d23a8471a4c195e, transactions: [] }, withdrawals: [] }, blob_gas_used: 0, excess_blob_gas: 0 }
2025-08-25T09:38:14.675836Z DEBUG node{moniker=app-0}:node{moniker=app-0}: 🎁 block size: 545, height: 27
2025-08-25T09:38:14.692270Z  INFO node{moniker=app-0}:node{moniker=app-0}: Streaming proposal part: StreamMessage { stream_id: StreamId(b"\0\0\0\0\0\0\0\x1b\0\0\0\0\0\0\0\t"), sequence: 0, content: Data(Init(ProposalInit { height: Height(27), round: Some(0), proposer: Address(815F9FA61D7C4F1E4A9E30D40DCA1115BB48F759) })) } height=27 round=0
2025-08-25T09:38:14.692300Z  INFO node{moniker=app-0}:node{moniker=app-0}: Streaming proposal part: StreamMessage { stream_id: StreamId(b"\0\0\0\0\0\0\0\x1b\0\0\0\0\0\0\0\t"), sequence: 1, content: Data(Data(ProposalData { bytes: "<...>", len: 545 })) } height=27 round=0
2025-08-25T09:38:14.692329Z  INFO node{moniker=app-0}:node{moniker=app-0}: Streaming proposal part: StreamMessage { stream_id: StreamId(b"\0\0\0\0\0\0\0\x1b\0\0\0\0\0\0\0\t"), sequence: 2, content: Data(Fin(ProposalFin { signature: Signature(Signature { R_bytes: "b71ea21ebc1ed91a424dbe8a9b8cce32be053399b2bfa4028a0e878737fd2b6d", s_bytes: "63a8e1cacf00141cd74fcd47f01cdc296cb9b9a147abdfec89e1c5a67f865a0f" }) })) } height=27 round=0
2025-08-25T09:38:14.692508Z DEBUG node{moniker=app-0}:network: Published message channel=/proposal_parts size=48
2025-08-25T09:38:14.692553Z  INFO node{moniker=app-0}:node{moniker=app-0}: Streaming proposal part: StreamMessage { stream_id: StreamId(b"\0\0\0\0\0\0\0\x1b\0\0\0\0\0\0\0\t"), sequence: 3, content: Fin } height=27 round=0
2025-08-25T09:38:14.692648Z DEBUG node{moniker=app-0}:wal{height=27}: Wrote log entry type=LocallyProposedValue entry.size=598 
2025-08-25T09:38:14.692907Z DEBUG node{moniker=app-0}:network: Published message channel=/proposal_parts size=574
2025-08-25T09:38:14.693016Z DEBUG node{moniker=app-0}:node{moniker=app-0}: ✅ Proposal sent height=27 round=0
2025-08-25T09:38:14.693151Z DEBUG node{moniker=app-0}:network: Published message channel=/proposal_parts size=92
2025-08-25T09:38:14.693176Z  INFO node{moniker=app-0}:consensus{height=27 round=0}: Proposing value id=1ff0453b0b5e850a round=0
2025-08-25T09:38:14.693434Z  INFO node{moniker=app-0}:consensus{height=27 round=0}: Received proposal consensus.height=27 proposal.height=27 proposal.round=0 proposer=815F9FA61D7C4F1E4A9E30D40DCA1115BB48F759 Proposal(height: 27, round: 0, pol_round: -1, value: 1ff0453b0b5e850a, from: 815F9FA61D7C4F1E4A9E30D40DCA1115BB48F759)
2025-08-25T09:38:14.693713Z DEBUG node{moniker=app-0}:network: Published message channel=/proposal_parts size=22
2025-08-25T09:38:14.693975Z DEBUG node{moniker=app-0}:wal{height=27}: Wrote log entry type=Consensus(Proposal) entry.size=667 
2025-08-25T09:38:14.694300Z DEBUG node{moniker=app-0}:consensus{height=27 round=0}: Transitioned to new step step.previous=Propose step.new=Prevote
2025-08-25T09:38:14.694314Z  INFO node{moniker=app-0}:consensus{height=27 round=0}: Voting vote_type=Prevote value=1ff0453b0b5e850a round=0
2025-08-25T09:38:14.694572Z  INFO node{moniker=app-0}:consensus{height=27 round=0}: Received vote height=27 vote_height=27 address=815F9FA61D7C4F1E4A9E30D40DCA1115BB48F759 Prevote(height: 27, round: 0, value: 1ff0453b0b5e850a, from: 815F9FA61D7C4F1E4A9E30D40DCA1115BB48F759)
2025-08-25T09:38:14.694685Z DEBUG node{moniker=app-0}:wal{height=27}: Wrote log entry type=Consensus(Vote) entry.size=117 
2025-08-25T09:38:14.699097Z DEBUG node{moniker=app-0}:wal{height=27}: Flushed WAL to disk wal.entries=3 wal.size=1433
2025-08-25T09:38:14.699478Z DEBUG node{moniker=app-0}:network: Published message channel=/consensus size=108
2025-08-25T09:38:14.703710Z DEBUG node{moniker=app-0}:wal{height=27}: Flushed WAL to disk wal.entries=3 wal.size=1433
2025-08-25T09:38:14.704561Z DEBUG node{moniker=app-0}:network: Published message channel=/consensus size=658
2025-08-25T09:38:14.719682Z  INFO node{moniker=app-0}:consensus{height=27 round=0}: Received vote height=27 vote_height=27 address=DE7BA2BE72D2225286133990FF5810B691A5261C Precommit(height: 27, round: 0, value: 1ff0453b0b5e850a, from: DE7BA2BE72D2225286133990FF5810B691A5261C)
2025-08-25T09:38:14.729971Z DEBUG node{moniker=app-0}:wal{height=27}: Wrote log entry type=Consensus(Vote) entry.size=119 
2025-08-25T09:38:14.731178Z  INFO node{moniker=app-0}:consensus{height=27 round=0}: Received vote height=27 vote_height=27 address=DE7BA2BE72D2225286133990FF5810B691A5261C Prevote(height: 27, round: 0, value: 1ff0453b0b5e850a, from: DE7BA2BE72D2225286133990FF5810B691A5261C)
2025-08-25T09:38:14.731340Z DEBUG node{moniker=app-0}:wal{height=27}: Wrote log entry type=Consensus(Vote) entry.size=117 
2025-08-25T09:38:14.731543Z DEBUG node{moniker=app-0}:consensus{height=27 round=0}: Transitioned to new step step.previous=Prevote step.new=Precommit
2025-08-25T09:38:14.731551Z  INFO node{moniker=app-0}:consensus{height=27 round=0}: Voting vote_type=Precommit value=1ff0453b0b5e850a round=0
2025-08-25T09:38:14.731572Z DEBUG node{moniker=app-0}:node{moniker=app-0}: metis-test:consensus-chan recv!!! msg:ExtendVote { height: Height(27), round: Some(0), value_id: ValueId(2301415529482454282), reply: Sender { inner: Some(Inner { state: State { is_complete: false, is_closed: false, is_rx_task_set: true, is_tx_task_set: false } }) } }
2025-08-25T09:38:14.731747Z  INFO node{moniker=app-0}:consensus{height=27 round=0}: Received vote height=27 vote_height=27 address=815F9FA61D7C4F1E4A9E30D40DCA1115BB48F759 Precommit(height: 27, round: 0, value: 1ff0453b0b5e850a, from: 815F9FA61D7C4F1E4A9E30D40DCA1115BB48F759)
2025-08-25T09:38:14.731972Z DEBUG node{moniker=app-0}:wal{height=27}: Wrote log entry type=Consensus(Vote) entry.size=119 
2025-08-25T09:38:14.732037Z DEBUG node{moniker=app-0}:consensus{height=27 round=0}: Transitioned to new step step.previous=Precommit step.new=Commit
2025-08-25T09:38:14.732043Z  INFO node{moniker=app-0}:consensus{height=27 round=0}: Decided round=0 height=27 value=1ff0453b0b5e850a
2025-08-25T09:38:14.745404Z DEBUG node{moniker=app-0}:wal{height=27}: Flushed WAL to disk wal.entries=6 wal.size=1827
2025-08-25T09:38:14.745517Z DEBUG node{moniker=app-0}:sync{height.tip=26 height.sync=27}: Updating request state height.tip=27
2025-08-25T09:38:14.745544Z DEBUG node{moniker=app-0}:node{moniker=app-0}: metis-test:consensus-chan recv!!! msg:Decided { certificate: CommitCertificate { height: Height(27), round: Some(0), value_id: ValueId(2301415529482454282), commit_signatures: [CommitSignature { address: Address(815F9FA61D7C4F1E4A9E30D40DCA1115BB48F759), signature: Signature(Signature { R_bytes: "74d7cd0c397048c3b3f87118b7d7d113756a122814c46ea742206290406b942b", s_bytes: "ed3a9c559d97f755cee4e58d193a96d17169c1ed501289867f298ae72a3eb204" }) }, CommitSignature { address: Address(DE7BA2BE72D2225286133990FF5810B691A5261C), signature: Signature(Signature { R_bytes: "ace43a7b64821c6e36a96f4a623d95304dcfdfad1388a51fe479b33240150343", s_bytes: "8fbb05ddf2033f7fc16d8f01d7cb7d08c6597ab026c84e89dd9f9755482b5a05" }) }] }, extensions: VoteExtensions { extensions: [] }, reply: Sender { inner: Some(Inner { state: State { is_complete: false, is_closed: false, is_rx_task_set: true, is_tx_task_set: false } }) } }
2025-08-25T09:38:14.745563Z  INFO node{moniker=app-0}:node{moniker=app-0}: 🟢🟢 Consensus has decided on value height=27 round=0 value=1ff0453b0b5e850a
2025-08-25T09:38:14.745613Z DEBUG node{moniker=app-0}:node{moniker=app-0}: 🎁 block size: 545, height: 27
2025-08-25T09:38:14.745622Z  INFO node{moniker=app-0}:node{moniker=app-0}: 👉 stats at height 27: #txs=0, txs/s=0.00, chain_bytes=14715, bytes/s=1927.83
2025-08-25T09:38:14.745626Z DEBUG node{moniker=app-0}:node{moniker=app-0}: 🦄 Block at height 27 contains 0 transactions
2025-08-25T09:38:14.748581Z DEBUG node{moniker=app-0}:wal{height=27}: Flushed WAL to disk wal.entries=6 wal.size=1827
2025-08-25T09:38:14.748876Z DEBUG node{moniker=app-0}:network: Published message channel=/consensus size=110
2025-08-25T09:38:14.753742Z DEBUG node{moniker=app-0}:node{moniker=app-0}: 💡 New block added at height 27 with hash: 0xc8d25f5b178bfa62f159cd1e634898cc60369a5e023b79827d23a8471a4c195e
2025-08-25T09:38:14.753758Z DEBUG node{moniker=app-0}:node{moniker=app-0}: 🟠 set_latest_forkchoice_state: 0xc8d25f5b178bfa62f159cd1e634898cc60369a5e023b79827d23a8471a4c195e
2025-08-25T09:38:14.755421Z DEBUG node{moniker=app-0}:node{moniker=app-0}: ➡️ payload_status: PayloadStatus { status: Valid, latest_valid_hash: Some(0xc8d25f5b178bfa62f159cd1e634898cc60369a5e023b79827d23a8471a4c195e) }
2025-08-25T09:38:14.755433Z DEBUG node{moniker=app-0}:node{moniker=app-0}: 🚀 Forkchoice updated to height 27 for block hash=0xc8d25f5b178bfa62f159cd1e634898cc60369a5e023b79827d23a8471a4c195e and latest_valid_hash=0xc8d25f5b178bfa62f159cd1e634898cc60369a5e023b79827d23a8471a4c195e
2025-08-25T09:38:14.755436Z  INFO node{moniker=app-0}:node{moniker=app-0}: Looking for certificate height=27 round=0
2025-08-25T09:38:14.794761Z  INFO node{moniker=app-0}:node{moniker=app-0}: Committed block_data[0..32]: cbf589d18e5871a2863296b5c7c4bc09e4bf16e4b8dfb53567d6bc1e09ca9d27
2025-08-25T09:38:14.884569Z DEBUG node{moniker=app-0}:wal{height=28}: Reset WAL height=28
2025-08-25T09:38:14.884910Z DEBUG node{moniker=app-0}:consensus{height=28 round=0}: No WAL entries to replay height=28
2025-08-25T09:38:14.885046Z  INFO node{moniker=app-0}:consensus{height=28 round=0}: Starting new height height=28
2025-08-25T09:38:14.885056Z  INFO node{moniker=app-0}:consensus{height=28 round=0}: Starting new round height=28 round=0 proposer=02CB1B49DA09615BD4A12212C39378556D990DFD role=None
2025-08-25T09:38:14.885149Z DEBUG node{moniker=app-0}:sync{height.tip=26 height.sync=27}: Starting new height height.tip=27 height.sync=28 restart=false
2025-08-25T09:38:14.885156Z DEBUG node{moniker=app-0}:sync{height.tip=26 height.sync=27}: No peer to request sync from height.sync=28
2025-08-25T09:38:14.891652Z DEBUG node{moniker=app-0}:wal{height=28}: Flushed WAL to disk wal.entries=0 wal.size=12
2025-08-25T09:38:14.891765Z DEBUG node{moniker=app-0}:node{moniker=app-0}: metis-test:consensus-chan recv!!! msg:StartedRound { height: Height(28), round: Some(0), proposer: Address(02CB1B49DA09615BD4A12212C39378556D990DFD), role: None, reply_value: Sender { inner: Some(Inner { state: State { is_complete: false, is_closed: false, is_rx_task_set: false, is_tx_task_set: false } }) } }
2025-08-25T09:38:14.891781Z  INFO node{moniker=app-0}:node{moniker=app-0}: 🟢🟢 Started round height=28 round=0 proposer=02CB1B49DA09615BD4A12212C39378556D990DFD role=None
2025-08-25T09:38:14.891797Z ERROR node{moniker=app-0}:consensus{height=28 round=0}: Error when processing effect: Messaging(RecvErr)
2025-08-25T09:38:14.891826Z DEBUG node{moniker=app-0}:consensus{height=28 round=0}: Transitioned to new step step.previous=Unstarted step.new=Propose
2025-08-25T09:38:14.891832Z  INFO node{moniker=app-0}:consensus{height=28 round=0}: Scheduling timeout round=0 step=Propose
2025-08-25T09:38:14.891842Z DEBUG node{moniker=app-0}:consensus{height=28 round=0}: Replaying inputs count=0
2025-08-25T09:38:14.914095Z DEBUG node{moniker=app-0}:node{moniker=app-0}: metis-test:consensus-chan recv!!! msg:ReceivedProposalPart { from: PeerId("12D3KooWR2Quwt2G6MyT6WQkUdfS8nHZu7XcPotkmbhuEoqc94oJ"), part: StreamMessage { stream_id: StreamId(b"\0\0\0\0\0\0\0\x1c\0\0\0\0\0\0\0\t"), sequence: 0, content: Data(Init(ProposalInit { height: Height(28), round: Some(0), proposer: Address(02CB1B49DA09615BD4A12212C39378556D990DFD) })) }, reply: Sender { inner: Some(Inner { state: State { is_complete: false, is_closed: false, is_rx_task_set: true, is_tx_task_set: false } }) } }
2025-08-25T09:38:14.914138Z  INFO node{moniker=app-0}:node{moniker=app-0}: Received proposal part from=12D3KooWR2Quwt2G6MyT6WQkUdfS8nHZu7XcPotkmbhuEoqc94oJ part.sequence=0 part.type=init part.size=28
2025-08-25T09:38:14.914176Z DEBUG node{moniker=app-0}:node{moniker=app-0}: metis-test:consensus-chan recv!!! msg:ReceivedProposalPart { from: PeerId("12D3KooWR2Quwt2G6MyT6WQkUdfS8nHZu7XcPotkmbhuEoqc94oJ"), part: StreamMessage { stream_id: StreamId(b"\0\0\0\0\0\0\0\x1c\0\0\0\0\0\0\0\t"), sequence: 1, content: Data(Data(ProposalData { bytes: "<...>", len: 545 })) }, reply: Sender { inner: Some(Inner { state: State { is_complete: false, is_closed: false, is_rx_task_set: true, is_tx_task_set: false } }) } }
2025-08-25T09:38:14.914189Z  INFO node{moniker=app-0}:node{moniker=app-0}: Received proposal part from=12D3KooWR2Quwt2G6MyT6WQkUdfS8nHZu7XcPotkmbhuEoqc94oJ part.sequence=1 part.type=data part.size=551
2025-08-25T09:38:14.914203Z DEBUG node{moniker=app-0}:node{moniker=app-0}: metis-test:consensus-chan recv!!! msg:ReceivedProposalPart { from: PeerId("12D3KooWR2Quwt2G6MyT6WQkUdfS8nHZu7XcPotkmbhuEoqc94oJ"), part: StreamMessage { stream_id: StreamId(b"\0\0\0\0\0\0\0\x1c\0\0\0\0\0\0\0\t"), sequence: 2, content: Data(Fin(ProposalFin { signature: Signature(Signature { R_bytes: "8dfd46ebc8af9a3633b22701bfd851249c94e016da5a27b36a2ed1668e978676", s_bytes: "115e2f69a98cfbfc48369ea091330f5e1ccc803977b8f62e7099c2ea33f01601" }) })) }, reply: Sender { inner: Some(Inner { state: State { is_complete: false, is_closed: false, is_rx_task_set: true, is_tx_task_set: false } }) } }
2025-08-25T09:38:14.914217Z  INFO node{moniker=app-0}:node{moniker=app-0}: Received proposal part from=12D3KooWR2Quwt2G6MyT6WQkUdfS8nHZu7XcPotkmbhuEoqc94oJ part.sequence=2 part.type=fin part.size=70
2025-08-25T09:38:14.914228Z DEBUG node{moniker=app-0}:node{moniker=app-0}: metis-test:consensus-chan recv!!! msg:ReceivedProposalPart { from: PeerId("12D3KooWR2Quwt2G6MyT6WQkUdfS8nHZu7XcPotkmbhuEoqc94oJ"), part: StreamMessage { stream_id: StreamId(b"\0\0\0\0\0\0\0\x1c\0\0\0\0\0\0\0\t"), sequence: 3, content: Fin }, reply: Sender { inner: Some(Inner { state: State { is_complete: false, is_closed: false, is_rx_task_set: true, is_tx_task_set: false } }) } }
2025-08-25T09:38:14.914235Z  INFO node{moniker=app-0}:node{moniker=app-0}: Received proposal part from=12D3KooWR2Quwt2G6MyT6WQkUdfS8nHZu7XcPotkmbhuEoqc94oJ part.sequence=3 part.type=end of stream part.size=0
2025-08-25T09:38:14.914611Z  INFO node{moniker=app-0}:node{moniker=app-0}: Proposal data[0..32]: c8d25f5b178bfa62f159cd1e634898cc60369a5e023b79827d23a8471a4c195e, total_size: 545 bytes, id: 1af80494cf98ebb8
2025-08-25T09:38:14.928526Z DEBUG node{moniker=app-0}:node{moniker=app-0}: ✅ Received complete proposal: ProposedValue { height: Height(28), round: Some(0), valid_round: Nil, proposer: Address(02CB1B49DA09615BD4A12212C39378556D990DFD), value: Value { value: 1943308276394945464, extensions: b"\xc8\xd2_[\x17\x8b\xfab\xf1Y\xcd\x1ecH\x98\xcc`6\x9a^\x02;y\x82}#\xa8G\x1aL\x19^********************\xec&\xdf\x94B\xc5\xd4\xa0\xa0\xccSH\xc9`\x11[C\xda\x08\xc7\xae\xf6\xbeNL\xcc_\x13l\xa8\x92\xa6V\xe8\x1f\x17\x1b\xccU\xa6\xff\x83E\xe6\x92\xc0\xf8n[H\xe0\x1b\x99l\xad\xc0\x01b/\xb5\xe3c\xb4!\0\0\0\0\0\0\0\0\0\0\0\0\0\0\0\0\0\0\0\0\0\0\0\0\0\0\0\0\0\0\0\0\0\0\0\0\0\0\0\0\0\0\0\0\0\0\0\0\0\0\0\0\0\0\0\0\0\0\0\0\0\0\0\0\0\0\0\0\0\0\0\0\0\0\0\0\0\0\0\0\0\0\0\0\0\0\0\0\0\0\0\0\0\0\0\0\0\0\0\0\0\0\0\0\0\0\0\0\0\0\0\0\0\0\0\0\0\0\0\0\0\0\0\0\0\0\0\0\0\0\0\0\0\0\0\0\0\0\0\0\0\0\0\0\0\0\0\0\0\0\0\0\0\0\0\0\0\0\0\0\0\0\0\0\0\0\0\0\0\0\0\0\0\0\0\0\0\0\0\0\0\0\0\0\0\0\0\0\0\0\0\0\0\0\0\0\0\0\0\0\0\0\0\0\0\0\0\0\0\0\0\0\0\0\0\0\0\0\0\0\0\0\0\0\0\0\0\0\0\0\0\0\0\0\0\0\0\0\0\0\0\0\0\0\0\0\0\0\0\0\0\0\0\0\0\0\0\0\0\0\0\0\0\0\0\0\0\0\0\0\0\0\0\0\0\0\0\0\0\0\0\0\0\0\0\0\0\0\x1c\0\0\0\0\0\0\0Hr\xd6\x01\0\0\0\0\0\0\0\0\0\0\0\0\x1f/\xach\0\0\0\0\x10\x02\0\0\x8e\xddj\x01\0\0\0\0\0\0\0\0\0\0\0\0\0\0\0\0\0\0\0\0\0\0\0\0\0\0\0\0\xb7\x06x$xk#\xba\x02PP\xa3Y\xaci\xdbT,*\x0e\x1bA<\xd3\x98b&)8\"\xaf\xba!\x02\0\0!\x02\0\0\0\0\0\0\0\0\0\0\0\0\0\0\0\0\0\0reth/v1.4.1/linux" }, validity: Valid }
2025-08-25T09:38:14.931691Z DEBUG node{moniker=app-0}:wal{height=28}: Wrote log entry type=LocallyProposedValue entry.size=598 
2025-08-25T09:38:14.933276Z  INFO node{moniker=app-0}:consensus{height=28 round=0}: Received vote height=28 vote_height=28 address=02CB1B49DA09615BD4A12212C39378556D990DFD Prevote(height: 28, round: 0, value: 1af80494cf98ebb8, from: 02CB1B49DA09615BD4A12212C39378556D990DFD)
2025-08-25T09:38:14.935844Z DEBUG node{moniker=app-0}:wal{height=28}: Wrote log entry type=Consensus(Vote) entry.size=117 
2025-08-25T09:38:14.937195Z  INFO node{moniker=app-0}:consensus{height=28 round=0}: Received proposal consensus.height=28 proposal.height=28 proposal.round=0 proposer=02CB1B49DA09615BD4A12212C39378556D990DFD Proposal(height: 28, round: 0, pol_round: -1, value: 1af80494cf98ebb8, from: 02CB1B49DA09615BD4A12212C39378556D990DFD)
2025-08-25T09:38:14.937579Z DEBUG node{moniker=app-0}:wal{height=28}: Wrote log entry type=Consensus(Proposal) entry.size=667 
2025-08-25T09:38:14.937618Z DEBUG node{moniker=app-0}:consensus{height=28 round=0}: Transitioned to new step step.previous=Propose step.new=Prevote
2025-08-25T09:38:14.942859Z  INFO node{moniker=app-0}:consensus{height=28 round=0}: Received vote height=28 vote_height=28 address=DE7BA2BE72D2225286133990FF5810B691A5261C Precommit(height: 28, round: 0, value: 1af80494cf98ebb8, from: DE7BA2BE72D2225286133990FF5810B691A5261C)
2025-08-25T09:38:14.945516Z DEBUG node{moniker=app-0}:wal{height=28}: Wrote log entry type=Consensus(Vote) entry.size=119 
2025-08-25T09:38:14.946852Z  INFO node{moniker=app-0}:consensus{height=28 round=0}: Received vote height=28 vote_height=28 address=DE7BA2BE72D2225286133990FF5810B691A5261C Prevote(height: 28, round: 0, value: 1af80494cf98ebb8, from: DE7BA2BE72D2225286133990FF5810B691A5261C)
2025-08-25T09:38:14.947102Z DEBUG node{moniker=app-0}:wal{height=28}: Wrote log entry type=Consensus(Vote) entry.size=117 
2025-08-25T09:38:14.947210Z DEBUG node{moniker=app-0}:consensus{height=28 round=0}: Transitioned to new step step.previous=Prevote step.new=Precommit
2025-08-25T09:38:14.954835Z  INFO node{moniker=app-0}:consensus{height=28 round=0}: Received vote height=28 vote_height=28 address=02CB1B49DA09615BD4A12212C39378556D990DFD Precommit(height: 28, round: 0, value: 1af80494cf98ebb8, from: 02CB1B49DA09615BD4A12212C39378556D990DFD)
2025-08-25T09:38:14.955714Z DEBUG node{moniker=app-0}:wal{height=28}: Wrote log entry type=Consensus(Vote) entry.size=119 
2025-08-25T09:38:14.956182Z DEBUG node{moniker=app-0}:consensus{height=28 round=0}: Transitioned to new step step.previous=Precommit step.new=Commit
2025-08-25T09:38:14.956207Z  INFO node{moniker=app-0}:consensus{height=28 round=0}: Decided round=0 height=28 value=1af80494cf98ebb8
2025-08-25T09:38:14.958981Z DEBUG node{moniker=app-0}:wal{height=28}: Flushed WAL to disk wal.entries=6 wal.size=1827
2025-08-25T09:38:14.959064Z DEBUG node{moniker=app-0}:sync{height.tip=27 height.sync=28}: Updating request state height.tip=28
2025-08-25T09:38:14.959079Z DEBUG node{moniker=app-0}:node{moniker=app-0}: metis-test:consensus-chan recv!!! msg:Decided { certificate: CommitCertificate { height: Height(28), round: Some(0), value_id: ValueId(1943308276394945464), commit_signatures: [CommitSignature { address: Address(02CB1B49DA09615BD4A12212C39378556D990DFD), signature: Signature(Signature { R_bytes: "bfef8f06bd83ef6f1a6544c922f1c48fb640721ea0ed000be0969b756058b303", s_bytes: "f7c8f40577e5e09200cd83c261431cbb751da0802a16a3ace2c2e888e13eeb0a" }) }, CommitSignature { address: Address(DE7BA2BE72D2225286133990FF5810B691A5261C), signature: Signature(Signature { R_bytes: "afc15ecc9e1ab6de742793449e7c6b1ac993c1d0915bc0527bcd4bfecabfea6c", s_bytes: "03f829b49be9a88d00fefe4621fad443172d2b74aad55a2ec2d85252680f3b03" }) }] }, extensions: VoteExtensions { extensions: [] }, reply: Sender { inner: Some(Inner { state: State { is_complete: false, is_closed: false, is_rx_task_set: true, is_tx_task_set: false } }) } }
2025-08-25T09:38:14.959098Z  INFO node{moniker=app-0}:node{moniker=app-0}: 🟢🟢 Consensus has decided on value height=28 round=0 value=1af80494cf98ebb8
2025-08-25T09:38:14.959156Z DEBUG node{moniker=app-0}:node{moniker=app-0}: 🎁 block size: 545, height: 28
2025-08-25T09:38:14.959165Z  INFO node{moniker=app-0}:node{moniker=app-0}: 👉 stats at height 28: #txs=0, txs/s=0.00, chain_bytes=15260, bytes/s=1944.82
2025-08-25T09:38:14.959169Z DEBUG node{moniker=app-0}:node{moniker=app-0}: 🦄 Block at height 28 contains 0 transactions
2025-08-25T09:38:14.961428Z DEBUG node{moniker=app-0}:node{moniker=app-0}: 💡 New block added at height 28 with hash: 0xb7067824786b23ba025050a359ac69db542c2a0e1b413cd3986226293822afba
2025-08-25T09:38:14.961437Z DEBUG node{moniker=app-0}:node{moniker=app-0}: 🟠 set_latest_forkchoice_state: 0xb7067824786b23ba025050a359ac69db542c2a0e1b413cd3986226293822afba
2025-08-25T09:38:14.962749Z DEBUG node{moniker=app-0}:node{moniker=app-0}: ➡️ payload_status: PayloadStatus { status: Valid, latest_valid_hash: Some(0xb7067824786b23ba025050a359ac69db542c2a0e1b413cd3986226293822afba) }
2025-08-25T09:38:14.962758Z DEBUG node{moniker=app-0}:node{moniker=app-0}: 🚀 Forkchoice updated to height 28 for block hash=0xb7067824786b23ba025050a359ac69db542c2a0e1b413cd3986226293822afba and latest_valid_hash=0xb7067824786b23ba025050a359ac69db542c2a0e1b413cd3986226293822afba
2025-08-25T09:38:14.962761Z  INFO node{moniker=app-0}:node{moniker=app-0}: Looking for certificate height=28 round=0
2025-08-25T09:38:14.966707Z  INFO node{moniker=app-0}:node{moniker=app-0}: Committed block_data[0..32]: c8d25f5b178bfa62f159cd1e634898cc60369a5e023b79827d23a8471a4c195e
2025-08-25T09:38:14.988585Z DEBUG node{moniker=app-0}:wal{height=29}: Reset WAL height=29
2025-08-25T09:38:14.989763Z DEBUG node{moniker=app-0}:consensus{height=29 round=0}: No WAL entries to replay height=29
2025-08-25T09:38:14.989896Z  INFO node{moniker=app-0}:consensus{height=29 round=0}: Starting new height height=29
2025-08-25T09:38:14.990123Z  INFO node{moniker=app-0}:consensus{height=29 round=0}: Starting new round height=29 round=0 proposer=02CB1B49DA09615BD4A12212C39378556D990DFD role=Validator
2025-08-25T09:38:14.990161Z DEBUG node{moniker=app-0}:sync{height.tip=27 height.sync=28}: Starting new height height.tip=28 height.sync=29 restart=false
2025-08-25T09:38:14.990446Z DEBUG node{moniker=app-0}:sync{height.tip=27 height.sync=28}: No peer to request sync from height.sync=29
2025-08-25T09:38:14.996581Z DEBUG node{moniker=app-0}:wal{height=29}: Flushed WAL to disk wal.entries=0 wal.size=12
2025-08-25T09:38:14.996686Z DEBUG node{moniker=app-0}:node{moniker=app-0}: metis-test:consensus-chan recv!!! msg:StartedRound { height: Height(29), round: Some(0), proposer: Address(02CB1B49DA09615BD4A12212C39378556D990DFD), role: Validator, reply_value: Sender { inner: Some(Inner { state: State { is_complete: false, is_closed: false, is_rx_task_set: false, is_tx_task_set: false } }) } }
2025-08-25T09:38:14.996699Z  INFO node{moniker=app-0}:node{moniker=app-0}: 🟢🟢 Started round height=29 round=0 proposer=02CB1B49DA09615BD4A12212C39378556D990DFD role=Validator
2025-08-25T09:38:14.996720Z ERROR node{moniker=app-0}:consensus{height=29 round=0}: Error when processing effect: Messaging(RecvErr)
2025-08-25T09:38:14.996739Z DEBUG node{moniker=app-0}:consensus{height=29 round=0}: Transitioned to new step step.previous=Unstarted step.new=Propose
2025-08-25T09:38:14.996744Z  INFO node{moniker=app-0}:consensus{height=29 round=0}: Scheduling timeout round=0 step=Propose
2025-08-25T09:38:14.996753Z DEBUG node{moniker=app-0}:consensus{height=29 round=0}: Replaying inputs count=0
2025-08-25T09:38:15.022194Z DEBUG node{moniker=app-0}:node{moniker=app-0}: metis-test:consensus-chan recv!!! msg:ReceivedProposalPart { from: PeerId("12D3KooWR2Quwt2G6MyT6WQkUdfS8nHZu7XcPotkmbhuEoqc94oJ"), part: StreamMessage { stream_id: StreamId(b"\0\0\0\0\0\0\0\x1d\0\0\0\0\0\0\0\n"), sequence: 0, content: Data(Init(ProposalInit { height: Height(29), round: Some(0), proposer: Address(02CB1B49DA09615BD4A12212C39378556D990DFD) })) }, reply: Sender { inner: Some(Inner { state: State { is_complete: false, is_closed: false, is_rx_task_set: true, is_tx_task_set: false } }) } }
2025-08-25T09:38:15.022234Z  INFO node{moniker=app-0}:node{moniker=app-0}: Received proposal part from=12D3KooWR2Quwt2G6MyT6WQkUdfS8nHZu7XcPotkmbhuEoqc94oJ part.sequence=0 part.type=init part.size=28
2025-08-25T09:38:15.023044Z DEBUG node{moniker=app-0}:node{moniker=app-0}: metis-test:consensus-chan recv!!! msg:ReceivedProposalPart { from: PeerId("12D3KooWR2Quwt2G6MyT6WQkUdfS8nHZu7XcPotkmbhuEoqc94oJ"), part: StreamMessage { stream_id: StreamId(b"\0\0\0\0\0\0\0\x1d\0\0\0\0\0\0\0\n"), sequence: 1, content: Data(Data(ProposalData { bytes: "<...>", len: 545 })) }, reply: Sender { inner: Some(Inner { state: State { is_complete: false, is_closed: false, is_rx_task_set: true, is_tx_task_set: false } }) } }
2025-08-25T09:38:15.023063Z  INFO node{moniker=app-0}:node{moniker=app-0}: Received proposal part from=12D3KooWR2Quwt2G6MyT6WQkUdfS8nHZu7XcPotkmbhuEoqc94oJ part.sequence=1 part.type=data part.size=551
2025-08-25T09:38:15.023081Z DEBUG node{moniker=app-0}:node{moniker=app-0}: metis-test:consensus-chan recv!!! msg:ReceivedProposalPart { from: PeerId("12D3KooWR2Quwt2G6MyT6WQkUdfS8nHZu7XcPotkmbhuEoqc94oJ"), part: StreamMessage { stream_id: StreamId(b"\0\0\0\0\0\0\0\x1d\0\0\0\0\0\0\0\n"), sequence: 2, content: Data(Fin(ProposalFin { signature: Signature(Signature { R_bytes: "49d327ddeca8fb1100f36eebc8a9dee8cc0b416b28de0ef9151cd9e10d58ebda", s_bytes: "b9eb59155063a1f61cb08c34640948dee8c4e7402c586041e993319155d3cf04" }) })) }, reply: Sender { inner: Some(Inner { state: State { is_complete: false, is_closed: false, is_rx_task_set: true, is_tx_task_set: false } }) } }
2025-08-25T09:38:15.023094Z  INFO node{moniker=app-0}:node{moniker=app-0}: Received proposal part from=12D3KooWR2Quwt2G6MyT6WQkUdfS8nHZu7XcPotkmbhuEoqc94oJ part.sequence=2 part.type=fin part.size=70
2025-08-25T09:38:15.023777Z DEBUG node{moniker=app-0}:node{moniker=app-0}: metis-test:consensus-chan recv!!! msg:ReceivedProposalPart { from: PeerId("12D3KooWR2Quwt2G6MyT6WQkUdfS8nHZu7XcPotkmbhuEoqc94oJ"), part: StreamMessage { stream_id: StreamId(b"\0\0\0\0\0\0\0\x1d\0\0\0\0\0\0\0\n"), sequence: 3, content: Fin }, reply: Sender { inner: Some(Inner { state: State { is_complete: false, is_closed: false, is_rx_task_set: true, is_tx_task_set: false } }) } }
2025-08-25T09:38:15.023798Z  INFO node{moniker=app-0}:node{moniker=app-0}: Received proposal part from=12D3KooWR2Quwt2G6MyT6WQkUdfS8nHZu7XcPotkmbhuEoqc94oJ part.sequence=3 part.type=end of stream part.size=0
2025-08-25T09:38:15.023971Z  INFO node{moniker=app-0}:node{moniker=app-0}: Proposal data[0..32]: b7067824786b23ba025050a359ac69db542c2a0e1b413cd3986226293822afba, total_size: 545 bytes, id: a80b99d85681d4d3
2025-08-25T09:38:15.071614Z  INFO node{moniker=app-0}:consensus{height=29 round=0}: Received vote height=29 vote_height=29 address=02CB1B49DA09615BD4A12212C39378556D990DFD Prevote(height: 29, round: 0, value: a80b99d85681d4d3, from: 02CB1B49DA09615BD4A12212C39378556D990DFD)
2025-08-25T09:38:15.080840Z DEBUG node{moniker=app-0}:node{moniker=app-0}: ✅ Received complete proposal: ProposedValue { height: Height(29), round: Some(0), valid_round: Nil, proposer: Address(02CB1B49DA09615BD4A12212C39378556D990DFD), value: Value { value: 12108941177559045331, extensions: b"\xb7\x06x$xk#\xba\x02PP\xa3Y\xaci\xdbT,*\x0e\x1bA<\xd3\x98b&)8\"\xaf\xba********************\xec&\xdf\x94B\xc5\xd4\xa0\xa0\xccSH\xc9`\x11[C\xda\x08\xc7\xae\xf6\xbeNL\xcc_\x13l\xa8\x92\xa6V\xe8\x1f\x17\x1b\xccU\xa6\xff\x83E\xe6\x92\xc0\xf8n[H\xe0\x1b\x99l\xad\xc0\x01b/\xb5\xe3c\xb4!\0\0\0\0\0\0\0\0\0\0\0\0\0\0\0\0\0\0\0\0\0\0\0\0\0\0\0\0\0\0\0\0\0\0\0\0\0\0\0\0\0\0\0\0\0\0\0\0\0\0\0\0\0\0\0\0\0\0\0\0\0\0\0\0\0\0\0\0\0\0\0\0\0\0\0\0\0\0\0\0\0\0\0\0\0\0\0\0\0\0\0\0\0\0\0\0\0\0\0\0\0\0\0\0\0\0\0\0\0\0\0\0\0\0\0\0\0\0\0\0\0\0\0\0\0\0\0\0\0\0\0\0\0\0\0\0\0\0\0\0\0\0\0\0\0\0\0\0\0\0\0\0\0\0\0\0\0\0\0\0\0\0\0\0\0\0\0\0\0\0\0\0\0\0\0\0\0\0\0\0\0\0\0\0\0\0\0\0\0\0\0\0\0\0\0\0\0\0\0\0\0\0\0\0\0\0\0\0\0\0\0\0\0\0\0\0\0\0\0\0\0\0\0\0\0\0\0\0\0\0\0\0\0\0\0\0\0\0\0\0\0\0\0\0\0\0\0\0\0\0\0\0\0\0\0\0\0\0\0\0\0\0\0\0\0\0\0\0\0\0\0\0\0\0\0\0\0\0\0\0\0\0\0\0\0\0\0\0\x1d\0\0\0\0\0\0\0\xe3\xe7\xd6\x01\0\0\0\0\0\0\0\0\0\0\0\0 /\xach\0\0\0\0\x10\x02\0\0\xdd\x81=\x01\0\0\0\0\0\0\0\0\0\0\0\0\0\0\0\0\0\0\0\0\0\0\0\0\0\0\0\0\xdeA\x10\xa8\xec\x0c?mA\x9f\xb3\xfex\xf6\x8f`\xea\x16\xe1\t\xa4\x1e\xf0\xb5\x1dH1\x03\xd7\xe4i!!\x02\0\0!\x02\0\0\0\0\0\0\0\0\0\0\0\0\0\0\0\0\0\0reth/v1.4.1/linux" }, validity: Valid }
2025-08-25T09:38:15.080992Z DEBUG node{moniker=app-0}:wal{height=29}: Wrote log entry type=Consensus(Vote) entry.size=118 
2025-08-25T09:38:15.081258Z  INFO node{moniker=app-0}:consensus{height=29 round=0}: Received proposal consensus.height=29 proposal.height=29 proposal.round=0 proposer=02CB1B49DA09615BD4A12212C39378556D990DFD Proposal(height: 29, round: 0, pol_round: -1, value: a80b99d85681d4d3, from: 02CB1B49DA09615BD4A12212C39378556D990DFD)
2025-08-25T09:38:15.081354Z DEBUG node{moniker=app-0}:wal{height=29}: Wrote log entry type=Consensus(Proposal) entry.size=668 
2025-08-25T09:38:15.081376Z DEBUG node{moniker=app-0}:consensus{height=29 round=0}: No full proposal for this round yet, stored proposal for later proposal.height=29 proposal.round=0
2025-08-25T09:38:15.081397Z DEBUG node{moniker=app-0}:consensus{height=29 round=0}: We have a full proposal for this round, checking... proposal.height=29 proposal.round=0
2025-08-25T09:38:15.081410Z DEBUG node{moniker=app-0}:consensus{height=29 round=0}: Transitioned to new step step.previous=Propose step.new=Prevote
2025-08-25T09:38:15.081427Z  INFO node{moniker=app-0}:consensus{height=29 round=0}: Voting vote_type=Prevote value=a80b99d85681d4d3 round=0
2025-08-25T09:38:15.081649Z  INFO node{moniker=app-0}:consensus{height=29 round=0}: Received vote height=29 vote_height=29 address=815F9FA61D7C4F1E4A9E30D40DCA1115BB48F759 Prevote(height: 29, round: 0, value: a80b99d85681d4d3, from: 815F9FA61D7C4F1E4A9E30D40DCA1115BB48F759)
2025-08-25T09:38:15.081761Z DEBUG node{moniker=app-0}:wal{height=29}: Wrote log entry type=Consensus(Vote) entry.size=118 
2025-08-25T09:38:15.081802Z DEBUG node{moniker=app-0}:consensus{height=29 round=0}: Transitioned to new step step.previous=Prevote step.new=Precommit
2025-08-25T09:38:15.081809Z  INFO node{moniker=app-0}:consensus{height=29 round=0}: Voting vote_type=Precommit value=a80b99d85681d4d3 round=0
2025-08-25T09:38:15.081828Z DEBUG node{moniker=app-0}:node{moniker=app-0}: metis-test:consensus-chan recv!!! msg:ExtendVote { height: Height(29), round: Some(0), value_id: ValueId(12108941177559045331), reply: Sender { inner: Some(Inner { state: State { is_complete: false, is_closed: false, is_rx_task_set: true, is_tx_task_set: false } }) } }
2025-08-25T09:38:15.082123Z  INFO node{moniker=app-0}:consensus{height=29 round=0}: Received vote height=29 vote_height=29 address=815F9FA61D7C4F1E4A9E30D40DCA1115BB48F759 Precommit(height: 29, round: 0, value: a80b99d85681d4d3, from: 815F9FA61D7C4F1E4A9E30D40DCA1115BB48F759)
2025-08-25T09:38:15.082237Z DEBUG node{moniker=app-0}:wal{height=29}: Wrote log entry type=Consensus(Vote) entry.size=120 
2025-08-25T09:38:15.085442Z DEBUG node{moniker=app-0}:wal{height=29}: Flushed WAL to disk wal.entries=4 wal.size=1088
2025-08-25T09:38:15.085751Z DEBUG node{moniker=app-0}:network: Published message channel=/consensus size=111
2025-08-25T09:38:15.087695Z DEBUG node{moniker=app-0}:wal{height=29}: Flushed WAL to disk wal.entries=4 wal.size=1088
2025-08-25T09:38:15.088062Z DEBUG node{moniker=app-0}:network: Published message channel=/consensus size=109
2025-08-25T09:38:15.098476Z  INFO node{moniker=app-0}:consensus{height=29 round=0}: Received vote height=29 vote_height=29 address=02CB1B49DA09615BD4A12212C39378556D990DFD Precommit(height: 29, round: 0, value: a80b99d85681d4d3, from: 02CB1B49DA09615BD4A12212C39378556D990DFD)
2025-08-25T09:38:15.101759Z DEBUG node{moniker=app-0}:wal{height=29}: Wrote log entry type=Consensus(Vote) entry.size=120 
2025-08-25T09:38:15.101865Z DEBUG node{moniker=app-0}:consensus{height=29 round=0}: Transitioned to new step step.previous=Precommit step.new=Commit
2025-08-25T09:38:15.101958Z  INFO node{moniker=app-0}:consensus{height=29 round=0}: Decided round=0 height=29 value=a80b99d85681d4d3
2025-08-25T09:38:15.108455Z DEBUG node{moniker=app-0}:wal{height=29}: Flushed WAL to disk wal.entries=5 wal.size=1221
2025-08-25T09:38:15.108601Z DEBUG node{moniker=app-0}:sync{height.tip=28 height.sync=29}: Updating request state height.tip=29
2025-08-25T09:38:15.108622Z DEBUG node{moniker=app-0}:node{moniker=app-0}: metis-test:consensus-chan recv!!! msg:Decided { certificate: CommitCertificate { height: Height(29), round: Some(0), value_id: ValueId(12108941177559045331), commit_signatures: [CommitSignature { address: Address(02CB1B49DA09615BD4A12212C39378556D990DFD), signature: Signature(Signature { R_bytes: "478609b2eb866a3853076a738794ec4be1d271c53ac88043b29c9eecf0b7bcc4", s_bytes: "d0f96f0a369d2e49f5131b26f0220b766feaf5aa7bc5bd258a5ef14cdffa810b" }) }, CommitSignature { address: Address(815F9FA61D7C4F1E4A9E30D40DCA1115BB48F759), signature: Signature(Signature { R_bytes: "6854a2a7424dfe316769e0430b22b92e40ffe8ee51444fe7dc2c5fa7d3501065", s_bytes: "ac45b988e2998de948bf26738c6e8efbfc2f91272272655c4bb342d5eef4b40d" }) }] }, extensions: VoteExtensions { extensions: [] }, reply: Sender { inner: Some(Inner { state: State { is_complete: false, is_closed: false, is_rx_task_set: true, is_tx_task_set: false } }) } }
2025-08-25T09:38:15.108654Z  INFO node{moniker=app-0}:node{moniker=app-0}: 🟢🟢 Consensus has decided on value height=29 round=0 value=a80b99d85681d4d3
2025-08-25T09:38:15.108758Z DEBUG node{moniker=app-0}:node{moniker=app-0}: 🎁 block size: 545, height: 29
2025-08-25T09:38:15.108779Z  INFO node{moniker=app-0}:node{moniker=app-0}: 👉 stats at height 29: #txs=0, txs/s=0.00, chain_bytes=15805, bytes/s=1976.59
2025-08-25T09:38:15.108787Z DEBUG node{moniker=app-0}:node{moniker=app-0}: 🦄 Block at height 29 contains 0 transactions
2025-08-25T09:38:15.111441Z DEBUG node{moniker=app-0}:node{moniker=app-0}: 💡 New block added at height 29 with hash: 0xde4110a8ec0c3f6d419fb3fe78f68f60ea16e109a41ef0b51d483103d7e46921
2025-08-25T09:38:15.111455Z DEBUG node{moniker=app-0}:node{moniker=app-0}: 🟠 set_latest_forkchoice_state: 0xde4110a8ec0c3f6d419fb3fe78f68f60ea16e109a41ef0b51d483103d7e46921
2025-08-25T09:38:15.113679Z DEBUG node{moniker=app-0}:node{moniker=app-0}: ➡️ payload_status: PayloadStatus { status: Valid, latest_valid_hash: Some(0xde4110a8ec0c3f6d419fb3fe78f68f60ea16e109a41ef0b51d483103d7e46921) }
2025-08-25T09:38:15.113690Z DEBUG node{moniker=app-0}:node{moniker=app-0}: 🚀 Forkchoice updated to height 29 for block hash=0xde4110a8ec0c3f6d419fb3fe78f68f60ea16e109a41ef0b51d483103d7e46921 and latest_valid_hash=0xde4110a8ec0c3f6d419fb3fe78f68f60ea16e109a41ef0b51d483103d7e46921
2025-08-25T09:38:15.113694Z  INFO node{moniker=app-0}:node{moniker=app-0}: Looking for certificate height=29 round=0
2025-08-25T09:38:15.121474Z  INFO node{moniker=app-0}:node{moniker=app-0}: Committed block_data[0..32]: b7067824786b23ba025050a359ac69db542c2a0e1b413cd3986226293822afba
2025-08-25T09:38:15.137326Z DEBUG node{moniker=app-0}:wal{height=30}: Reset WAL height=30
2025-08-25T09:38:15.137549Z DEBUG node{moniker=app-0}:consensus{height=30 round=0}: No WAL entries to replay height=30
2025-08-25T09:38:15.137593Z  INFO node{moniker=app-0}:consensus{height=30 round=0}: Starting new height height=30
2025-08-25T09:38:15.137600Z  INFO node{moniker=app-0}:consensus{height=30 round=0}: Starting new round height=30 round=0 proposer=DE7BA2BE72D2225286133990FF5810B691A5261C role=Validator
2025-08-25T09:38:15.137623Z DEBUG node{moniker=app-0}:sync{height.tip=28 height.sync=29}: Starting new height height.tip=29 height.sync=30 restart=false
2025-08-25T09:38:15.137628Z DEBUG node{moniker=app-0}:sync{height.tip=28 height.sync=29}: No peer to request sync from height.sync=30
2025-08-25T09:38:15.142650Z DEBUG node{moniker=app-0}:wal{height=30}: Flushed WAL to disk wal.entries=0 wal.size=12
2025-08-25T09:38:15.142743Z DEBUG node{moniker=app-0}:node{moniker=app-0}: metis-test:consensus-chan recv!!! msg:StartedRound { height: Height(30), round: Some(0), proposer: Address(DE7BA2BE72D2225286133990FF5810B691A5261C), role: Validator, reply_value: Sender { inner: Some(Inner { state: State { is_complete: false, is_closed: false, is_rx_task_set: false, is_tx_task_set: false } }) } }
2025-08-25T09:38:15.142758Z  INFO node{moniker=app-0}:node{moniker=app-0}: 🟢🟢 Started round height=30 round=0 proposer=DE7BA2BE72D2225286133990FF5810B691A5261C role=Validator
2025-08-25T09:38:15.142772Z ERROR node{moniker=app-0}:consensus{height=30 round=0}: Error when processing effect: Messaging(RecvErr)
2025-08-25T09:38:15.142793Z DEBUG node{moniker=app-0}:consensus{height=30 round=0}: Transitioned to new step step.previous=Unstarted step.new=Propose
2025-08-25T09:38:15.142799Z  INFO node{moniker=app-0}:consensus{height=30 round=0}: Scheduling timeout round=0 step=Propose
2025-08-25T09:38:15.142808Z DEBUG node{moniker=app-0}:consensus{height=30 round=0}: Replaying inputs count=0
2025-08-25T09:38:15.155036Z DEBUG node{moniker=app-0}:node{moniker=app-0}: metis-test:consensus-chan recv!!! msg:ReceivedProposalPart { from: PeerId("12D3KooWEFmACkQS9HNWY86xGVM3LS7fRpQ8saTb5VdfdYCzuUvE"), part: StreamMessage { stream_id: StreamId(b"\0\0\0\0\0\0\0\x1e\0\0\0\0\0\0\0\t"), sequence: 0, content: Data(Init(ProposalInit { height: Height(30), round: Some(0), proposer: Address(DE7BA2BE72D2225286133990FF5810B691A5261C) })) }, reply: Sender { inner: Some(Inner { state: State { is_complete: false, is_closed: false, is_rx_task_set: true, is_tx_task_set: false } }) } }
2025-08-25T09:38:15.155071Z  INFO node{moniker=app-0}:node{moniker=app-0}: Received proposal part from=12D3KooWEFmACkQS9HNWY86xGVM3LS7fRpQ8saTb5VdfdYCzuUvE part.sequence=0 part.type=init part.size=28
2025-08-25T09:38:15.155942Z DEBUG node{moniker=app-0}:node{moniker=app-0}: metis-test:consensus-chan recv!!! msg:ReceivedProposalPart { from: PeerId("12D3KooWEFmACkQS9HNWY86xGVM3LS7fRpQ8saTb5VdfdYCzuUvE"), part: StreamMessage { stream_id: StreamId(b"\0\0\0\0\0\0\0\x1e\0\0\0\0\0\0\0\t"), sequence: 1, content: Data(Data(ProposalData { bytes: "<...>", len: 545 })) }, reply: Sender { inner: Some(Inner { state: State { is_complete: false, is_closed: false, is_rx_task_set: true, is_tx_task_set: false } }) } }
2025-08-25T09:38:15.155960Z  INFO node{moniker=app-0}:node{moniker=app-0}: Received proposal part from=12D3KooWEFmACkQS9HNWY86xGVM3LS7fRpQ8saTb5VdfdYCzuUvE part.sequence=1 part.type=data part.size=551
2025-08-25T09:38:15.155977Z DEBUG node{moniker=app-0}:node{moniker=app-0}: metis-test:consensus-chan recv!!! msg:ReceivedProposalPart { from: PeerId("12D3KooWEFmACkQS9HNWY86xGVM3LS7fRpQ8saTb5VdfdYCzuUvE"), part: StreamMessage { stream_id: StreamId(b"\0\0\0\0\0\0\0\x1e\0\0\0\0\0\0\0\t"), sequence: 2, content: Data(Fin(ProposalFin { signature: Signature(Signature { R_bytes: "c90c77df6b69a7bf2b4350d424b42f72094068006b1a53f5bf94d43eeed9d517", s_bytes: "d16944599c82f9a4e6a32d0ec4ebbb6addd0057d0d4641176d9248f820758c0b" }) })) }, reply: Sender { inner: Some(Inner { state: State { is_complete: false, is_closed: false, is_rx_task_set: true, is_tx_task_set: false } }) } }
2025-08-25T09:38:15.155989Z  INFO node{moniker=app-0}:node{moniker=app-0}: Received proposal part from=12D3KooWEFmACkQS9HNWY86xGVM3LS7fRpQ8saTb5VdfdYCzuUvE part.sequence=2 part.type=fin part.size=70
2025-08-25T09:38:15.155998Z DEBUG node{moniker=app-0}:node{moniker=app-0}: metis-test:consensus-chan recv!!! msg:ReceivedProposalPart { from: PeerId("12D3KooWEFmACkQS9HNWY86xGVM3LS7fRpQ8saTb5VdfdYCzuUvE"), part: StreamMessage { stream_id: StreamId(b"\0\0\0\0\0\0\0\x1e\0\0\0\0\0\0\0\t"), sequence: 3, content: Fin }, reply: Sender { inner: Some(Inner { state: State { is_complete: false, is_closed: false, is_rx_task_set: true, is_tx_task_set: false } }) } }
2025-08-25T09:38:15.156005Z  INFO node{moniker=app-0}:node{moniker=app-0}: Received proposal part from=12D3KooWEFmACkQS9HNWY86xGVM3LS7fRpQ8saTb5VdfdYCzuUvE part.sequence=3 part.type=end of stream part.size=0
2025-08-25T09:38:15.156141Z  INFO node{moniker=app-0}:node{moniker=app-0}: Proposal data[0..32]: de4110a8ec0c3f6d419fb3fe78f68f60ea16e109a41ef0b51d483103d7e46921, total_size: 545 bytes, id: bb35ca4533c4bec3
2025-08-25T09:38:15.170449Z DEBUG node{moniker=app-0}:node{moniker=app-0}: ✅ Received complete proposal: ProposedValue { height: Height(30), round: Some(0), valid_round: Nil, proposer: Address(DE7BA2BE72D2225286133990FF5810B691A5261C), value: Value { value: 13489910657428274883, extensions: b"\xdeA\x10\xa8\xec\x0c?mA\x9f\xb3\xfex\xf6\x8f`\xea\x16\xe1\t\xa4\x1e\xf0\xb5\x1dH1\x03\xd7\xe4i!********************\xec&\xdf\x94B\xc5\xd4\xa0\xa0\xccSH\xc9`\x11[C\xda\x08\xc7\xae\xf6\xbeNL\xcc_\x13l\xa8\x92\xa6V\xe8\x1f\x17\x1b\xccU\xa6\xff\x83E\xe6\x92\xc0\xf8n[H\xe0\x1b\x99l\xad\xc0\x01b/\xb5\xe3c\xb4!\0\0\0\0\0\0\0\0\0\0\0\0\0\0\0\0\0\0\0\0\0\0\0\0\0\0\0\0\0\0\0\0\0\0\0\0\0\0\0\0\0\0\0\0\0\0\0\0\0\0\0\0\0\0\0\0\0\0\0\0\0\0\0\0\0\0\0\0\0\0\0\0\0\0\0\0\0\0\0\0\0\0\0\0\0\0\0\0\0\0\0\0\0\0\0\0\0\0\0\0\0\0\0\0\0\0\0\0\0\0\0\0\0\0\0\0\0\0\0\0\0\0\0\0\0\0\0\0\0\0\0\0\0\0\0\0\0\0\0\0\0\0\0\0\0\0\0\0\0\0\0\0\0\0\0\0\0\0\0\0\0\0\0\0\0\0\0\0\0\0\0\0\0\0\0\0\0\0\0\0\0\0\0\0\0\0\0\0\0\0\0\0\0\0\0\0\0\0\0\0\0\0\0\0\0\0\0\0\0\0\0\0\0\0\0\0\0\0\0\0\0\0\0\0\0\0\0\0\0\0\0\0\0\0\0\0\0\0\0\0\0\0\0\0\0\0\0\0\0\0\0\0\0\0\0\0\0\0\0\0\0\0\0\0\0\0\0\0\0\0\0\0\0\0\0\0\0\0\0\0\0\0\0\0\0\0\0\0\x1e\0\0\0\0\0\0\0\x9b]\xd7\x01\0\0\0\0\0\0\0\0\0\0\0\0!/\xach\0\0\0\0\x10\x02\0\0\xa2\xd1\x15\x01\0\0\0\0\0\0\0\0\0\0\0\0\0\0\0\0\0\0\0\0\0\0\0\0\0\0\0\0\xf2#H\xe4\x18\x9e\x82\x90\xbc\x89f_(\xb6O\xf8,\x91g\x0f\xbf\xad\xbc\xc8Ii\x8a\x0c\xc2\x1b\xffa!\x02\0\0!\x02\0\0\0\0\0\0\0\0\0\0\0\0\0\0\0\0\0\0reth/v1.4.1/linux" }, validity: Valid }
2025-08-25T09:38:15.171372Z DEBUG node{moniker=app-0}:wal{height=30}: Wrote log entry type=LocallyProposedValue entry.size=599 
2025-08-25T09:38:15.171754Z  INFO node{moniker=app-0}:consensus{height=30 round=0}: Received vote height=30 vote_height=30 address=DE7BA2BE72D2225286133990FF5810B691A5261C Prevote(height: 30, round: 0, value: bb35ca4533c4bec3, from: DE7BA2BE72D2225286133990FF5810B691A5261C)
2025-08-25T09:38:15.174589Z DEBUG node{moniker=app-0}:wal{height=30}: Wrote log entry type=Consensus(Vote) entry.size=118 
2025-08-25T09:38:15.175802Z  INFO node{moniker=app-0}:consensus{height=30 round=0}: Received proposal consensus.height=30 proposal.height=30 proposal.round=0 proposer=DE7BA2BE72D2225286133990FF5810B691A5261C Proposal(height: 30, round: 0, pol_round: -1, value: bb35ca4533c4bec3, from: DE7BA2BE72D2225286133990FF5810B691A5261C)
2025-08-25T09:38:15.175942Z DEBUG node{moniker=app-0}:wal{height=30}: Wrote log entry type=Consensus(Proposal) entry.size=668 
2025-08-25T09:38:15.176070Z DEBUG node{moniker=app-0}:consensus{height=30 round=0}: Transitioned to new step step.previous=Propose step.new=Prevote
2025-08-25T09:38:15.176084Z  INFO node{moniker=app-0}:consensus{height=30 round=0}: Voting vote_type=Prevote value=bb35ca4533c4bec3 round=0
2025-08-25T09:38:15.176291Z  INFO node{moniker=app-0}:consensus{height=30 round=0}: Received vote height=30 vote_height=30 address=815F9FA61D7C4F1E4A9E30D40DCA1115BB48F759 Prevote(height: 30, round: 0, value: bb35ca4533c4bec3, from: 815F9FA61D7C4F1E4A9E30D40DCA1115BB48F759)
2025-08-25T09:38:15.176362Z DEBUG node{moniker=app-0}:wal{height=30}: Wrote log entry type=Consensus(Vote) entry.size=118 
2025-08-25T09:38:15.176392Z DEBUG node{moniker=app-0}:consensus{height=30 round=0}: Transitioned to new step step.previous=Prevote step.new=Precommit
2025-08-25T09:38:15.176400Z  INFO node{moniker=app-0}:consensus{height=30 round=0}: Voting vote_type=Precommit value=bb35ca4533c4bec3 round=0
2025-08-25T09:38:15.176419Z DEBUG node{moniker=app-0}:node{moniker=app-0}: metis-test:consensus-chan recv!!! msg:ExtendVote { height: Height(30), round: Some(0), value_id: ValueId(13489910657428274883), reply: Sender { inner: Some(Inner { state: State { is_complete: false, is_closed: false, is_rx_task_set: true, is_tx_task_set: false } }) } }
2025-08-25T09:38:15.176633Z  INFO node{moniker=app-0}:consensus{height=30 round=0}: Received vote height=30 vote_height=30 address=815F9FA61D7C4F1E4A9E30D40DCA1115BB48F759 Precommit(height: 30, round: 0, value: bb35ca4533c4bec3, from: 815F9FA61D7C4F1E4A9E30D40DCA1115BB48F759)
2025-08-25T09:38:15.176703Z DEBUG node{moniker=app-0}:wal{height=30}: Wrote log entry type=Consensus(Vote) entry.size=120 
2025-08-25T09:38:15.180467Z DEBUG node{moniker=app-0}:wal{height=30}: Flushed WAL to disk wal.entries=5 wal.size=1700
2025-08-25T09:38:15.180637Z DEBUG node{moniker=app-0}:network: Published message channel=/consensus size=111
2025-08-25T09:38:15.184605Z DEBUG node{moniker=app-0}:wal{height=30}: Flushed WAL to disk wal.entries=5 wal.size=1700
2025-08-25T09:38:15.184842Z DEBUG node{moniker=app-0}:network: Published message channel=/consensus size=109
2025-08-25T09:38:15.193558Z  INFO node{moniker=app-0}:consensus{height=30 round=0}: Received vote height=30 vote_height=30 address=DE7BA2BE72D2225286133990FF5810B691A5261C Precommit(height: 30, round: 0, value: bb35ca4533c4bec3, from: DE7BA2BE72D2225286133990FF5810B691A5261C)
2025-08-25T09:38:15.195551Z DEBUG node{moniker=app-0}:wal{height=30}: Wrote log entry type=Consensus(Vote) entry.size=120 
2025-08-25T09:38:15.195658Z DEBUG node{moniker=app-0}:consensus{height=30 round=0}: Transitioned to new step step.previous=Precommit step.new=Commit
2025-08-25T09:38:15.195667Z  INFO node{moniker=app-0}:consensus{height=30 round=0}: Decided round=0 height=30 value=bb35ca4533c4bec3
2025-08-25T09:38:15.200304Z DEBUG node{moniker=app-0}:wal{height=30}: Flushed WAL to disk wal.entries=6 wal.size=1833
2025-08-25T09:38:15.201258Z DEBUG node{moniker=app-0}:sync{height.tip=29 height.sync=30}: Updating request state height.tip=30
2025-08-25T09:38:15.204676Z DEBUG node{moniker=app-0}:node{moniker=app-0}: metis-test:consensus-chan recv!!! msg:Decided { certificate: CommitCertificate { height: Height(30), round: Some(0), value_id: ValueId(13489910657428274883), commit_signatures: [CommitSignature { address: Address(815F9FA61D7C4F1E4A9E30D40DCA1115BB48F759), signature: Signature(Signature { R_bytes: "4c61a7f31e72da8fd981c9edef29d6e37d3b979c431d687c36dd5d5c111d630c", s_bytes: "3a8b071bfbd89f9f4ca0e454b5c0a209638606bd26d5486eacb6dbf350fc0206" }) }, CommitSignature { address: Address(DE7BA2BE72D2225286133990FF5810B691A5261C), signature: Signature(Signature { R_bytes: "8231ee69569f9e9e0d79948bb17abc485b0adbdaf6c1ba3943b4f0235abaf0c0", s_bytes: "cdb60dd3235779ca832da904302ad0ee92b8d0241dd352dd14455ba053d17d03" }) }] }, extensions: VoteExtensions { extensions: [] }, reply: Sender { inner: Some(Inner { state: State { is_complete: false, is_closed: false, is_rx_task_set: true, is_tx_task_set: false } }) } }
2025-08-25T09:38:15.204707Z  INFO node{moniker=app-0}:node{moniker=app-0}: 🟢🟢 Consensus has decided on value height=30 round=0 value=bb35ca4533c4bec3
2025-08-25T09:38:15.205062Z DEBUG node{moniker=app-0}:node{moniker=app-0}: 🎁 block size: 545, height: 30
2025-08-25T09:38:15.205075Z  INFO node{moniker=app-0}:node{moniker=app-0}: 👉 stats at height 30: #txs=0, txs/s=0.00, chain_bytes=16350, bytes/s=2020.42
2025-08-25T09:38:15.205080Z DEBUG node{moniker=app-0}:node{moniker=app-0}: 🦄 Block at height 30 contains 0 transactions
2025-08-25T09:38:15.206308Z DEBUG node{moniker=app-0}:node{moniker=app-0}: 💡 New block added at height 30 with hash: 0xf22348e4189e8290bc89665f28b64ff82c91670fbfadbcc849698a0cc21bff61
2025-08-25T09:38:15.206315Z DEBUG node{moniker=app-0}:node{moniker=app-0}: 🟠 set_latest_forkchoice_state: 0xf22348e4189e8290bc89665f28b64ff82c91670fbfadbcc849698a0cc21bff61
2025-08-25T09:38:15.206843Z DEBUG node{moniker=app-0}:node{moniker=app-0}: ➡️ payload_status: PayloadStatus { status: Valid, latest_valid_hash: Some(0xf22348e4189e8290bc89665f28b64ff82c91670fbfadbcc849698a0cc21bff61) }
2025-08-25T09:38:15.206848Z DEBUG node{moniker=app-0}:node{moniker=app-0}: 🚀 Forkchoice updated to height 30 for block hash=0xf22348e4189e8290bc89665f28b64ff82c91670fbfadbcc849698a0cc21bff61 and latest_valid_hash=0xf22348e4189e8290bc89665f28b64ff82c91670fbfadbcc849698a0cc21bff61
2025-08-25T09:38:15.206851Z  INFO node{moniker=app-0}:node{moniker=app-0}: Looking for certificate height=30 round=0
2025-08-25T09:38:15.234377Z  INFO node{moniker=app-0}:node{moniker=app-0}: Committed block_data[0..32]: de4110a8ec0c3f6d419fb3fe78f68f60ea16e109a41ef0b51d483103d7e46921
2025-08-25T09:38:15.255725Z DEBUG node{moniker=app-0}:wal{height=31}: Reset WAL height=31
2025-08-25T09:38:15.255883Z DEBUG node{moniker=app-0}:consensus{height=31 round=0}: No WAL entries to replay height=31
2025-08-25T09:38:15.256215Z  INFO node{moniker=app-0}:consensus{height=31 round=0}: Starting new height height=31
2025-08-25T09:38:15.256225Z  INFO node{moniker=app-0}:consensus{height=31 round=0}: Starting new round height=31 round=0 proposer=DE7BA2BE72D2225286133990FF5810B691A5261C role=None
2025-08-25T09:38:15.256258Z DEBUG node{moniker=app-0}:sync{height.tip=29 height.sync=30}: Starting new height height.tip=30 height.sync=31 restart=false
2025-08-25T09:38:15.256271Z DEBUG node{moniker=app-0}:sync{height.tip=29 height.sync=30}: No peer to request sync from height.sync=31
2025-08-25T09:38:15.264641Z DEBUG node{moniker=app-0}:wal{height=31}: Flushed WAL to disk wal.entries=0 wal.size=12
2025-08-25T09:38:15.264734Z DEBUG node{moniker=app-0}:node{moniker=app-0}: metis-test:consensus-chan recv!!! msg:StartedRound { height: Height(31), round: Some(0), proposer: Address(DE7BA2BE72D2225286133990FF5810B691A5261C), role: None, reply_value: Sender { inner: Some(Inner { state: State { is_complete: false, is_closed: false, is_rx_task_set: false, is_tx_task_set: false } }) } }
2025-08-25T09:38:15.264749Z  INFO node{moniker=app-0}:node{moniker=app-0}: 🟢🟢 Started round height=31 round=0 proposer=DE7BA2BE72D2225286133990FF5810B691A5261C role=None
2025-08-25T09:38:15.264817Z ERROR node{moniker=app-0}:consensus{height=31 round=0}: Error when processing effect: Messaging(RecvErr)
2025-08-25T09:38:15.264841Z DEBUG node{moniker=app-0}:consensus{height=31 round=0}: Transitioned to new step step.previous=Unstarted step.new=Propose
2025-08-25T09:38:15.264847Z  INFO node{moniker=app-0}:consensus{height=31 round=0}: Scheduling timeout round=0 step=Propose
2025-08-25T09:38:15.264857Z DEBUG node{moniker=app-0}:consensus{height=31 round=0}: Replaying inputs count=0
2025-08-25T09:38:15.264918Z DEBUG node{moniker=app-0}:node{moniker=app-0}: metis-test:consensus-chan recv!!! msg:ReceivedProposalPart { from: PeerId("12D3KooWEFmACkQS9HNWY86xGVM3LS7fRpQ8saTb5VdfdYCzuUvE"), part: StreamMessage { stream_id: StreamId(b"\0\0\0\0\0\0\0\x1f\0\0\0\0\0\0\0\n"), sequence: 0, content: Data(Init(ProposalInit { height: Height(31), round: Some(0), proposer: Address(DE7BA2BE72D2225286133990FF5810B691A5261C) })) }, reply: Sender { inner: Some(Inner { state: State { is_complete: false, is_closed: false, is_rx_task_set: true, is_tx_task_set: false } }) } }
2025-08-25T09:38:15.264942Z  INFO node{moniker=app-0}:node{moniker=app-0}: Received proposal part from=12D3KooWEFmACkQS9HNWY86xGVM3LS7fRpQ8saTb5VdfdYCzuUvE part.sequence=0 part.type=init part.size=28
2025-08-25T09:38:15.264969Z DEBUG node{moniker=app-0}:node{moniker=app-0}: metis-test:consensus-chan recv!!! msg:ReceivedProposalPart { from: PeerId("12D3KooWEFmACkQS9HNWY86xGVM3LS7fRpQ8saTb5VdfdYCzuUvE"), part: StreamMessage { stream_id: StreamId(b"\0\0\0\0\0\0\0\x1f\0\0\0\0\0\0\0\n"), sequence: 1, content: Data(Data(ProposalData { bytes: "<...>", len: 545 })) }, reply: Sender { inner: Some(Inner { state: State { is_complete: false, is_closed: false, is_rx_task_set: true, is_tx_task_set: false } }) } }
2025-08-25T09:38:15.264982Z  INFO node{moniker=app-0}:node{moniker=app-0}: Received proposal part from=12D3KooWEFmACkQS9HNWY86xGVM3LS7fRpQ8saTb5VdfdYCzuUvE part.sequence=1 part.type=data part.size=551
2025-08-25T09:38:15.264996Z DEBUG node{moniker=app-0}:node{moniker=app-0}: metis-test:consensus-chan recv!!! msg:ReceivedProposalPart { from: PeerId("12D3KooWEFmACkQS9HNWY86xGVM3LS7fRpQ8saTb5VdfdYCzuUvE"), part: StreamMessage { stream_id: StreamId(b"\0\0\0\0\0\0\0\x1f\0\0\0\0\0\0\0\n"), sequence: 2, content: Data(Fin(ProposalFin { signature: Signature(Signature { R_bytes: "70d5767227dc90d4cebe50173a058d3314d936d7c5758947a7bf0defe380c5ed", s_bytes: "e3e24ba8433ab6c33366c0c74318009c4c35131f9e0863c562eaf1e106c2df08" }) })) }, reply: Sender { inner: Some(Inner { state: State { is_complete: false, is_closed: false, is_rx_task_set: true, is_tx_task_set: false } }) } }
2025-08-25T09:38:15.265010Z  INFO node{moniker=app-0}:node{moniker=app-0}: Received proposal part from=12D3KooWEFmACkQS9HNWY86xGVM3LS7fRpQ8saTb5VdfdYCzuUvE part.sequence=2 part.type=fin part.size=70
2025-08-25T09:38:15.265022Z DEBUG node{moniker=app-0}:node{moniker=app-0}: metis-test:consensus-chan recv!!! msg:ReceivedProposalPart { from: PeerId("12D3KooWEFmACkQS9HNWY86xGVM3LS7fRpQ8saTb5VdfdYCzuUvE"), part: StreamMessage { stream_id: StreamId(b"\0\0\0\0\0\0\0\x1f\0\0\0\0\0\0\0\n"), sequence: 3, content: Fin }, reply: Sender { inner: Some(Inner { state: State { is_complete: false, is_closed: false, is_rx_task_set: true, is_tx_task_set: false } }) } }
2025-08-25T09:38:15.265031Z  INFO node{moniker=app-0}:node{moniker=app-0}: Received proposal part from=12D3KooWEFmACkQS9HNWY86xGVM3LS7fRpQ8saTb5VdfdYCzuUvE part.sequence=3 part.type=end of stream part.size=0
2025-08-25T09:38:15.265492Z  INFO node{moniker=app-0}:node{moniker=app-0}: Proposal data[0..32]: f22348e4189e8290bc89665f28b64ff82c91670fbfadbcc849698a0cc21bff61, total_size: 545 bytes, id: 29a182700b5f9277
2025-08-25T09:38:15.281482Z DEBUG node{moniker=app-0}:node{moniker=app-0}: ✅ Received complete proposal: ProposedValue { height: Height(31), round: Some(0), valid_round: Nil, proposer: Address(DE7BA2BE72D2225286133990FF5810B691A5261C), value: Value { value: 2999822244544221815, extensions: b"\xf2#H\xe4\x18\x9e\x82\x90\xbc\x89f_(\xb6O\xf8,\x91g\x0f\xbf\xad\xbc\xc8Ii\x8a\x0c\xc2\x1b\xffa********************\xec&\xdf\x94B\xc5\xd4\xa0\xa0\xccSH\xc9`\x11[C\xda\x08\xc7\xae\xf6\xbeNL\xcc_\x13l\xa8\x92\xa6V\xe8\x1f\x17\x1b\xccU\xa6\xff\x83E\xe6\x92\xc0\xf8n[H\xe0\x1b\x99l\xad\xc0\x01b/\xb5\xe3c\xb4!\0\0\0\0\0\0\0\0\0\0\0\0\0\0\0\0\0\0\0\0\0\0\0\0\0\0\0\0\0\0\0\0\0\0\0\0\0\0\0\0\0\0\0\0\0\0\0\0\0\0\0\0\0\0\0\0\0\0\0\0\0\0\0\0\0\0\0\0\0\0\0\0\0\0\0\0\0\0\0\0\0\0\0\0\0\0\0\0\0\0\0\0\0\0\0\0\0\0\0\0\0\0\0\0\0\0\0\0\0\0\0\0\0\0\0\0\0\0\0\0\0\0\0\0\0\0\0\0\0\0\0\0\0\0\0\0\0\0\0\0\0\0\0\0\0\0\0\0\0\0\0\0\0\0\0\0\0\0\0\0\0\0\0\0\0\0\0\0\0\0\0\0\0\0\0\0\0\0\0\0\0\0\0\0\0\0\0\0\0\0\0\0\0\0\0\0\0\0\0\0\0\0\0\0\0\0\0\0\0\0\0\0\0\0\0\0\0\0\0\0\0\0\0\0\0\0\0\0\0\0\0\0\0\0\0\0\0\0\0\0\0\0\0\0\0\0\0\0\0\0\0\0\0\0\0\0\0\0\0\0\0\0\0\0\0\0\0\0\0\0\0\0\0\0\0\0\0\0\0\0\0\0\0\0\0\0\0\0\x1f\0\0\0\0\0\0\0q\xd3\xd7\x01\0\0\0\0\0\0\0\0\0\0\0\0\"/\xach\0\0\0\0\x10\x02\0\0n\x17\xf3\0\0\0\0\0\0\0\0\0\0\0\0\0\0\0\0\0\0\0\0\0\0\0\0\0\0\0\0\0\xf1\x8f\xc7\xe5\xb3\x05\xd6}\x92\xe9\x9e\x18\x12\xd6\xa9\xdd\xa9;k\x97a\xba\xb6\\\xf7\xda\xf1\xda<Zv\xa3!\x02\0\0!\x02\0\0\0\0\0\0\0\0\0\0\0\0\0\0\0\0\0\0reth/v1.4.1/linux" }, validity: Valid }
2025-08-25T09:38:15.285246Z DEBUG node{moniker=app-0}:wal{height=31}: Wrote log entry type=LocallyProposedValue entry.size=598 
2025-08-25T09:38:15.286493Z  INFO node{moniker=app-0}:consensus{height=31 round=0}: Received vote height=31 vote_height=31 address=DE7BA2BE72D2225286133990FF5810B691A5261C Prevote(height: 31, round: 0, value: 29a182700b5f9277, from: DE7BA2BE72D2225286133990FF5810B691A5261C)
2025-08-25T09:38:15.288554Z DEBUG node{moniker=app-0}:wal{height=31}: Wrote log entry type=Consensus(Vote) entry.size=117 
2025-08-25T09:38:15.289904Z  INFO node{moniker=app-0}:consensus{height=31 round=0}: Received proposal consensus.height=31 proposal.height=31 proposal.round=0 proposer=DE7BA2BE72D2225286133990FF5810B691A5261C Proposal(height: 31, round: 0, pol_round: -1, value: 29a182700b5f9277, from: DE7BA2BE72D2225286133990FF5810B691A5261C)
2025-08-25T09:38:15.290299Z DEBUG node{moniker=app-0}:wal{height=31}: Wrote log entry type=Consensus(Proposal) entry.size=667 
2025-08-25T09:38:15.290337Z DEBUG node{moniker=app-0}:consensus{height=31 round=0}: Transitioned to new step step.previous=Propose step.new=Prevote
2025-08-25T09:38:15.295337Z  INFO node{moniker=app-0}:consensus{height=31 round=0}: Received vote height=31 vote_height=31 address=02CB1B49DA09615BD4A12212C39378556D990DFD Precommit(height: 31, round: 0, value: 29a182700b5f9277, from: 02CB1B49DA09615BD4A12212C39378556D990DFD)
2025-08-25T09:38:15.297916Z DEBUG node{moniker=app-0}:wal{height=31}: Wrote log entry type=Consensus(Vote) entry.size=119 
2025-08-25T09:38:15.298696Z  INFO node{moniker=app-0}:consensus{height=31 round=0}: Received vote height=31 vote_height=31 address=02CB1B49DA09615BD4A12212C39378556D990DFD Prevote(height: 31, round: 0, value: 29a182700b5f9277, from: 02CB1B49DA09615BD4A12212C39378556D990DFD)
2025-08-25T09:38:15.298784Z DEBUG node{moniker=app-0}:wal{height=31}: Wrote log entry type=Consensus(Vote) entry.size=117 
2025-08-25T09:38:15.298936Z DEBUG node{moniker=app-0}:consensus{height=31 round=0}: Transitioned to new step step.previous=Prevote step.new=Precommit
2025-08-25T09:38:15.308091Z  INFO node{moniker=app-0}:consensus{height=31 round=0}: Received vote height=31 vote_height=31 address=DE7BA2BE72D2225286133990FF5810B691A5261C Precommit(height: 31, round: 0, value: 29a182700b5f9277, from: DE7BA2BE72D2225286133990FF5810B691A5261C)
2025-08-25T09:38:15.308325Z DEBUG node{moniker=app-0}:wal{height=31}: Wrote log entry type=Consensus(Vote) entry.size=119 
2025-08-25T09:38:15.308434Z DEBUG node{moniker=app-0}:consensus{height=31 round=0}: Transitioned to new step step.previous=Precommit step.new=Commit
2025-08-25T09:38:15.308445Z  INFO node{moniker=app-0}:consensus{height=31 round=0}: Decided round=0 height=31 value=29a182700b5f9277
2025-08-25T09:38:15.314462Z DEBUG node{moniker=app-0}:wal{height=31}: Flushed WAL to disk wal.entries=6 wal.size=1827
2025-08-25T09:38:15.314624Z DEBUG node{moniker=app-0}:sync{height.tip=30 height.sync=31}: Updating request state height.tip=31
2025-08-25T09:38:15.314642Z DEBUG node{moniker=app-0}:node{moniker=app-0}: metis-test:consensus-chan recv!!! msg:Decided { certificate: CommitCertificate { height: Height(31), round: Some(0), value_id: ValueId(2999822244544221815), commit_signatures: [CommitSignature { address: Address(02CB1B49DA09615BD4A12212C39378556D990DFD), signature: Signature(Signature { R_bytes: "911cf3052edd17ac2b3f30150ec92992d05aaee45bca359b6d82046f39a1bcc9", s_bytes: "b484849f4b36e3a412fb9bab1afef3edc4f43b76079b644a5ad45a5861b7060f" }) }, CommitSignature { address: Address(DE7BA2BE72D2225286133990FF5810B691A5261C), signature: Signature(Signature { R_bytes: "15365072654cf3ab2be49488072c613f293d88f3b01370e4e2bbac9131ca2e93", s_bytes: "00d92b4f23f4d23b31b318bd398846811d8211a129e8ec8cf2514afaddd0d004" }) }] }, extensions: VoteExtensions { extensions: [] }, reply: Sender { inner: Some(Inner { state: State { is_complete: false, is_closed: false, is_rx_task_set: true, is_tx_task_set: false } }) } }
2025-08-25T09:38:15.314664Z  INFO node{moniker=app-0}:node{moniker=app-0}: 🟢🟢 Consensus has decided on value height=31 round=0 value=29a182700b5f9277
2025-08-25T09:38:15.314830Z DEBUG node{moniker=app-0}:node{moniker=app-0}: 🎁 block size: 545, height: 31
2025-08-25T09:38:15.314844Z  INFO node{moniker=app-0}:node{moniker=app-0}: 👉 stats at height 31: #txs=0, txs/s=0.00, chain_bytes=16895, bytes/s=2059.83
2025-08-25T09:38:15.314849Z DEBUG node{moniker=app-0}:node{moniker=app-0}: 🦄 Block at height 31 contains 0 transactions
2025-08-25T09:38:15.323503Z DEBUG node{moniker=app-0}:node{moniker=app-0}: 💡 New block added at height 31 with hash: 0xf18fc7e5b305d67d92e99e1812d6a9dda93b6b9761bab65cf7daf1da3c5a76a3
2025-08-25T09:38:15.323522Z DEBUG node{moniker=app-0}:node{moniker=app-0}: 🟠 set_latest_forkchoice_state: 0xf18fc7e5b305d67d92e99e1812d6a9dda93b6b9761bab65cf7daf1da3c5a76a3
2025-08-25T09:38:15.326956Z DEBUG node{moniker=app-0}:node{moniker=app-0}: ➡️ payload_status: PayloadStatus { status: Valid, latest_valid_hash: Some(0xf18fc7e5b305d67d92e99e1812d6a9dda93b6b9761bab65cf7daf1da3c5a76a3) }
2025-08-25T09:38:15.326981Z DEBUG node{moniker=app-0}:node{moniker=app-0}: 🚀 Forkchoice updated to height 31 for block hash=0xf18fc7e5b305d67d92e99e1812d6a9dda93b6b9761bab65cf7daf1da3c5a76a3 and latest_valid_hash=0xf18fc7e5b305d67d92e99e1812d6a9dda93b6b9761bab65cf7daf1da3c5a76a3
2025-08-25T09:38:15.326988Z  INFO node{moniker=app-0}:node{moniker=app-0}: Looking for certificate height=31 round=0
2025-08-25T09:38:15.331695Z  INFO node{moniker=app-0}:node{moniker=app-0}: Committed block_data[0..32]: f22348e4189e8290bc89665f28b64ff82c91670fbfadbcc849698a0cc21bff61
2025-08-25T09:38:15.353456Z DEBUG node{moniker=app-0}:wal{height=32}: Reset WAL height=32
2025-08-25T09:38:15.353530Z DEBUG node{moniker=app-0}:consensus{height=32 round=0}: No WAL entries to replay height=32
2025-08-25T09:38:15.353584Z  INFO node{moniker=app-0}:consensus{height=32 round=0}: Starting new height height=32
2025-08-25T09:38:15.353591Z  INFO node{moniker=app-0}:consensus{height=32 round=0}: Starting new round height=32 round=0 proposer=815F9FA61D7C4F1E4A9E30D40DCA1115BB48F759 role=Proposer
2025-08-25T09:38:15.353617Z DEBUG node{moniker=app-0}:sync{height.tip=30 height.sync=31}: Starting new height height.tip=31 height.sync=32 restart=false
2025-08-25T09:38:15.353624Z DEBUG node{moniker=app-0}:sync{height.tip=30 height.sync=31}: No peer to request sync from height.sync=32
2025-08-25T09:38:15.360247Z DEBUG node{moniker=app-0}:wal{height=32}: Flushed WAL to disk wal.entries=0 wal.size=12
2025-08-25T09:38:15.360319Z DEBUG node{moniker=app-0}:node{moniker=app-0}: metis-test:consensus-chan recv!!! msg:StartedRound { height: Height(32), round: Some(0), proposer: Address(815F9FA61D7C4F1E4A9E30D40DCA1115BB48F759), role: Proposer, reply_value: Sender { inner: Some(Inner { state: State { is_complete: false, is_closed: false, is_rx_task_set: false, is_tx_task_set: false } }) } }
2025-08-25T09:38:15.360333Z  INFO node{moniker=app-0}:node{moniker=app-0}: 🟢🟢 Started round height=32 round=0 proposer=815F9FA61D7C4F1E4A9E30D40DCA1115BB48F759 role=Proposer
2025-08-25T09:38:15.360347Z ERROR node{moniker=app-0}:consensus{height=32 round=0}: Error when processing effect: Messaging(RecvErr)
2025-08-25T09:38:15.360366Z DEBUG node{moniker=app-0}:consensus{height=32 round=0}: Transitioned to new step step.previous=Unstarted step.new=Propose
2025-08-25T09:38:15.360371Z  INFO node{moniker=app-0}:consensus{height=32 round=0}: Scheduling timeout round=0 step=Propose
2025-08-25T09:38:15.360379Z  INFO node{moniker=app-0}:consensus{height=32 round=0}: Requesting value from application height=32 round=0
2025-08-25T09:38:15.360389Z DEBUG node{moniker=app-0}:consensus{height=32 round=0}: Replaying inputs count=0
2025-08-25T09:38:15.360410Z DEBUG node{moniker=app-0}:node{moniker=app-0}: metis-test:consensus-chan recv!!! msg:GetValue { height: Height(32), round: Some(0), timeout: 3s, reply: Sender { inner: Some(Inner { state: State { is_complete: false, is_closed: false, is_rx_task_set: true, is_tx_task_set: false } }) } }
2025-08-25T09:38:15.360416Z  INFO node{moniker=app-0}:node{moniker=app-0}: 🟢🟢 Consensus is requesting a value to propose height=32 round=0
2025-08-25T09:38:15.360419Z DEBUG node{moniker=app-0}:node{moniker=app-0}: 🟠 generate_block on top of ExecutionBlock { block_hash: 0xf18fc7e5b305d67d92e99e1812d6a9dda93b6b9761bab65cf7daf1da3c5a76a3, block_number: 31, parent_hash: 0xf18fc7e5b305d67d92e99e1812d6a9dda93b6b9761bab65cf7daf1da3c5a76a3, timestamp: 1756114722, prev_randao: 0x0000000000000000000000000000000000000000000000000000000000000000 }
2025-08-25T09:38:15.362657Z DEBUG node{moniker=app-0}:node{moniker=app-0}: 🌈 Got execution payload: ExecutionPayloadV3 { payload_inner: ExecutionPayloadV2 { payload_inner: ExecutionPayloadV1 { parent_hash: 0xf18fc7e5b305d67d92e99e1812d6a9dda93b6b9761bab65cf7daf1da3c5a76a3, fee_recipient: 0x2a2a2a2a2a2a2a2a2a2a2a2a2a2a2a2a2a2a2a2a, state_root: 0xec26df9442c5d4a0a0cc5348c960115b43da08c7aef6be4e4ccc5f136ca892a6, receipts_root: 0x56e81f171bcc55a6ff8345e692c0f86e5b48e01b996cadc001622fb5e363b421, logs_bloom: 0x00000000000000000000000000000000000000000000000000000000000000000000000000000000000000000000000000000000000000000000000000000000000000000000000000000000000000000000000000000000000000000000000000000000000000000000000000000000000000000000000000000000000000000000000000000000000000000000000000000000000000000000000000000000000000000000000000000000000000000000000000000000000000000000000000000000000000000000000000000000000000000000000000000000000000000000000000000000000000000000000000000000000000000000000000000000, prev_randao: 0x0000000000000000000000000000000000000000000000000000000000000000, block_number: 32, gas_limit: 30951780, gas_used: 0, timestamp: 1756114723, extra_data: 0x726574682f76312e342e312f6c696e7578, base_fee_per_gas: 13939841, block_hash: 0x8ee9b28dac772cfb2bf9d2fb5a9afedb8d2246d24ad6af4372ca7a11be651a84, transactions: [] }, withdrawals: [] }, blob_gas_used: 0, excess_blob_gas: 0 }
2025-08-25T09:38:15.362671Z DEBUG node{moniker=app-0}:node{moniker=app-0}: 🎁 block size: 545, height: 32
2025-08-25T09:38:15.369443Z  INFO node{moniker=app-0}:node{moniker=app-0}: Streaming proposal part: StreamMessage { stream_id: StreamId(b"\0\0\0\0\0\0\0 \0\0\0\0\0\0\0\n"), sequence: 0, content: Data(Init(ProposalInit { height: Height(32), round: Some(0), proposer: Address(815F9FA61D7C4F1E4A9E30D40DCA1115BB48F759) })) } height=32 round=0
2025-08-25T09:38:15.369478Z  INFO node{moniker=app-0}:node{moniker=app-0}: Streaming proposal part: StreamMessage { stream_id: StreamId(b"\0\0\0\0\0\0\0 \0\0\0\0\0\0\0\n"), sequence: 1, content: Data(Data(ProposalData { bytes: "<...>", len: 545 })) } height=32 round=0
2025-08-25T09:38:15.369546Z  INFO node{moniker=app-0}:node{moniker=app-0}: Streaming proposal part: StreamMessage { stream_id: StreamId(b"\0\0\0\0\0\0\0 \0\0\0\0\0\0\0\n"), sequence: 2, content: Data(Fin(ProposalFin { signature: Signature(Signature { R_bytes: "7bad4ecf780010041319589d5e82b190942d7326282a21dc1fdd8e3725a5abfe", s_bytes: "10d66ddd9d13aef336acf21b44258810bd3a50afad89bc49110162f1eceea209" }) })) } height=32 round=0
2025-08-25T09:38:15.369848Z DEBUG node{moniker=app-0}:network: Published message channel=/proposal_parts size=48
2025-08-25T09:38:15.369879Z  INFO node{moniker=app-0}:node{moniker=app-0}: Streaming proposal part: StreamMessage { stream_id: StreamId(b"\0\0\0\0\0\0\0 \0\0\0\0\0\0\0\n"), sequence: 3, content: Fin } height=32 round=0
2025-08-25T09:38:15.369954Z DEBUG node{moniker=app-0}:wal{height=32}: Wrote log entry type=LocallyProposedValue entry.size=599 
2025-08-25T09:38:15.370441Z DEBUG node{moniker=app-0}:network: Published message channel=/proposal_parts size=574
2025-08-25T09:38:15.370601Z DEBUG node{moniker=app-0}:node{moniker=app-0}: ✅ Proposal sent height=32 round=0
2025-08-25T09:38:15.370738Z DEBUG node{moniker=app-0}:network: Published message channel=/proposal_parts size=92
2025-08-25T09:38:15.370892Z DEBUG node{moniker=app-0}:network: Published message channel=/proposal_parts size=22
2025-08-25T09:38:15.370996Z  INFO node{moniker=app-0}:consensus{height=32 round=0}: Proposing value id=bb236a918494beea round=0
2025-08-25T09:38:15.371231Z  INFO node{moniker=app-0}:consensus{height=32 round=0}: Received proposal consensus.height=32 proposal.height=32 proposal.round=0 proposer=815F9FA61D7C4F1E4A9E30D40DCA1115BB48F759 Proposal(height: 32, round: 0, pol_round: -1, value: bb236a918494beea, from: 815F9FA61D7C4F1E4A9E30D40DCA1115BB48F759)
2025-08-25T09:38:15.371343Z DEBUG node{moniker=app-0}:wal{height=32}: Wrote log entry type=Consensus(Proposal) entry.size=668 
2025-08-25T09:38:15.371401Z DEBUG node{moniker=app-0}:consensus{height=32 round=0}: Transitioned to new step step.previous=Propose step.new=Prevote
2025-08-25T09:38:15.371418Z  INFO node{moniker=app-0}:consensus{height=32 round=0}: Voting vote_type=Prevote value=bb236a918494beea round=0
2025-08-25T09:38:15.371802Z  INFO node{moniker=app-0}:consensus{height=32 round=0}: Received vote height=32 vote_height=32 address=815F9FA61D7C4F1E4A9E30D40DCA1115BB48F759 Prevote(height: 32, round: 0, value: bb236a918494beea, from: 815F9FA61D7C4F1E4A9E30D40DCA1115BB48F759)
2025-08-25T09:38:15.371989Z DEBUG node{moniker=app-0}:wal{height=32}: Wrote log entry type=Consensus(Vote) entry.size=118 
2025-08-25T09:38:15.375468Z DEBUG node{moniker=app-0}:wal{height=32}: Flushed WAL to disk wal.entries=3 wal.size=1436
2025-08-25T09:38:15.375726Z DEBUG node{moniker=app-0}:network: Published message channel=/consensus size=109
2025-08-25T09:38:15.377256Z DEBUG node{moniker=app-0}:wal{height=32}: Flushed WAL to disk wal.entries=3 wal.size=1436
2025-08-25T09:38:15.377689Z DEBUG node{moniker=app-0}:network: Published message channel=/consensus size=659
2025-08-25T09:38:15.409627Z  INFO node{moniker=app-0}:consensus{height=32 round=0}: Received vote height=32 vote_height=32 address=02CB1B49DA09615BD4A12212C39378556D990DFD Precommit(height: 32, round: 0, value: bb236a918494beea, from: 02CB1B49DA09615BD4A12212C39378556D990DFD)
2025-08-25T09:38:15.427651Z DEBUG node{moniker=app-0}:wal{height=32}: Wrote log entry type=Consensus(Vote) entry.size=120 
2025-08-25T09:38:15.429195Z  INFO node{moniker=app-0}:consensus{height=32 round=0}: Received vote height=32 vote_height=32 address=02CB1B49DA09615BD4A12212C39378556D990DFD Prevote(height: 32, round: 0, value: bb236a918494beea, from: 02CB1B49DA09615BD4A12212C39378556D990DFD)
2025-08-25T09:38:15.429323Z DEBUG node{moniker=app-0}:wal{height=32}: Wrote log entry type=Consensus(Vote) entry.size=118 
2025-08-25T09:38:15.429583Z DEBUG node{moniker=app-0}:consensus{height=32 round=0}: Transitioned to new step step.previous=Prevote step.new=Precommit
2025-08-25T09:38:15.429598Z  INFO node{moniker=app-0}:consensus{height=32 round=0}: Voting vote_type=Precommit value=bb236a918494beea round=0
2025-08-25T09:38:15.429627Z DEBUG node{moniker=app-0}:node{moniker=app-0}: metis-test:consensus-chan recv!!! msg:ExtendVote { height: Height(32), round: Some(0), value_id: ValueId(13484738882504539882), reply: Sender { inner: Some(Inner { state: State { is_complete: false, is_closed: false, is_rx_task_set: true, is_tx_task_set: false } }) } }
2025-08-25T09:38:15.430045Z  INFO node{moniker=app-0}:consensus{height=32 round=0}: Received vote height=32 vote_height=32 address=815F9FA61D7C4F1E4A9E30D40DCA1115BB48F759 Precommit(height: 32, round: 0, value: bb236a918494beea, from: 815F9FA61D7C4F1E4A9E30D40DCA1115BB48F759)
2025-08-25T09:38:15.430201Z DEBUG node{moniker=app-0}:wal{height=32}: Wrote log entry type=Consensus(Vote) entry.size=120 
2025-08-25T09:38:15.430272Z DEBUG node{moniker=app-0}:consensus{height=32 round=0}: Transitioned to new step step.previous=Precommit step.new=Commit
2025-08-25T09:38:15.430287Z  INFO node{moniker=app-0}:consensus{height=32 round=0}: Decided round=0 height=32 value=bb236a918494beea
2025-08-25T09:38:15.434300Z DEBUG node{moniker=app-0}:wal{height=32}: Flushed WAL to disk wal.entries=6 wal.size=1833
2025-08-25T09:38:15.434731Z DEBUG node{moniker=app-0}:sync{height.tip=31 height.sync=32}: Updating request state height.tip=32
2025-08-25T09:38:15.434779Z DEBUG node{moniker=app-0}:node{moniker=app-0}: metis-test:consensus-chan recv!!! msg:Decided { certificate: CommitCertificate { height: Height(32), round: Some(0), value_id: ValueId(13484738882504539882), commit_signatures: [CommitSignature { address: Address(02CB1B49DA09615BD4A12212C39378556D990DFD), signature: Signature(Signature { R_bytes: "9fd25445e9abf02c25fb98fd306a45f1fd98ad903c14a292b0853605b6ff7779", s_bytes: "a86c64f7d167fe07ecd37a0c0a74a7312e21677a9ff3258fe5df3fc41a069509" }) }, CommitSignature { address: Address(815F9FA61D7C4F1E4A9E30D40DCA1115BB48F759), signature: Signature(Signature { R_bytes: "d1d2743020d4b36695c26bb21ac69863f2bca1dd66be32a8850747777c44b5a7", s_bytes: "4786c4b5289b59235c5d8d194103ef033739aa65b37d469ea688033298c1df0e" }) }] }, extensions: VoteExtensions { extensions: [] }, reply: Sender { inner: Some(Inner { state: State { is_complete: false, is_closed: false, is_rx_task_set: true, is_tx_task_set: false } }) } }
2025-08-25T09:38:15.434811Z  INFO node{moniker=app-0}:node{moniker=app-0}: 🟢🟢 Consensus has decided on value height=32 round=0 value=bb236a918494beea
2025-08-25T09:38:15.435091Z DEBUG node{moniker=app-0}:node{moniker=app-0}: 🎁 block size: 545, height: 32
2025-08-25T09:38:15.435112Z  INFO node{moniker=app-0}:node{moniker=app-0}: 👉 stats at height 32: #txs=0, txs/s=0.00, chain_bytes=17440, bytes/s=2095.55
2025-08-25T09:38:15.435121Z DEBUG node{moniker=app-0}:node{moniker=app-0}: 🦄 Block at height 32 contains 0 transactions
2025-08-25T09:38:15.437185Z DEBUG node{moniker=app-0}:wal{height=32}: Flushed WAL to disk wal.entries=6 wal.size=1833
2025-08-25T09:38:15.437407Z DEBUG node{moniker=app-0}:network: Published message channel=/consensus size=111
2025-08-25T09:38:15.438825Z DEBUG node{moniker=app-0}:node{moniker=app-0}: 💡 New block added at height 32 with hash: 0x8ee9b28dac772cfb2bf9d2fb5a9afedb8d2246d24ad6af4372ca7a11be651a84
2025-08-25T09:38:15.438833Z DEBUG node{moniker=app-0}:node{moniker=app-0}: 🟠 set_latest_forkchoice_state: 0x8ee9b28dac772cfb2bf9d2fb5a9afedb8d2246d24ad6af4372ca7a11be651a84
2025-08-25T09:38:15.440007Z DEBUG node{moniker=app-0}:node{moniker=app-0}: ➡️ payload_status: PayloadStatus { status: Valid, latest_valid_hash: Some(0x8ee9b28dac772cfb2bf9d2fb5a9afedb8d2246d24ad6af4372ca7a11be651a84) }
2025-08-25T09:38:15.440015Z DEBUG node{moniker=app-0}:node{moniker=app-0}: 🚀 Forkchoice updated to height 32 for block hash=0x8ee9b28dac772cfb2bf9d2fb5a9afedb8d2246d24ad6af4372ca7a11be651a84 and latest_valid_hash=0x8ee9b28dac772cfb2bf9d2fb5a9afedb8d2246d24ad6af4372ca7a11be651a84
2025-08-25T09:38:15.440018Z  INFO node{moniker=app-0}:node{moniker=app-0}: Looking for certificate height=32 round=0
2025-08-25T09:38:15.444081Z  INFO node{moniker=app-0}:node{moniker=app-0}: Committed block_data[0..32]: f18fc7e5b305d67d92e99e1812d6a9dda93b6b9761bab65cf7daf1da3c5a76a3
2025-08-25T09:38:15.468555Z DEBUG node{moniker=app-0}:wal{height=33}: Reset WAL height=33
2025-08-25T09:38:15.469438Z DEBUG node{moniker=app-0}:consensus{height=33 round=0}: No WAL entries to replay height=33
2025-08-25T09:38:15.469481Z  INFO node{moniker=app-0}:consensus{height=33 round=0}: Starting new height height=33
2025-08-25T09:38:15.469489Z  INFO node{moniker=app-0}:consensus{height=33 round=0}: Starting new round height=33 round=0 proposer=815F9FA61D7C4F1E4A9E30D40DCA1115BB48F759 role=Proposer
2025-08-25T09:38:15.469520Z DEBUG node{moniker=app-0}:sync{height.tip=31 height.sync=32}: Starting new height height.tip=32 height.sync=33 restart=false
2025-08-25T09:38:15.469527Z DEBUG node{moniker=app-0}:sync{height.tip=31 height.sync=32}: No peer to request sync from height.sync=33
2025-08-25T09:38:15.473307Z DEBUG node{moniker=app-0}:wal{height=33}: Flushed WAL to disk wal.entries=0 wal.size=12
2025-08-25T09:38:15.473394Z DEBUG node{moniker=app-0}:node{moniker=app-0}: metis-test:consensus-chan recv!!! msg:StartedRound { height: Height(33), round: Some(0), proposer: Address(815F9FA61D7C4F1E4A9E30D40DCA1115BB48F759), role: Proposer, reply_value: Sender { inner: Some(Inner { state: State { is_complete: false, is_closed: false, is_rx_task_set: false, is_tx_task_set: false } }) } }
2025-08-25T09:38:15.473408Z  INFO node{moniker=app-0}:node{moniker=app-0}: 🟢🟢 Started round height=33 round=0 proposer=815F9FA61D7C4F1E4A9E30D40DCA1115BB48F759 role=Proposer
2025-08-25T09:38:15.473422Z ERROR node{moniker=app-0}:consensus{height=33 round=0}: Error when processing effect: Messaging(RecvErr)
2025-08-25T09:38:15.473441Z DEBUG node{moniker=app-0}:consensus{height=33 round=0}: Transitioned to new step step.previous=Unstarted step.new=Propose
2025-08-25T09:38:15.473447Z  INFO node{moniker=app-0}:consensus{height=33 round=0}: Scheduling timeout round=0 step=Propose
2025-08-25T09:38:15.473454Z  INFO node{moniker=app-0}:consensus{height=33 round=0}: Requesting value from application height=33 round=0
2025-08-25T09:38:15.473463Z DEBUG node{moniker=app-0}:consensus{height=33 round=0}: Replaying inputs count=0
2025-08-25T09:38:15.473486Z DEBUG node{moniker=app-0}:node{moniker=app-0}: metis-test:consensus-chan recv!!! msg:GetValue { height: Height(33), round: Some(0), timeout: 3s, reply: Sender { inner: Some(Inner { state: State { is_complete: false, is_closed: false, is_rx_task_set: true, is_tx_task_set: false } }) } }
2025-08-25T09:38:15.473492Z  INFO node{moniker=app-0}:node{moniker=app-0}: 🟢🟢 Consensus is requesting a value to propose height=33 round=0
2025-08-25T09:38:15.473496Z DEBUG node{moniker=app-0}:node{moniker=app-0}: 🟠 generate_block on top of ExecutionBlock { block_hash: 0x8ee9b28dac772cfb2bf9d2fb5a9afedb8d2246d24ad6af4372ca7a11be651a84, block_number: 32, parent_hash: 0x8ee9b28dac772cfb2bf9d2fb5a9afedb8d2246d24ad6af4372ca7a11be651a84, timestamp: 1756114723, prev_randao: 0x0000000000000000000000000000000000000000000000000000000000000000 }
2025-08-25T09:38:15.479122Z DEBUG node{moniker=app-0}:node{moniker=app-0}: 🌈 Got execution payload: ExecutionPayloadV3 { payload_inner: ExecutionPayloadV2 { payload_inner: ExecutionPayloadV1 { parent_hash: 0x8ee9b28dac772cfb2bf9d2fb5a9afedb8d2246d24ad6af4372ca7a11be651a84, fee_recipient: 0x2a2a2a2a2a2a2a2a2a2a2a2a2a2a2a2a2a2a2a2a, state_root: 0xec26df9442c5d4a0a0cc5348c960115b43da08c7aef6be4e4ccc5f136ca892a6, receipts_root: 0x56e81f171bcc55a6ff8345e692c0f86e5b48e01b996cadc001622fb5e363b421, logs_bloom: 0x00000000000000000000000000000000000000000000000000000000000000000000000000000000000000000000000000000000000000000000000000000000000000000000000000000000000000000000000000000000000000000000000000000000000000000000000000000000000000000000000000000000000000000000000000000000000000000000000000000000000000000000000000000000000000000000000000000000000000000000000000000000000000000000000000000000000000000000000000000000000000000000000000000000000000000000000000000000000000000000000000000000000000000000000000000000, prev_randao: 0x0000000000000000000000000000000000000000000000000000000000000000, block_number: 33, gas_limit: 30982005, gas_used: 0, timestamp: 1756114724, extra_data: 0x726574682f76312e342e312f6c696e7578, base_fee_per_gas: 12197361, block_hash: 0xf0c8fd2a06adb4eea9e134c48cb19285a8be727132e97bb71933124e596c0bc0, transactions: [] }, withdrawals: [] }, blob_gas_used: 0, excess_blob_gas: 0 }
2025-08-25T09:38:15.479144Z DEBUG node{moniker=app-0}:node{moniker=app-0}: 🎁 block size: 545, height: 33
2025-08-25T09:38:15.489543Z  INFO node{moniker=app-0}:node{moniker=app-0}: Streaming proposal part: StreamMessage { stream_id: StreamId(b"\0\0\0\0\0\0\0!\0\0\0\0\0\0\0\x0b"), sequence: 0, content: Data(Init(ProposalInit { height: Height(33), round: Some(0), proposer: Address(815F9FA61D7C4F1E4A9E30D40DCA1115BB48F759) })) } height=33 round=0
2025-08-25T09:38:15.489568Z  INFO node{moniker=app-0}:node{moniker=app-0}: Streaming proposal part: StreamMessage { stream_id: StreamId(b"\0\0\0\0\0\0\0!\0\0\0\0\0\0\0\x0b"), sequence: 1, content: Data(Data(ProposalData { bytes: "<...>", len: 545 })) } height=33 round=0
2025-08-25T09:38:15.489596Z  INFO node{moniker=app-0}:node{moniker=app-0}: Streaming proposal part: StreamMessage { stream_id: StreamId(b"\0\0\0\0\0\0\0!\0\0\0\0\0\0\0\x0b"), sequence: 2, content: Data(Fin(ProposalFin { signature: Signature(Signature { R_bytes: "f8e1650b0998c5c9301ec58c78d78f82240239e8e2eda0bba2bae50e612989ed", s_bytes: "2daa76fc297d094680b0d5797414910994bcbfbd3faba97df6372dd72dc98204" }) })) } height=33 round=0
2025-08-25T09:38:15.489743Z DEBUG node{moniker=app-0}:network: Published message channel=/proposal_parts size=48
2025-08-25T09:38:15.489778Z  INFO node{moniker=app-0}:node{moniker=app-0}: Streaming proposal part: StreamMessage { stream_id: StreamId(b"\0\0\0\0\0\0\0!\0\0\0\0\0\0\0\x0b"), sequence: 3, content: Fin } height=33 round=0
2025-08-25T09:38:15.489927Z DEBUG node{moniker=app-0}:wal{height=33}: Wrote log entry type=LocallyProposedValue entry.size=598 
2025-08-25T09:38:15.489991Z DEBUG node{moniker=app-0}:network: Published message channel=/proposal_parts size=574
2025-08-25T09:38:15.490044Z DEBUG node{moniker=app-0}:node{moniker=app-0}: ✅ Proposal sent height=33 round=0
2025-08-25T09:38:15.490168Z DEBUG node{moniker=app-0}:network: Published message channel=/proposal_parts size=92
2025-08-25T09:38:15.490284Z DEBUG node{moniker=app-0}:network: Published message channel=/proposal_parts size=22
2025-08-25T09:38:15.490364Z  INFO node{moniker=app-0}:consensus{height=33 round=0}: Proposing value id=c1e251a87ecc67d round=0
2025-08-25T09:38:15.490564Z  INFO node{moniker=app-0}:consensus{height=33 round=0}: Received proposal consensus.height=33 proposal.height=33 proposal.round=0 proposer=815F9FA61D7C4F1E4A9E30D40DCA1115BB48F759 Proposal(height: 33, round: 0, pol_round: -1, value: c1e251a87ecc67d, from: 815F9FA61D7C4F1E4A9E30D40DCA1115BB48F759)
2025-08-25T09:38:15.490673Z DEBUG node{moniker=app-0}:wal{height=33}: Wrote log entry type=Consensus(Proposal) entry.size=667 
2025-08-25T09:38:15.490853Z DEBUG node{moniker=app-0}:consensus{height=33 round=0}: Transitioned to new step step.previous=Propose step.new=Prevote
2025-08-25T09:38:15.490863Z  INFO node{moniker=app-0}:consensus{height=33 round=0}: Voting vote_type=Prevote value=c1e251a87ecc67d round=0
2025-08-25T09:38:15.491024Z  INFO node{moniker=app-0}:consensus{height=33 round=0}: Received vote height=33 vote_height=33 address=815F9FA61D7C4F1E4A9E30D40DCA1115BB48F759 Prevote(height: 33, round: 0, value: c1e251a87ecc67d, from: 815F9FA61D7C4F1E4A9E30D40DCA1115BB48F759)
2025-08-25T09:38:15.491091Z DEBUG node{moniker=app-0}:wal{height=33}: Wrote log entry type=Consensus(Vote) entry.size=117 
2025-08-25T09:38:15.494551Z DEBUG node{moniker=app-0}:wal{height=33}: Flushed WAL to disk wal.entries=3 wal.size=1433
2025-08-25T09:38:15.494770Z DEBUG node{moniker=app-0}:network: Published message channel=/consensus size=108
2025-08-25T09:38:15.500323Z DEBUG node{moniker=app-0}:wal{height=33}: Flushed WAL to disk wal.entries=3 wal.size=1433
2025-08-25T09:38:15.500540Z DEBUG node{moniker=app-0}:network: Published message channel=/consensus size=658
2025-08-25T09:38:15.508169Z  INFO node{moniker=app-0}:consensus{height=33 round=0}: Received vote height=33 vote_height=33 address=DE7BA2BE72D2225286133990FF5810B691A5261C Precommit(height: 33, round: 0, value: c1e251a87ecc67d, from: DE7BA2BE72D2225286133990FF5810B691A5261C)
2025-08-25T09:38:15.508707Z DEBUG node{moniker=app-0}:wal{height=33}: Wrote log entry type=Consensus(Vote) entry.size=119 
2025-08-25T09:38:15.509073Z  INFO node{moniker=app-0}:consensus{height=33 round=0}: Received vote height=33 vote_height=33 address=DE7BA2BE72D2225286133990FF5810B691A5261C Prevote(height: 33, round: 0, value: c1e251a87ecc67d, from: DE7BA2BE72D2225286133990FF5810B691A5261C)
2025-08-25T09:38:15.509326Z DEBUG node{moniker=app-0}:wal{height=33}: Wrote log entry type=Consensus(Vote) entry.size=117 
2025-08-25T09:38:15.509428Z DEBUG node{moniker=app-0}:consensus{height=33 round=0}: Transitioned to new step step.previous=Prevote step.new=Precommit
2025-08-25T09:38:15.509436Z  INFO node{moniker=app-0}:consensus{height=33 round=0}: Voting vote_type=Precommit value=c1e251a87ecc67d round=0
2025-08-25T09:38:15.509464Z DEBUG node{moniker=app-0}:node{moniker=app-0}: metis-test:consensus-chan recv!!! msg:ExtendVote { height: Height(33), round: Some(0), value_id: ValueId(873176173636273789), reply: Sender { inner: Some(Inner { state: State { is_complete: false, is_closed: false, is_rx_task_set: true, is_tx_task_set: false } }) } }
2025-08-25T09:38:15.509627Z  INFO node{moniker=app-0}:consensus{height=33 round=0}: Received vote height=33 vote_height=33 address=815F9FA61D7C4F1E4A9E30D40DCA1115BB48F759 Precommit(height: 33, round: 0, value: c1e251a87ecc67d, from: 815F9FA61D7C4F1E4A9E30D40DCA1115BB48F759)
2025-08-25T09:38:15.509736Z DEBUG node{moniker=app-0}:wal{height=33}: Wrote log entry type=Consensus(Vote) entry.size=119 
2025-08-25T09:38:15.509760Z DEBUG node{moniker=app-0}:consensus{height=33 round=0}: Transitioned to new step step.previous=Precommit step.new=Commit
2025-08-25T09:38:15.509765Z  INFO node{moniker=app-0}:consensus{height=33 round=0}: Decided round=0 height=33 value=c1e251a87ecc67d
2025-08-25T09:38:15.512534Z DEBUG node{moniker=app-0}:wal{height=33}: Flushed WAL to disk wal.entries=6 wal.size=1827
2025-08-25T09:38:15.512610Z DEBUG node{moniker=app-0}:sync{height.tip=32 height.sync=33}: Updating request state height.tip=33
2025-08-25T09:38:15.512632Z DEBUG node{moniker=app-0}:node{moniker=app-0}: metis-test:consensus-chan recv!!! msg:Decided { certificate: CommitCertificate { height: Height(33), round: Some(0), value_id: ValueId(873176173636273789), commit_signatures: [CommitSignature { address: Address(815F9FA61D7C4F1E4A9E30D40DCA1115BB48F759), signature: Signature(Signature { R_bytes: "7b2c0441d7a95dbe70b64e13741e95fc618b412f79ec2dd34228da131ea00046", s_bytes: "411a47ac52f5791e9079c1109ffd5bcd6abe73f7659c45d52a391d15c2d34c0d" }) }, CommitSignature { address: Address(DE7BA2BE72D2225286133990FF5810B691A5261C), signature: Signature(Signature { R_bytes: "87b045d690bca28df1f92676eddfab023676cdd04b7e7ea9a6d5b4907d815607", s_bytes: "0dfad35d2380692ff5734367db9939dd01ab4548f19f788a7cefa28ae3ea7206" }) }] }, extensions: VoteExtensions { extensions: [] }, reply: Sender { inner: Some(Inner { state: State { is_complete: false, is_closed: false, is_rx_task_set: true, is_tx_task_set: false } }) } }
2025-08-25T09:38:15.512649Z  INFO node{moniker=app-0}:node{moniker=app-0}: 🟢🟢 Consensus has decided on value height=33 round=0 value=c1e251a87ecc67d
2025-08-25T09:38:15.512654Z DEBUG node{moniker=app-0}:wal{height=33}: Flushed WAL to disk wal.entries=6 wal.size=1827
2025-08-25T09:38:15.512797Z DEBUG node{moniker=app-0}:network: Published message channel=/consensus size=110
2025-08-25T09:38:15.512965Z DEBUG node{moniker=app-0}:node{moniker=app-0}: 🎁 block size: 545, height: 33
2025-08-25T09:38:15.512975Z  INFO node{moniker=app-0}:node{moniker=app-0}: 👉 stats at height 33: #txs=0, txs/s=0.00, chain_bytes=17985, bytes/s=2141.00
2025-08-25T09:38:15.512979Z DEBUG node{moniker=app-0}:node{moniker=app-0}: 🦄 Block at height 33 contains 0 transactions
2025-08-25T09:38:15.515288Z DEBUG node{moniker=app-0}:node{moniker=app-0}: 💡 New block added at height 33 with hash: 0xf0c8fd2a06adb4eea9e134c48cb19285a8be727132e97bb71933124e596c0bc0
2025-08-25T09:38:15.515299Z DEBUG node{moniker=app-0}:node{moniker=app-0}: 🟠 set_latest_forkchoice_state: 0xf0c8fd2a06adb4eea9e134c48cb19285a8be727132e97bb71933124e596c0bc0
2025-08-25T09:38:15.516176Z DEBUG node{moniker=app-0}:node{moniker=app-0}: ➡️ payload_status: PayloadStatus { status: Valid, latest_valid_hash: Some(0xf0c8fd2a06adb4eea9e134c48cb19285a8be727132e97bb71933124e596c0bc0) }
2025-08-25T09:38:15.516213Z DEBUG node{moniker=app-0}:node{moniker=app-0}: 🚀 Forkchoice updated to height 33 for block hash=0xf0c8fd2a06adb4eea9e134c48cb19285a8be727132e97bb71933124e596c0bc0 and latest_valid_hash=0xf0c8fd2a06adb4eea9e134c48cb19285a8be727132e97bb71933124e596c0bc0
2025-08-25T09:38:15.516216Z  INFO node{moniker=app-0}:node{moniker=app-0}: Looking for certificate height=33 round=0
2025-08-25T09:38:15.523705Z  INFO node{moniker=app-0}:node{moniker=app-0}: Committed block_data[0..32]: 8ee9b28dac772cfb2bf9d2fb5a9afedb8d2246d24ad6af4372ca7a11be651a84
2025-08-25T09:38:15.548697Z DEBUG node{moniker=app-0}:wal{height=34}: Reset WAL height=34
2025-08-25T09:38:15.549067Z DEBUG node{moniker=app-0}:consensus{height=34 round=0}: No WAL entries to replay height=34
2025-08-25T09:38:15.549673Z  INFO node{moniker=app-0}:consensus{height=34 round=0}: Starting new height height=34
2025-08-25T09:38:15.549683Z  INFO node{moniker=app-0}:consensus{height=34 round=0}: Starting new round height=34 round=0 proposer=02CB1B49DA09615BD4A12212C39378556D990DFD role=None
2025-08-25T09:38:15.549723Z DEBUG node{moniker=app-0}:sync{height.tip=32 height.sync=33}: Starting new height height.tip=33 height.sync=34 restart=false
2025-08-25T09:38:15.549729Z DEBUG node{moniker=app-0}:sync{height.tip=32 height.sync=33}: No peer to request sync from height.sync=34
2025-08-25T09:38:15.556933Z DEBUG node{moniker=app-0}:wal{height=34}: Flushed WAL to disk wal.entries=0 wal.size=12
2025-08-25T09:38:15.557116Z DEBUG node{moniker=app-0}:node{moniker=app-0}: metis-test:consensus-chan recv!!! msg:StartedRound { height: Height(34), round: Some(0), proposer: Address(02CB1B49DA09615BD4A12212C39378556D990DFD), role: None, reply_value: Sender { inner: Some(Inner { state: State { is_complete: false, is_closed: false, is_rx_task_set: false, is_tx_task_set: false } }) } }
2025-08-25T09:38:15.557130Z  INFO node{moniker=app-0}:node{moniker=app-0}: 🟢🟢 Started round height=34 round=0 proposer=02CB1B49DA09615BD4A12212C39378556D990DFD role=None
2025-08-25T09:38:15.557143Z ERROR node{moniker=app-0}:consensus{height=34 round=0}: Error when processing effect: Messaging(RecvErr)
2025-08-25T09:38:15.557162Z DEBUG node{moniker=app-0}:consensus{height=34 round=0}: Transitioned to new step step.previous=Unstarted step.new=Propose
2025-08-25T09:38:15.557168Z  INFO node{moniker=app-0}:consensus{height=34 round=0}: Scheduling timeout round=0 step=Propose
2025-08-25T09:38:15.557176Z DEBUG node{moniker=app-0}:consensus{height=34 round=0}: Replaying inputs count=0
2025-08-25T09:38:15.577871Z DEBUG node{moniker=app-0}:node{moniker=app-0}: metis-test:consensus-chan recv!!! msg:ReceivedProposalPart { from: PeerId("12D3KooWR2Quwt2G6MyT6WQkUdfS8nHZu7XcPotkmbhuEoqc94oJ"), part: StreamMessage { stream_id: StreamId(b"\0\0\0\0\0\0\0\"\0\0\0\0\0\0\0\x0b"), sequence: 0, content: Data(Init(ProposalInit { height: Height(34), round: Some(0), proposer: Address(02CB1B49DA09615BD4A12212C39378556D990DFD) })) }, reply: Sender { inner: Some(Inner { state: State { is_complete: false, is_closed: false, is_rx_task_set: true, is_tx_task_set: false } }) } }
2025-08-25T09:38:15.577918Z  INFO node{moniker=app-0}:node{moniker=app-0}: Received proposal part from=12D3KooWR2Quwt2G6MyT6WQkUdfS8nHZu7XcPotkmbhuEoqc94oJ part.sequence=0 part.type=init part.size=28
2025-08-25T09:38:15.577949Z DEBUG node{moniker=app-0}:node{moniker=app-0}: metis-test:consensus-chan recv!!! msg:ReceivedProposalPart { from: PeerId("12D3KooWR2Quwt2G6MyT6WQkUdfS8nHZu7XcPotkmbhuEoqc94oJ"), part: StreamMessage { stream_id: StreamId(b"\0\0\0\0\0\0\0\"\0\0\0\0\0\0\0\x0b"), sequence: 1, content: Data(Data(ProposalData { bytes: "<...>", len: 545 })) }, reply: Sender { inner: Some(Inner { state: State { is_complete: false, is_closed: false, is_rx_task_set: true, is_tx_task_set: false } }) } }
2025-08-25T09:38:15.577962Z  INFO node{moniker=app-0}:node{moniker=app-0}: Received proposal part from=12D3KooWR2Quwt2G6MyT6WQkUdfS8nHZu7XcPotkmbhuEoqc94oJ part.sequence=1 part.type=data part.size=551
2025-08-25T09:38:15.578707Z DEBUG node{moniker=app-0}:node{moniker=app-0}: metis-test:consensus-chan recv!!! msg:ReceivedProposalPart { from: PeerId("12D3KooWR2Quwt2G6MyT6WQkUdfS8nHZu7XcPotkmbhuEoqc94oJ"), part: StreamMessage { stream_id: StreamId(b"\0\0\0\0\0\0\0\"\0\0\0\0\0\0\0\x0b"), sequence: 2, content: Data(Fin(ProposalFin { signature: Signature(Signature { R_bytes: "99372267948727febbdab3520c66902161ede626b444749e5fa85f8be082fc0c", s_bytes: "e90a6d93bc569d60e04120b4f2457babdf7754eac2db52ee6a388e198f4ce600" }) })) }, reply: Sender { inner: Some(Inner { state: State { is_complete: false, is_closed: false, is_rx_task_set: true, is_tx_task_set: false } }) } }
2025-08-25T09:38:15.578733Z  INFO node{moniker=app-0}:node{moniker=app-0}: Received proposal part from=12D3KooWR2Quwt2G6MyT6WQkUdfS8nHZu7XcPotkmbhuEoqc94oJ part.sequence=2 part.type=fin part.size=70
2025-08-25T09:38:15.578753Z DEBUG node{moniker=app-0}:node{moniker=app-0}: metis-test:consensus-chan recv!!! msg:ReceivedProposalPart { from: PeerId("12D3KooWR2Quwt2G6MyT6WQkUdfS8nHZu7XcPotkmbhuEoqc94oJ"), part: StreamMessage { stream_id: StreamId(b"\0\0\0\0\0\0\0\"\0\0\0\0\0\0\0\x0b"), sequence: 3, content: Fin }, reply: Sender { inner: Some(Inner { state: State { is_complete: false, is_closed: false, is_rx_task_set: true, is_tx_task_set: false } }) } }
2025-08-25T09:38:15.578764Z  INFO node{moniker=app-0}:node{moniker=app-0}: Received proposal part from=12D3KooWR2Quwt2G6MyT6WQkUdfS8nHZu7XcPotkmbhuEoqc94oJ part.sequence=3 part.type=end of stream part.size=0
2025-08-25T09:38:15.578928Z  INFO node{moniker=app-0}:node{moniker=app-0}: Proposal data[0..32]: f0c8fd2a06adb4eea9e134c48cb19285a8be727132e97bb71933124e596c0bc0, total_size: 545 bytes, id: a045474924042055
2025-08-25T09:38:15.591213Z  INFO node{moniker=app-0}:consensus{height=34 round=0}: Received vote height=34 vote_height=34 address=02CB1B49DA09615BD4A12212C39378556D990DFD Prevote(height: 34, round: 0, value: a045474924042055, from: 02CB1B49DA09615BD4A12212C39378556D990DFD)
2025-08-25T09:38:15.601658Z DEBUG node{moniker=app-0}:node{moniker=app-0}: ✅ Received complete proposal: ProposedValue { height: Height(34), round: Some(0), valid_round: Nil, proposer: Address(02CB1B49DA09615BD4A12212C39378556D990DFD), value: Value { value: 11548715198923939925, extensions: b"\xf0\xc8\xfd*\x06\xad\xb4\xee\xa9\xe14\xc4\x8c\xb1\x92\x85\xa8\xberq2\xe9{\xb7\x193\x12NYl\x0b\xc0********************\xec&\xdf\x94B\xc5\xd4\xa0\xa0\xccSH\xc9`\x11[C\xda\x08\xc7\xae\xf6\xbeNL\xcc_\x13l\xa8\x92\xa6V\xe8\x1f\x17\x1b\xccU\xa6\xff\x83E\xe6\x92\xc0\xf8n[H\xe0\x1b\x99l\xad\xc0\x01b/\xb5\xe3c\xb4!\0\0\0\0\0\0\0\0\0\0\0\0\0\0\0\0\0\0\0\0\0\0\0\0\0\0\0\0\0\0\0\0\0\0\0\0\0\0\0\0\0\0\0\0\0\0\0\0\0\0\0\0\0\0\0\0\0\0\0\0\0\0\0\0\0\0\0\0\0\0\0\0\0\0\0\0\0\0\0\0\0\0\0\0\0\0\0\0\0\0\0\0\0\0\0\0\0\0\0\0\0\0\0\0\0\0\0\0\0\0\0\0\0\0\0\0\0\0\0\0\0\0\0\0\0\0\0\0\0\0\0\0\0\0\0\0\0\0\0\0\0\0\0\0\0\0\0\0\0\0\0\0\0\0\0\0\0\0\0\0\0\0\0\0\0\0\0\0\0\0\0\0\0\0\0\0\0\0\0\0\0\0\0\0\0\0\0\0\0\0\0\0\0\0\0\0\0\0\0\0\0\0\0\0\0\0\0\0\0\0\0\0\0\0\0\0\0\0\0\0\0\0\0\0\0\0\0\0\0\0\0\0\0\0\0\0\0\0\0\0\0\0\0\0\0\0\0\0\0\0\0\0\0\0\0\0\0\0\0\0\0\0\0\0\0\0\0\0\0\0\0\0\0\0\0\0\0\0\0\0\0\0\0\0\0\0\0\0\"\0\0\0\0\0\0\0\xa35\xd9\x01\0\0\0\0\0\0\0\0\0\0\0\0%/\xach\0\0\0\0\x10\x02\0\03\xda\xa2\0\0\0\0\0\0\0\0\0\0\0\0\0\0\0\0\0\0\0\0\0\0\0\0\0\0\0\0\0\x89\xf5\xd6C\x83\x92\xbeW\xdb`\xf0q\x1a\\d\x0b!\xb0\xdaT\xa8\x8aj7\x98\xf53}\r\x05\09!\x02\0\0!\x02\0\0\0\0\0\0\0\0\0\0\0\0\0\0\0\0\0\0reth/v1.4.1/linux" }, validity: Valid }
2025-08-25T09:38:15.611187Z DEBUG node{moniker=app-0}:wal{height=34}: Wrote log entry type=Consensus(Vote) entry.size=118 
2025-08-25T09:38:15.612076Z DEBUG node{moniker=app-0}:wal{height=34}: Wrote log entry type=LocallyProposedValue entry.size=599 
2025-08-25T09:38:15.612363Z  INFO node{moniker=app-0}:consensus{height=34 round=0}: Received proposal consensus.height=34 proposal.height=34 proposal.round=0 proposer=02CB1B49DA09615BD4A12212C39378556D990DFD Proposal(height: 34, round: 0, pol_round: -1, value: a045474924042055, from: 02CB1B49DA09615BD4A12212C39378556D990DFD)
2025-08-25T09:38:15.612440Z DEBUG node{moniker=app-0}:wal{height=34}: Wrote log entry type=Consensus(Proposal) entry.size=668 
2025-08-25T09:38:15.612557Z DEBUG node{moniker=app-0}:consensus{height=34 round=0}: Transitioned to new step step.previous=Propose step.new=Prevote
2025-08-25T09:38:15.620987Z  INFO node{moniker=app-0}:consensus{height=34 round=0}: Received vote height=34 vote_height=34 address=DE7BA2BE72D2225286133990FF5810B691A5261C Precommit(height: 34, round: 0, value: a045474924042055, from: DE7BA2BE72D2225286133990FF5810B691A5261C)
2025-08-25T09:38:15.623431Z DEBUG node{moniker=app-0}:wal{height=34}: Wrote log entry type=Consensus(Vote) entry.size=120 
2025-08-25T09:38:15.624373Z  INFO node{moniker=app-0}:consensus{height=34 round=0}: Received vote height=34 vote_height=34 address=DE7BA2BE72D2225286133990FF5810B691A5261C Prevote(height: 34, round: 0, value: a045474924042055, from: DE7BA2BE72D2225286133990FF5810B691A5261C)
2025-08-25T09:38:15.624652Z DEBUG node{moniker=app-0}:wal{height=34}: Wrote log entry type=Consensus(Vote) entry.size=118 
2025-08-25T09:38:15.625023Z DEBUG node{moniker=app-0}:consensus{height=34 round=0}: Transitioned to new step step.previous=Prevote step.new=Precommit
2025-08-25T09:38:15.632019Z  INFO node{moniker=app-0}:consensus{height=34 round=0}: Received vote height=34 vote_height=34 address=02CB1B49DA09615BD4A12212C39378556D990DFD Precommit(height: 34, round: 0, value: a045474924042055, from: 02CB1B49DA09615BD4A12212C39378556D990DFD)
2025-08-25T09:38:15.632836Z DEBUG node{moniker=app-0}:wal{height=34}: Wrote log entry type=Consensus(Vote) entry.size=120 
2025-08-25T09:38:15.633261Z DEBUG node{moniker=app-0}:consensus{height=34 round=0}: Transitioned to new step step.previous=Precommit step.new=Commit
2025-08-25T09:38:15.633314Z  INFO node{moniker=app-0}:consensus{height=34 round=0}: Decided round=0 height=34 value=a045474924042055
2025-08-25T09:38:15.652720Z DEBUG node{moniker=app-0}:wal{height=34}: Flushed WAL to disk wal.entries=6 wal.size=1833
2025-08-25T09:38:15.652808Z DEBUG node{moniker=app-0}:sync{height.tip=33 height.sync=34}: Updating request state height.tip=34
2025-08-25T09:38:15.652828Z DEBUG node{moniker=app-0}:node{moniker=app-0}: metis-test:consensus-chan recv!!! msg:Decided { certificate: CommitCertificate { height: Height(34), round: Some(0), value_id: ValueId(11548715198923939925), commit_signatures: [CommitSignature { address: Address(02CB1B49DA09615BD4A12212C39378556D990DFD), signature: Signature(Signature { R_bytes: "fa33053dfc96911f9fc257162bf96538dd4c94dd7321e30709d5b8d6be91f40f", s_bytes: "fadbeeffaa68365e6ed38ea4572dbfbfebc56293eaf30c263ee0479a6ee97905" }) }, CommitSignature { address: Address(DE7BA2BE72D2225286133990FF5810B691A5261C), signature: Signature(Signature { R_bytes: "2481ae793dd56086985282f60d497eb0d1de82e62594cab0e73514e0429a24c8", s_bytes: "814e4db23fcdf3f8f9d86293920550b19ced47b3c5064a40261c8a405f1b9b02" }) }] }, extensions: VoteExtensions { extensions: [] }, reply: Sender { inner: Some(Inner { state: State { is_complete: false, is_closed: false, is_rx_task_set: true, is_tx_task_set: false } }) } }
2025-08-25T09:38:15.652840Z  INFO node{moniker=app-0}:node{moniker=app-0}: 🟢🟢 Consensus has decided on value height=34 round=0 value=a045474924042055
2025-08-25T09:38:15.652965Z DEBUG node{moniker=app-0}:node{moniker=app-0}: 🎁 block size: 545, height: 34
2025-08-25T09:38:15.652971Z  INFO node{moniker=app-0}:node{moniker=app-0}: 👉 stats at height 34: #txs=0, txs/s=0.00, chain_bytes=18530, bytes/s=2169.72
2025-08-25T09:38:15.652974Z DEBUG node{moniker=app-0}:node{moniker=app-0}: 🦄 Block at height 34 contains 0 transactions
2025-08-25T09:38:15.654678Z DEBUG node{moniker=app-0}:node{moniker=app-0}: 💡 New block added at height 34 with hash: 0x89f5d6438392be57db60f0711a5c640b21b0da54a88a6a3798f5337d0d050039
2025-08-25T09:38:15.654693Z DEBUG node{moniker=app-0}:node{moniker=app-0}: 🟠 set_latest_forkchoice_state: 0x89f5d6438392be57db60f0711a5c640b21b0da54a88a6a3798f5337d0d050039
2025-08-25T09:38:15.655738Z DEBUG node{moniker=app-0}:node{moniker=app-0}: ➡️ payload_status: PayloadStatus { status: Valid, latest_valid_hash: Some(0x89f5d6438392be57db60f0711a5c640b21b0da54a88a6a3798f5337d0d050039) }
2025-08-25T09:38:15.655751Z DEBUG node{moniker=app-0}:node{moniker=app-0}: 🚀 Forkchoice updated to height 34 for block hash=0x89f5d6438392be57db60f0711a5c640b21b0da54a88a6a3798f5337d0d050039 and latest_valid_hash=0x89f5d6438392be57db60f0711a5c640b21b0da54a88a6a3798f5337d0d050039
2025-08-25T09:38:15.655754Z  INFO node{moniker=app-0}:node{moniker=app-0}: Looking for certificate height=34 round=0
2025-08-25T09:38:15.719315Z  INFO node{moniker=app-0}:node{moniker=app-0}: Committed block_data[0..32]: f0c8fd2a06adb4eea9e134c48cb19285a8be727132e97bb71933124e596c0bc0
2025-08-25T09:38:15.739265Z DEBUG node{moniker=app-0}:wal{height=35}: Reset WAL height=35
2025-08-25T09:38:15.739349Z DEBUG node{moniker=app-0}:consensus{height=35 round=0}: No WAL entries to replay height=35
2025-08-25T09:38:15.739389Z  INFO node{moniker=app-0}:consensus{height=35 round=0}: Starting new height height=35
2025-08-25T09:38:15.739398Z  INFO node{moniker=app-0}:consensus{height=35 round=0}: Starting new round height=35 round=0 proposer=02CB1B49DA09615BD4A12212C39378556D990DFD role=Validator
2025-08-25T09:38:15.739430Z DEBUG node{moniker=app-0}:sync{height.tip=33 height.sync=34}: Starting new height height.tip=34 height.sync=35 restart=false
2025-08-25T09:38:15.739438Z DEBUG node{moniker=app-0}:sync{height.tip=33 height.sync=34}: No peer to request sync from height.sync=35
2025-08-25T09:38:15.745755Z DEBUG node{moniker=app-0}:wal{height=35}: Flushed WAL to disk wal.entries=0 wal.size=12
2025-08-25T09:38:15.745825Z DEBUG node{moniker=app-0}:node{moniker=app-0}: metis-test:consensus-chan recv!!! msg:StartedRound { height: Height(35), round: Some(0), proposer: Address(02CB1B49DA09615BD4A12212C39378556D990DFD), role: Validator, reply_value: Sender { inner: Some(Inner { state: State { is_complete: false, is_closed: false, is_rx_task_set: false, is_tx_task_set: false } }) } }
2025-08-25T09:38:15.745839Z  INFO node{moniker=app-0}:node{moniker=app-0}: 🟢🟢 Started round height=35 round=0 proposer=02CB1B49DA09615BD4A12212C39378556D990DFD role=Validator
2025-08-25T09:38:15.745853Z ERROR node{moniker=app-0}:consensus{height=35 round=0}: Error when processing effect: Messaging(RecvErr)
2025-08-25T09:38:15.745873Z DEBUG node{moniker=app-0}:consensus{height=35 round=0}: Transitioned to new step step.previous=Unstarted step.new=Propose
2025-08-25T09:38:15.745878Z  INFO node{moniker=app-0}:consensus{height=35 round=0}: Scheduling timeout round=0 step=Propose
2025-08-25T09:38:15.745888Z DEBUG node{moniker=app-0}:consensus{height=35 round=0}: Replaying inputs count=0
2025-08-25T09:38:15.754353Z DEBUG node{moniker=app-0}:node{moniker=app-0}: metis-test:consensus-chan recv!!! msg:ReceivedProposalPart { from: PeerId("12D3KooWR2Quwt2G6MyT6WQkUdfS8nHZu7XcPotkmbhuEoqc94oJ"), part: StreamMessage { stream_id: StreamId(b"\0\0\0\0\0\0\0#\0\0\0\0\0\0\0\x0c"), sequence: 0, content: Data(Init(ProposalInit { height: Height(35), round: Some(0), proposer: Address(02CB1B49DA09615BD4A12212C39378556D990DFD) })) }, reply: Sender { inner: Some(Inner { state: State { is_complete: false, is_closed: false, is_rx_task_set: true, is_tx_task_set: false } }) } }
2025-08-25T09:38:15.754386Z  INFO node{moniker=app-0}:node{moniker=app-0}: Received proposal part from=12D3KooWR2Quwt2G6MyT6WQkUdfS8nHZu7XcPotkmbhuEoqc94oJ part.sequence=0 part.type=init part.size=28
2025-08-25T09:38:15.754602Z DEBUG node{moniker=app-0}:node{moniker=app-0}: metis-test:consensus-chan recv!!! msg:ReceivedProposalPart { from: PeerId("12D3KooWR2Quwt2G6MyT6WQkUdfS8nHZu7XcPotkmbhuEoqc94oJ"), part: StreamMessage { stream_id: StreamId(b"\0\0\0\0\0\0\0#\0\0\0\0\0\0\0\x0c"), sequence: 1, content: Data(Data(ProposalData { bytes: "<...>", len: 545 })) }, reply: Sender { inner: Some(Inner { state: State { is_complete: false, is_closed: false, is_rx_task_set: true, is_tx_task_set: false } }) } }
2025-08-25T09:38:15.754624Z  INFO node{moniker=app-0}:node{moniker=app-0}: Received proposal part from=12D3KooWR2Quwt2G6MyT6WQkUdfS8nHZu7XcPotkmbhuEoqc94oJ part.sequence=1 part.type=data part.size=551
2025-08-25T09:38:15.755795Z DEBUG node{moniker=app-0}:node{moniker=app-0}: metis-test:consensus-chan recv!!! msg:ReceivedProposalPart { from: PeerId("12D3KooWR2Quwt2G6MyT6WQkUdfS8nHZu7XcPotkmbhuEoqc94oJ"), part: StreamMessage { stream_id: StreamId(b"\0\0\0\0\0\0\0#\0\0\0\0\0\0\0\x0c"), sequence: 2, content: Data(Fin(ProposalFin { signature: Signature(Signature { R_bytes: "69e6100ac09c98a04fde73a40fac554f0f8e362b16fa5ab8d7e139bae9e63ca2", s_bytes: "6c3ab18bfd86765329e697ebc7f1bcbd5b6dc356ae04c51282bb026814337209" }) })) }, reply: Sender { inner: Some(Inner { state: State { is_complete: false, is_closed: false, is_rx_task_set: true, is_tx_task_set: false } }) } }
2025-08-25T09:38:15.755815Z  INFO node{moniker=app-0}:node{moniker=app-0}: Received proposal part from=12D3KooWR2Quwt2G6MyT6WQkUdfS8nHZu7XcPotkmbhuEoqc94oJ part.sequence=2 part.type=fin part.size=70
2025-08-25T09:38:15.755832Z DEBUG node{moniker=app-0}:node{moniker=app-0}: metis-test:consensus-chan recv!!! msg:ReceivedProposalPart { from: PeerId("12D3KooWR2Quwt2G6MyT6WQkUdfS8nHZu7XcPotkmbhuEoqc94oJ"), part: StreamMessage { stream_id: StreamId(b"\0\0\0\0\0\0\0#\0\0\0\0\0\0\0\x0c"), sequence: 3, content: Fin }, reply: Sender { inner: Some(Inner { state: State { is_complete: false, is_closed: false, is_rx_task_set: true, is_tx_task_set: false } }) } }
2025-08-25T09:38:15.755841Z  INFO node{moniker=app-0}:node{moniker=app-0}: Received proposal part from=12D3KooWR2Quwt2G6MyT6WQkUdfS8nHZu7XcPotkmbhuEoqc94oJ part.sequence=3 part.type=end of stream part.size=0
2025-08-25T09:38:15.756002Z  INFO node{moniker=app-0}:node{moniker=app-0}: Proposal data[0..32]: 89f5d6438392be57db60f0711a5c640b21b0da54a88a6a3798f5337d0d050039, total_size: 545 bytes, id: 940b4ef93b7f53ad
2025-08-25T09:38:15.758340Z  INFO node{moniker=app-0}:consensus{height=35 round=0}: Received vote height=35 vote_height=35 address=02CB1B49DA09615BD4A12212C39378556D990DFD Prevote(height: 35, round: 0, value: 940b4ef93b7f53ad, from: 02CB1B49DA09615BD4A12212C39378556D990DFD)
2025-08-25T09:38:15.760362Z DEBUG node{moniker=app-0}:wal{height=35}: Wrote log entry type=Consensus(Vote) entry.size=118 
2025-08-25T09:38:15.762197Z  INFO node{moniker=app-0}:consensus{height=35 round=0}: Received proposal consensus.height=35 proposal.height=35 proposal.round=0 proposer=02CB1B49DA09615BD4A12212C39378556D990DFD Proposal(height: 35, round: 0, pol_round: -1, value: 940b4ef93b7f53ad, from: 02CB1B49DA09615BD4A12212C39378556D990DFD)
2025-08-25T09:38:15.763350Z DEBUG node{moniker=app-0}:node{moniker=app-0}: ✅ Received complete proposal: ProposedValue { height: Height(35), round: Some(0), valid_round: Nil, proposer: Address(02CB1B49DA09615BD4A12212C39378556D990DFD), value: Value { value: 10667706974709175213, extensions: b"\x89\xf5\xd6C\x83\x92\xbeW\xdb`\xf0q\x1a\\d\x0b!\xb0\xdaT\xa8\x8aj7\x98\xf53}\r\x05\09********************\xec&\xdf\x94B\xc5\xd4\xa0\xa0\xccSH\xc9`\x11[C\xda\x08\xc7\xae\xf6\xbeNL\xcc_\x13l\xa8\x92\xa6V\xe8\x1f\x17\x1b\xccU\xa6\xff\x83E\xe6\x92\xc0\xf8n[H\xe0\x1b\x99l\xad\xc0\x01b/\xb5\xe3c\xb4!\0\0\0\0\0\0\0\0\0\0\0\0\0\0\0\0\0\0\0\0\0\0\0\0\0\0\0\0\0\0\0\0\0\0\0\0\0\0\0\0\0\0\0\0\0\0\0\0\0\0\0\0\0\0\0\0\0\0\0\0\0\0\0\0\0\0\0\0\0\0\0\0\0\0\0\0\0\0\0\0\0\0\0\0\0\0\0\0\0\0\0\0\0\0\0\0\0\0\0\0\0\0\0\0\0\0\0\0\0\0\0\0\0\0\0\0\0\0\0\0\0\0\0\0\0\0\0\0\0\0\0\0\0\0\0\0\0\0\0\0\0\0\0\0\0\0\0\0\0\0\0\0\0\0\0\0\0\0\0\0\0\0\0\0\0\0\0\0\0\0\0\0\0\0\0\0\0\0\0\0\0\0\0\0\0\0\0\0\0\0\0\0\0\0\0\0\0\0\0\0\0\0\0\0\0\0\0\0\0\0\0\0\0\0\0\0\0\0\0\0\0\0\0\0\0\0\0\0\0\0\0\0\0\0\0\0\0\0\0\0\0\0\0\0\0\0\0\0\0\0\0\0\0\0\0\0\0\0\0\0\0\0\0\0\0\0\0\0\0\0\0\0\0\0\0\0\0\0\0\0\0\0\0\0\0\0\0\0#\0\0\0\0\0\0\0\xef\xab\xd9\x01\0\0\0\0\0\0\0\0\0\0\0\0&/\xach\0\0\0\0\x10\x02\0\0\xed~\x8e\0\0\0\0\0\0\0\0\0\0\0\0\0\0\0\0\0\0\0\0\0\0\0\0\0\0\0\0\0\xf7\x90\x11\xedn\xa8b\x11K\x8ch\xd2\xf0\xd6\xf9d@\xd3y\xc5\xbd\xab\x8clhh\x81;i\xa5{\x18!\x02\0\0!\x02\0\0\0\0\0\0\0\0\0\0\0\0\0\0\0\0\0\0reth/v1.4.1/linux" }, validity: Valid }
2025-08-25T09:38:15.763686Z DEBUG node{moniker=app-0}:wal{height=35}: Wrote log entry type=Consensus(Proposal) entry.size=668 
2025-08-25T09:38:15.763741Z DEBUG node{moniker=app-0}:consensus{height=35 round=0}: No full proposal for this round yet, stored proposal for later proposal.height=35 proposal.round=0
2025-08-25T09:38:15.763769Z DEBUG node{moniker=app-0}:consensus{height=35 round=0}: We have a full proposal for this round, checking... proposal.height=35 proposal.round=0
2025-08-25T09:38:15.763782Z DEBUG node{moniker=app-0}:consensus{height=35 round=0}: Transitioned to new step step.previous=Propose step.new=Prevote
2025-08-25T09:38:15.763791Z  INFO node{moniker=app-0}:consensus{height=35 round=0}: Voting vote_type=Prevote value=940b4ef93b7f53ad round=0
2025-08-25T09:38:15.763953Z  INFO node{moniker=app-0}:consensus{height=35 round=0}: Received vote height=35 vote_height=35 address=815F9FA61D7C4F1E4A9E30D40DCA1115BB48F759 Prevote(height: 35, round: 0, value: 940b4ef93b7f53ad, from: 815F9FA61D7C4F1E4A9E30D40DCA1115BB48F759)
2025-08-25T09:38:15.766473Z DEBUG node{moniker=app-0}:wal{height=35}: Wrote log entry type=Consensus(Vote) entry.size=118 
2025-08-25T09:38:15.766518Z DEBUG node{moniker=app-0}:consensus{height=35 round=0}: Transitioned to new step step.previous=Prevote step.new=Precommit
2025-08-25T09:38:15.766530Z  INFO node{moniker=app-0}:consensus{height=35 round=0}: Voting vote_type=Precommit value=940b4ef93b7f53ad round=0
2025-08-25T09:38:15.766545Z DEBUG node{moniker=app-0}:node{moniker=app-0}: metis-test:consensus-chan recv!!! msg:ExtendVote { height: Height(35), round: Some(0), value_id: ValueId(10667706974709175213), reply: Sender { inner: Some(Inner { state: State { is_complete: false, is_closed: false, is_rx_task_set: true, is_tx_task_set: false } }) } }
2025-08-25T09:38:15.766709Z  INFO node{moniker=app-0}:consensus{height=35 round=0}: Received vote height=35 vote_height=35 address=815F9FA61D7C4F1E4A9E30D40DCA1115BB48F759 Precommit(height: 35, round: 0, value: 940b4ef93b7f53ad, from: 815F9FA61D7C4F1E4A9E30D40DCA1115BB48F759)
2025-08-25T09:38:15.766769Z DEBUG node{moniker=app-0}:wal{height=35}: Wrote log entry type=Consensus(Vote) entry.size=120 
2025-08-25T09:38:15.768393Z DEBUG node{moniker=app-0}:wal{height=35}: Flushed WAL to disk wal.entries=4 wal.size=1088
2025-08-25T09:38:15.768577Z DEBUG node{moniker=app-0}:network: Published message channel=/consensus size=111
2025-08-25T09:38:15.770008Z DEBUG node{moniker=app-0}:wal{height=35}: Flushed WAL to disk wal.entries=4 wal.size=1088
2025-08-25T09:38:15.770242Z DEBUG node{moniker=app-0}:network: Published message channel=/consensus size=109
2025-08-25T09:38:15.784493Z  INFO node{moniker=app-0}:consensus{height=35 round=0}: Received vote height=35 vote_height=35 address=02CB1B49DA09615BD4A12212C39378556D990DFD Precommit(height: 35, round: 0, value: 940b4ef93b7f53ad, from: 02CB1B49DA09615BD4A12212C39378556D990DFD)
2025-08-25T09:38:15.784758Z DEBUG node{moniker=app-0}:wal{height=35}: Wrote log entry type=Consensus(Vote) entry.size=120 
2025-08-25T09:38:15.784927Z DEBUG node{moniker=app-0}:consensus{height=35 round=0}: Transitioned to new step step.previous=Precommit step.new=Commit
2025-08-25T09:38:15.784953Z  INFO node{moniker=app-0}:consensus{height=35 round=0}: Decided round=0 height=35 value=940b4ef93b7f53ad
2025-08-25T09:38:15.811803Z DEBUG node{moniker=app-0}:wal{height=35}: Flushed WAL to disk wal.entries=5 wal.size=1221
2025-08-25T09:38:15.811996Z DEBUG node{moniker=app-0}:sync{height.tip=34 height.sync=35}: Updating request state height.tip=35
2025-08-25T09:38:15.812023Z DEBUG node{moniker=app-0}:node{moniker=app-0}: metis-test:consensus-chan recv!!! msg:Decided { certificate: CommitCertificate { height: Height(35), round: Some(0), value_id: ValueId(10667706974709175213), commit_signatures: [CommitSignature { address: Address(02CB1B49DA09615BD4A12212C39378556D990DFD), signature: Signature(Signature { R_bytes: "bc15682d260c9f2eabd2c5f4f3ee2bed7e25136c1ed450dd33ede1dfd496ddc7", s_bytes: "1f2cf7466a7e8355d30aee94fa3db6a6a63911c62227ab5f90832b8821c5dd07" }) }, CommitSignature { address: Address(815F9FA61D7C4F1E4A9E30D40DCA1115BB48F759), signature: Signature(Signature { R_bytes: "90bfdc2ae10daaa7b259768a158296d631495778eb640b5af084728e52fd18ea", s_bytes: "29923357fed84a7aef9a5e6f16c05215411429959559b3b9c4addff4ddf2da06" }) }] }, extensions: VoteExtensions { extensions: [] }, reply: Sender { inner: Some(Inner { state: State { is_complete: false, is_closed: false, is_rx_task_set: true, is_tx_task_set: false } }) } }
2025-08-25T09:38:15.812056Z  INFO node{moniker=app-0}:node{moniker=app-0}: 🟢🟢 Consensus has decided on value height=35 round=0 value=940b4ef93b7f53ad
2025-08-25T09:38:15.812163Z DEBUG node{moniker=app-0}:node{moniker=app-0}: 🎁 block size: 545, height: 35
2025-08-25T09:38:15.812180Z  INFO node{moniker=app-0}:node{moniker=app-0}: 👉 stats at height 35: #txs=0, txs/s=0.00, chain_bytes=19075, bytes/s=2192.66
2025-08-25T09:38:15.812188Z DEBUG node{moniker=app-0}:node{moniker=app-0}: 🦄 Block at height 35 contains 0 transactions
2025-08-25T09:38:15.813352Z DEBUG node{moniker=app-0}:node{moniker=app-0}: 💡 New block added at height 35 with hash: 0xf79011ed6ea862114b8c68d2f0d6f96440d379c5bdab8c6c6868813b69a57b18
2025-08-25T09:38:15.813361Z DEBUG node{moniker=app-0}:node{moniker=app-0}: 🟠 set_latest_forkchoice_state: 0xf79011ed6ea862114b8c68d2f0d6f96440d379c5bdab8c6c6868813b69a57b18
2025-08-25T09:38:15.813978Z DEBUG node{moniker=app-0}:node{moniker=app-0}: ➡️ payload_status: PayloadStatus { status: Valid, latest_valid_hash: Some(0xf79011ed6ea862114b8c68d2f0d6f96440d379c5bdab8c6c6868813b69a57b18) }
2025-08-25T09:38:15.813984Z DEBUG node{moniker=app-0}:node{moniker=app-0}: 🚀 Forkchoice updated to height 35 for block hash=0xf79011ed6ea862114b8c68d2f0d6f96440d379c5bdab8c6c6868813b69a57b18 and latest_valid_hash=0xf79011ed6ea862114b8c68d2f0d6f96440d379c5bdab8c6c6868813b69a57b18
2025-08-25T09:38:15.813986Z  INFO node{moniker=app-0}:node{moniker=app-0}: Looking for certificate height=35 round=0
2025-08-25T09:38:15.819477Z  INFO node{moniker=app-0}:node{moniker=app-0}: Committed block_data[0..32]: 89f5d6438392be57db60f0711a5c640b21b0da54a88a6a3798f5337d0d050039
2025-08-25T09:38:15.837572Z DEBUG node{moniker=app-0}:wal{height=36}: Reset WAL height=36
2025-08-25T09:38:15.837657Z DEBUG node{moniker=app-0}:consensus{height=36 round=0}: No WAL entries to replay height=36
2025-08-25T09:38:15.837737Z  INFO node{moniker=app-0}:consensus{height=36 round=0}: Starting new height height=36
2025-08-25T09:38:15.837748Z  INFO node{moniker=app-0}:consensus{height=36 round=0}: Starting new round height=36 round=0 proposer=DE7BA2BE72D2225286133990FF5810B691A5261C role=Validator
2025-08-25T09:38:15.837791Z DEBUG node{moniker=app-0}:sync{height.tip=34 height.sync=35}: Starting new height height.tip=35 height.sync=36 restart=false
2025-08-25T09:38:15.837802Z DEBUG node{moniker=app-0}:sync{height.tip=34 height.sync=35}: No peer to request sync from height.sync=36
2025-08-25T09:38:15.840516Z DEBUG node{moniker=app-0}:wal{height=36}: Flushed WAL to disk wal.entries=0 wal.size=12
2025-08-25T09:38:15.840616Z DEBUG node{moniker=app-0}:node{moniker=app-0}: metis-test:consensus-chan recv!!! msg:StartedRound { height: Height(36), round: Some(0), proposer: Address(DE7BA2BE72D2225286133990FF5810B691A5261C), role: Validator, reply_value: Sender { inner: Some(Inner { state: State { is_complete: false, is_closed: false, is_rx_task_set: false, is_tx_task_set: false } }) } }
2025-08-25T09:38:15.840696Z  INFO node{moniker=app-0}:node{moniker=app-0}: 🟢🟢 Started round height=36 round=0 proposer=DE7BA2BE72D2225286133990FF5810B691A5261C role=Validator
2025-08-25T09:38:15.840720Z ERROR node{moniker=app-0}:consensus{height=36 round=0}: Error when processing effect: Messaging(RecvErr)
2025-08-25T09:38:15.840745Z DEBUG node{moniker=app-0}:consensus{height=36 round=0}: Transitioned to new step step.previous=Unstarted step.new=Propose
2025-08-25T09:38:15.840753Z  INFO node{moniker=app-0}:consensus{height=36 round=0}: Scheduling timeout round=0 step=Propose
2025-08-25T09:38:15.840768Z DEBUG node{moniker=app-0}:consensus{height=36 round=0}: Replaying inputs count=0
2025-08-25T09:38:15.855816Z DEBUG node{moniker=app-0}:node{moniker=app-0}: metis-test:consensus-chan recv!!! msg:ReceivedProposalPart { from: PeerId("12D3KooWEFmACkQS9HNWY86xGVM3LS7fRpQ8saTb5VdfdYCzuUvE"), part: StreamMessage { stream_id: StreamId(b"\0\0\0\0\0\0\0$\0\0\0\0\0\0\0\x0b"), sequence: 0, content: Data(Init(ProposalInit { height: Height(36), round: Some(0), proposer: Address(DE7BA2BE72D2225286133990FF5810B691A5261C) })) }, reply: Sender { inner: Some(Inner { state: State { is_complete: false, is_closed: false, is_rx_task_set: true, is_tx_task_set: false } }) } }
2025-08-25T09:38:15.855856Z  INFO node{moniker=app-0}:node{moniker=app-0}: Received proposal part from=12D3KooWEFmACkQS9HNWY86xGVM3LS7fRpQ8saTb5VdfdYCzuUvE part.sequence=0 part.type=init part.size=28
2025-08-25T09:38:15.856504Z DEBUG node{moniker=app-0}:node{moniker=app-0}: metis-test:consensus-chan recv!!! msg:ReceivedProposalPart { from: PeerId("12D3KooWEFmACkQS9HNWY86xGVM3LS7fRpQ8saTb5VdfdYCzuUvE"), part: StreamMessage { stream_id: StreamId(b"\0\0\0\0\0\0\0$\0\0\0\0\0\0\0\x0b"), sequence: 1, content: Data(Data(ProposalData { bytes: "<...>", len: 545 })) }, reply: Sender { inner: Some(Inner { state: State { is_complete: false, is_closed: false, is_rx_task_set: true, is_tx_task_set: false } }) } }
2025-08-25T09:38:15.856532Z  INFO node{moniker=app-0}:node{moniker=app-0}: Received proposal part from=12D3KooWEFmACkQS9HNWY86xGVM3LS7fRpQ8saTb5VdfdYCzuUvE part.sequence=1 part.type=data part.size=551
2025-08-25T09:38:15.858338Z DEBUG node{moniker=app-0}:node{moniker=app-0}: metis-test:consensus-chan recv!!! msg:ReceivedProposalPart { from: PeerId("12D3KooWEFmACkQS9HNWY86xGVM3LS7fRpQ8saTb5VdfdYCzuUvE"), part: StreamMessage { stream_id: StreamId(b"\0\0\0\0\0\0\0$\0\0\0\0\0\0\0\x0b"), sequence: 2, content: Data(Fin(ProposalFin { signature: Signature(Signature { R_bytes: "c1e9b225be5d24165b7c59c235ea3c717f27b66a2b15553e16ff486881bbabef", s_bytes: "d6d090d6f1d8ba45f18e45c3e1776daf950ca842025e2e44e49a31a86b826a09" }) })) }, reply: Sender { inner: Some(Inner { state: State { is_complete: false, is_closed: false, is_rx_task_set: true, is_tx_task_set: false } }) } }
2025-08-25T09:38:15.858357Z  INFO node{moniker=app-0}:node{moniker=app-0}: Received proposal part from=12D3KooWEFmACkQS9HNWY86xGVM3LS7fRpQ8saTb5VdfdYCzuUvE part.sequence=2 part.type=fin part.size=70
2025-08-25T09:38:15.858372Z DEBUG node{moniker=app-0}:node{moniker=app-0}: metis-test:consensus-chan recv!!! msg:ReceivedProposalPart { from: PeerId("12D3KooWEFmACkQS9HNWY86xGVM3LS7fRpQ8saTb5VdfdYCzuUvE"), part: StreamMessage { stream_id: StreamId(b"\0\0\0\0\0\0\0$\0\0\0\0\0\0\0\x0b"), sequence: 3, content: Fin }, reply: Sender { inner: Some(Inner { state: State { is_complete: false, is_closed: false, is_rx_task_set: true, is_tx_task_set: false } }) } }
2025-08-25T09:38:15.858379Z  INFO node{moniker=app-0}:node{moniker=app-0}: Received proposal part from=12D3KooWEFmACkQS9HNWY86xGVM3LS7fRpQ8saTb5VdfdYCzuUvE part.sequence=3 part.type=end of stream part.size=0
2025-08-25T09:38:15.858522Z  INFO node{moniker=app-0}:node{moniker=app-0}: Proposal data[0..32]: f79011ed6ea862114b8c68d2f0d6f96440d379c5bdab8c6c6868813b69a57b18, total_size: 545 bytes, id: 16626eed61139bd5
2025-08-25T09:38:15.860554Z  INFO node{moniker=app-0}:consensus{height=36 round=0}: Received vote height=36 vote_height=36 address=DE7BA2BE72D2225286133990FF5810B691A5261C Prevote(height: 36, round: 0, value: 16626eed61139bd5, from: DE7BA2BE72D2225286133990FF5810B691A5261C)
2025-08-25T09:38:15.862834Z DEBUG node{moniker=app-0}:wal{height=36}: Wrote log entry type=Consensus(Vote) entry.size=117 
2025-08-25T09:38:15.864506Z  INFO node{moniker=app-0}:consensus{height=36 round=0}: Received proposal consensus.height=36 proposal.height=36 proposal.round=0 proposer=DE7BA2BE72D2225286133990FF5810B691A5261C Proposal(height: 36, round: 0, pol_round: -1, value: 16626eed61139bd5, from: DE7BA2BE72D2225286133990FF5810B691A5261C)
2025-08-25T09:38:15.866424Z DEBUG node{moniker=app-0}:node{moniker=app-0}: ✅ Received complete proposal: ProposedValue { height: Height(36), round: Some(0), valid_round: Nil, proposer: Address(DE7BA2BE72D2225286133990FF5810B691A5261C), value: Value { value: 1612973582367038421, extensions: b"\xf7\x90\x11\xedn\xa8b\x11K\x8ch\xd2\xf0\xd6\xf9d@\xd3y\xc5\xbd\xab\x8clhh\x81;i\xa5{\x18********************\xec&\xdf\x94B\xc5\xd4\xa0\xa0\xccSH\xc9`\x11[C\xda\x08\xc7\xae\xf6\xbeNL\xcc_\x13l\xa8\x92\xa6V\xe8\x1f\x17\x1b\xccU\xa6\xff\x83E\xe6\x92\xc0\xf8n[H\xe0\x1b\x99l\xad\xc0\x01b/\xb5\xe3c\xb4!\0\0\0\0\0\0\0\0\0\0\0\0\0\0\0\0\0\0\0\0\0\0\0\0\0\0\0\0\0\0\0\0\0\0\0\0\0\0\0\0\0\0\0\0\0\0\0\0\0\0\0\0\0\0\0\0\0\0\0\0\0\0\0\0\0\0\0\0\0\0\0\0\0\0\0\0\0\0\0\0\0\0\0\0\0\0\0\0\0\0\0\0\0\0\0\0\0\0\0\0\0\0\0\0\0\0\0\0\0\0\0\0\0\0\0\0\0\0\0\0\0\0\0\0\0\0\0\0\0\0\0\0\0\0\0\0\0\0\0\0\0\0\0\0\0\0\0\0\0\0\0\0\0\0\0\0\0\0\0\0\0\0\0\0\0\0\0\0\0\0\0\0\0\0\0\0\0\0\0\0\0\0\0\0\0\0\0\0\0\0\0\0\0\0\0\0\0\0\0\0\0\0\0\0\0\0\0\0\0\0\0\0\0\0\0\0\0\0\0\0\0\0\0\0\0\0\0\0\0\0\0\0\0\0\0\0\0\0\0\0\0\0\0\0\0\0\0\0\0\0\0\0\0\0\0\0\0\0\0\0\0\0\0\0\0\0\0\0\0\0\0\0\0\0\0\0\0\0\0\0\0\0\0\0\0\0\0\0$\0\0\0\0\0\0\0X\"\xda\x01\0\0\0\0\0\0\0\0\0\0\0\0'/\xach\0\0\0\0\x10\x02\0\0\x10\xaf|\0\0\0\0\0\0\0\0\0\0\0\0\0\0\0\0\0\0\0\0\0\0\0\0\0\0\0\0\0\xd2\xd3\xfe\x06*,\x0f\xfd\x1cv(\"\x1d\xdc*\xc1f\xd9\xdf\xd7\xce\xba\xcdd\xed\x91\x11-\xdf\x86\xe4\xc8!\x02\0\0!\x02\0\0\0\0\0\0\0\0\0\0\0\0\0\0\0\0\0\0reth/v1.4.1/linux" }, validity: Valid }
2025-08-25T09:38:15.866676Z DEBUG node{moniker=app-0}:wal{height=36}: Wrote log entry type=Consensus(Proposal) entry.size=667 
2025-08-25T09:38:15.866751Z DEBUG node{moniker=app-0}:consensus{height=36 round=0}: No full proposal for this round yet, stored proposal for later proposal.height=36 proposal.round=0
2025-08-25T09:38:15.866770Z DEBUG node{moniker=app-0}:consensus{height=36 round=0}: We have a full proposal for this round, checking... proposal.height=36 proposal.round=0
2025-08-25T09:38:15.866781Z DEBUG node{moniker=app-0}:consensus{height=36 round=0}: Transitioned to new step step.previous=Propose step.new=Prevote
2025-08-25T09:38:15.866790Z  INFO node{moniker=app-0}:consensus{height=36 round=0}: Voting vote_type=Prevote value=16626eed61139bd5 round=0
2025-08-25T09:38:15.866988Z  INFO node{moniker=app-0}:consensus{height=36 round=0}: Received vote height=36 vote_height=36 address=815F9FA61D7C4F1E4A9E30D40DCA1115BB48F759 Prevote(height: 36, round: 0, value: 16626eed61139bd5, from: 815F9FA61D7C4F1E4A9E30D40DCA1115BB48F759)
2025-08-25T09:38:15.869812Z DEBUG node{moniker=app-0}:wal{height=36}: Wrote log entry type=Consensus(Vote) entry.size=117 
2025-08-25T09:38:15.869877Z DEBUG node{moniker=app-0}:consensus{height=36 round=0}: Transitioned to new step step.previous=Prevote step.new=Precommit
2025-08-25T09:38:15.869885Z  INFO node{moniker=app-0}:consensus{height=36 round=0}: Voting vote_type=Precommit value=16626eed61139bd5 round=0
2025-08-25T09:38:15.869903Z DEBUG node{moniker=app-0}:node{moniker=app-0}: metis-test:consensus-chan recv!!! msg:ExtendVote { height: Height(36), round: Some(0), value_id: ValueId(1612973582367038421), reply: Sender { inner: Some(Inner { state: State { is_complete: false, is_closed: false, is_rx_task_set: true, is_tx_task_set: false } }) } }
2025-08-25T09:38:15.870166Z  INFO node{moniker=app-0}:consensus{height=36 round=0}: Received vote height=36 vote_height=36 address=815F9FA61D7C4F1E4A9E30D40DCA1115BB48F759 Precommit(height: 36, round: 0, value: 16626eed61139bd5, from: 815F9FA61D7C4F1E4A9E30D40DCA1115BB48F759)
2025-08-25T09:38:15.870250Z DEBUG node{moniker=app-0}:wal{height=36}: Wrote log entry type=Consensus(Vote) entry.size=119 
2025-08-25T09:38:15.872009Z DEBUG node{moniker=app-0}:wal{height=36}: Flushed WAL to disk wal.entries=4 wal.size=1084
2025-08-25T09:38:15.872209Z DEBUG node{moniker=app-0}:network: Published message channel=/consensus size=110
2025-08-25T09:38:15.873893Z DEBUG node{moniker=app-0}:wal{height=36}: Flushed WAL to disk wal.entries=4 wal.size=1084
2025-08-25T09:38:15.874270Z DEBUG node{moniker=app-0}:network: Published message channel=/consensus size=108
2025-08-25T09:38:15.880534Z  INFO node{moniker=app-0}:consensus{height=36 round=0}: Received vote height=36 vote_height=36 address=DE7BA2BE72D2225286133990FF5810B691A5261C Precommit(height: 36, round: 0, value: 16626eed61139bd5, from: DE7BA2BE72D2225286133990FF5810B691A5261C)
2025-08-25T09:38:15.880709Z DEBUG node{moniker=app-0}:wal{height=36}: Wrote log entry type=Consensus(Vote) entry.size=119 
2025-08-25T09:38:15.880848Z DEBUG node{moniker=app-0}:consensus{height=36 round=0}: Transitioned to new step step.previous=Precommit step.new=Commit
2025-08-25T09:38:15.880855Z  INFO node{moniker=app-0}:consensus{height=36 round=0}: Decided round=0 height=36 value=16626eed61139bd5
2025-08-25T09:38:15.884437Z DEBUG node{moniker=app-0}:wal{height=36}: Flushed WAL to disk wal.entries=5 wal.size=1216
2025-08-25T09:38:15.884669Z DEBUG node{moniker=app-0}:sync{height.tip=35 height.sync=36}: Updating request state height.tip=36
2025-08-25T09:38:15.884691Z DEBUG node{moniker=app-0}:node{moniker=app-0}: metis-test:consensus-chan recv!!! msg:Decided { certificate: CommitCertificate { height: Height(36), round: Some(0), value_id: ValueId(1612973582367038421), commit_signatures: [CommitSignature { address: Address(815F9FA61D7C4F1E4A9E30D40DCA1115BB48F759), signature: Signature(Signature { R_bytes: "226f7561794bb54a999305b121cac6f59f22e1716bf7f5e75334d6b9377b535d", s_bytes: "64c2224945a2b0e227005d5e6d6bcf4650143a9f15d771a178bcc6e3d1f16208" }) }, CommitSignature { address: Address(DE7BA2BE72D2225286133990FF5810B691A5261C), signature: Signature(Signature { R_bytes: "34c1ebb727ba5392356a9ecf5f3ac226fe07276b742eb441c821cf5746d69cd5", s_bytes: "14343817603606cfbcd711998a430bc67a106df42a1b2c16e4bcbf4883747b02" }) }] }, extensions: VoteExtensions { extensions: [] }, reply: Sender { inner: Some(Inner { state: State { is_complete: false, is_closed: false, is_rx_task_set: true, is_tx_task_set: false } }) } }
2025-08-25T09:38:15.884714Z  INFO node{moniker=app-0}:node{moniker=app-0}: 🟢🟢 Consensus has decided on value height=36 round=0 value=16626eed61139bd5
2025-08-25T09:38:15.884784Z DEBUG node{moniker=app-0}:node{moniker=app-0}: 🎁 block size: 545, height: 36
2025-08-25T09:38:15.884796Z  INFO node{moniker=app-0}:node{moniker=app-0}: 👉 stats at height 36: #txs=0, txs/s=0.00, chain_bytes=19620, bytes/s=2236.64
2025-08-25T09:38:15.884802Z DEBUG node{moniker=app-0}:node{moniker=app-0}: 🦄 Block at height 36 contains 0 transactions
2025-08-25T09:38:15.885721Z DEBUG node{moniker=app-0}:node{moniker=app-0}: 💡 New block added at height 36 with hash: 0xd2d3fe062a2c0ffd1c7628221ddc2ac166d9dfd7cebacd64ed91112ddf86e4c8
2025-08-25T09:38:15.885726Z DEBUG node{moniker=app-0}:node{moniker=app-0}: 🟠 set_latest_forkchoice_state: 0xd2d3fe062a2c0ffd1c7628221ddc2ac166d9dfd7cebacd64ed91112ddf86e4c8
2025-08-25T09:38:15.886157Z DEBUG node{moniker=app-0}:node{moniker=app-0}: ➡️ payload_status: PayloadStatus { status: Valid, latest_valid_hash: Some(0xd2d3fe062a2c0ffd1c7628221ddc2ac166d9dfd7cebacd64ed91112ddf86e4c8) }
2025-08-25T09:38:15.886163Z DEBUG node{moniker=app-0}:node{moniker=app-0}: 🚀 Forkchoice updated to height 36 for block hash=0xd2d3fe062a2c0ffd1c7628221ddc2ac166d9dfd7cebacd64ed91112ddf86e4c8 and latest_valid_hash=0xd2d3fe062a2c0ffd1c7628221ddc2ac166d9dfd7cebacd64ed91112ddf86e4c8
2025-08-25T09:38:15.886165Z  INFO node{moniker=app-0}:node{moniker=app-0}: Looking for certificate height=36 round=0
2025-08-25T09:38:15.888301Z  INFO node{moniker=app-0}:node{moniker=app-0}: Committed block_data[0..32]: f79011ed6ea862114b8c68d2f0d6f96440d379c5bdab8c6c6868813b69a57b18
2025-08-25T09:38:15.908365Z DEBUG node{moniker=app-0}:wal{height=37}: Reset WAL height=37
2025-08-25T09:38:15.908436Z DEBUG node{moniker=app-0}:consensus{height=37 round=0}: No WAL entries to replay height=37
2025-08-25T09:38:15.908476Z  INFO node{moniker=app-0}:consensus{height=37 round=0}: Starting new height height=37
2025-08-25T09:38:15.908485Z  INFO node{moniker=app-0}:consensus{height=37 round=0}: Starting new round height=37 round=0 proposer=DE7BA2BE72D2225286133990FF5810B691A5261C role=None
2025-08-25T09:38:15.908518Z DEBUG node{moniker=app-0}:sync{height.tip=35 height.sync=36}: Starting new height height.tip=36 height.sync=37 restart=false
2025-08-25T09:38:15.908525Z DEBUG node{moniker=app-0}:sync{height.tip=35 height.sync=36}: No peer to request sync from height.sync=37
2025-08-25T09:38:15.914433Z DEBUG node{moniker=app-0}:wal{height=37}: Flushed WAL to disk wal.entries=0 wal.size=12
2025-08-25T09:38:15.914557Z DEBUG node{moniker=app-0}:node{moniker=app-0}: metis-test:consensus-chan recv!!! msg:StartedRound { height: Height(37), round: Some(0), proposer: Address(DE7BA2BE72D2225286133990FF5810B691A5261C), role: None, reply_value: Sender { inner: Some(Inner { state: State { is_complete: false, is_closed: false, is_rx_task_set: false, is_tx_task_set: false } }) } }
2025-08-25T09:38:15.914599Z  INFO node{moniker=app-0}:node{moniker=app-0}: 🟢🟢 Started round height=37 round=0 proposer=DE7BA2BE72D2225286133990FF5810B691A5261C role=None
2025-08-25T09:38:15.914617Z ERROR node{moniker=app-0}:consensus{height=37 round=0}: Error when processing effect: Messaging(RecvErr)
2025-08-25T09:38:15.914638Z DEBUG node{moniker=app-0}:consensus{height=37 round=0}: Transitioned to new step step.previous=Unstarted step.new=Propose
2025-08-25T09:38:15.914644Z  INFO node{moniker=app-0}:consensus{height=37 round=0}: Scheduling timeout round=0 step=Propose
2025-08-25T09:38:15.914653Z DEBUG node{moniker=app-0}:consensus{height=37 round=0}: Replaying inputs count=0
2025-08-25T09:38:15.927690Z DEBUG node{moniker=app-0}:node{moniker=app-0}: metis-test:consensus-chan recv!!! msg:ReceivedProposalPart { from: PeerId("12D3KooWEFmACkQS9HNWY86xGVM3LS7fRpQ8saTb5VdfdYCzuUvE"), part: StreamMessage { stream_id: StreamId(b"\0\0\0\0\0\0\0%\0\0\0\0\0\0\0\x0c"), sequence: 0, content: Data(Init(ProposalInit { height: Height(37), round: Some(0), proposer: Address(DE7BA2BE72D2225286133990FF5810B691A5261C) })) }, reply: Sender { inner: Some(Inner { state: State { is_complete: false, is_closed: false, is_rx_task_set: true, is_tx_task_set: false } }) } }
2025-08-25T09:38:15.927734Z  INFO node{moniker=app-0}:node{moniker=app-0}: Received proposal part from=12D3KooWEFmACkQS9HNWY86xGVM3LS7fRpQ8saTb5VdfdYCzuUvE part.sequence=0 part.type=init part.size=28
2025-08-25T09:38:15.929792Z DEBUG node{moniker=app-0}:node{moniker=app-0}: metis-test:consensus-chan recv!!! msg:ReceivedProposalPart { from: PeerId("12D3KooWEFmACkQS9HNWY86xGVM3LS7fRpQ8saTb5VdfdYCzuUvE"), part: StreamMessage { stream_id: StreamId(b"\0\0\0\0\0\0\0%\0\0\0\0\0\0\0\x0c"), sequence: 1, content: Data(Data(ProposalData { bytes: "<...>", len: 545 })) }, reply: Sender { inner: Some(Inner { state: State { is_complete: false, is_closed: false, is_rx_task_set: true, is_tx_task_set: false } }) } }
2025-08-25T09:38:15.929813Z  INFO node{moniker=app-0}:node{moniker=app-0}: Received proposal part from=12D3KooWEFmACkQS9HNWY86xGVM3LS7fRpQ8saTb5VdfdYCzuUvE part.sequence=1 part.type=data part.size=551
2025-08-25T09:38:15.929831Z DEBUG node{moniker=app-0}:node{moniker=app-0}: metis-test:consensus-chan recv!!! msg:ReceivedProposalPart { from: PeerId("12D3KooWEFmACkQS9HNWY86xGVM3LS7fRpQ8saTb5VdfdYCzuUvE"), part: StreamMessage { stream_id: StreamId(b"\0\0\0\0\0\0\0%\0\0\0\0\0\0\0\x0c"), sequence: 2, content: Data(Fin(ProposalFin { signature: Signature(Signature { R_bytes: "9c97dc9761794a5c5d8e383fa617e59d66a0b40d486d7ef7c1d81953f518ba26", s_bytes: "fd573147e694982801bbce2a1fb2f7784b68820b372327975f2e9102bb60f503" }) })) }, reply: Sender { inner: Some(Inner { state: State { is_complete: false, is_closed: false, is_rx_task_set: true, is_tx_task_set: false } }) } }
2025-08-25T09:38:15.929843Z  INFO node{moniker=app-0}:node{moniker=app-0}: Received proposal part from=12D3KooWEFmACkQS9HNWY86xGVM3LS7fRpQ8saTb5VdfdYCzuUvE part.sequence=2 part.type=fin part.size=70
2025-08-25T09:38:15.929853Z DEBUG node{moniker=app-0}:node{moniker=app-0}: metis-test:consensus-chan recv!!! msg:ReceivedProposalPart { from: PeerId("12D3KooWEFmACkQS9HNWY86xGVM3LS7fRpQ8saTb5VdfdYCzuUvE"), part: StreamMessage { stream_id: StreamId(b"\0\0\0\0\0\0\0%\0\0\0\0\0\0\0\x0c"), sequence: 3, content: Fin }, reply: Sender { inner: Some(Inner { state: State { is_complete: false, is_closed: false, is_rx_task_set: true, is_tx_task_set: false } }) } }
2025-08-25T09:38:15.929860Z  INFO node{moniker=app-0}:node{moniker=app-0}: Received proposal part from=12D3KooWEFmACkQS9HNWY86xGVM3LS7fRpQ8saTb5VdfdYCzuUvE part.sequence=3 part.type=end of stream part.size=0
2025-08-25T09:38:15.930554Z  INFO node{moniker=app-0}:node{moniker=app-0}: Proposal data[0..32]: d2d3fe062a2c0ffd1c7628221ddc2ac166d9dfd7cebacd64ed91112ddf86e4c8, total_size: 545 bytes, id: cf99d13c6a09e652
2025-08-25T09:38:15.936774Z  INFO node{moniker=app-0}:consensus{height=37 round=0}: Received vote height=37 vote_height=37 address=DE7BA2BE72D2225286133990FF5810B691A5261C Prevote(height: 37, round: 0, value: cf99d13c6a09e652, from: DE7BA2BE72D2225286133990FF5810B691A5261C)
2025-08-25T09:38:15.942123Z DEBUG node{moniker=app-0}:wal{height=37}: Wrote log entry type=Consensus(Vote) entry.size=118 
2025-08-25T09:38:15.943248Z  INFO node{moniker=app-0}:consensus{height=37 round=0}: Received proposal consensus.height=37 proposal.height=37 proposal.round=0 proposer=DE7BA2BE72D2225286133990FF5810B691A5261C Proposal(height: 37, round: 0, pol_round: -1, value: cf99d13c6a09e652, from: DE7BA2BE72D2225286133990FF5810B691A5261C)
2025-08-25T09:38:15.943831Z DEBUG node{moniker=app-0}:node{moniker=app-0}: ✅ Received complete proposal: ProposedValue { height: Height(37), round: Some(0), valid_round: Nil, proposer: Address(DE7BA2BE72D2225286133990FF5810B691A5261C), value: Value { value: 14959217694695089746, extensions: b"\xd2\xd3\xfe\x06*,\x0f\xfd\x1cv(\"\x1d\xdc*\xc1f\xd9\xdf\xd7\xce\xba\xcdd\xed\x91\x11-\xdf\x86\xe4\xc8********************\xec&\xdf\x94B\xc5\xd4\xa0\xa0\xccSH\xc9`\x11[C\xda\x08\xc7\xae\xf6\xbeNL\xcc_\x13l\xa8\x92\xa6V\xe8\x1f\x17\x1b\xccU\xa6\xff\x83E\xe6\x92\xc0\xf8n[H\xe0\x1b\x99l\xad\xc0\x01b/\xb5\xe3c\xb4!\0\0\0\0\0\0\0\0\0\0\0\0\0\0\0\0\0\0\0\0\0\0\0\0\0\0\0\0\0\0\0\0\0\0\0\0\0\0\0\0\0\0\0\0\0\0\0\0\0\0\0\0\0\0\0\0\0\0\0\0\0\0\0\0\0\0\0\0\0\0\0\0\0\0\0\0\0\0\0\0\0\0\0\0\0\0\0\0\0\0\0\0\0\0\0\0\0\0\0\0\0\0\0\0\0\0\0\0\0\0\0\0\0\0\0\0\0\0\0\0\0\0\0\0\0\0\0\0\0\0\0\0\0\0\0\0\0\0\0\0\0\0\0\0\0\0\0\0\0\0\0\0\0\0\0\0\0\0\0\0\0\0\0\0\0\0\0\0\0\0\0\0\0\0\0\0\0\0\0\0\0\0\0\0\0\0\0\0\0\0\0\0\0\0\0\0\0\0\0\0\0\0\0\0\0\0\0\0\0\0\0\0\0\0\0\0\0\0\0\0\0\0\0\0\0\0\0\0\0\0\0\0\0\0\0\0\0\0\0\0\0\0\0\0\0\0\0\0\0\0\0\0\0\0\0\0\0\0\0\0\0\0\0\0\0\0\0\0\0\0\0\0\0\0\0\0\0\0\0\0\0\0\0\0\0\0\0\0%\0\0\0\0\0\0\0\xdf\x98\xda\x01\0\0\0\0\0\0\0\0\0\0\0\0(/\xach\0\0\0\0\x10\x02\0\0.\x19m\0\0\0\0\0\0\0\0\0\0\0\0\0\0\0\0\0\0\0\0\0\0\0\0\0\0\0\0\0\xca\x0f\xa3\x0e\xbfel'4\x9fg8\x876\xec^FV\xdcS\x96\xc7\xba\xd1\xdap\x99\xb6\xfe\xe5,!!\x02\0\0!\x02\0\0\0\0\0\0\0\0\0\0\0\0\0\0\0\0\0\0reth/v1.4.1/linux" }, validity: Valid }
2025-08-25T09:38:15.943880Z DEBUG node{moniker=app-0}:wal{height=37}: Wrote log entry type=Consensus(Proposal) entry.size=668 
2025-08-25T09:38:15.943926Z DEBUG node{moniker=app-0}:consensus{height=37 round=0}: No full proposal for this round yet, stored proposal for later proposal.height=37 proposal.round=0
2025-08-25T09:38:15.943966Z DEBUG node{moniker=app-0}:consensus{height=37 round=0}: We have a full proposal for this round, checking... proposal.height=37 proposal.round=0
2025-08-25T09:38:15.943987Z DEBUG node{moniker=app-0}:consensus{height=37 round=0}: Transitioned to new step step.previous=Propose step.new=Prevote
2025-08-25T09:38:15.948986Z  INFO node{moniker=app-0}:consensus{height=37 round=0}: Received vote height=37 vote_height=37 address=02CB1B49DA09615BD4A12212C39378556D990DFD Precommit(height: 37, round: 0, value: cf99d13c6a09e652, from: 02CB1B49DA09615BD4A12212C39378556D990DFD)
2025-08-25T09:38:15.951472Z DEBUG node{moniker=app-0}:wal{height=37}: Wrote log entry type=Consensus(Vote) entry.size=120 
2025-08-25T09:38:15.952301Z  INFO node{moniker=app-0}:consensus{height=37 round=0}: Received vote height=37 vote_height=37 address=02CB1B49DA09615BD4A12212C39378556D990DFD Prevote(height: 37, round: 0, value: cf99d13c6a09e652, from: 02CB1B49DA09615BD4A12212C39378556D990DFD)
2025-08-25T09:38:15.952445Z DEBUG node{moniker=app-0}:wal{height=37}: Wrote log entry type=Consensus(Vote) entry.size=118 
2025-08-25T09:38:15.952510Z DEBUG node{moniker=app-0}:consensus{height=37 round=0}: Transitioned to new step step.previous=Prevote step.new=Precommit
2025-08-25T09:38:15.960608Z  INFO node{moniker=app-0}:consensus{height=37 round=0}: Received vote height=37 vote_height=37 address=DE7BA2BE72D2225286133990FF5810B691A5261C Precommit(height: 37, round: 0, value: cf99d13c6a09e652, from: DE7BA2BE72D2225286133990FF5810B691A5261C)
2025-08-25T09:38:15.960941Z DEBUG node{moniker=app-0}:wal{height=37}: Wrote log entry type=Consensus(Vote) entry.size=120 
2025-08-25T09:38:15.961002Z DEBUG node{moniker=app-0}:consensus{height=37 round=0}: Transitioned to new step step.previous=Precommit step.new=Commit
2025-08-25T09:38:15.961010Z  INFO node{moniker=app-0}:consensus{height=37 round=0}: Decided round=0 height=37 value=cf99d13c6a09e652
2025-08-25T09:38:15.965050Z DEBUG node{moniker=app-0}:wal{height=37}: Flushed WAL to disk wal.entries=5 wal.size=1221
2025-08-25T09:38:15.965328Z DEBUG node{moniker=app-0}:sync{height.tip=36 height.sync=37}: Updating request state height.tip=37
2025-08-25T09:38:15.965356Z DEBUG node{moniker=app-0}:node{moniker=app-0}: metis-test:consensus-chan recv!!! msg:Decided { certificate: CommitCertificate { height: Height(37), round: Some(0), value_id: ValueId(14959217694695089746), commit_signatures: [CommitSignature { address: Address(02CB1B49DA09615BD4A12212C39378556D990DFD), signature: Signature(Signature { R_bytes: "f9761e5ef3fe60af4b17e98cf3019dcae62fc6058c1fdf4d5ddcdd72e5498d15", s_bytes: "387a8b537a03a2d2602f0a0d9b6e9e3200a9a03f188e4197f52a6cbc361b4c06" }) }, CommitSignature { address: Address(DE7BA2BE72D2225286133990FF5810B691A5261C), signature: Signature(Signature { R_bytes: "866453ed818fce36f7a97bcbbb29f5081b4564e021fd99999e4811e06a23f13c", s_bytes: "5f9624029dab2926dd0a35200b8159270dd3b39852cc2c3daa6f9fc150885202" }) }] }, extensions: VoteExtensions { extensions: [] }, reply: Sender { inner: Some(Inner { state: State { is_complete: false, is_closed: false, is_rx_task_set: true, is_tx_task_set: false } }) } }
2025-08-25T09:38:15.965390Z  INFO node{moniker=app-0}:node{moniker=app-0}: 🟢🟢 Consensus has decided on value height=37 round=0 value=cf99d13c6a09e652
2025-08-25T09:38:15.965874Z DEBUG node{moniker=app-0}:node{moniker=app-0}: 🎁 block size: 545, height: 37
2025-08-25T09:38:15.965892Z  INFO node{moniker=app-0}:node{moniker=app-0}: 👉 stats at height 37: #txs=0, txs/s=0.00, chain_bytes=20165, bytes/s=2277.71
2025-08-25T09:38:15.965900Z DEBUG node{moniker=app-0}:node{moniker=app-0}: 🦄 Block at height 37 contains 0 transactions
2025-08-25T09:38:15.966509Z DEBUG node{moniker=app-0}:node{moniker=app-0}: 💡 New block added at height 37 with hash: 0xca0fa30ebf656c27349f67388736ec5e4656dc5396c7bad1da7099b6fee52c21
2025-08-25T09:38:15.966515Z DEBUG node{moniker=app-0}:node{moniker=app-0}: 🟠 set_latest_forkchoice_state: 0xca0fa30ebf656c27349f67388736ec5e4656dc5396c7bad1da7099b6fee52c21
2025-08-25T09:38:15.966882Z DEBUG node{moniker=app-0}:node{moniker=app-0}: ➡️ payload_status: PayloadStatus { status: Valid, latest_valid_hash: Some(0xca0fa30ebf656c27349f67388736ec5e4656dc5396c7bad1da7099b6fee52c21) }
2025-08-25T09:38:15.966886Z DEBUG node{moniker=app-0}:node{moniker=app-0}: 🚀 Forkchoice updated to height 37 for block hash=0xca0fa30ebf656c27349f67388736ec5e4656dc5396c7bad1da7099b6fee52c21 and latest_valid_hash=0xca0fa30ebf656c27349f67388736ec5e4656dc5396c7bad1da7099b6fee52c21
2025-08-25T09:38:15.966889Z  INFO node{moniker=app-0}:node{moniker=app-0}: Looking for certificate height=37 round=0
2025-08-25T09:38:15.971559Z  INFO node{moniker=app-0}:node{moniker=app-0}: Committed block_data[0..32]: d2d3fe062a2c0ffd1c7628221ddc2ac166d9dfd7cebacd64ed91112ddf86e4c8
2025-08-25T09:38:15.993570Z DEBUG node{moniker=app-0}:wal{height=38}: Reset WAL height=38
2025-08-25T09:38:15.993714Z DEBUG node{moniker=app-0}:consensus{height=38 round=0}: No WAL entries to replay height=38
2025-08-25T09:38:15.993744Z  INFO node{moniker=app-0}:consensus{height=38 round=0}: Starting new height height=38
2025-08-25T09:38:15.993749Z  INFO node{moniker=app-0}:consensus{height=38 round=0}: Starting new round height=38 round=0 proposer=815F9FA61D7C4F1E4A9E30D40DCA1115BB48F759 role=Proposer
2025-08-25T09:38:15.993772Z DEBUG node{moniker=app-0}:sync{height.tip=36 height.sync=37}: Starting new height height.tip=37 height.sync=38 restart=false
2025-08-25T09:38:15.993777Z DEBUG node{moniker=app-0}:sync{height.tip=36 height.sync=37}: No peer to request sync from height.sync=38
2025-08-25T09:38:15.996729Z DEBUG node{moniker=app-0}:wal{height=38}: Flushed WAL to disk wal.entries=0 wal.size=12
2025-08-25T09:38:15.996924Z DEBUG node{moniker=app-0}:node{moniker=app-0}: metis-test:consensus-chan recv!!! msg:StartedRound { height: Height(38), round: Some(0), proposer: Address(815F9FA61D7C4F1E4A9E30D40DCA1115BB48F759), role: Proposer, reply_value: Sender { inner: Some(Inner { state: State { is_complete: false, is_closed: false, is_rx_task_set: false, is_tx_task_set: false } }) } }
2025-08-25T09:38:15.996938Z  INFO node{moniker=app-0}:node{moniker=app-0}: 🟢🟢 Started round height=38 round=0 proposer=815F9FA61D7C4F1E4A9E30D40DCA1115BB48F759 role=Proposer
2025-08-25T09:38:15.996954Z ERROR node{moniker=app-0}:consensus{height=38 round=0}: Error when processing effect: Messaging(RecvErr)
2025-08-25T09:38:15.996975Z DEBUG node{moniker=app-0}:consensus{height=38 round=0}: Transitioned to new step step.previous=Unstarted step.new=Propose
2025-08-25T09:38:15.996981Z  INFO node{moniker=app-0}:consensus{height=38 round=0}: Scheduling timeout round=0 step=Propose
2025-08-25T09:38:15.996988Z  INFO node{moniker=app-0}:consensus{height=38 round=0}: Requesting value from application height=38 round=0
2025-08-25T09:38:15.996998Z DEBUG node{moniker=app-0}:consensus{height=38 round=0}: Replaying inputs count=0
2025-08-25T09:38:15.997025Z DEBUG node{moniker=app-0}:node{moniker=app-0}: metis-test:consensus-chan recv!!! msg:GetValue { height: Height(38), round: Some(0), timeout: 3s, reply: Sender { inner: Some(Inner { state: State { is_complete: false, is_closed: false, is_rx_task_set: true, is_tx_task_set: false } }) } }
2025-08-25T09:38:15.997032Z  INFO node{moniker=app-0}:node{moniker=app-0}: 🟢🟢 Consensus is requesting a value to propose height=38 round=0
2025-08-25T09:38:15.997035Z DEBUG node{moniker=app-0}:node{moniker=app-0}: 🟠 generate_block on top of ExecutionBlock { block_hash: 0xca0fa30ebf656c27349f67388736ec5e4656dc5396c7bad1da7099b6fee52c21, block_number: 37, parent_hash: 0xca0fa30ebf656c27349f67388736ec5e4656dc5396c7bad1da7099b6fee52c21, timestamp: 1756114728, prev_randao: 0x0000000000000000000000000000000000000000000000000000000000000000 }
2025-08-25T09:38:16.001243Z DEBUG node{moniker=app-0}:node{moniker=app-0}: 🌈 Got execution payload: ExecutionPayloadV3 { payload_inner: ExecutionPayloadV2 { payload_inner: ExecutionPayloadV1 { parent_hash: 0xca0fa30ebf656c27349f67388736ec5e4656dc5396c7bad1da7099b6fee52c21, fee_recipient: 0x2a2a2a2a2a2a2a2a2a2a2a2a2a2a2a2a2a2a2a2a, state_root: 0xec26df9442c5d4a0a0cc5348c960115b43da08c7aef6be4e4ccc5f136ca892a6, receipts_root: 0x56e81f171bcc55a6ff8345e692c0f86e5b48e01b996cadc001622fb5e363b421, logs_bloom: 0x00000000000000000000000000000000000000000000000000000000000000000000000000000000000000000000000000000000000000000000000000000000000000000000000000000000000000000000000000000000000000000000000000000000000000000000000000000000000000000000000000000000000000000000000000000000000000000000000000000000000000000000000000000000000000000000000000000000000000000000000000000000000000000000000000000000000000000000000000000000000000000000000000000000000000000000000000000000000000000000000000000000000000000000000000000000, prev_randao: 0x0000000000000000000000000000000000000000000000000000000000000000, block_number: 38, gas_limit: 31133572, gas_used: 0, timestamp: 1756114729, extra_data: 0x726574682f76312e342e312f6c696e7578, base_fee_per_gas: 6256137, block_hash: 0xbde33a83d6ac924422fe5f265ac2ce7d18e8fafd1ea0d421c0211993b1b13ab0, transactions: [] }, withdrawals: [] }, blob_gas_used: 0, excess_blob_gas: 0 }
2025-08-25T09:38:16.001262Z DEBUG node{moniker=app-0}:node{moniker=app-0}: 🎁 block size: 545, height: 38
2025-08-25T09:38:16.006201Z  INFO node{moniker=app-0}:node{moniker=app-0}: Streaming proposal part: StreamMessage { stream_id: StreamId(b"\0\0\0\0\0\0\0&\0\0\0\0\0\0\0\x0c"), sequence: 0, content: Data(Init(ProposalInit { height: Height(38), round: Some(0), proposer: Address(815F9FA61D7C4F1E4A9E30D40DCA1115BB48F759) })) } height=38 round=0
2025-08-25T09:38:16.006220Z  INFO node{moniker=app-0}:node{moniker=app-0}: Streaming proposal part: StreamMessage { stream_id: StreamId(b"\0\0\0\0\0\0\0&\0\0\0\0\0\0\0\x0c"), sequence: 1, content: Data(Data(ProposalData { bytes: "<...>", len: 545 })) } height=38 round=0
2025-08-25T09:38:16.006244Z  INFO node{moniker=app-0}:node{moniker=app-0}: Streaming proposal part: StreamMessage { stream_id: StreamId(b"\0\0\0\0\0\0\0&\0\0\0\0\0\0\0\x0c"), sequence: 2, content: Data(Fin(ProposalFin { signature: Signature(Signature { R_bytes: "e5b52cbe267581d2b86c4427c7b0c29f2af748de5500abda93b1f9da6de20272", s_bytes: "6ee6186b50d266cbc6181c9c1a5d4bb36834287f0090b4845963cfbd95484f09" }) })) } height=38 round=0
2025-08-25T09:38:16.006395Z DEBUG node{moniker=app-0}:network: Published message channel=/proposal_parts size=48
2025-08-25T09:38:16.006430Z  INFO node{moniker=app-0}:node{moniker=app-0}: Streaming proposal part: StreamMessage { stream_id: StreamId(b"\0\0\0\0\0\0\0&\0\0\0\0\0\0\0\x0c"), sequence: 3, content: Fin } height=38 round=0
2025-08-25T09:38:16.006505Z DEBUG node{moniker=app-0}:wal{height=38}: Wrote log entry type=LocallyProposedValue entry.size=598 
2025-08-25T09:38:16.006678Z DEBUG node{moniker=app-0}:network: Published message channel=/proposal_parts size=574
2025-08-25T09:38:16.006747Z DEBUG node{moniker=app-0}:node{moniker=app-0}: ✅ Proposal sent height=38 round=0
2025-08-25T09:38:16.006854Z DEBUG node{moniker=app-0}:network: Published message channel=/proposal_parts size=92
2025-08-25T09:38:16.006989Z DEBUG node{moniker=app-0}:network: Published message channel=/proposal_parts size=22
2025-08-25T09:38:16.007010Z  INFO node{moniker=app-0}:consensus{height=38 round=0}: Proposing value id=750c71ff21813899 round=0
2025-08-25T09:38:16.007206Z  INFO node{moniker=app-0}:consensus{height=38 round=0}: Received proposal consensus.height=38 proposal.height=38 proposal.round=0 proposer=815F9FA61D7C4F1E4A9E30D40DCA1115BB48F759 Proposal(height: 38, round: 0, pol_round: -1, value: 750c71ff21813899, from: 815F9FA61D7C4F1E4A9E30D40DCA1115BB48F759)
2025-08-25T09:38:16.007458Z DEBUG node{moniker=app-0}:wal{height=38}: Wrote log entry type=Consensus(Proposal) entry.size=667 
2025-08-25T09:38:16.007592Z DEBUG node{moniker=app-0}:consensus{height=38 round=0}: Transitioned to new step step.previous=Propose step.new=Prevote
2025-08-25T09:38:16.007601Z  INFO node{moniker=app-0}:consensus{height=38 round=0}: Voting vote_type=Prevote value=750c71ff21813899 round=0
2025-08-25T09:38:16.007841Z  INFO node{moniker=app-0}:consensus{height=38 round=0}: Received vote height=38 vote_height=38 address=815F9FA61D7C4F1E4A9E30D40DCA1115BB48F759 Prevote(height: 38, round: 0, value: 750c71ff21813899, from: 815F9FA61D7C4F1E4A9E30D40DCA1115BB48F759)
2025-08-25T09:38:16.007939Z DEBUG node{moniker=app-0}:wal{height=38}: Wrote log entry type=Consensus(Vote) entry.size=117 
2025-08-25T09:38:16.011399Z DEBUG node{moniker=app-0}:wal{height=38}: Flushed WAL to disk wal.entries=3 wal.size=1433
2025-08-25T09:38:16.011576Z DEBUG node{moniker=app-0}:network: Published message channel=/consensus size=108
2025-08-25T09:38:16.014475Z DEBUG node{moniker=app-0}:wal{height=38}: Flushed WAL to disk wal.entries=3 wal.size=1433
2025-08-25T09:38:16.015088Z DEBUG node{moniker=app-0}:network: Published message channel=/consensus size=658
2025-08-25T09:38:16.026631Z  INFO node{moniker=app-0}:consensus{height=38 round=0}: Received vote height=38 vote_height=38 address=02CB1B49DA09615BD4A12212C39378556D990DFD Precommit(height: 38, round: 0, value: 750c71ff21813899, from: 02CB1B49DA09615BD4A12212C39378556D990DFD)
2025-08-25T09:38:16.028568Z DEBUG node{moniker=app-0}:wal{height=38}: Wrote log entry type=Consensus(Vote) entry.size=119 
2025-08-25T09:38:16.030003Z  INFO node{moniker=app-0}:consensus{height=38 round=0}: Received vote height=38 vote_height=38 address=02CB1B49DA09615BD4A12212C39378556D990DFD Prevote(height: 38, round: 0, value: 750c71ff21813899, from: 02CB1B49DA09615BD4A12212C39378556D990DFD)
2025-08-25T09:38:16.030255Z DEBUG node{moniker=app-0}:wal{height=38}: Wrote log entry type=Consensus(Vote) entry.size=117 
2025-08-25T09:38:16.030293Z DEBUG node{moniker=app-0}:consensus{height=38 round=0}: Transitioned to new step step.previous=Prevote step.new=Precommit
2025-08-25T09:38:16.030300Z  INFO node{moniker=app-0}:consensus{height=38 round=0}: Voting vote_type=Precommit value=750c71ff21813899 round=0
2025-08-25T09:38:16.030319Z DEBUG node{moniker=app-0}:node{moniker=app-0}: metis-test:consensus-chan recv!!! msg:ExtendVote { height: Height(38), round: Some(0), value_id: ValueId(8434241542750812313), reply: Sender { inner: Some(Inner { state: State { is_complete: false, is_closed: false, is_rx_task_set: true, is_tx_task_set: false } }) } }
2025-08-25T09:38:16.030482Z  INFO node{moniker=app-0}:consensus{height=38 round=0}: Received vote height=38 vote_height=38 address=815F9FA61D7C4F1E4A9E30D40DCA1115BB48F759 Precommit(height: 38, round: 0, value: 750c71ff21813899, from: 815F9FA61D7C4F1E4A9E30D40DCA1115BB48F759)
2025-08-25T09:38:16.030535Z DEBUG node{moniker=app-0}:wal{height=38}: Wrote log entry type=Consensus(Vote) entry.size=119 
2025-08-25T09:38:16.030560Z DEBUG node{moniker=app-0}:consensus{height=38 round=0}: Transitioned to new step step.previous=Precommit step.new=Commit
2025-08-25T09:38:16.030567Z  INFO node{moniker=app-0}:consensus{height=38 round=0}: Decided round=0 height=38 value=750c71ff21813899
2025-08-25T09:38:16.033270Z DEBUG node{moniker=app-0}:wal{height=38}: Flushed WAL to disk wal.entries=6 wal.size=1827
2025-08-25T09:38:16.033381Z DEBUG node{moniker=app-0}:sync{height.tip=37 height.sync=38}: Updating request state height.tip=38
2025-08-25T09:38:16.033411Z DEBUG node{moniker=app-0}:node{moniker=app-0}: metis-test:consensus-chan recv!!! msg:Decided { certificate: CommitCertificate { height: Height(38), round: Some(0), value_id: ValueId(8434241542750812313), commit_signatures: [CommitSignature { address: Address(02CB1B49DA09615BD4A12212C39378556D990DFD), signature: Signature(Signature { R_bytes: "d7e4526c104b542b52dc40070abc36c9c17a5e3a8fd8a8c3261ace73ced67244", s_bytes: "bb19c71c0f3e9b3bdcf99c62ed69eb3ab45f60430652b9a02b9327b1b6302c06" }) }, CommitSignature { address: Address(815F9FA61D7C4F1E4A9E30D40DCA1115BB48F759), signature: Signature(Signature { R_bytes: "b3451016c0f5e1fad00263cd0a8341bdf779e6c2d4ca4647b20317f1a851ebea", s_bytes: "a80cdf9fcc4918da6da63c7b812f2280929c780fcf26f112e15f80464455c806" }) }] }, extensions: VoteExtensions { extensions: [] }, reply: Sender { inner: Some(Inner { state: State { is_complete: false, is_closed: false, is_rx_task_set: true, is_tx_task_set: false } }) } }
2025-08-25T09:38:16.033432Z  INFO node{moniker=app-0}:node{moniker=app-0}: 🟢🟢 Consensus has decided on value height=38 round=0 value=750c71ff21813899
2025-08-25T09:38:16.033810Z DEBUG node{moniker=app-0}:node{moniker=app-0}: 🎁 block size: 545, height: 38
2025-08-25T09:38:16.033822Z  INFO node{moniker=app-0}:node{moniker=app-0}: 👉 stats at height 38: #txs=0, txs/s=0.00, chain_bytes=20710, bytes/s=2321.46
2025-08-25T09:38:16.033826Z DEBUG node{moniker=app-0}:node{moniker=app-0}: 🦄 Block at height 38 contains 0 transactions
2025-08-25T09:38:16.035459Z DEBUG node{moniker=app-0}:node{moniker=app-0}: 💡 New block added at height 38 with hash: 0xbde33a83d6ac924422fe5f265ac2ce7d18e8fafd1ea0d421c0211993b1b13ab0
2025-08-25T09:38:16.035465Z DEBUG node{moniker=app-0}:node{moniker=app-0}: 🟠 set_latest_forkchoice_state: 0xbde33a83d6ac924422fe5f265ac2ce7d18e8fafd1ea0d421c0211993b1b13ab0
2025-08-25T09:38:16.036018Z DEBUG node{moniker=app-0}:node{moniker=app-0}: ➡️ payload_status: PayloadStatus { status: Valid, latest_valid_hash: Some(0xbde33a83d6ac924422fe5f265ac2ce7d18e8fafd1ea0d421c0211993b1b13ab0) }
2025-08-25T09:38:16.036023Z DEBUG node{moniker=app-0}:node{moniker=app-0}: 🚀 Forkchoice updated to height 38 for block hash=0xbde33a83d6ac924422fe5f265ac2ce7d18e8fafd1ea0d421c0211993b1b13ab0 and latest_valid_hash=0xbde33a83d6ac924422fe5f265ac2ce7d18e8fafd1ea0d421c0211993b1b13ab0
2025-08-25T09:38:16.036026Z  INFO node{moniker=app-0}:node{moniker=app-0}: Looking for certificate height=38 round=0
2025-08-25T09:38:16.036264Z DEBUG node{moniker=app-0}:wal{height=38}: Flushed WAL to disk wal.entries=6 wal.size=1827
2025-08-25T09:38:16.036586Z DEBUG node{moniker=app-0}:network: Published message channel=/consensus size=110
2025-08-25T09:38:16.038377Z  INFO node{moniker=app-0}:node{moniker=app-0}: Committed block_data[0..32]: ca0fa30ebf656c27349f67388736ec5e4656dc5396c7bad1da7099b6fee52c21
2025-08-25T09:38:16.058591Z DEBUG node{moniker=app-0}:wal{height=39}: Reset WAL height=39
2025-08-25T09:38:16.058638Z DEBUG node{moniker=app-0}:consensus{height=39 round=0}: No WAL entries to replay height=39
2025-08-25T09:38:16.058669Z  INFO node{moniker=app-0}:consensus{height=39 round=0}: Starting new height height=39
2025-08-25T09:38:16.058676Z  INFO node{moniker=app-0}:consensus{height=39 round=0}: Starting new round height=39 round=0 proposer=815F9FA61D7C4F1E4A9E30D40DCA1115BB48F759 role=Proposer
2025-08-25T09:38:16.058699Z DEBUG node{moniker=app-0}:sync{height.tip=37 height.sync=38}: Starting new height height.tip=38 height.sync=39 restart=false
2025-08-25T09:38:16.058706Z DEBUG node{moniker=app-0}:sync{height.tip=37 height.sync=38}: No peer to request sync from height.sync=39
2025-08-25T09:38:16.061788Z DEBUG node{moniker=app-0}:wal{height=39}: Flushed WAL to disk wal.entries=0 wal.size=12
2025-08-25T09:38:16.061850Z DEBUG node{moniker=app-0}:node{moniker=app-0}: metis-test:consensus-chan recv!!! msg:StartedRound { height: Height(39), round: Some(0), proposer: Address(815F9FA61D7C4F1E4A9E30D40DCA1115BB48F759), role: Proposer, reply_value: Sender { inner: Some(Inner { state: State { is_complete: false, is_closed: false, is_rx_task_set: false, is_tx_task_set: false } }) } }
2025-08-25T09:38:16.061907Z  INFO node{moniker=app-0}:node{moniker=app-0}: 🟢🟢 Started round height=39 round=0 proposer=815F9FA61D7C4F1E4A9E30D40DCA1115BB48F759 role=Proposer
2025-08-25T09:38:16.061942Z ERROR node{moniker=app-0}:consensus{height=39 round=0}: Error when processing effect: Messaging(RecvErr)
2025-08-25T09:38:16.061962Z DEBUG node{moniker=app-0}:consensus{height=39 round=0}: Transitioned to new step step.previous=Unstarted step.new=Propose
2025-08-25T09:38:16.061968Z  INFO node{moniker=app-0}:consensus{height=39 round=0}: Scheduling timeout round=0 step=Propose
2025-08-25T09:38:16.061975Z  INFO node{moniker=app-0}:consensus{height=39 round=0}: Requesting value from application height=39 round=0
2025-08-25T09:38:16.061985Z DEBUG node{moniker=app-0}:consensus{height=39 round=0}: Replaying inputs count=0
2025-08-25T09:38:16.062009Z DEBUG node{moniker=app-0}:node{moniker=app-0}: metis-test:consensus-chan recv!!! msg:GetValue { height: Height(39), round: Some(0), timeout: 3s, reply: Sender { inner: Some(Inner { state: State { is_complete: false, is_closed: false, is_rx_task_set: true, is_tx_task_set: false } }) } }
2025-08-25T09:38:16.062016Z  INFO node{moniker=app-0}:node{moniker=app-0}: 🟢🟢 Consensus is requesting a value to propose height=39 round=0
2025-08-25T09:38:16.062020Z DEBUG node{moniker=app-0}:node{moniker=app-0}: 🟠 generate_block on top of ExecutionBlock { block_hash: 0xbde33a83d6ac924422fe5f265ac2ce7d18e8fafd1ea0d421c0211993b1b13ab0, block_number: 38, parent_hash: 0xbde33a83d6ac924422fe5f265ac2ce7d18e8fafd1ea0d421c0211993b1b13ab0, timestamp: 1756114729, prev_randao: 0x0000000000000000000000000000000000000000000000000000000000000000 }
2025-08-25T09:38:16.063394Z DEBUG node{moniker=app-0}:node{moniker=app-0}: 🌈 Got execution payload: ExecutionPayloadV3 { payload_inner: ExecutionPayloadV2 { payload_inner: ExecutionPayloadV1 { parent_hash: 0xbde33a83d6ac924422fe5f265ac2ce7d18e8fafd1ea0d421c0211993b1b13ab0, fee_recipient: 0x2a2a2a2a2a2a2a2a2a2a2a2a2a2a2a2a2a2a2a2a, state_root: 0xec26df9442c5d4a0a0cc5348c960115b43da08c7aef6be4e4ccc5f136ca892a6, receipts_root: 0x56e81f171bcc55a6ff8345e692c0f86e5b48e01b996cadc001622fb5e363b421, logs_bloom: 0x00000000000000000000000000000000000000000000000000000000000000000000000000000000000000000000000000000000000000000000000000000000000000000000000000000000000000000000000000000000000000000000000000000000000000000000000000000000000000000000000000000000000000000000000000000000000000000000000000000000000000000000000000000000000000000000000000000000000000000000000000000000000000000000000000000000000000000000000000000000000000000000000000000000000000000000000000000000000000000000000000000000000000000000000000000000, prev_randao: 0x0000000000000000000000000000000000000000000000000000000000000000, block_number: 39, gas_limit: 31163974, gas_used: 0, timestamp: 1756114730, extra_data: 0x726574682f76312e342e312f6c696e7578, base_fee_per_gas: 5474120, block_hash: 0x2344e80d39bfc3c388e59eb8bd0864b88a17a98a9475492ecf87a7430bdb8382, transactions: [] }, withdrawals: [] }, blob_gas_used: 0, excess_blob_gas: 0 }
2025-08-25T09:38:16.063405Z DEBUG node{moniker=app-0}:node{moniker=app-0}: 🎁 block size: 545, height: 39
2025-08-25T09:38:16.075532Z  INFO node{moniker=app-0}:node{moniker=app-0}: Streaming proposal part: StreamMessage { stream_id: StreamId(b"\0\0\0\0\0\0\0'\0\0\0\0\0\0\0\r"), sequence: 0, content: Data(Init(ProposalInit { height: Height(39), round: Some(0), proposer: Address(815F9FA61D7C4F1E4A9E30D40DCA1115BB48F759) })) } height=39 round=0
2025-08-25T09:38:16.075562Z  INFO node{moniker=app-0}:node{moniker=app-0}: Streaming proposal part: StreamMessage { stream_id: StreamId(b"\0\0\0\0\0\0\0'\0\0\0\0\0\0\0\r"), sequence: 1, content: Data(Data(ProposalData { bytes: "<...>", len: 545 })) } height=39 round=0
2025-08-25T09:38:16.075593Z  INFO node{moniker=app-0}:node{moniker=app-0}: Streaming proposal part: StreamMessage { stream_id: StreamId(b"\0\0\0\0\0\0\0'\0\0\0\0\0\0\0\r"), sequence: 2, content: Data(Fin(ProposalFin { signature: Signature(Signature { R_bytes: "18d6e31833bb12ff463380fac76bee392ca51aad9d497e1b30611e6dd9800cbf", s_bytes: "45174315be427ab57dc7bfc34a496b8b5ebd3ba2ee7c56117d926a90538ec800" }) })) } height=39 round=0
2025-08-25T09:38:16.075769Z DEBUG node{moniker=app-0}:network: Published message channel=/proposal_parts size=48
2025-08-25T09:38:16.075801Z  INFO node{moniker=app-0}:node{moniker=app-0}: Streaming proposal part: StreamMessage { stream_id: StreamId(b"\0\0\0\0\0\0\0'\0\0\0\0\0\0\0\r"), sequence: 3, content: Fin } height=39 round=0
2025-08-25T09:38:16.075874Z DEBUG node{moniker=app-0}:wal{height=39}: Wrote log entry type=LocallyProposedValue entry.size=599 
2025-08-25T09:38:16.076071Z DEBUG node{moniker=app-0}:network: Published message channel=/proposal_parts size=574
2025-08-25T09:38:16.076142Z DEBUG node{moniker=app-0}:node{moniker=app-0}: ✅ Proposal sent height=39 round=0
2025-08-25T09:38:16.076251Z DEBUG node{moniker=app-0}:network: Published message channel=/proposal_parts size=92
2025-08-25T09:38:16.076390Z DEBUG node{moniker=app-0}:network: Published message channel=/proposal_parts size=22
2025-08-25T09:38:16.076414Z  INFO node{moniker=app-0}:consensus{height=39 round=0}: Proposing value id=c8b1ae6f0eaaa626 round=0
2025-08-25T09:38:16.076609Z  INFO node{moniker=app-0}:consensus{height=39 round=0}: Received proposal consensus.height=39 proposal.height=39 proposal.round=0 proposer=815F9FA61D7C4F1E4A9E30D40DCA1115BB48F759 Proposal(height: 39, round: 0, pol_round: -1, value: c8b1ae6f0eaaa626, from: 815F9FA61D7C4F1E4A9E30D40DCA1115BB48F759)
2025-08-25T09:38:16.076818Z DEBUG node{moniker=app-0}:wal{height=39}: Wrote log entry type=Consensus(Proposal) entry.size=668 
2025-08-25T09:38:16.076956Z DEBUG node{moniker=app-0}:consensus{height=39 round=0}: Transitioned to new step step.previous=Propose step.new=Prevote
2025-08-25T09:38:16.076966Z  INFO node{moniker=app-0}:consensus{height=39 round=0}: Voting vote_type=Prevote value=c8b1ae6f0eaaa626 round=0
2025-08-25T09:38:16.077447Z  INFO node{moniker=app-0}:consensus{height=39 round=0}: Received vote height=39 vote_height=39 address=815F9FA61D7C4F1E4A9E30D40DCA1115BB48F759 Prevote(height: 39, round: 0, value: c8b1ae6f0eaaa626, from: 815F9FA61D7C4F1E4A9E30D40DCA1115BB48F759)
2025-08-25T09:38:16.077563Z DEBUG node{moniker=app-0}:wal{height=39}: Wrote log entry type=Consensus(Vote) entry.size=118 
2025-08-25T09:38:16.081396Z DEBUG node{moniker=app-0}:wal{height=39}: Flushed WAL to disk wal.entries=3 wal.size=1436
2025-08-25T09:38:16.081604Z DEBUG node{moniker=app-0}:network: Published message channel=/consensus size=109
2025-08-25T09:38:16.084541Z DEBUG node{moniker=app-0}:wal{height=39}: Flushed WAL to disk wal.entries=3 wal.size=1436
2025-08-25T09:38:16.084677Z DEBUG node{moniker=app-0}:network: Published message channel=/consensus size=659
2025-08-25T09:38:16.098367Z  INFO node{moniker=app-0}:consensus{height=39 round=0}: Received vote height=39 vote_height=39 address=DE7BA2BE72D2225286133990FF5810B691A5261C Precommit(height: 39, round: 0, value: c8b1ae6f0eaaa626, from: DE7BA2BE72D2225286133990FF5810B691A5261C)
2025-08-25T09:38:16.098916Z DEBUG node{moniker=app-0}:wal{height=39}: Wrote log entry type=Consensus(Vote) entry.size=120 
2025-08-25T09:38:16.099633Z  INFO node{moniker=app-0}:consensus{height=39 round=0}: Received vote height=39 vote_height=39 address=DE7BA2BE72D2225286133990FF5810B691A5261C Prevote(height: 39, round: 0, value: c8b1ae6f0eaaa626, from: DE7BA2BE72D2225286133990FF5810B691A5261C)
2025-08-25T09:38:16.099769Z DEBUG node{moniker=app-0}:wal{height=39}: Wrote log entry type=Consensus(Vote) entry.size=118 
2025-08-25T09:38:16.099880Z DEBUG node{moniker=app-0}:consensus{height=39 round=0}: Transitioned to new step step.previous=Prevote step.new=Precommit
2025-08-25T09:38:16.099891Z  INFO node{moniker=app-0}:consensus{height=39 round=0}: Voting vote_type=Precommit value=c8b1ae6f0eaaa626 round=0
2025-08-25T09:38:16.099909Z DEBUG node{moniker=app-0}:node{moniker=app-0}: metis-test:consensus-chan recv!!! msg:ExtendVote { height: Height(39), round: Some(0), value_id: ValueId(14461531670474040870), reply: Sender { inner: Some(Inner { state: State { is_complete: false, is_closed: false, is_rx_task_set: true, is_tx_task_set: false } }) } }
2025-08-25T09:38:16.100080Z  INFO node{moniker=app-0}:consensus{height=39 round=0}: Received vote height=39 vote_height=39 address=815F9FA61D7C4F1E4A9E30D40DCA1115BB48F759 Precommit(height: 39, round: 0, value: c8b1ae6f0eaaa626, from: 815F9FA61D7C4F1E4A9E30D40DCA1115BB48F759)
2025-08-25T09:38:16.100136Z DEBUG node{moniker=app-0}:wal{height=39}: Wrote log entry type=Consensus(Vote) entry.size=120 
2025-08-25T09:38:16.100157Z DEBUG node{moniker=app-0}:consensus{height=39 round=0}: Transitioned to new step step.previous=Precommit step.new=Commit
2025-08-25T09:38:16.100162Z  INFO node{moniker=app-0}:consensus{height=39 round=0}: Decided round=0 height=39 value=c8b1ae6f0eaaa626
2025-08-25T09:38:16.103719Z DEBUG node{moniker=app-0}:wal{height=39}: Flushed WAL to disk wal.entries=6 wal.size=1833
2025-08-25T09:38:16.103825Z DEBUG node{moniker=app-0}:sync{height.tip=38 height.sync=39}: Updating request state height.tip=39
2025-08-25T09:38:16.103856Z DEBUG node{moniker=app-0}:node{moniker=app-0}: metis-test:consensus-chan recv!!! msg:Decided { certificate: CommitCertificate { height: Height(39), round: Some(0), value_id: ValueId(14461531670474040870), commit_signatures: [CommitSignature { address: Address(815F9FA61D7C4F1E4A9E30D40DCA1115BB48F759), signature: Signature(Signature { R_bytes: "2a4cfba60cfdd8ccd73946a6513e3dd781fe032ee0277552e01bd46914e77ce1", s_bytes: "86a6bcf370f02a2b8e04a75ae177ef5eadf0c0347a845f387a5a653ca0db9a0b" }) }, CommitSignature { address: Address(DE7BA2BE72D2225286133990FF5810B691A5261C), signature: Signature(Signature { R_bytes: "e7b056dfa76083d9dc198aa218b5edb20fb9c049cb27fb97d516ebf4a547ae55", s_bytes: "5beeb52663c575dd6ad0eab09fe856edd4fc60f1070288b914edefeea72d2106" }) }] }, extensions: VoteExtensions { extensions: [] }, reply: Sender { inner: Some(Inner { state: State { is_complete: false, is_closed: false, is_rx_task_set: true, is_tx_task_set: false } }) } }
2025-08-25T09:38:16.103896Z  INFO node{moniker=app-0}:node{moniker=app-0}: 🟢🟢 Consensus has decided on value height=39 round=0 value=c8b1ae6f0eaaa626
2025-08-25T09:38:16.103983Z DEBUG node{moniker=app-0}:node{moniker=app-0}: 🎁 block size: 545, height: 39
2025-08-25T09:38:16.103997Z  INFO node{moniker=app-0}:node{moniker=app-0}: 👉 stats at height 39: #txs=0, txs/s=0.00, chain_bytes=21255, bytes/s=2363.95
2025-08-25T09:38:16.104004Z DEBUG node{moniker=app-0}:node{moniker=app-0}: 🦄 Block at height 39 contains 0 transactions
2025-08-25T09:38:16.105685Z DEBUG node{moniker=app-0}:wal{height=39}: Flushed WAL to disk wal.entries=6 wal.size=1833
2025-08-25T09:38:16.105888Z DEBUG node{moniker=app-0}:network: Published message channel=/consensus size=111
2025-08-25T09:38:16.107170Z DEBUG node{moniker=app-0}:node{moniker=app-0}: 💡 New block added at height 39 with hash: 0x2344e80d39bfc3c388e59eb8bd0864b88a17a98a9475492ecf87a7430bdb8382
2025-08-25T09:38:16.107177Z DEBUG node{moniker=app-0}:node{moniker=app-0}: 🟠 set_latest_forkchoice_state: 0x2344e80d39bfc3c388e59eb8bd0864b88a17a98a9475492ecf87a7430bdb8382
2025-08-25T09:38:16.108073Z DEBUG node{moniker=app-0}:node{moniker=app-0}: ➡️ payload_status: PayloadStatus { status: Valid, latest_valid_hash: Some(0x2344e80d39bfc3c388e59eb8bd0864b88a17a98a9475492ecf87a7430bdb8382) }
2025-08-25T09:38:16.108079Z DEBUG node{moniker=app-0}:node{moniker=app-0}: 🚀 Forkchoice updated to height 39 for block hash=0x2344e80d39bfc3c388e59eb8bd0864b88a17a98a9475492ecf87a7430bdb8382 and latest_valid_hash=0x2344e80d39bfc3c388e59eb8bd0864b88a17a98a9475492ecf87a7430bdb8382
2025-08-25T09:38:16.108082Z  INFO node{moniker=app-0}:node{moniker=app-0}: Looking for certificate height=39 round=0
2025-08-25T09:38:16.115572Z  INFO node{moniker=app-0}:node{moniker=app-0}: Committed block_data[0..32]: bde33a83d6ac924422fe5f265ac2ce7d18e8fafd1ea0d421c0211993b1b13ab0
2025-08-25T09:38:16.142421Z DEBUG node{moniker=app-0}:wal{height=40}: Reset WAL height=40
2025-08-25T09:38:16.142538Z DEBUG node{moniker=app-0}:consensus{height=40 round=0}: No WAL entries to replay height=40
2025-08-25T09:38:16.142587Z  INFO node{moniker=app-0}:consensus{height=40 round=0}: Starting new height height=40
2025-08-25T09:38:16.142599Z  INFO node{moniker=app-0}:consensus{height=40 round=0}: Starting new round height=40 round=0 proposer=02CB1B49DA09615BD4A12212C39378556D990DFD role=None
2025-08-25T09:38:16.142634Z DEBUG node{moniker=app-0}:sync{height.tip=38 height.sync=39}: Starting new height height.tip=39 height.sync=40 restart=false
2025-08-25T09:38:16.142797Z DEBUG node{moniker=app-0}:sync{height.tip=38 height.sync=39}: No peer to request sync from height.sync=40
2025-08-25T09:38:16.145554Z DEBUG node{moniker=app-0}:wal{height=40}: Flushed WAL to disk wal.entries=0 wal.size=12
2025-08-25T09:38:16.145617Z DEBUG node{moniker=app-0}:node{moniker=app-0}: metis-test:consensus-chan recv!!! msg:StartedRound { height: Height(40), round: Some(0), proposer: Address(02CB1B49DA09615BD4A12212C39378556D990DFD), role: None, reply_value: Sender { inner: Some(Inner { state: State { is_complete: false, is_closed: false, is_rx_task_set: false, is_tx_task_set: false } }) } }
2025-08-25T09:38:16.145628Z  INFO node{moniker=app-0}:node{moniker=app-0}: 🟢🟢 Started round height=40 round=0 proposer=02CB1B49DA09615BD4A12212C39378556D990DFD role=None
2025-08-25T09:38:16.145640Z ERROR node{moniker=app-0}:consensus{height=40 round=0}: Error when processing effect: Messaging(RecvErr)
2025-08-25T09:38:16.145656Z DEBUG node{moniker=app-0}:consensus{height=40 round=0}: Transitioned to new step step.previous=Unstarted step.new=Propose
2025-08-25T09:38:16.145661Z  INFO node{moniker=app-0}:consensus{height=40 round=0}: Scheduling timeout round=0 step=Propose
2025-08-25T09:38:16.145669Z DEBUG node{moniker=app-0}:consensus{height=40 round=0}: Replaying inputs count=0
2025-08-25T09:38:16.162791Z DEBUG node{moniker=app-0}:node{moniker=app-0}: metis-test:consensus-chan recv!!! msg:ReceivedProposalPart { from: PeerId("12D3KooWR2Quwt2G6MyT6WQkUdfS8nHZu7XcPotkmbhuEoqc94oJ"), part: StreamMessage { stream_id: StreamId(b"\0\0\0\0\0\0\0(\0\0\0\0\0\0\0\r"), sequence: 0, content: Data(Init(ProposalInit { height: Height(40), round: Some(0), proposer: Address(02CB1B49DA09615BD4A12212C39378556D990DFD) })) }, reply: Sender { inner: Some(Inner { state: State { is_complete: false, is_closed: false, is_rx_task_set: true, is_tx_task_set: false } }) } }
2025-08-25T09:38:16.162825Z  INFO node{moniker=app-0}:node{moniker=app-0}: Received proposal part from=12D3KooWR2Quwt2G6MyT6WQkUdfS8nHZu7XcPotkmbhuEoqc94oJ part.sequence=0 part.type=init part.size=28
2025-08-25T09:38:16.162853Z DEBUG node{moniker=app-0}:node{moniker=app-0}: metis-test:consensus-chan recv!!! msg:ReceivedProposalPart { from: PeerId("12D3KooWR2Quwt2G6MyT6WQkUdfS8nHZu7XcPotkmbhuEoqc94oJ"), part: StreamMessage { stream_id: StreamId(b"\0\0\0\0\0\0\0(\0\0\0\0\0\0\0\r"), sequence: 1, content: Data(Data(ProposalData { bytes: "<...>", len: 545 })) }, reply: Sender { inner: Some(Inner { state: State { is_complete: false, is_closed: false, is_rx_task_set: true, is_tx_task_set: false } }) } }
2025-08-25T09:38:16.162872Z  INFO node{moniker=app-0}:node{moniker=app-0}: Received proposal part from=12D3KooWR2Quwt2G6MyT6WQkUdfS8nHZu7XcPotkmbhuEoqc94oJ part.sequence=1 part.type=data part.size=551
2025-08-25T09:38:16.162885Z DEBUG node{moniker=app-0}:node{moniker=app-0}: metis-test:consensus-chan recv!!! msg:ReceivedProposalPart { from: PeerId("12D3KooWR2Quwt2G6MyT6WQkUdfS8nHZu7XcPotkmbhuEoqc94oJ"), part: StreamMessage { stream_id: StreamId(b"\0\0\0\0\0\0\0(\0\0\0\0\0\0\0\r"), sequence: 2, content: Data(Fin(ProposalFin { signature: Signature(Signature { R_bytes: "2f63d0a6eb5271bbc31048b955da66ff5bf776873166b6ca6630f0cbf2aaeb96", s_bytes: "9cd959fe18dee57b3a6e66ee4870c22d78a478cb9a999c4541ce8fc82092090d" }) })) }, reply: Sender { inner: Some(Inner { state: State { is_complete: false, is_closed: false, is_rx_task_set: true, is_tx_task_set: false } }) } }
2025-08-25T09:38:16.162896Z  INFO node{moniker=app-0}:node{moniker=app-0}: Received proposal part from=12D3KooWR2Quwt2G6MyT6WQkUdfS8nHZu7XcPotkmbhuEoqc94oJ part.sequence=2 part.type=fin part.size=70
2025-08-25T09:38:16.162906Z DEBUG node{moniker=app-0}:node{moniker=app-0}: metis-test:consensus-chan recv!!! msg:ReceivedProposalPart { from: PeerId("12D3KooWR2Quwt2G6MyT6WQkUdfS8nHZu7XcPotkmbhuEoqc94oJ"), part: StreamMessage { stream_id: StreamId(b"\0\0\0\0\0\0\0(\0\0\0\0\0\0\0\r"), sequence: 3, content: Fin }, reply: Sender { inner: Some(Inner { state: State { is_complete: false, is_closed: false, is_rx_task_set: true, is_tx_task_set: false } }) } }
2025-08-25T09:38:16.162913Z  INFO node{moniker=app-0}:node{moniker=app-0}: Received proposal part from=12D3KooWR2Quwt2G6MyT6WQkUdfS8nHZu7XcPotkmbhuEoqc94oJ part.sequence=3 part.type=end of stream part.size=0
2025-08-25T09:38:16.163449Z  INFO node{moniker=app-0}:node{moniker=app-0}: Proposal data[0..32]: 2344e80d39bfc3c388e59eb8bd0864b88a17a98a9475492ecf87a7430bdb8382, total_size: 545 bytes, id: ba6ec4bc5c5b67de
2025-08-25T09:38:16.168437Z  INFO node{moniker=app-0}:consensus{height=40 round=0}: Received vote height=40 vote_height=40 address=02CB1B49DA09615BD4A12212C39378556D990DFD Prevote(height: 40, round: 0, value: ba6ec4bc5c5b67de, from: 02CB1B49DA09615BD4A12212C39378556D990DFD)
2025-08-25T09:38:16.168732Z DEBUG node{moniker=app-0}:wal{height=40}: Wrote log entry type=Consensus(Vote) entry.size=118 
2025-08-25T09:38:16.172530Z  INFO node{moniker=app-0}:consensus{height=40 round=0}: Received proposal consensus.height=40 proposal.height=40 proposal.round=0 proposer=02CB1B49DA09615BD4A12212C39378556D990DFD Proposal(height: 40, round: 0, pol_round: -1, value: ba6ec4bc5c5b67de, from: 02CB1B49DA09615BD4A12212C39378556D990DFD)
2025-08-25T09:38:16.175145Z DEBUG node{moniker=app-0}:wal{height=40}: Wrote log entry type=Consensus(Proposal) entry.size=668 
2025-08-25T09:38:16.175214Z DEBUG node{moniker=app-0}:consensus{height=40 round=0}: No full proposal for this round yet, stored proposal for later proposal.height=40 proposal.round=0
2025-08-25T09:38:16.177904Z DEBUG node{moniker=app-0}:node{moniker=app-0}: ✅ Received complete proposal: ProposedValue { height: Height(40), round: Some(0), valid_round: Nil, proposer: Address(02CB1B49DA09615BD4A12212C39378556D990DFD), value: Value { value: 13433891051775158238, extensions: b"#D\xe8\r9\xbf\xc3\xc3\x88\xe5\x9e\xb8\xbd\x08d\xb8\x8a\x17\xa9\x8a\x94uI.\xcf\x87\xa7C\x0b\xdb\x83\x82********************\xec&\xdf\x94B\xc5\xd4\xa0\xa0\xccSH\xc9`\x11[C\xda\x08\xc7\xae\xf6\xbeNL\xcc_\x13l\xa8\x92\xa6V\xe8\x1f\x17\x1b\xccU\xa6\xff\x83E\xe6\x92\xc0\xf8n[H\xe0\x1b\x99l\xad\xc0\x01b/\xb5\xe3c\xb4!\0\0\0\0\0\0\0\0\0\0\0\0\0\0\0\0\0\0\0\0\0\0\0\0\0\0\0\0\0\0\0\0\0\0\0\0\0\0\0\0\0\0\0\0\0\0\0\0\0\0\0\0\0\0\0\0\0\0\0\0\0\0\0\0\0\0\0\0\0\0\0\0\0\0\0\0\0\0\0\0\0\0\0\0\0\0\0\0\0\0\0\0\0\0\0\0\0\0\0\0\0\0\0\0\0\0\0\0\0\0\0\0\0\0\0\0\0\0\0\0\0\0\0\0\0\0\0\0\0\0\0\0\0\0\0\0\0\0\0\0\0\0\0\0\0\0\0\0\0\0\0\0\0\0\0\0\0\0\0\0\0\0\0\0\0\0\0\0\0\0\0\0\0\0\0\0\0\0\0\0\0\0\0\0\0\0\0\0\0\0\0\0\0\0\0\0\0\0\0\0\0\0\0\0\0\0\0\0\0\0\0\0\0\0\0\0\0\0\0\0\0\0\0\0\0\0\0\0\0\0\0\0\0\0\0\0\0\0\0\0\0\0\0\0\0\0\0\0\0\0\0\0\0\0\0\0\0\0\0\0\0\0\0\0\0\0\0\0\0\0\0\0\0\0\0\0\0\0\0\0\0\0\0\0\0\0\0\0(\0\0\0\0\0\0\0&\xfd\xdb\x01\0\0\0\0\0\0\0\0\0\0\0\0+/\xach\0\0\0\0\x10\x02\0\0_\x16I\0\0\0\0\0\0\0\0\0\0\0\0\0\0\0\0\0\0\0\0\0\0\0\0\0\0\0\0\0\xe0\xe1b\x0c\xc0hd0\"c\x8ed\x99k\xefQ\x9e\xb3\xe1\xc1\xc0\x0b\xc7\x818{\x1c\x0c\x8d\x85\xdf(!\x02\0\0!\x02\0\0\0\0\0\0\0\0\0\0\0\0\0\0\0\0\0\0reth/v1.4.1/linux" }, validity: Valid }
2025-08-25T09:38:16.177979Z DEBUG node{moniker=app-0}:consensus{height=40 round=0}: We have a full proposal for this round, checking... proposal.height=40 proposal.round=0
2025-08-25T09:38:16.177995Z DEBUG node{moniker=app-0}:consensus{height=40 round=0}: Transitioned to new step step.previous=Propose step.new=Prevote
2025-08-25T09:38:16.181984Z  INFO node{moniker=app-0}:consensus{height=40 round=0}: Received vote height=40 vote_height=40 address=DE7BA2BE72D2225286133990FF5810B691A5261C Precommit(height: 40, round: 0, value: ba6ec4bc5c5b67de, from: DE7BA2BE72D2225286133990FF5810B691A5261C)
2025-08-25T09:38:16.183772Z DEBUG node{moniker=app-0}:wal{height=40}: Wrote log entry type=Consensus(Vote) entry.size=120 
2025-08-25T09:38:16.184589Z  INFO node{moniker=app-0}:consensus{height=40 round=0}: Received vote height=40 vote_height=40 address=DE7BA2BE72D2225286133990FF5810B691A5261C Prevote(height: 40, round: 0, value: ba6ec4bc5c5b67de, from: DE7BA2BE72D2225286133990FF5810B691A5261C)
2025-08-25T09:38:16.184718Z DEBUG node{moniker=app-0}:wal{height=40}: Wrote log entry type=Consensus(Vote) entry.size=118 
2025-08-25T09:38:16.184905Z DEBUG node{moniker=app-0}:consensus{height=40 round=0}: Transitioned to new step step.previous=Prevote step.new=Precommit
2025-08-25T09:38:16.192628Z  INFO node{moniker=app-0}:consensus{height=40 round=0}: Received vote height=40 vote_height=40 address=02CB1B49DA09615BD4A12212C39378556D990DFD Precommit(height: 40, round: 0, value: ba6ec4bc5c5b67de, from: 02CB1B49DA09615BD4A12212C39378556D990DFD)
2025-08-25T09:38:16.192980Z DEBUG node{moniker=app-0}:wal{height=40}: Wrote log entry type=Consensus(Vote) entry.size=120 
2025-08-25T09:38:16.193058Z DEBUG node{moniker=app-0}:consensus{height=40 round=0}: Transitioned to new step step.previous=Precommit step.new=Commit
2025-08-25T09:38:16.193066Z  INFO node{moniker=app-0}:consensus{height=40 round=0}: Decided round=0 height=40 value=ba6ec4bc5c5b67de
2025-08-25T09:38:16.196216Z DEBUG node{moniker=app-0}:wal{height=40}: Flushed WAL to disk wal.entries=5 wal.size=1221
2025-08-25T09:38:16.196284Z DEBUG node{moniker=app-0}:sync{height.tip=39 height.sync=40}: Updating request state height.tip=40
2025-08-25T09:38:16.196295Z DEBUG node{moniker=app-0}:node{moniker=app-0}: metis-test:consensus-chan recv!!! msg:Decided { certificate: CommitCertificate { height: Height(40), round: Some(0), value_id: ValueId(13433891051775158238), commit_signatures: [CommitSignature { address: Address(02CB1B49DA09615BD4A12212C39378556D990DFD), signature: Signature(Signature { R_bytes: "778d5514945d04b40ab57ad708bb4529704b5b4d2e116638738650e7051d596f", s_bytes: "3b98656c5fb2f9fb17a4ce74bd4ccdf1efa6f3fa0add14ab5869da251ac5b500" }) }, CommitSignature { address: Address(DE7BA2BE72D2225286133990FF5810B691A5261C), signature: Signature(Signature { R_bytes: "339aa10dd3a5e318f89373d5b298be0984d73ae414b9a96eaf6750ac7aa8c41e", s_bytes: "72806ce1c7e80d5adf104d79a6acd200f8c2c4a30d377429ae345a114b1b6e03" }) }] }, extensions: VoteExtensions { extensions: [] }, reply: Sender { inner: Some(Inner { state: State { is_complete: false, is_closed: false, is_rx_task_set: true, is_tx_task_set: false } }) } }
2025-08-25T09:38:16.196311Z  INFO node{moniker=app-0}:node{moniker=app-0}: 🟢🟢 Consensus has decided on value height=40 round=0 value=ba6ec4bc5c5b67de
2025-08-25T09:38:16.196637Z DEBUG node{moniker=app-0}:node{moniker=app-0}: 🎁 block size: 545, height: 40
2025-08-25T09:38:16.196646Z  INFO node{moniker=app-0}:node{moniker=app-0}: 👉 stats at height 40: #txs=0, txs/s=0.00, chain_bytes=21800, bytes/s=2399.84
2025-08-25T09:38:16.196651Z DEBUG node{moniker=app-0}:node{moniker=app-0}: 🦄 Block at height 40 contains 0 transactions
2025-08-25T09:38:16.199065Z DEBUG node{moniker=app-0}:node{moniker=app-0}: 💡 New block added at height 40 with hash: 0xe0e1620cc068643022638e64996bef519eb3e1c1c00bc781387b1c0c8d85df28
2025-08-25T09:38:16.199073Z DEBUG node{moniker=app-0}:node{moniker=app-0}: 🟠 set_latest_forkchoice_state: 0xe0e1620cc068643022638e64996bef519eb3e1c1c00bc781387b1c0c8d85df28
2025-08-25T09:38:16.200385Z DEBUG node{moniker=app-0}:node{moniker=app-0}: ➡️ payload_status: PayloadStatus { status: Valid, latest_valid_hash: Some(0xe0e1620cc068643022638e64996bef519eb3e1c1c00bc781387b1c0c8d85df28) }
2025-08-25T09:38:16.200393Z DEBUG node{moniker=app-0}:node{moniker=app-0}: 🚀 Forkchoice updated to height 40 for block hash=0xe0e1620cc068643022638e64996bef519eb3e1c1c00bc781387b1c0c8d85df28 and latest_valid_hash=0xe0e1620cc068643022638e64996bef519eb3e1c1c00bc781387b1c0c8d85df28
2025-08-25T09:38:16.200396Z  INFO node{moniker=app-0}:node{moniker=app-0}: Looking for certificate height=40 round=0
2025-08-25T09:38:16.204591Z  INFO node{moniker=app-0}:node{moniker=app-0}: Committed block_data[0..32]: 2344e80d39bfc3c388e59eb8bd0864b88a17a98a9475492ecf87a7430bdb8382
2025-08-25T09:38:16.221311Z DEBUG node{moniker=app-0}:wal{height=41}: Reset WAL height=41
2025-08-25T09:38:16.221369Z DEBUG node{moniker=app-0}:consensus{height=41 round=0}: No WAL entries to replay height=41
2025-08-25T09:38:16.221400Z  INFO node{moniker=app-0}:consensus{height=41 round=0}: Starting new height height=41
2025-08-25T09:38:16.221405Z  INFO node{moniker=app-0}:consensus{height=41 round=0}: Starting new round height=41 round=0 proposer=02CB1B49DA09615BD4A12212C39378556D990DFD role=Validator
2025-08-25T09:38:16.221429Z DEBUG node{moniker=app-0}:sync{height.tip=39 height.sync=40}: Starting new height height.tip=40 height.sync=41 restart=false
2025-08-25T09:38:16.221434Z DEBUG node{moniker=app-0}:sync{height.tip=39 height.sync=40}: No peer to request sync from height.sync=41
2025-08-25T09:38:16.224471Z DEBUG node{moniker=app-0}:wal{height=41}: Flushed WAL to disk wal.entries=0 wal.size=12
2025-08-25T09:38:16.224640Z DEBUG node{moniker=app-0}:node{moniker=app-0}: metis-test:consensus-chan recv!!! msg:StartedRound { height: Height(41), round: Some(0), proposer: Address(02CB1B49DA09615BD4A12212C39378556D990DFD), role: Validator, reply_value: Sender { inner: Some(Inner { state: State { is_complete: false, is_closed: false, is_rx_task_set: false, is_tx_task_set: false } }) } }
2025-08-25T09:38:16.224672Z  INFO node{moniker=app-0}:node{moniker=app-0}: 🟢🟢 Started round height=41 round=0 proposer=02CB1B49DA09615BD4A12212C39378556D990DFD role=Validator
2025-08-25T09:38:16.224706Z ERROR node{moniker=app-0}:consensus{height=41 round=0}: Error when processing effect: Messaging(RecvErr)
2025-08-25T09:38:16.224750Z DEBUG node{moniker=app-0}:consensus{height=41 round=0}: Transitioned to new step step.previous=Unstarted step.new=Propose
2025-08-25T09:38:16.224762Z  INFO node{moniker=app-0}:consensus{height=41 round=0}: Scheduling timeout round=0 step=Propose
2025-08-25T09:38:16.224786Z DEBUG node{moniker=app-0}:consensus{height=41 round=0}: Replaying inputs count=0
2025-08-25T09:38:16.233968Z DEBUG node{moniker=app-0}:node{moniker=app-0}: metis-test:consensus-chan recv!!! msg:ReceivedProposalPart { from: PeerId("12D3KooWR2Quwt2G6MyT6WQkUdfS8nHZu7XcPotkmbhuEoqc94oJ"), part: StreamMessage { stream_id: StreamId(b"\0\0\0\0\0\0\0)\0\0\0\0\0\0\0\x0e"), sequence: 0, content: Data(Init(ProposalInit { height: Height(41), round: Some(0), proposer: Address(02CB1B49DA09615BD4A12212C39378556D990DFD) })) }, reply: Sender { inner: Some(Inner { state: State { is_complete: false, is_closed: false, is_rx_task_set: true, is_tx_task_set: false } }) } }
2025-08-25T09:38:16.233998Z  INFO node{moniker=app-0}:node{moniker=app-0}: Received proposal part from=12D3KooWR2Quwt2G6MyT6WQkUdfS8nHZu7XcPotkmbhuEoqc94oJ part.sequence=0 part.type=init part.size=28
2025-08-25T09:38:16.235410Z DEBUG node{moniker=app-0}:node{moniker=app-0}: metis-test:consensus-chan recv!!! msg:ReceivedProposalPart { from: PeerId("12D3KooWR2Quwt2G6MyT6WQkUdfS8nHZu7XcPotkmbhuEoqc94oJ"), part: StreamMessage { stream_id: StreamId(b"\0\0\0\0\0\0\0)\0\0\0\0\0\0\0\x0e"), sequence: 1, content: Data(Data(ProposalData { bytes: "<...>", len: 545 })) }, reply: Sender { inner: Some(Inner { state: State { is_complete: false, is_closed: false, is_rx_task_set: true, is_tx_task_set: false } }) } }
2025-08-25T09:38:16.235435Z  INFO node{moniker=app-0}:node{moniker=app-0}: Received proposal part from=12D3KooWR2Quwt2G6MyT6WQkUdfS8nHZu7XcPotkmbhuEoqc94oJ part.sequence=1 part.type=data part.size=551
2025-08-25T09:38:16.235457Z DEBUG node{moniker=app-0}:node{moniker=app-0}: metis-test:consensus-chan recv!!! msg:ReceivedProposalPart { from: PeerId("12D3KooWR2Quwt2G6MyT6WQkUdfS8nHZu7XcPotkmbhuEoqc94oJ"), part: StreamMessage { stream_id: StreamId(b"\0\0\0\0\0\0\0)\0\0\0\0\0\0\0\x0e"), sequence: 2, content: Data(Fin(ProposalFin { signature: Signature(Signature { R_bytes: "fc82324848517f1563d9573ce9b630a9e0e08379bd71e0de1ba1b156baa5a0d5", s_bytes: "aa4036de0064fdd5bec4c6a123b2132e5ab399b44fee63e92b43520516d1ca08" }) })) }, reply: Sender { inner: Some(Inner { state: State { is_complete: false, is_closed: false, is_rx_task_set: true, is_tx_task_set: false } }) } }
2025-08-25T09:38:16.235472Z  INFO node{moniker=app-0}:node{moniker=app-0}: Received proposal part from=12D3KooWR2Quwt2G6MyT6WQkUdfS8nHZu7XcPotkmbhuEoqc94oJ part.sequence=2 part.type=fin part.size=70
2025-08-25T09:38:16.235485Z DEBUG node{moniker=app-0}:node{moniker=app-0}: metis-test:consensus-chan recv!!! msg:ReceivedProposalPart { from: PeerId("12D3KooWR2Quwt2G6MyT6WQkUdfS8nHZu7XcPotkmbhuEoqc94oJ"), part: StreamMessage { stream_id: StreamId(b"\0\0\0\0\0\0\0)\0\0\0\0\0\0\0\x0e"), sequence: 3, content: Fin }, reply: Sender { inner: Some(Inner { state: State { is_complete: false, is_closed: false, is_rx_task_set: true, is_tx_task_set: false } }) } }
2025-08-25T09:38:16.235494Z  INFO node{moniker=app-0}:node{moniker=app-0}: Received proposal part from=12D3KooWR2Quwt2G6MyT6WQkUdfS8nHZu7XcPotkmbhuEoqc94oJ part.sequence=3 part.type=end of stream part.size=0
2025-08-25T09:38:16.235689Z  INFO node{moniker=app-0}:node{moniker=app-0}: Proposal data[0..32]: e0e1620cc068643022638e64996bef519eb3e1c1c00bc781387b1c0c8d85df28, total_size: 545 bytes, id: 2f182065b987f73d
2025-08-25T09:38:16.245783Z  INFO node{moniker=app-0}:consensus{height=41 round=0}: Received vote height=41 vote_height=41 address=02CB1B49DA09615BD4A12212C39378556D990DFD Prevote(height: 41, round: 0, value: 2f182065b987f73d, from: 02CB1B49DA09615BD4A12212C39378556D990DFD)
2025-08-25T09:38:16.247889Z DEBUG node{moniker=app-0}:wal{height=41}: Wrote log entry type=Consensus(Vote) entry.size=117 
2025-08-25T09:38:16.248680Z  INFO node{moniker=app-0}:consensus{height=41 round=0}: Received proposal consensus.height=41 proposal.height=41 proposal.round=0 proposer=02CB1B49DA09615BD4A12212C39378556D990DFD Proposal(height: 41, round: 0, pol_round: -1, value: 2f182065b987f73d, from: 02CB1B49DA09615BD4A12212C39378556D990DFD)
2025-08-25T09:38:16.252234Z DEBUG node{moniker=app-0}:wal{height=41}: Wrote log entry type=Consensus(Proposal) entry.size=667 
2025-08-25T09:38:16.252327Z DEBUG node{moniker=app-0}:node{moniker=app-0}: ✅ Received complete proposal: ProposedValue { height: Height(41), round: Some(0), valid_round: Nil, proposer: Address(02CB1B49DA09615BD4A12212C39378556D990DFD), value: Value { value: 3393497940500150077, extensions: b"\xe0\xe1b\x0c\xc0hd0\"c\x8ed\x99k\xefQ\x9e\xb3\xe1\xc1\xc0\x0b\xc7\x818{\x1c\x0c\x8d\x85\xdf(********************\xec&\xdf\x94B\xc5\xd4\xa0\xa0\xccSH\xc9`\x11[C\xda\x08\xc7\xae\xf6\xbeNL\xcc_\x13l\xa8\x92\xa6V\xe8\x1f\x17\x1b\xccU\xa6\xff\x83E\xe6\x92\xc0\xf8n[H\xe0\x1b\x99l\xad\xc0\x01b/\xb5\xe3c\xb4!\0\0\0\0\0\0\0\0\0\0\0\0\0\0\0\0\0\0\0\0\0\0\0\0\0\0\0\0\0\0\0\0\0\0\0\0\0\0\0\0\0\0\0\0\0\0\0\0\0\0\0\0\0\0\0\0\0\0\0\0\0\0\0\0\0\0\0\0\0\0\0\0\0\0\0\0\0\0\0\0\0\0\0\0\0\0\0\0\0\0\0\0\0\0\0\0\0\0\0\0\0\0\0\0\0\0\0\0\0\0\0\0\0\0\0\0\0\0\0\0\0\0\0\0\0\0\0\0\0\0\0\0\0\0\0\0\0\0\0\0\0\0\0\0\0\0\0\0\0\0\0\0\0\0\0\0\0\0\0\0\0\0\0\0\0\0\0\0\0\0\0\0\0\0\0\0\0\0\0\0\0\0\0\0\0\0\0\0\0\0\0\0\0\0\0\0\0\0\0\0\0\0\0\0\0\0\0\0\0\0\0\0\0\0\0\0\0\0\0\0\0\0\0\0\0\0\0\0\0\0\0\0\0\0\0\0\0\0\0\0\0\0\0\0\0\0\0\0\0\0\0\0\0\0\0\0\0\0\0\0\0\0\0\0\0\0\0\0\0\0\0\0\0\0\0\0\0\0\0\0\0\0\0\0\0\0\0\0)\0\0\0\0\0\0\0$t\xdc\x01\0\0\0\0\0\0\0\0\0\0\0\0,/\xach\0\0\0\0\x10\x02\0\0\x94\xf3?\0\0\0\0\0\0\0\0\0\0\0\0\0\0\0\0\0\0\0\0\0\0\0\0\0\0\0\0\0\xf7\xa6w\xc8\xda\x02\xe4\x9dq\x96$\x10\xbc\xd9\xd9\xac\x90M\xcd\xb2\xdc`EN#\\R+\xbc\xa0\xfbk!\x02\0\0!\x02\0\0\0\0\0\0\0\0\0\0\0\0\0\0\0\0\0\0reth/v1.4.1/linux" }, validity: Valid }
2025-08-25T09:38:16.252414Z DEBUG node{moniker=app-0}:consensus{height=41 round=0}: No full proposal for this round yet, stored proposal for later proposal.height=41 proposal.round=0
2025-08-25T09:38:16.252460Z DEBUG node{moniker=app-0}:consensus{height=41 round=0}: We have a full proposal for this round, checking... proposal.height=41 proposal.round=0
2025-08-25T09:38:16.252483Z DEBUG node{moniker=app-0}:consensus{height=41 round=0}: Transitioned to new step step.previous=Propose step.new=Prevote
2025-08-25T09:38:16.252499Z  INFO node{moniker=app-0}:consensus{height=41 round=0}: Voting vote_type=Prevote value=2f182065b987f73d round=0
2025-08-25T09:38:16.252898Z  INFO node{moniker=app-0}:consensus{height=41 round=0}: Received vote height=41 vote_height=41 address=815F9FA61D7C4F1E4A9E30D40DCA1115BB48F759 Prevote(height: 41, round: 0, value: 2f182065b987f73d, from: 815F9FA61D7C4F1E4A9E30D40DCA1115BB48F759)
2025-08-25T09:38:16.253047Z DEBUG node{moniker=app-0}:wal{height=41}: Wrote log entry type=Consensus(Vote) entry.size=117 
2025-08-25T09:38:16.253245Z DEBUG node{moniker=app-0}:consensus{height=41 round=0}: Transitioned to new step step.previous=Prevote step.new=Precommit
2025-08-25T09:38:16.253256Z  INFO node{moniker=app-0}:consensus{height=41 round=0}: Voting vote_type=Precommit value=2f182065b987f73d round=0
2025-08-25T09:38:16.253281Z DEBUG node{moniker=app-0}:node{moniker=app-0}: metis-test:consensus-chan recv!!! msg:ExtendVote { height: Height(41), round: Some(0), value_id: ValueId(3393497940500150077), reply: Sender { inner: Some(Inner { state: State { is_complete: false, is_closed: false, is_rx_task_set: true, is_tx_task_set: false } }) } }
2025-08-25T09:38:16.253682Z  INFO node{moniker=app-0}:consensus{height=41 round=0}: Received vote height=41 vote_height=41 address=815F9FA61D7C4F1E4A9E30D40DCA1115BB48F759 Precommit(height: 41, round: 0, value: 2f182065b987f73d, from: 815F9FA61D7C4F1E4A9E30D40DCA1115BB48F759)
2025-08-25T09:38:16.253820Z DEBUG node{moniker=app-0}:wal{height=41}: Wrote log entry type=Consensus(Vote) entry.size=119 
2025-08-25T09:38:16.257344Z DEBUG node{moniker=app-0}:wal{height=41}: Flushed WAL to disk wal.entries=4 wal.size=1084
2025-08-25T09:38:16.257514Z DEBUG node{moniker=app-0}:network: Published message channel=/consensus size=110
2025-08-25T09:38:16.259033Z DEBUG node{moniker=app-0}:wal{height=41}: Flushed WAL to disk wal.entries=4 wal.size=1084
2025-08-25T09:38:16.259200Z DEBUG node{moniker=app-0}:network: Published message channel=/consensus size=108
2025-08-25T09:38:16.267530Z  INFO node{moniker=app-0}:consensus{height=41 round=0}: Received vote height=41 vote_height=41 address=02CB1B49DA09615BD4A12212C39378556D990DFD Precommit(height: 41, round: 0, value: 2f182065b987f73d, from: 02CB1B49DA09615BD4A12212C39378556D990DFD)
2025-08-25T09:38:16.267681Z DEBUG node{moniker=app-0}:wal{height=41}: Wrote log entry type=Consensus(Vote) entry.size=119 
2025-08-25T09:38:16.267881Z DEBUG node{moniker=app-0}:consensus{height=41 round=0}: Transitioned to new step step.previous=Precommit step.new=Commit
2025-08-25T09:38:16.267890Z  INFO node{moniker=app-0}:consensus{height=41 round=0}: Decided round=0 height=41 value=2f182065b987f73d
2025-08-25T09:38:16.270307Z DEBUG node{moniker=app-0}:wal{height=41}: Flushed WAL to disk wal.entries=5 wal.size=1216
2025-08-25T09:38:16.270425Z DEBUG node{moniker=app-0}:sync{height.tip=40 height.sync=41}: Updating request state height.tip=41
2025-08-25T09:38:16.270437Z DEBUG node{moniker=app-0}:node{moniker=app-0}: metis-test:consensus-chan recv!!! msg:Decided { certificate: CommitCertificate { height: Height(41), round: Some(0), value_id: ValueId(3393497940500150077), commit_signatures: [CommitSignature { address: Address(02CB1B49DA09615BD4A12212C39378556D990DFD), signature: Signature(Signature { R_bytes: "9159f7aa843fcd56865ac70e6ac1963cb0124c87e768ecfc57702e485ddf285b", s_bytes: "3d4543cfcdf37b371f7138354527c005dabc906bc6d42d05e150cd9000b00f0a" }) }, CommitSignature { address: Address(815F9FA61D7C4F1E4A9E30D40DCA1115BB48F759), signature: Signature(Signature { R_bytes: "8ae3e1d9d111c32285f19b0dff2cb0984e96c3e86914d4eb501f92bf4af8c1f3", s_bytes: "aa3812e3e799483105d2410a287ba45a07793f8847ee4ce9ef6af5aa55da560f" }) }] }, extensions: VoteExtensions { extensions: [] }, reply: Sender { inner: Some(Inner { state: State { is_complete: false, is_closed: false, is_rx_task_set: true, is_tx_task_set: false } }) } }
2025-08-25T09:38:16.270455Z  INFO node{moniker=app-0}:node{moniker=app-0}: 🟢🟢 Consensus has decided on value height=41 round=0 value=2f182065b987f73d
2025-08-25T09:38:16.270512Z DEBUG node{moniker=app-0}:node{moniker=app-0}: 🎁 block size: 545, height: 41
2025-08-25T09:38:16.270520Z  INFO node{moniker=app-0}:node{moniker=app-0}: 👉 stats at height 41: #txs=0, txs/s=0.00, chain_bytes=22345, bytes/s=2439.99
2025-08-25T09:38:16.270524Z DEBUG node{moniker=app-0}:node{moniker=app-0}: 🦄 Block at height 41 contains 0 transactions
2025-08-25T09:38:16.272381Z DEBUG node{moniker=app-0}:node{moniker=app-0}: 💡 New block added at height 41 with hash: 0xf7a677c8da02e49d71962410bcd9d9ac904dcdb2dc60454e235c522bbca0fb6b
2025-08-25T09:38:16.272391Z DEBUG node{moniker=app-0}:node{moniker=app-0}: 🟠 set_latest_forkchoice_state: 0xf7a677c8da02e49d71962410bcd9d9ac904dcdb2dc60454e235c522bbca0fb6b
2025-08-25T09:38:16.277532Z DEBUG node{moniker=app-0}:node{moniker=app-0}: ➡️ payload_status: PayloadStatus { status: Valid, latest_valid_hash: Some(0xf7a677c8da02e49d71962410bcd9d9ac904dcdb2dc60454e235c522bbca0fb6b) }
2025-08-25T09:38:16.277552Z DEBUG node{moniker=app-0}:node{moniker=app-0}: 🚀 Forkchoice updated to height 41 for block hash=0xf7a677c8da02e49d71962410bcd9d9ac904dcdb2dc60454e235c522bbca0fb6b and latest_valid_hash=0xf7a677c8da02e49d71962410bcd9d9ac904dcdb2dc60454e235c522bbca0fb6b
2025-08-25T09:38:16.277555Z  INFO node{moniker=app-0}:node{moniker=app-0}: Looking for certificate height=41 round=0
2025-08-25T09:38:16.282671Z  INFO node{moniker=app-0}:node{moniker=app-0}: Committed block_data[0..32]: e0e1620cc068643022638e64996bef519eb3e1c1c00bc781387b1c0c8d85df28
2025-08-25T09:38:16.303265Z DEBUG node{moniker=app-0}:wal{height=42}: Reset WAL height=42
2025-08-25T09:38:16.303341Z DEBUG node{moniker=app-0}:consensus{height=42 round=0}: No WAL entries to replay height=42
2025-08-25T09:38:16.303376Z  INFO node{moniker=app-0}:consensus{height=42 round=0}: Starting new height height=42
2025-08-25T09:38:16.303383Z  INFO node{moniker=app-0}:consensus{height=42 round=0}: Starting new round height=42 round=0 proposer=DE7BA2BE72D2225286133990FF5810B691A5261C role=Validator
2025-08-25T09:38:16.303423Z DEBUG node{moniker=app-0}:sync{height.tip=40 height.sync=41}: Starting new height height.tip=41 height.sync=42 restart=false
2025-08-25T09:38:16.303433Z DEBUG node{moniker=app-0}:sync{height.tip=40 height.sync=41}: No peer to request sync from height.sync=42
2025-08-25T09:38:16.306293Z DEBUG node{moniker=app-0}:wal{height=42}: Flushed WAL to disk wal.entries=0 wal.size=12
2025-08-25T09:38:16.306486Z DEBUG node{moniker=app-0}:node{moniker=app-0}: metis-test:consensus-chan recv!!! msg:StartedRound { height: Height(42), round: Some(0), proposer: Address(DE7BA2BE72D2225286133990FF5810B691A5261C), role: Validator, reply_value: Sender { inner: Some(Inner { state: State { is_complete: false, is_closed: false, is_rx_task_set: false, is_tx_task_set: false } }) } }
2025-08-25T09:38:16.306507Z  INFO node{moniker=app-0}:node{moniker=app-0}: 🟢🟢 Started round height=42 round=0 proposer=DE7BA2BE72D2225286133990FF5810B691A5261C role=Validator
2025-08-25T09:38:16.306530Z ERROR node{moniker=app-0}:consensus{height=42 round=0}: Error when processing effect: Messaging(RecvErr)
2025-08-25T09:38:16.306556Z DEBUG node{moniker=app-0}:consensus{height=42 round=0}: Transitioned to new step step.previous=Unstarted step.new=Propose
2025-08-25T09:38:16.306565Z  INFO node{moniker=app-0}:consensus{height=42 round=0}: Scheduling timeout round=0 step=Propose
2025-08-25T09:38:16.306579Z DEBUG node{moniker=app-0}:consensus{height=42 round=0}: Replaying inputs count=0
2025-08-25T09:38:16.322187Z DEBUG node{moniker=app-0}:node{moniker=app-0}: metis-test:consensus-chan recv!!! msg:ReceivedProposalPart { from: PeerId("12D3KooWEFmACkQS9HNWY86xGVM3LS7fRpQ8saTb5VdfdYCzuUvE"), part: StreamMessage { stream_id: StreamId(b"\0\0\0\0\0\0\0*\0\0\0\0\0\0\0\r"), sequence: 0, content: Data(Init(ProposalInit { height: Height(42), round: Some(0), proposer: Address(DE7BA2BE72D2225286133990FF5810B691A5261C) })) }, reply: Sender { inner: Some(Inner { state: State { is_complete: false, is_closed: false, is_rx_task_set: true, is_tx_task_set: false } }) } }
2025-08-25T09:38:16.322266Z  INFO node{moniker=app-0}:node{moniker=app-0}: Received proposal part from=12D3KooWEFmACkQS9HNWY86xGVM3LS7fRpQ8saTb5VdfdYCzuUvE part.sequence=0 part.type=init part.size=28
2025-08-25T09:38:16.323525Z DEBUG node{moniker=app-0}:node{moniker=app-0}: metis-test:consensus-chan recv!!! msg:ReceivedProposalPart { from: PeerId("12D3KooWEFmACkQS9HNWY86xGVM3LS7fRpQ8saTb5VdfdYCzuUvE"), part: StreamMessage { stream_id: StreamId(b"\0\0\0\0\0\0\0*\0\0\0\0\0\0\0\r"), sequence: 1, content: Data(Data(ProposalData { bytes: "<...>", len: 545 })) }, reply: Sender { inner: Some(Inner { state: State { is_complete: false, is_closed: false, is_rx_task_set: true, is_tx_task_set: false } }) } }
2025-08-25T09:38:16.323560Z  INFO node{moniker=app-0}:node{moniker=app-0}: Received proposal part from=12D3KooWEFmACkQS9HNWY86xGVM3LS7fRpQ8saTb5VdfdYCzuUvE part.sequence=1 part.type=data part.size=551
2025-08-25T09:38:16.324405Z DEBUG node{moniker=app-0}:node{moniker=app-0}: metis-test:consensus-chan recv!!! msg:ReceivedProposalPart { from: PeerId("12D3KooWEFmACkQS9HNWY86xGVM3LS7fRpQ8saTb5VdfdYCzuUvE"), part: StreamMessage { stream_id: StreamId(b"\0\0\0\0\0\0\0*\0\0\0\0\0\0\0\r"), sequence: 2, content: Data(Fin(ProposalFin { signature: Signature(Signature { R_bytes: "ef31bce0ff122e64dc442ff0b007a00f182edb5f76f3c2d664e5306545f4fac6", s_bytes: "a4e4101b24b49d95cbe1984e664daf2ff1c34e6ff0fd52d118221ea2184f3b07" }) })) }, reply: Sender { inner: Some(Inner { state: State { is_complete: false, is_closed: false, is_rx_task_set: true, is_tx_task_set: false } }) } }
2025-08-25T09:38:16.324422Z  INFO node{moniker=app-0}:node{moniker=app-0}: Received proposal part from=12D3KooWEFmACkQS9HNWY86xGVM3LS7fRpQ8saTb5VdfdYCzuUvE part.sequence=2 part.type=fin part.size=70
2025-08-25T09:38:16.324435Z DEBUG node{moniker=app-0}:node{moniker=app-0}: metis-test:consensus-chan recv!!! msg:ReceivedProposalPart { from: PeerId("12D3KooWEFmACkQS9HNWY86xGVM3LS7fRpQ8saTb5VdfdYCzuUvE"), part: StreamMessage { stream_id: StreamId(b"\0\0\0\0\0\0\0*\0\0\0\0\0\0\0\r"), sequence: 3, content: Fin }, reply: Sender { inner: Some(Inner { state: State { is_complete: false, is_closed: false, is_rx_task_set: true, is_tx_task_set: false } }) } }
2025-08-25T09:38:16.324442Z  INFO node{moniker=app-0}:node{moniker=app-0}: Received proposal part from=12D3KooWEFmACkQS9HNWY86xGVM3LS7fRpQ8saTb5VdfdYCzuUvE part.sequence=3 part.type=end of stream part.size=0
2025-08-25T09:38:16.324577Z  INFO node{moniker=app-0}:node{moniker=app-0}: Proposal data[0..32]: f7a677c8da02e49d71962410bcd9d9ac904dcdb2dc60454e235c522bbca0fb6b, total_size: 545 bytes, id: a1db31bd7f60bc4b
2025-08-25T09:38:16.327440Z  INFO node{moniker=app-0}:consensus{height=42 round=0}: Received vote height=42 vote_height=42 address=DE7BA2BE72D2225286133990FF5810B691A5261C Prevote(height: 42, round: 0, value: a1db31bd7f60bc4b, from: DE7BA2BE72D2225286133990FF5810B691A5261C)
2025-08-25T09:38:16.329718Z DEBUG node{moniker=app-0}:wal{height=42}: Wrote log entry type=Consensus(Vote) entry.size=118 
2025-08-25T09:38:16.331521Z  INFO node{moniker=app-0}:consensus{height=42 round=0}: Received proposal consensus.height=42 proposal.height=42 proposal.round=0 proposer=DE7BA2BE72D2225286133990FF5810B691A5261C Proposal(height: 42, round: 0, pol_round: -1, value: a1db31bd7f60bc4b, from: DE7BA2BE72D2225286133990FF5810B691A5261C)
2025-08-25T09:38:16.333524Z DEBUG node{moniker=app-0}:node{moniker=app-0}: ✅ Received complete proposal: ProposedValue { height: Height(42), round: Some(0), valid_round: Nil, proposer: Address(DE7BA2BE72D2225286133990FF5810B691A5261C), value: Value { value: 11662970349961657419, extensions: b"\xf7\xa6w\xc8\xda\x02\xe4\x9dq\x96$\x10\xbc\xd9\xd9\xac\x90M\xcd\xb2\xdc`EN#\\R+\xbc\xa0\xfbk********************\xec&\xdf\x94B\xc5\xd4\xa0\xa0\xccSH\xc9`\x11[C\xda\x08\xc7\xae\xf6\xbeNL\xcc_\x13l\xa8\x92\xa6V\xe8\x1f\x17\x1b\xccU\xa6\xff\x83E\xe6\x92\xc0\xf8n[H\xe0\x1b\x99l\xad\xc0\x01b/\xb5\xe3c\xb4!\0\0\0\0\0\0\0\0\0\0\0\0\0\0\0\0\0\0\0\0\0\0\0\0\0\0\0\0\0\0\0\0\0\0\0\0\0\0\0\0\0\0\0\0\0\0\0\0\0\0\0\0\0\0\0\0\0\0\0\0\0\0\0\0\0\0\0\0\0\0\0\0\0\0\0\0\0\0\0\0\0\0\0\0\0\0\0\0\0\0\0\0\0\0\0\0\0\0\0\0\0\0\0\0\0\0\0\0\0\0\0\0\0\0\0\0\0\0\0\0\0\0\0\0\0\0\0\0\0\0\0\0\0\0\0\0\0\0\0\0\0\0\0\0\0\0\0\0\0\0\0\0\0\0\0\0\0\0\0\0\0\0\0\0\0\0\0\0\0\0\0\0\0\0\0\0\0\0\0\0\0\0\0\0\0\0\0\0\0\0\0\0\0\0\0\0\0\0\0\0\0\0\0\0\0\0\0\0\0\0\0\0\0\0\0\0\0\0\0\0\0\0\0\0\0\0\0\0\0\0\0\0\0\0\0\0\0\0\0\0\0\0\0\0\0\0\0\0\0\0\0\0\0\0\0\0\0\0\0\0\0\0\0\0\0\0\0\0\0\0\0\0\0\0\0\0\0\0\0\0\0\0\0\0\0\0\0\0*\0\0\0\0\0\0\0@\xeb\xdc\x01\0\0\0\0\0\0\0\0\0\0\0\0-/\xach\0\0\0\0\x10\x02\0\0\"\xf57\0\0\0\0\0\0\0\0\0\0\0\0\0\0\0\0\0\0\0\0\0\0\0\0\0\0\0\0\0f2\x89K\xde\xb1Q\xfce\x16p\x9d[p\x87\x81\xb7b\xab\x8d\x94V\xf0u\xfd\x05\xb2\xfc\xac/\xe5\x19!\x02\0\0!\x02\0\0\0\0\0\0\0\0\0\0\0\0\0\0\0\0\0\0reth/v1.4.1/linux" }, validity: Valid }
2025-08-25T09:38:16.333980Z DEBUG node{moniker=app-0}:wal{height=42}: Wrote log entry type=Consensus(Proposal) entry.size=668 
2025-08-25T09:38:16.334215Z DEBUG node{moniker=app-0}:consensus{height=42 round=0}: No full proposal for this round yet, stored proposal for later proposal.height=42 proposal.round=0
2025-08-25T09:38:16.334253Z DEBUG node{moniker=app-0}:consensus{height=42 round=0}: We have a full proposal for this round, checking... proposal.height=42 proposal.round=0
2025-08-25T09:38:16.334273Z DEBUG node{moniker=app-0}:consensus{height=42 round=0}: Transitioned to new step step.previous=Propose step.new=Prevote
2025-08-25T09:38:16.334289Z  INFO node{moniker=app-0}:consensus{height=42 round=0}: Voting vote_type=Prevote value=a1db31bd7f60bc4b round=0
2025-08-25T09:38:16.334607Z  INFO node{moniker=app-0}:consensus{height=42 round=0}: Received vote height=42 vote_height=42 address=815F9FA61D7C4F1E4A9E30D40DCA1115BB48F759 Prevote(height: 42, round: 0, value: a1db31bd7f60bc4b, from: 815F9FA61D7C4F1E4A9E30D40DCA1115BB48F759)
2025-08-25T09:38:16.335647Z DEBUG node{moniker=app-0}:wal{height=42}: Wrote log entry type=Consensus(Vote) entry.size=118 
2025-08-25T09:38:16.335752Z DEBUG node{moniker=app-0}:consensus{height=42 round=0}: Transitioned to new step step.previous=Prevote step.new=Precommit
2025-08-25T09:38:16.335764Z  INFO node{moniker=app-0}:consensus{height=42 round=0}: Voting vote_type=Precommit value=a1db31bd7f60bc4b round=0
2025-08-25T09:38:16.335855Z DEBUG node{moniker=app-0}:node{moniker=app-0}: metis-test:consensus-chan recv!!! msg:ExtendVote { height: Height(42), round: Some(0), value_id: ValueId(11662970349961657419), reply: Sender { inner: Some(Inner { state: State { is_complete: false, is_closed: false, is_rx_task_set: true, is_tx_task_set: false } }) } }
2025-08-25T09:38:16.336325Z  INFO node{moniker=app-0}:consensus{height=42 round=0}: Received vote height=42 vote_height=42 address=815F9FA61D7C4F1E4A9E30D40DCA1115BB48F759 Precommit(height: 42, round: 0, value: a1db31bd7f60bc4b, from: 815F9FA61D7C4F1E4A9E30D40DCA1115BB48F759)
2025-08-25T09:38:16.336471Z DEBUG node{moniker=app-0}:wal{height=42}: Wrote log entry type=Consensus(Vote) entry.size=120 
2025-08-25T09:38:16.339278Z DEBUG node{moniker=app-0}:wal{height=42}: Flushed WAL to disk wal.entries=4 wal.size=1088
2025-08-25T09:38:16.339543Z DEBUG node{moniker=app-0}:network: Published message channel=/consensus size=111
2025-08-25T09:38:16.342574Z DEBUG node{moniker=app-0}:wal{height=42}: Flushed WAL to disk wal.entries=4 wal.size=1088
2025-08-25T09:38:16.342973Z DEBUG node{moniker=app-0}:network: Published message channel=/consensus size=109
2025-08-25T09:38:16.354072Z  INFO node{moniker=app-0}:consensus{height=42 round=0}: Received vote height=42 vote_height=42 address=DE7BA2BE72D2225286133990FF5810B691A5261C Precommit(height: 42, round: 0, value: a1db31bd7f60bc4b, from: DE7BA2BE72D2225286133990FF5810B691A5261C)
2025-08-25T09:38:16.357343Z DEBUG node{moniker=app-0}:wal{height=42}: Wrote log entry type=Consensus(Vote) entry.size=120 
2025-08-25T09:38:16.357436Z DEBUG node{moniker=app-0}:consensus{height=42 round=0}: Transitioned to new step step.previous=Precommit step.new=Commit
2025-08-25T09:38:16.357446Z  INFO node{moniker=app-0}:consensus{height=42 round=0}: Decided round=0 height=42 value=a1db31bd7f60bc4b
2025-08-25T09:38:16.362648Z DEBUG node{moniker=app-0}:wal{height=42}: Flushed WAL to disk wal.entries=5 wal.size=1221
2025-08-25T09:38:16.362764Z DEBUG node{moniker=app-0}:sync{height.tip=41 height.sync=42}: Updating request state height.tip=42
2025-08-25T09:38:16.362779Z DEBUG node{moniker=app-0}:node{moniker=app-0}: metis-test:consensus-chan recv!!! msg:Decided { certificate: CommitCertificate { height: Height(42), round: Some(0), value_id: ValueId(11662970349961657419), commit_signatures: [CommitSignature { address: Address(815F9FA61D7C4F1E4A9E30D40DCA1115BB48F759), signature: Signature(Signature { R_bytes: "786d2b39b447209462903d63748378f84055b22c05dfc359ea3d99e7580042bc", s_bytes: "9871b121343a34b61208c53482120844a1482d610b51ef221508428b481e6d05" }) }, CommitSignature { address: Address(DE7BA2BE72D2225286133990FF5810B691A5261C), signature: Signature(Signature { R_bytes: "3d291517c012fb7520780b9d8478b66515c1d996ab3b164cc1967cd5a4d361a8", s_bytes: "a9c9ea91ac94f4fc4db8fac46ee343400e318dfd27e7a406c643d4c9a12e420d" }) }] }, extensions: VoteExtensions { extensions: [] }, reply: Sender { inner: Some(Inner { state: State { is_complete: false, is_closed: false, is_rx_task_set: true, is_tx_task_set: false } }) } }
2025-08-25T09:38:16.362800Z  INFO node{moniker=app-0}:node{moniker=app-0}: 🟢🟢 Consensus has decided on value height=42 round=0 value=a1db31bd7f60bc4b
2025-08-25T09:38:16.362866Z DEBUG node{moniker=app-0}:node{moniker=app-0}: 🎁 block size: 545, height: 42
2025-08-25T09:38:16.362877Z  INFO node{moniker=app-0}:node{moniker=app-0}: 👉 stats at height 42: #txs=0, txs/s=0.00, chain_bytes=22890, bytes/s=2474.55
2025-08-25T09:38:16.363023Z DEBUG node{moniker=app-0}:node{moniker=app-0}: 🦄 Block at height 42 contains 0 transactions
2025-08-25T09:38:16.364412Z DEBUG node{moniker=app-0}:node{moniker=app-0}: 💡 New block added at height 42 with hash: 0x6632894bdeb151fc6516709d5b708781b762ab8d9456f075fd05b2fcac2fe519
2025-08-25T09:38:16.364418Z DEBUG node{moniker=app-0}:node{moniker=app-0}: 🟠 set_latest_forkchoice_state: 0x6632894bdeb151fc6516709d5b708781b762ab8d9456f075fd05b2fcac2fe519
2025-08-25T09:38:16.364916Z DEBUG node{moniker=app-0}:node{moniker=app-0}: ➡️ payload_status: PayloadStatus { status: Valid, latest_valid_hash: Some(0x6632894bdeb151fc6516709d5b708781b762ab8d9456f075fd05b2fcac2fe519) }
2025-08-25T09:38:16.364921Z DEBUG node{moniker=app-0}:node{moniker=app-0}: 🚀 Forkchoice updated to height 42 for block hash=0x6632894bdeb151fc6516709d5b708781b762ab8d9456f075fd05b2fcac2fe519 and latest_valid_hash=0x6632894bdeb151fc6516709d5b708781b762ab8d9456f075fd05b2fcac2fe519
2025-08-25T09:38:16.364924Z  INFO node{moniker=app-0}:node{moniker=app-0}: Looking for certificate height=42 round=0
2025-08-25T09:38:16.369660Z  INFO node{moniker=app-0}:node{moniker=app-0}: Committed block_data[0..32]: f7a677c8da02e49d71962410bcd9d9ac904dcdb2dc60454e235c522bbca0fb6b
2025-08-25T09:38:16.394259Z DEBUG node{moniker=app-0}:wal{height=43}: Reset WAL height=43
2025-08-25T09:38:16.395262Z DEBUG node{moniker=app-0}:consensus{height=43 round=0}: No WAL entries to replay height=43
2025-08-25T09:38:16.395306Z  INFO node{moniker=app-0}:consensus{height=43 round=0}: Starting new height height=43
2025-08-25T09:38:16.395314Z  INFO node{moniker=app-0}:consensus{height=43 round=0}: Starting new round height=43 round=0 proposer=DE7BA2BE72D2225286133990FF5810B691A5261C role=None
2025-08-25T09:38:16.395347Z DEBUG node{moniker=app-0}:sync{height.tip=41 height.sync=42}: Starting new height height.tip=42 height.sync=43 restart=false
2025-08-25T09:38:16.395354Z DEBUG node{moniker=app-0}:sync{height.tip=41 height.sync=42}: No peer to request sync from height.sync=43
2025-08-25T09:38:16.401672Z DEBUG node{moniker=app-0}:wal{height=43}: Flushed WAL to disk wal.entries=0 wal.size=12
2025-08-25T09:38:16.401756Z DEBUG node{moniker=app-0}:node{moniker=app-0}: metis-test:consensus-chan recv!!! msg:StartedRound { height: Height(43), round: Some(0), proposer: Address(DE7BA2BE72D2225286133990FF5810B691A5261C), role: None, reply_value: Sender { inner: Some(Inner { state: State { is_complete: false, is_closed: false, is_rx_task_set: false, is_tx_task_set: false } }) } }
2025-08-25T09:38:16.401771Z  INFO node{moniker=app-0}:node{moniker=app-0}: 🟢🟢 Started round height=43 round=0 proposer=DE7BA2BE72D2225286133990FF5810B691A5261C role=None
2025-08-25T09:38:16.401784Z ERROR node{moniker=app-0}:consensus{height=43 round=0}: Error when processing effect: Messaging(RecvErr)
2025-08-25T09:38:16.401818Z DEBUG node{moniker=app-0}:consensus{height=43 round=0}: Transitioned to new step step.previous=Unstarted step.new=Propose
2025-08-25T09:38:16.401827Z  INFO node{moniker=app-0}:consensus{height=43 round=0}: Scheduling timeout round=0 step=Propose
2025-08-25T09:38:16.402139Z DEBUG node{moniker=app-0}:consensus{height=43 round=0}: Replaying inputs count=0
2025-08-25T09:38:16.408878Z DEBUG node{moniker=app-0}:node{moniker=app-0}: metis-test:consensus-chan recv!!! msg:ReceivedProposalPart { from: PeerId("12D3KooWEFmACkQS9HNWY86xGVM3LS7fRpQ8saTb5VdfdYCzuUvE"), part: StreamMessage { stream_id: StreamId(b"\0\0\0\0\0\0\0+\0\0\0\0\0\0\0\x0e"), sequence: 0, content: Data(Init(ProposalInit { height: Height(43), round: Some(0), proposer: Address(DE7BA2BE72D2225286133990FF5810B691A5261C) })) }, reply: Sender { inner: Some(Inner { state: State { is_complete: false, is_closed: false, is_rx_task_set: true, is_tx_task_set: false } }) } }
2025-08-25T09:38:16.408913Z  INFO node{moniker=app-0}:node{moniker=app-0}: Received proposal part from=12D3KooWEFmACkQS9HNWY86xGVM3LS7fRpQ8saTb5VdfdYCzuUvE part.sequence=0 part.type=init part.size=28
2025-08-25T09:38:16.410000Z DEBUG node{moniker=app-0}:node{moniker=app-0}: metis-test:consensus-chan recv!!! msg:ReceivedProposalPart { from: PeerId("12D3KooWEFmACkQS9HNWY86xGVM3LS7fRpQ8saTb5VdfdYCzuUvE"), part: StreamMessage { stream_id: StreamId(b"\0\0\0\0\0\0\0+\0\0\0\0\0\0\0\x0e"), sequence: 1, content: Data(Data(ProposalData { bytes: "<...>", len: 545 })) }, reply: Sender { inner: Some(Inner { state: State { is_complete: false, is_closed: false, is_rx_task_set: true, is_tx_task_set: false } }) } }
2025-08-25T09:38:16.410021Z  INFO node{moniker=app-0}:node{moniker=app-0}: Received proposal part from=12D3KooWEFmACkQS9HNWY86xGVM3LS7fRpQ8saTb5VdfdYCzuUvE part.sequence=1 part.type=data part.size=551
2025-08-25T09:38:16.410042Z DEBUG node{moniker=app-0}:node{moniker=app-0}: metis-test:consensus-chan recv!!! msg:ReceivedProposalPart { from: PeerId("12D3KooWEFmACkQS9HNWY86xGVM3LS7fRpQ8saTb5VdfdYCzuUvE"), part: StreamMessage { stream_id: StreamId(b"\0\0\0\0\0\0\0+\0\0\0\0\0\0\0\x0e"), sequence: 2, content: Data(Fin(ProposalFin { signature: Signature(Signature { R_bytes: "b5e1e3672f11acdeb8d750d5e6a8968af7c014860d602f4bb0b3c9190fe74d68", s_bytes: "dcca2c645dc961b30d057697b3e821ae22c82de79b5901031fe5041697ef7804" }) })) }, reply: Sender { inner: Some(Inner { state: State { is_complete: false, is_closed: false, is_rx_task_set: true, is_tx_task_set: false } }) } }
2025-08-25T09:38:16.410057Z  INFO node{moniker=app-0}:node{moniker=app-0}: Received proposal part from=12D3KooWEFmACkQS9HNWY86xGVM3LS7fRpQ8saTb5VdfdYCzuUvE part.sequence=2 part.type=fin part.size=70
2025-08-25T09:38:16.410070Z DEBUG node{moniker=app-0}:node{moniker=app-0}: metis-test:consensus-chan recv!!! msg:ReceivedProposalPart { from: PeerId("12D3KooWEFmACkQS9HNWY86xGVM3LS7fRpQ8saTb5VdfdYCzuUvE"), part: StreamMessage { stream_id: StreamId(b"\0\0\0\0\0\0\0+\0\0\0\0\0\0\0\x0e"), sequence: 3, content: Fin }, reply: Sender { inner: Some(Inner { state: State { is_complete: false, is_closed: false, is_rx_task_set: true, is_tx_task_set: false } }) } }
2025-08-25T09:38:16.410078Z  INFO node{moniker=app-0}:node{moniker=app-0}: Received proposal part from=12D3KooWEFmACkQS9HNWY86xGVM3LS7fRpQ8saTb5VdfdYCzuUvE part.sequence=3 part.type=end of stream part.size=0
2025-08-25T09:38:16.410255Z  INFO node{moniker=app-0}:node{moniker=app-0}: Proposal data[0..32]: 6632894bdeb151fc6516709d5b708781b762ab8d9456f075fd05b2fcac2fe519, total_size: 545 bytes, id: 4973e837d70236a3
2025-08-25T09:38:16.419793Z DEBUG node{moniker=app-0}:node{moniker=app-0}: ✅ Received complete proposal: ProposedValue { height: Height(43), round: Some(0), valid_round: Nil, proposer: Address(DE7BA2BE72D2225286133990FF5810B691A5261C), value: Value { value: 5292829313618556579, extensions: b"f2\x89K\xde\xb1Q\xfce\x16p\x9d[p\x87\x81\xb7b\xab\x8d\x94V\xf0u\xfd\x05\xb2\xfc\xac/\xe5\x19********************\xec&\xdf\x94B\xc5\xd4\xa0\xa0\xccSH\xc9`\x11[C\xda\x08\xc7\xae\xf6\xbeNL\xcc_\x13l\xa8\x92\xa6V\xe8\x1f\x17\x1b\xccU\xa6\xff\x83E\xe6\x92\xc0\xf8n[H\xe0\x1b\x99l\xad\xc0\x01b/\xb5\xe3c\xb4!\0\0\0\0\0\0\0\0\0\0\0\0\0\0\0\0\0\0\0\0\0\0\0\0\0\0\0\0\0\0\0\0\0\0\0\0\0\0\0\0\0\0\0\0\0\0\0\0\0\0\0\0\0\0\0\0\0\0\0\0\0\0\0\0\0\0\0\0\0\0\0\0\0\0\0\0\0\0\0\0\0\0\0\0\0\0\0\0\0\0\0\0\0\0\0\0\0\0\0\0\0\0\0\0\0\0\0\0\0\0\0\0\0\0\0\0\0\0\0\0\0\0\0\0\0\0\0\0\0\0\0\0\0\0\0\0\0\0\0\0\0\0\0\0\0\0\0\0\0\0\0\0\0\0\0\0\0\0\0\0\0\0\0\0\0\0\0\0\0\0\0\0\0\0\0\0\0\0\0\0\0\0\0\0\0\0\0\0\0\0\0\0\0\0\0\0\0\0\0\0\0\0\0\0\0\0\0\0\0\0\0\0\0\0\0\0\0\0\0\0\0\0\0\0\0\0\0\0\0\0\0\0\0\0\0\0\0\0\0\0\0\0\0\0\0\0\0\0\0\0\0\0\0\0\0\0\0\0\0\0\0\0\0\0\0\0\0\0\0\0\0\0\0\0\0\0\0\0\0\0\0\0\0\0\0\0\0\0+\0\0\0\0\0\0\0yb\xdd\x01\0\0\0\0\0\0\0\0\0\0\0\0./\xach\0\0\0\0\x10\x02\0\0~\xf60\0\0\0\0\0\0\0\0\0\0\0\0\0\0\0\0\0\0\0\0\0\0\0\0\0\0\0\0\0\xa2\xab\xbd\x06\xc0\xbd\\\xf8@\x89\xc7G\x81n*\xde\xc9F\xbfp\xae\x03O\x93w\x0cn\x12\xd5\x83X\xed!\x02\0\0!\x02\0\0\0\0\0\0\0\0\0\0\0\0\0\0\0\0\0\0reth/v1.4.1/linux" }, validity: Valid }
2025-08-25T09:38:16.420217Z DEBUG node{moniker=app-0}:wal{height=43}: Wrote log entry type=LocallyProposedValue entry.size=598 
2025-08-25T09:38:16.425712Z  INFO node{moniker=app-0}:consensus{height=43 round=0}: Received vote height=43 vote_height=43 address=DE7BA2BE72D2225286133990FF5810B691A5261C Prevote(height: 43, round: 0, value: 4973e837d70236a3, from: DE7BA2BE72D2225286133990FF5810B691A5261C)
2025-08-25T09:38:16.428552Z DEBUG node{moniker=app-0}:wal{height=43}: Wrote log entry type=Consensus(Vote) entry.size=117 
2025-08-25T09:38:16.432700Z  INFO node{moniker=app-0}:consensus{height=43 round=0}: Received proposal consensus.height=43 proposal.height=43 proposal.round=0 proposer=DE7BA2BE72D2225286133990FF5810B691A5261C Proposal(height: 43, round: 0, pol_round: -1, value: 4973e837d70236a3, from: DE7BA2BE72D2225286133990FF5810B691A5261C)
2025-08-25T09:38:16.433252Z DEBUG node{moniker=app-0}:wal{height=43}: Wrote log entry type=Consensus(Proposal) entry.size=667 
2025-08-25T09:38:16.433303Z DEBUG node{moniker=app-0}:consensus{height=43 round=0}: Transitioned to new step step.previous=Propose step.new=Prevote
2025-08-25T09:38:16.440241Z  INFO node{moniker=app-0}:consensus{height=43 round=0}: Received vote height=43 vote_height=43 address=02CB1B49DA09615BD4A12212C39378556D990DFD Precommit(height: 43, round: 0, value: 4973e837d70236a3, from: 02CB1B49DA09615BD4A12212C39378556D990DFD)
2025-08-25T09:38:16.442513Z DEBUG node{moniker=app-0}:wal{height=43}: Wrote log entry type=Consensus(Vote) entry.size=119 
2025-08-25T09:38:16.442835Z  INFO node{moniker=app-0}:consensus{height=43 round=0}: Received vote height=43 vote_height=43 address=02CB1B49DA09615BD4A12212C39378556D990DFD Prevote(height: 43, round: 0, value: 4973e837d70236a3, from: 02CB1B49DA09615BD4A12212C39378556D990DFD)
2025-08-25T09:38:16.442877Z DEBUG node{moniker=app-0}:wal{height=43}: Wrote log entry type=Consensus(Vote) entry.size=117 
2025-08-25T09:38:16.442930Z DEBUG node{moniker=app-0}:consensus{height=43 round=0}: Transitioned to new step step.previous=Prevote step.new=Precommit
2025-08-25T09:38:16.449411Z  INFO node{moniker=app-0}:consensus{height=43 round=0}: Received vote height=43 vote_height=43 address=DE7BA2BE72D2225286133990FF5810B691A5261C Precommit(height: 43, round: 0, value: 4973e837d70236a3, from: DE7BA2BE72D2225286133990FF5810B691A5261C)
2025-08-25T09:38:16.450583Z DEBUG node{moniker=app-0}:wal{height=43}: Wrote log entry type=Consensus(Vote) entry.size=119 
2025-08-25T09:38:16.450699Z DEBUG node{moniker=app-0}:consensus{height=43 round=0}: Transitioned to new step step.previous=Precommit step.new=Commit
2025-08-25T09:38:16.450707Z  INFO node{moniker=app-0}:consensus{height=43 round=0}: Decided round=0 height=43 value=4973e837d70236a3
2025-08-25T09:38:16.456564Z DEBUG node{moniker=app-0}:wal{height=43}: Flushed WAL to disk wal.entries=6 wal.size=1827
2025-08-25T09:38:16.456782Z DEBUG node{moniker=app-0}:sync{height.tip=42 height.sync=43}: Updating request state height.tip=43
2025-08-25T09:38:16.456804Z DEBUG node{moniker=app-0}:node{moniker=app-0}: metis-test:consensus-chan recv!!! msg:Decided { certificate: CommitCertificate { height: Height(43), round: Some(0), value_id: ValueId(5292829313618556579), commit_signatures: [CommitSignature { address: Address(02CB1B49DA09615BD4A12212C39378556D990DFD), signature: Signature(Signature { R_bytes: "e09f7983914d25df4f0ea9d592503bb9fca1bc7958658d860ad182f0afed5f18", s_bytes: "3c883833d02eee53f4a34f9b8f43dcf48306395bf5891e80c12fbb2ef987420b" }) }, CommitSignature { address: Address(DE7BA2BE72D2225286133990FF5810B691A5261C), signature: Signature(Signature { R_bytes: "9402c885c092378c6b17146b940703120d4ba634ff7f056564886f379d9b5423", s_bytes: "c9596ae10bbe9a4370c9b7ca1d1ab51ec98aab0836081079da9cf1d928a4bd0f" }) }] }, extensions: VoteExtensions { extensions: [] }, reply: Sender { inner: Some(Inner { state: State { is_complete: false, is_closed: false, is_rx_task_set: true, is_tx_task_set: false } }) } }
2025-08-25T09:38:16.456829Z  INFO node{moniker=app-0}:node{moniker=app-0}: 🟢🟢 Consensus has decided on value height=43 round=0 value=4973e837d70236a3
2025-08-25T09:38:16.456907Z DEBUG node{moniker=app-0}:node{moniker=app-0}: 🎁 block size: 545, height: 43
2025-08-25T09:38:16.456923Z  INFO node{moniker=app-0}:node{moniker=app-0}: 👉 stats at height 43: #txs=0, txs/s=0.00, chain_bytes=23435, bytes/s=2507.97
2025-08-25T09:38:16.457024Z DEBUG node{moniker=app-0}:node{moniker=app-0}: 🦄 Block at height 43 contains 0 transactions
2025-08-25T09:38:16.464191Z DEBUG node{moniker=app-0}:node{moniker=app-0}: 💡 New block added at height 43 with hash: 0xa2abbd06c0bd5cf84089c747816e2adec946bf70ae034f93770c6e12d58358ed
2025-08-25T09:38:16.464210Z DEBUG node{moniker=app-0}:node{moniker=app-0}: 🟠 set_latest_forkchoice_state: 0xa2abbd06c0bd5cf84089c747816e2adec946bf70ae034f93770c6e12d58358ed
2025-08-25T09:38:16.464883Z DEBUG node{moniker=app-0}:node{moniker=app-0}: ➡️ payload_status: PayloadStatus { status: Valid, latest_valid_hash: Some(0xa2abbd06c0bd5cf84089c747816e2adec946bf70ae034f93770c6e12d58358ed) }
2025-08-25T09:38:16.464900Z DEBUG node{moniker=app-0}:node{moniker=app-0}: 🚀 Forkchoice updated to height 43 for block hash=0xa2abbd06c0bd5cf84089c747816e2adec946bf70ae034f93770c6e12d58358ed and latest_valid_hash=0xa2abbd06c0bd5cf84089c747816e2adec946bf70ae034f93770c6e12d58358ed
2025-08-25T09:38:16.464920Z  INFO node{moniker=app-0}:node{moniker=app-0}: Looking for certificate height=43 round=0
2025-08-25T09:38:16.474695Z  INFO node{moniker=app-0}:node{moniker=app-0}: Committed block_data[0..32]: 6632894bdeb151fc6516709d5b708781b762ab8d9456f075fd05b2fcac2fe519
2025-08-25T09:38:16.490424Z DEBUG node{moniker=app-0}:wal{height=44}: Reset WAL height=44
2025-08-25T09:38:16.490538Z DEBUG node{moniker=app-0}:consensus{height=44 round=0}: No WAL entries to replay height=44
2025-08-25T09:38:16.490571Z  INFO node{moniker=app-0}:consensus{height=44 round=0}: Starting new height height=44
2025-08-25T09:38:16.490577Z  INFO node{moniker=app-0}:consensus{height=44 round=0}: Starting new round height=44 round=0 proposer=815F9FA61D7C4F1E4A9E30D40DCA1115BB48F759 role=Proposer
2025-08-25T09:38:16.490603Z DEBUG node{moniker=app-0}:sync{height.tip=42 height.sync=43}: Starting new height height.tip=43 height.sync=44 restart=false
2025-08-25T09:38:16.490608Z DEBUG node{moniker=app-0}:sync{height.tip=42 height.sync=43}: No peer to request sync from height.sync=44
2025-08-25T09:38:16.492452Z DEBUG node{moniker=app-0}:wal{height=44}: Flushed WAL to disk wal.entries=0 wal.size=12
2025-08-25T09:38:16.492601Z DEBUG node{moniker=app-0}:node{moniker=app-0}: metis-test:consensus-chan recv!!! msg:StartedRound { height: Height(44), round: Some(0), proposer: Address(815F9FA61D7C4F1E4A9E30D40DCA1115BB48F759), role: Proposer, reply_value: Sender { inner: Some(Inner { state: State { is_complete: false, is_closed: false, is_rx_task_set: false, is_tx_task_set: false } }) } }
2025-08-25T09:38:16.492613Z  INFO node{moniker=app-0}:node{moniker=app-0}: 🟢🟢 Started round height=44 round=0 proposer=815F9FA61D7C4F1E4A9E30D40DCA1115BB48F759 role=Proposer
2025-08-25T09:38:16.492625Z ERROR node{moniker=app-0}:consensus{height=44 round=0}: Error when processing effect: Messaging(RecvErr)
2025-08-25T09:38:16.492641Z DEBUG node{moniker=app-0}:consensus{height=44 round=0}: Transitioned to new step step.previous=Unstarted step.new=Propose
2025-08-25T09:38:16.492646Z  INFO node{moniker=app-0}:consensus{height=44 round=0}: Scheduling timeout round=0 step=Propose
2025-08-25T09:38:16.492653Z  INFO node{moniker=app-0}:consensus{height=44 round=0}: Requesting value from application height=44 round=0
2025-08-25T09:38:16.492662Z DEBUG node{moniker=app-0}:consensus{height=44 round=0}: Replaying inputs count=0
2025-08-25T09:38:16.492683Z DEBUG node{moniker=app-0}:node{moniker=app-0}: metis-test:consensus-chan recv!!! msg:GetValue { height: Height(44), round: Some(0), timeout: 3s, reply: Sender { inner: Some(Inner { state: State { is_complete: false, is_closed: false, is_rx_task_set: true, is_tx_task_set: false } }) } }
2025-08-25T09:38:16.492689Z  INFO node{moniker=app-0}:node{moniker=app-0}: 🟢🟢 Consensus is requesting a value to propose height=44 round=0
2025-08-25T09:38:16.492692Z DEBUG node{moniker=app-0}:node{moniker=app-0}: 🟠 generate_block on top of ExecutionBlock { block_hash: 0xa2abbd06c0bd5cf84089c747816e2adec946bf70ae034f93770c6e12d58358ed, block_number: 43, parent_hash: 0xa2abbd06c0bd5cf84089c747816e2adec946bf70ae034f93770c6e12d58358ed, timestamp: 1756114734, prev_randao: 0x0000000000000000000000000000000000000000000000000000000000000000 }
2025-08-25T09:38:16.494733Z DEBUG node{moniker=app-0}:node{moniker=app-0}: 🌈 Got execution payload: ExecutionPayloadV3 { payload_inner: ExecutionPayloadV2 { payload_inner: ExecutionPayloadV1 { parent_hash: 0xa2abbd06c0bd5cf84089c747816e2adec946bf70ae034f93770c6e12d58358ed, fee_recipient: 0x2a2a2a2a2a2a2a2a2a2a2a2a2a2a2a2a2a2a2a2a, state_root: 0xec26df9442c5d4a0a0cc5348c960115b43da08c7aef6be4e4ccc5f136ca892a6, receipts_root: 0x56e81f171bcc55a6ff8345e692c0f86e5b48e01b996cadc001622fb5e363b421, logs_bloom: 0x00000000000000000000000000000000000000000000000000000000000000000000000000000000000000000000000000000000000000000000000000000000000000000000000000000000000000000000000000000000000000000000000000000000000000000000000000000000000000000000000000000000000000000000000000000000000000000000000000000000000000000000000000000000000000000000000000000000000000000000000000000000000000000000000000000000000000000000000000000000000000000000000000000000000000000000000000000000000000000000000000000000000000000000000000000000, prev_randao: 0x0000000000000000000000000000000000000000000000000000000000000000, block_number: 44, gas_limit: 31316432, gas_used: 0, timestamp: 1756114735, extra_data: 0x726574682f76312e342e312f6c696e7578, base_fee_per_gas: 2807727, block_hash: 0x7a2588e21971087cdd1051eb1c116832c3cc6e37f75b33b0322c2380ef5230d2, transactions: [] }, withdrawals: [] }, blob_gas_used: 0, excess_blob_gas: 0 }
2025-08-25T09:38:16.494766Z DEBUG node{moniker=app-0}:node{moniker=app-0}: 🎁 block size: 545, height: 44
2025-08-25T09:38:16.504486Z  INFO node{moniker=app-0}:node{moniker=app-0}: Streaming proposal part: StreamMessage { stream_id: StreamId(b"\0\0\0\0\0\0\0,\0\0\0\0\0\0\0\x0e"), sequence: 0, content: Data(Init(ProposalInit { height: Height(44), round: Some(0), proposer: Address(815F9FA61D7C4F1E4A9E30D40DCA1115BB48F759) })) } height=44 round=0
2025-08-25T09:38:16.504551Z  INFO node{moniker=app-0}:node{moniker=app-0}: Streaming proposal part: StreamMessage { stream_id: StreamId(b"\0\0\0\0\0\0\0,\0\0\0\0\0\0\0\x0e"), sequence: 1, content: Data(Data(ProposalData { bytes: "<...>", len: 545 })) } height=44 round=0
2025-08-25T09:38:16.504585Z  INFO node{moniker=app-0}:node{moniker=app-0}: Streaming proposal part: StreamMessage { stream_id: StreamId(b"\0\0\0\0\0\0\0,\0\0\0\0\0\0\0\x0e"), sequence: 2, content: Data(Fin(ProposalFin { signature: Signature(Signature { R_bytes: "7ef4d8584c910ac0b84798b57d77d5c7357ae4818162f9c653333caf6fa8d73e", s_bytes: "eaa17279c95e8d49d62593f764db8eacd402efc3122dd92ef8e07b3fe0746200" }) })) } height=44 round=0
2025-08-25T09:38:16.504875Z DEBUG node{moniker=app-0}:network: Published message channel=/proposal_parts size=48
2025-08-25T09:38:16.504927Z  INFO node{moniker=app-0}:node{moniker=app-0}: Streaming proposal part: StreamMessage { stream_id: StreamId(b"\0\0\0\0\0\0\0,\0\0\0\0\0\0\0\x0e"), sequence: 3, content: Fin } height=44 round=0
2025-08-25T09:38:16.505036Z DEBUG node{moniker=app-0}:wal{height=44}: Wrote log entry type=LocallyProposedValue entry.size=598 
2025-08-25T09:38:16.505290Z DEBUG node{moniker=app-0}:network: Published message channel=/proposal_parts size=574
2025-08-25T09:38:16.505399Z  INFO node{moniker=app-0}:consensus{height=44 round=0}: Proposing value id=4c24a8adcf0d2ba5 round=0
2025-08-25T09:38:16.505829Z  INFO node{moniker=app-0}:consensus{height=44 round=0}: Received proposal consensus.height=44 proposal.height=44 proposal.round=0 proposer=815F9FA61D7C4F1E4A9E30D40DCA1115BB48F759 Proposal(height: 44, round: 0, pol_round: -1, value: 4c24a8adcf0d2ba5, from: 815F9FA61D7C4F1E4A9E30D40DCA1115BB48F759)
2025-08-25T09:38:16.505854Z DEBUG node{moniker=app-0}:node{moniker=app-0}: ✅ Proposal sent height=44 round=0
2025-08-25T09:38:16.506088Z DEBUG node{moniker=app-0}:network: Published message channel=/proposal_parts size=92
2025-08-25T09:38:16.506281Z DEBUG node{moniker=app-0}:wal{height=44}: Wrote log entry type=Consensus(Proposal) entry.size=667 
2025-08-25T09:38:16.506368Z DEBUG node{moniker=app-0}:network: Published message channel=/proposal_parts size=22
2025-08-25T09:38:16.506537Z DEBUG node{moniker=app-0}:consensus{height=44 round=0}: Transitioned to new step step.previous=Propose step.new=Prevote
2025-08-25T09:38:16.506553Z  INFO node{moniker=app-0}:consensus{height=44 round=0}: Voting vote_type=Prevote value=4c24a8adcf0d2ba5 round=0
2025-08-25T09:38:16.506964Z  INFO node{moniker=app-0}:consensus{height=44 round=0}: Received vote height=44 vote_height=44 address=815F9FA61D7C4F1E4A9E30D40DCA1115BB48F759 Prevote(height: 44, round: 0, value: 4c24a8adcf0d2ba5, from: 815F9FA61D7C4F1E4A9E30D40DCA1115BB48F759)
2025-08-25T09:38:16.507296Z DEBUG node{moniker=app-0}:wal{height=44}: Wrote log entry type=Consensus(Vote) entry.size=117 
2025-08-25T09:38:16.510251Z DEBUG node{moniker=app-0}:wal{height=44}: Flushed WAL to disk wal.entries=3 wal.size=1433
2025-08-25T09:38:16.510861Z DEBUG node{moniker=app-0}:network: Published message channel=/consensus size=108
2025-08-25T09:38:16.516867Z DEBUG node{moniker=app-0}:wal{height=44}: Flushed WAL to disk wal.entries=3 wal.size=1433
2025-08-25T09:38:16.517123Z DEBUG node{moniker=app-0}:network: Published message channel=/consensus size=658
2025-08-25T09:38:16.526746Z  INFO node{moniker=app-0}:consensus{height=44 round=0}: Received vote height=44 vote_height=44 address=02CB1B49DA09615BD4A12212C39378556D990DFD Precommit(height: 44, round: 0, value: 4c24a8adcf0d2ba5, from: 02CB1B49DA09615BD4A12212C39378556D990DFD)
2025-08-25T09:38:16.527410Z DEBUG node{moniker=app-0}:wal{height=44}: Wrote log entry type=Consensus(Vote) entry.size=119 
2025-08-25T09:38:16.528390Z  INFO node{moniker=app-0}:consensus{height=44 round=0}: Received vote height=44 vote_height=44 address=02CB1B49DA09615BD4A12212C39378556D990DFD Prevote(height: 44, round: 0, value: 4c24a8adcf0d2ba5, from: 02CB1B49DA09615BD4A12212C39378556D990DFD)
2025-08-25T09:38:16.528580Z DEBUG node{moniker=app-0}:wal{height=44}: Wrote log entry type=Consensus(Vote) entry.size=117 
2025-08-25T09:38:16.528854Z DEBUG node{moniker=app-0}:consensus{height=44 round=0}: Transitioned to new step step.previous=Prevote step.new=Precommit
2025-08-25T09:38:16.528871Z  INFO node{moniker=app-0}:consensus{height=44 round=0}: Voting vote_type=Precommit value=4c24a8adcf0d2ba5 round=0
2025-08-25T09:38:16.528900Z DEBUG node{moniker=app-0}:node{moniker=app-0}: metis-test:consensus-chan recv!!! msg:ExtendVote { height: Height(44), round: Some(0), value_id: ValueId(5486695710500662181), reply: Sender { inner: Some(Inner { state: State { is_complete: false, is_closed: false, is_rx_task_set: true, is_tx_task_set: false } }) } }
2025-08-25T09:38:16.529191Z  INFO node{moniker=app-0}:consensus{height=44 round=0}: Received vote height=44 vote_height=44 address=815F9FA61D7C4F1E4A9E30D40DCA1115BB48F759 Precommit(height: 44, round: 0, value: 4c24a8adcf0d2ba5, from: 815F9FA61D7C4F1E4A9E30D40DCA1115BB48F759)
2025-08-25T09:38:16.529265Z DEBUG node{moniker=app-0}:wal{height=44}: Wrote log entry type=Consensus(Vote) entry.size=119 
2025-08-25T09:38:16.529303Z DEBUG node{moniker=app-0}:consensus{height=44 round=0}: Transitioned to new step step.previous=Precommit step.new=Commit
2025-08-25T09:38:16.529313Z  INFO node{moniker=app-0}:consensus{height=44 round=0}: Decided round=0 height=44 value=4c24a8adcf0d2ba5
2025-08-25T09:38:16.532598Z DEBUG node{moniker=app-0}:wal{height=44}: Flushed WAL to disk wal.entries=6 wal.size=1827
2025-08-25T09:38:16.532755Z DEBUG node{moniker=app-0}:sync{height.tip=43 height.sync=44}: Updating request state height.tip=44
2025-08-25T09:38:16.532806Z DEBUG node{moniker=app-0}:node{moniker=app-0}: metis-test:consensus-chan recv!!! msg:Decided { certificate: CommitCertificate { height: Height(44), round: Some(0), value_id: ValueId(5486695710500662181), commit_signatures: [CommitSignature { address: Address(02CB1B49DA09615BD4A12212C39378556D990DFD), signature: Signature(Signature { R_bytes: "ad331f822821ce750abb6b0b32ecdf0e538e823ee880dec549e31160b443d98f", s_bytes: "55bf7df420e18dbd663a4b8b148bb7fa7f8c5f158904598855451e4e31583c07" }) }, CommitSignature { address: Address(815F9FA61D7C4F1E4A9E30D40DCA1115BB48F759), signature: Signature(Signature { R_bytes: "7935ee7eec91efc28adea99b85db038254ea283b0cae4bdfc6141069e62e8840", s_bytes: "b62ed29156e8b28778ecee04282f032ab0152406fa86b0e889a47f45c2803f05" }) }] }, extensions: VoteExtensions { extensions: [] }, reply: Sender { inner: Some(Inner { state: State { is_complete: false, is_closed: false, is_rx_task_set: true, is_tx_task_set: false } }) } }
2025-08-25T09:38:16.532852Z  INFO node{moniker=app-0}:node{moniker=app-0}: 🟢🟢 Consensus has decided on value height=44 round=0 value=4c24a8adcf0d2ba5
2025-08-25T09:38:16.533427Z DEBUG node{moniker=app-0}:node{moniker=app-0}: 🎁 block size: 545, height: 44
2025-08-25T09:38:16.533449Z  INFO node{moniker=app-0}:node{moniker=app-0}: 👉 stats at height 44: #txs=0, txs/s=0.00, chain_bytes=23980, bytes/s=2545.45
2025-08-25T09:38:16.533469Z DEBUG node{moniker=app-0}:node{moniker=app-0}: 🦄 Block at height 44 contains 0 transactions
2025-08-25T09:38:16.535648Z DEBUG node{moniker=app-0}:node{moniker=app-0}: 💡 New block added at height 44 with hash: 0x7a2588e21971087cdd1051eb1c116832c3cc6e37f75b33b0322c2380ef5230d2
2025-08-25T09:38:16.535655Z DEBUG node{moniker=app-0}:node{moniker=app-0}: 🟠 set_latest_forkchoice_state: 0x7a2588e21971087cdd1051eb1c116832c3cc6e37f75b33b0322c2380ef5230d2
2025-08-25T09:38:16.536198Z DEBUG node{moniker=app-0}:node{moniker=app-0}: ➡️ payload_status: PayloadStatus { status: Valid, latest_valid_hash: Some(0x7a2588e21971087cdd1051eb1c116832c3cc6e37f75b33b0322c2380ef5230d2) }
2025-08-25T09:38:16.536202Z DEBUG node{moniker=app-0}:node{moniker=app-0}: 🚀 Forkchoice updated to height 44 for block hash=0x7a2588e21971087cdd1051eb1c116832c3cc6e37f75b33b0322c2380ef5230d2 and latest_valid_hash=0x7a2588e21971087cdd1051eb1c116832c3cc6e37f75b33b0322c2380ef5230d2
2025-08-25T09:38:16.536205Z  INFO node{moniker=app-0}:node{moniker=app-0}: Looking for certificate height=44 round=0
2025-08-25T09:38:16.536856Z DEBUG node{moniker=app-0}:wal{height=44}: Flushed WAL to disk wal.entries=6 wal.size=1827
2025-08-25T09:38:16.537181Z DEBUG node{moniker=app-0}:network: Published message channel=/consensus size=110
2025-08-25T09:38:16.541329Z  INFO node{moniker=app-0}:node{moniker=app-0}: Committed block_data[0..32]: a2abbd06c0bd5cf84089c747816e2adec946bf70ae034f93770c6e12d58358ed
2025-08-25T09:38:16.562985Z DEBUG node{moniker=app-0}:wal{height=45}: Reset WAL height=45
2025-08-25T09:38:16.563111Z DEBUG node{moniker=app-0}:consensus{height=45 round=0}: No WAL entries to replay height=45
2025-08-25T09:38:16.563157Z  INFO node{moniker=app-0}:consensus{height=45 round=0}: Starting new height height=45
2025-08-25T09:38:16.563167Z  INFO node{moniker=app-0}:consensus{height=45 round=0}: Starting new round height=45 round=0 proposer=815F9FA61D7C4F1E4A9E30D40DCA1115BB48F759 role=Proposer
2025-08-25T09:38:16.563204Z DEBUG node{moniker=app-0}:sync{height.tip=43 height.sync=44}: Starting new height height.tip=44 height.sync=45 restart=false
2025-08-25T09:38:16.563214Z DEBUG node{moniker=app-0}:sync{height.tip=43 height.sync=44}: No peer to request sync from height.sync=45
2025-08-25T09:38:16.566583Z DEBUG node{moniker=app-0}:wal{height=45}: Flushed WAL to disk wal.entries=0 wal.size=12
2025-08-25T09:38:16.566692Z DEBUG node{moniker=app-0}:node{moniker=app-0}: metis-test:consensus-chan recv!!! msg:StartedRound { height: Height(45), round: Some(0), proposer: Address(815F9FA61D7C4F1E4A9E30D40DCA1115BB48F759), role: Proposer, reply_value: Sender { inner: Some(Inner { state: State { is_complete: false, is_closed: false, is_rx_task_set: false, is_tx_task_set: false } }) } }
2025-08-25T09:38:16.566710Z  INFO node{moniker=app-0}:node{moniker=app-0}: 🟢🟢 Started round height=45 round=0 proposer=815F9FA61D7C4F1E4A9E30D40DCA1115BB48F759 role=Proposer
2025-08-25T09:38:16.566730Z ERROR node{moniker=app-0}:consensus{height=45 round=0}: Error when processing effect: Messaging(RecvErr)
2025-08-25T09:38:16.566754Z DEBUG node{moniker=app-0}:consensus{height=45 round=0}: Transitioned to new step step.previous=Unstarted step.new=Propose
2025-08-25T09:38:16.566762Z  INFO node{moniker=app-0}:consensus{height=45 round=0}: Scheduling timeout round=0 step=Propose
2025-08-25T09:38:16.566773Z  INFO node{moniker=app-0}:consensus{height=45 round=0}: Requesting value from application height=45 round=0
2025-08-25T09:38:16.566788Z DEBUG node{moniker=app-0}:consensus{height=45 round=0}: Replaying inputs count=0
2025-08-25T09:38:16.566818Z DEBUG node{moniker=app-0}:node{moniker=app-0}: metis-test:consensus-chan recv!!! msg:GetValue { height: Height(45), round: Some(0), timeout: 3s, reply: Sender { inner: Some(Inner { state: State { is_complete: false, is_closed: false, is_rx_task_set: true, is_tx_task_set: false } }) } }
2025-08-25T09:38:16.566829Z  INFO node{moniker=app-0}:node{moniker=app-0}: 🟢🟢 Consensus is requesting a value to propose height=45 round=0
2025-08-25T09:38:16.566836Z DEBUG node{moniker=app-0}:node{moniker=app-0}: 🟠 generate_block on top of ExecutionBlock { block_hash: 0x7a2588e21971087cdd1051eb1c116832c3cc6e37f75b33b0322c2380ef5230d2, block_number: 44, parent_hash: 0x7a2588e21971087cdd1051eb1c116832c3cc6e37f75b33b0322c2380ef5230d2, timestamp: 1756114735, prev_randao: 0x0000000000000000000000000000000000000000000000000000000000000000 }
2025-08-25T09:38:16.568225Z DEBUG node{moniker=app-0}:node{moniker=app-0}: 🌈 Got execution payload: ExecutionPayloadV3 { payload_inner: ExecutionPayloadV2 { payload_inner: ExecutionPayloadV1 { parent_hash: 0x7a2588e21971087cdd1051eb1c116832c3cc6e37f75b33b0322c2380ef5230d2, fee_recipient: 0x2a2a2a2a2a2a2a2a2a2a2a2a2a2a2a2a2a2a2a2a, state_root: 0xec26df9442c5d4a0a0cc5348c960115b43da08c7aef6be4e4ccc5f136ca892a6, receipts_root: 0x56e81f171bcc55a6ff8345e692c0f86e5b48e01b996cadc001622fb5e363b421, logs_bloom: 0x00000000000000000000000000000000000000000000000000000000000000000000000000000000000000000000000000000000000000000000000000000000000000000000000000000000000000000000000000000000000000000000000000000000000000000000000000000000000000000000000000000000000000000000000000000000000000000000000000000000000000000000000000000000000000000000000000000000000000000000000000000000000000000000000000000000000000000000000000000000000000000000000000000000000000000000000000000000000000000000000000000000000000000000000000000000, prev_randao: 0x0000000000000000000000000000000000000000000000000000000000000000, block_number: 45, gas_limit: 31347013, gas_used: 0, timestamp: 1756114736, extra_data: 0x726574682f76312e342e312f6c696e7578, base_fee_per_gas: 2456762, block_hash: 0xb860effdff57b30f80b71515d314ce2ff5e9acc540c08151d25ffbc8a6ad79ca, transactions: [] }, withdrawals: [] }, blob_gas_used: 0, excess_blob_gas: 0 }
2025-08-25T09:38:16.568255Z DEBUG node{moniker=app-0}:node{moniker=app-0}: 🎁 block size: 545, height: 45
2025-08-25T09:38:16.581339Z  INFO node{moniker=app-0}:node{moniker=app-0}: Streaming proposal part: StreamMessage { stream_id: StreamId(b"\0\0\0\0\0\0\0-\0\0\0\0\0\0\0\x0f"), sequence: 0, content: Data(Init(ProposalInit { height: Height(45), round: Some(0), proposer: Address(815F9FA61D7C4F1E4A9E30D40DCA1115BB48F759) })) } height=45 round=0
2025-08-25T09:38:16.581368Z  INFO node{moniker=app-0}:node{moniker=app-0}: Streaming proposal part: StreamMessage { stream_id: StreamId(b"\0\0\0\0\0\0\0-\0\0\0\0\0\0\0\x0f"), sequence: 1, content: Data(Data(ProposalData { bytes: "<...>", len: 545 })) } height=45 round=0
2025-08-25T09:38:16.581397Z  INFO node{moniker=app-0}:node{moniker=app-0}: Streaming proposal part: StreamMessage { stream_id: StreamId(b"\0\0\0\0\0\0\0-\0\0\0\0\0\0\0\x0f"), sequence: 2, content: Data(Fin(ProposalFin { signature: Signature(Signature { R_bytes: "f9b87aa1e54919bec51cac52cac2e2923bba2a4fd16d4128b201aab9236e8938", s_bytes: "be34f37ed4bb1daed4cc22c1242c99c4c0f53431a16071e236a35364aa145008" }) })) } height=45 round=0
2025-08-25T09:38:16.581671Z DEBUG node{moniker=app-0}:network: Published message channel=/proposal_parts size=48
2025-08-25T09:38:16.581739Z  INFO node{moniker=app-0}:node{moniker=app-0}: Streaming proposal part: StreamMessage { stream_id: StreamId(b"\0\0\0\0\0\0\0-\0\0\0\0\0\0\0\x0f"), sequence: 3, content: Fin } height=45 round=0
2025-08-25T09:38:16.582612Z DEBUG node{moniker=app-0}:network: Published message channel=/proposal_parts size=574
2025-08-25T09:38:16.582712Z DEBUG node{moniker=app-0}:node{moniker=app-0}: ✅ Proposal sent height=45 round=0
2025-08-25T09:38:16.582865Z DEBUG node{moniker=app-0}:network: Published message channel=/proposal_parts size=92
2025-08-25T09:38:16.583012Z DEBUG node{moniker=app-0}:network: Published message channel=/proposal_parts size=22
2025-08-25T09:38:16.584780Z DEBUG node{moniker=app-0}:wal{height=45}: Wrote log entry type=LocallyProposedValue entry.size=599 
2025-08-25T09:38:16.586256Z  INFO node{moniker=app-0}:consensus{height=45 round=0}: Proposing value id=dc9c4bb2dbe7f930 round=0
2025-08-25T09:38:16.586569Z  INFO node{moniker=app-0}:consensus{height=45 round=0}: Received proposal consensus.height=45 proposal.height=45 proposal.round=0 proposer=815F9FA61D7C4F1E4A9E30D40DCA1115BB48F759 Proposal(height: 45, round: 0, pol_round: -1, value: dc9c4bb2dbe7f930, from: 815F9FA61D7C4F1E4A9E30D40DCA1115BB48F759)
2025-08-25T09:38:16.586700Z DEBUG node{moniker=app-0}:wal{height=45}: Wrote log entry type=Consensus(Proposal) entry.size=668 
2025-08-25T09:38:16.586739Z DEBUG node{moniker=app-0}:consensus{height=45 round=0}: Transitioned to new step step.previous=Propose step.new=Prevote
2025-08-25T09:38:16.586747Z  INFO node{moniker=app-0}:consensus{height=45 round=0}: Voting vote_type=Prevote value=dc9c4bb2dbe7f930 round=0
2025-08-25T09:38:16.587117Z  INFO node{moniker=app-0}:consensus{height=45 round=0}: Received vote height=45 vote_height=45 address=815F9FA61D7C4F1E4A9E30D40DCA1115BB48F759 Prevote(height: 45, round: 0, value: dc9c4bb2dbe7f930, from: 815F9FA61D7C4F1E4A9E30D40DCA1115BB48F759)
2025-08-25T09:38:16.587272Z DEBUG node{moniker=app-0}:wal{height=45}: Wrote log entry type=Consensus(Vote) entry.size=118 
2025-08-25T09:38:16.593312Z DEBUG node{moniker=app-0}:wal{height=45}: Flushed WAL to disk wal.entries=3 wal.size=1436
2025-08-25T09:38:16.593627Z DEBUG node{moniker=app-0}:network: Published message channel=/consensus size=109
2025-08-25T09:38:16.596520Z DEBUG node{moniker=app-0}:wal{height=45}: Flushed WAL to disk wal.entries=3 wal.size=1436
2025-08-25T09:38:16.596878Z DEBUG node{moniker=app-0}:network: Published message channel=/consensus size=659
2025-08-25T09:38:16.611490Z  INFO node{moniker=app-0}:consensus{height=45 round=0}: Received vote height=45 vote_height=45 address=DE7BA2BE72D2225286133990FF5810B691A5261C Precommit(height: 45, round: 0, value: dc9c4bb2dbe7f930, from: DE7BA2BE72D2225286133990FF5810B691A5261C)
2025-08-25T09:38:16.612413Z DEBUG node{moniker=app-0}:wal{height=45}: Wrote log entry type=Consensus(Vote) entry.size=120 
2025-08-25T09:38:16.613738Z  INFO node{moniker=app-0}:consensus{height=45 round=0}: Received vote height=45 vote_height=45 address=DE7BA2BE72D2225286133990FF5810B691A5261C Prevote(height: 45, round: 0, value: dc9c4bb2dbe7f930, from: DE7BA2BE72D2225286133990FF5810B691A5261C)
2025-08-25T09:38:16.613932Z DEBUG node{moniker=app-0}:wal{height=45}: Wrote log entry type=Consensus(Vote) entry.size=118 
2025-08-25T09:38:16.614222Z DEBUG node{moniker=app-0}:consensus{height=45 round=0}: Transitioned to new step step.previous=Prevote step.new=Precommit
2025-08-25T09:38:16.614239Z  INFO node{moniker=app-0}:consensus{height=45 round=0}: Voting vote_type=Precommit value=dc9c4bb2dbe7f930 round=0
2025-08-25T09:38:16.614285Z DEBUG node{moniker=app-0}:node{moniker=app-0}: metis-test:consensus-chan recv!!! msg:ExtendVote { height: Height(45), round: Some(0), value_id: ValueId(15896664016276683056), reply: Sender { inner: Some(Inner { state: State { is_complete: false, is_closed: false, is_rx_task_set: true, is_tx_task_set: false } }) } }
2025-08-25T09:38:16.614705Z  INFO node{moniker=app-0}:consensus{height=45 round=0}: Received vote height=45 vote_height=45 address=815F9FA61D7C4F1E4A9E30D40DCA1115BB48F759 Precommit(height: 45, round: 0, value: dc9c4bb2dbe7f930, from: 815F9FA61D7C4F1E4A9E30D40DCA1115BB48F759)
2025-08-25T09:38:16.614843Z DEBUG node{moniker=app-0}:wal{height=45}: Wrote log entry type=Consensus(Vote) entry.size=120 
2025-08-25T09:38:16.614889Z DEBUG node{moniker=app-0}:consensus{height=45 round=0}: Transitioned to new step step.previous=Precommit step.new=Commit
2025-08-25T09:38:16.614901Z  INFO node{moniker=app-0}:consensus{height=45 round=0}: Decided round=0 height=45 value=dc9c4bb2dbe7f930
2025-08-25T09:38:16.618636Z DEBUG node{moniker=app-0}:wal{height=45}: Flushed WAL to disk wal.entries=6 wal.size=1833
2025-08-25T09:38:16.618873Z DEBUG node{moniker=app-0}:sync{height.tip=44 height.sync=45}: Updating request state height.tip=45
2025-08-25T09:38:16.618899Z DEBUG node{moniker=app-0}:node{moniker=app-0}: metis-test:consensus-chan recv!!! msg:Decided { certificate: CommitCertificate { height: Height(45), round: Some(0), value_id: ValueId(15896664016276683056), commit_signatures: [CommitSignature { address: Address(815F9FA61D7C4F1E4A9E30D40DCA1115BB48F759), signature: Signature(Signature { R_bytes: "a125f24fbee773a450a49a60b08fa077fbd7622aff1519cccdbd58fb51723fe4", s_bytes: "8e662da2d0c28e6f3c96ca33f532be6b7f21b5395bbcb8b59952f4e1424b6906" }) }, CommitSignature { address: Address(DE7BA2BE72D2225286133990FF5810B691A5261C), signature: Signature(Signature { R_bytes: "feda373ad9217b2ffcfbed1af3c466226073923a76951a1f55ca135446ec4a5e", s_bytes: "acb82cdc1a6a1e5b60de4dc892190011a5648c7611be0f884d79772f70cab104" }) }] }, extensions: VoteExtensions { extensions: [] }, reply: Sender { inner: Some(Inner { state: State { is_complete: false, is_closed: false, is_rx_task_set: true, is_tx_task_set: false } }) } }
2025-08-25T09:38:16.618921Z  INFO node{moniker=app-0}:node{moniker=app-0}: 🟢🟢 Consensus has decided on value height=45 round=0 value=dc9c4bb2dbe7f930
2025-08-25T09:38:16.619712Z DEBUG node{moniker=app-0}:node{moniker=app-0}: 🎁 block size: 545, height: 45
2025-08-25T09:38:16.619735Z  INFO node{moniker=app-0}:node{moniker=app-0}: 👉 stats at height 45: #txs=0, txs/s=0.00, chain_bytes=24525, bytes/s=2579.67
2025-08-25T09:38:16.619744Z DEBUG node{moniker=app-0}:node{moniker=app-0}: 🦄 Block at height 45 contains 0 transactions
2025-08-25T09:38:16.621748Z DEBUG node{moniker=app-0}:node{moniker=app-0}: 💡 New block added at height 45 with hash: 0xb860effdff57b30f80b71515d314ce2ff5e9acc540c08151d25ffbc8a6ad79ca
2025-08-25T09:38:16.621754Z DEBUG node{moniker=app-0}:node{moniker=app-0}: 🟠 set_latest_forkchoice_state: 0xb860effdff57b30f80b71515d314ce2ff5e9acc540c08151d25ffbc8a6ad79ca
2025-08-25T09:38:16.622272Z DEBUG node{moniker=app-0}:wal{height=45}: Flushed WAL to disk wal.entries=6 wal.size=1833
2025-08-25T09:38:16.622471Z DEBUG node{moniker=app-0}:network: Published message channel=/consensus size=111
2025-08-25T09:38:16.622685Z DEBUG node{moniker=app-0}:node{moniker=app-0}: ➡️ payload_status: PayloadStatus { status: Valid, latest_valid_hash: Some(0xb860effdff57b30f80b71515d314ce2ff5e9acc540c08151d25ffbc8a6ad79ca) }
2025-08-25T09:38:16.622692Z DEBUG node{moniker=app-0}:node{moniker=app-0}: 🚀 Forkchoice updated to height 45 for block hash=0xb860effdff57b30f80b71515d314ce2ff5e9acc540c08151d25ffbc8a6ad79ca and latest_valid_hash=0xb860effdff57b30f80b71515d314ce2ff5e9acc540c08151d25ffbc8a6ad79ca
2025-08-25T09:38:16.622694Z  INFO node{moniker=app-0}:node{moniker=app-0}: Looking for certificate height=45 round=0
2025-08-25T09:38:16.626492Z  INFO node{moniker=app-0}:node{moniker=app-0}: Committed block_data[0..32]: 7a2588e21971087cdd1051eb1c116832c3cc6e37f75b33b0322c2380ef5230d2
2025-08-25T09:38:16.650269Z DEBUG node{moniker=app-0}:wal{height=46}: Reset WAL height=46
2025-08-25T09:38:16.650490Z DEBUG node{moniker=app-0}:consensus{height=46 round=0}: No WAL entries to replay height=46
2025-08-25T09:38:16.650530Z  INFO node{moniker=app-0}:consensus{height=46 round=0}: Starting new height height=46
2025-08-25T09:38:16.650537Z  INFO node{moniker=app-0}:consensus{height=46 round=0}: Starting new round height=46 round=0 proposer=02CB1B49DA09615BD4A12212C39378556D990DFD role=None
2025-08-25T09:38:16.650564Z DEBUG node{moniker=app-0}:sync{height.tip=44 height.sync=45}: Starting new height height.tip=45 height.sync=46 restart=false
2025-08-25T09:38:16.650570Z DEBUG node{moniker=app-0}:sync{height.tip=44 height.sync=45}: No peer to request sync from height.sync=46
2025-08-25T09:38:16.655154Z DEBUG node{moniker=app-0}:wal{height=46}: Flushed WAL to disk wal.entries=0 wal.size=12
2025-08-25T09:38:16.655318Z DEBUG node{moniker=app-0}:node{moniker=app-0}: metis-test:consensus-chan recv!!! msg:StartedRound { height: Height(46), round: Some(0), proposer: Address(02CB1B49DA09615BD4A12212C39378556D990DFD), role: None, reply_value: Sender { inner: Some(Inner { state: State { is_complete: false, is_closed: false, is_rx_task_set: false, is_tx_task_set: false } }) } }
2025-08-25T09:38:16.655331Z  INFO node{moniker=app-0}:node{moniker=app-0}: 🟢🟢 Started round height=46 round=0 proposer=02CB1B49DA09615BD4A12212C39378556D990DFD role=None
2025-08-25T09:38:16.655347Z ERROR node{moniker=app-0}:consensus{height=46 round=0}: Error when processing effect: Messaging(RecvErr)
2025-08-25T09:38:16.655365Z DEBUG node{moniker=app-0}:consensus{height=46 round=0}: Transitioned to new step step.previous=Unstarted step.new=Propose
2025-08-25T09:38:16.655371Z  INFO node{moniker=app-0}:consensus{height=46 round=0}: Scheduling timeout round=0 step=Propose
2025-08-25T09:38:16.655380Z DEBUG node{moniker=app-0}:consensus{height=46 round=0}: Replaying inputs count=0
2025-08-25T09:38:16.674090Z DEBUG node{moniker=app-0}:node{moniker=app-0}: metis-test:consensus-chan recv!!! msg:ReceivedProposalPart { from: PeerId("12D3KooWR2Quwt2G6MyT6WQkUdfS8nHZu7XcPotkmbhuEoqc94oJ"), part: StreamMessage { stream_id: StreamId(b"\0\0\0\0\0\0\0.\0\0\0\0\0\0\0\x0f"), sequence: 0, content: Data(Init(ProposalInit { height: Height(46), round: Some(0), proposer: Address(02CB1B49DA09615BD4A12212C39378556D990DFD) })) }, reply: Sender { inner: Some(Inner { state: State { is_complete: false, is_closed: false, is_rx_task_set: true, is_tx_task_set: false } }) } }
2025-08-25T09:38:16.674129Z  INFO node{moniker=app-0}:node{moniker=app-0}: Received proposal part from=12D3KooWR2Quwt2G6MyT6WQkUdfS8nHZu7XcPotkmbhuEoqc94oJ part.sequence=0 part.type=init part.size=28
2025-08-25T09:38:16.674160Z DEBUG node{moniker=app-0}:node{moniker=app-0}: metis-test:consensus-chan recv!!! msg:ReceivedProposalPart { from: PeerId("12D3KooWR2Quwt2G6MyT6WQkUdfS8nHZu7XcPotkmbhuEoqc94oJ"), part: StreamMessage { stream_id: StreamId(b"\0\0\0\0\0\0\0.\0\0\0\0\0\0\0\x0f"), sequence: 1, content: Data(Data(ProposalData { bytes: "<...>", len: 545 })) }, reply: Sender { inner: Some(Inner { state: State { is_complete: false, is_closed: false, is_rx_task_set: true, is_tx_task_set: false } }) } }
2025-08-25T09:38:16.674172Z  INFO node{moniker=app-0}:node{moniker=app-0}: Received proposal part from=12D3KooWR2Quwt2G6MyT6WQkUdfS8nHZu7XcPotkmbhuEoqc94oJ part.sequence=1 part.type=data part.size=551
2025-08-25T09:38:16.675676Z DEBUG node{moniker=app-0}:node{moniker=app-0}: metis-test:consensus-chan recv!!! msg:ReceivedProposalPart { from: PeerId("12D3KooWR2Quwt2G6MyT6WQkUdfS8nHZu7XcPotkmbhuEoqc94oJ"), part: StreamMessage { stream_id: StreamId(b"\0\0\0\0\0\0\0.\0\0\0\0\0\0\0\x0f"), sequence: 2, content: Data(Fin(ProposalFin { signature: Signature(Signature { R_bytes: "f5ad7e9a04664f9c010e0705b65a216557b0fee89b3c2a5799b6ac07e29a7c39", s_bytes: "35095afcc898965f68c091e9722afb112aade3d29a0fa95cac3442b6dd3f2c0f" }) })) }, reply: Sender { inner: Some(Inner { state: State { is_complete: false, is_closed: false, is_rx_task_set: true, is_tx_task_set: false } }) } }
2025-08-25T09:38:16.675699Z  INFO node{moniker=app-0}:node{moniker=app-0}: Received proposal part from=12D3KooWR2Quwt2G6MyT6WQkUdfS8nHZu7XcPotkmbhuEoqc94oJ part.sequence=2 part.type=fin part.size=70
2025-08-25T09:38:16.675717Z DEBUG node{moniker=app-0}:node{moniker=app-0}: metis-test:consensus-chan recv!!! msg:ReceivedProposalPart { from: PeerId("12D3KooWR2Quwt2G6MyT6WQkUdfS8nHZu7XcPotkmbhuEoqc94oJ"), part: StreamMessage { stream_id: StreamId(b"\0\0\0\0\0\0\0.\0\0\0\0\0\0\0\x0f"), sequence: 3, content: Fin }, reply: Sender { inner: Some(Inner { state: State { is_complete: false, is_closed: false, is_rx_task_set: true, is_tx_task_set: false } }) } }
2025-08-25T09:38:16.675734Z  INFO node{moniker=app-0}:node{moniker=app-0}: Received proposal part from=12D3KooWR2Quwt2G6MyT6WQkUdfS8nHZu7XcPotkmbhuEoqc94oJ part.sequence=3 part.type=end of stream part.size=0
2025-08-25T09:38:16.675920Z  INFO node{moniker=app-0}:node{moniker=app-0}: Proposal data[0..32]: b860effdff57b30f80b71515d314ce2ff5e9acc540c08151d25ffbc8a6ad79ca, total_size: 545 bytes, id: e6d83434b0a5b141
2025-08-25T09:38:16.679435Z  INFO node{moniker=app-0}:consensus{height=46 round=0}: Received vote height=46 vote_height=46 address=02CB1B49DA09615BD4A12212C39378556D990DFD Prevote(height: 46, round: 0, value: e6d83434b0a5b141, from: 02CB1B49DA09615BD4A12212C39378556D990DFD)
2025-08-25T09:38:16.685457Z DEBUG node{moniker=app-0}:wal{height=46}: Wrote log entry type=Consensus(Vote) entry.size=118 
2025-08-25T09:38:16.685719Z  INFO node{moniker=app-0}:consensus{height=46 round=0}: Received proposal consensus.height=46 proposal.height=46 proposal.round=0 proposer=02CB1B49DA09615BD4A12212C39378556D990DFD Proposal(height: 46, round: 0, pol_round: -1, value: e6d83434b0a5b141, from: 02CB1B49DA09615BD4A12212C39378556D990DFD)
2025-08-25T09:38:16.688487Z DEBUG node{moniker=app-0}:node{moniker=app-0}: ✅ Received complete proposal: ProposedValue { height: Height(46), round: Some(0), valid_round: Nil, proposer: Address(02CB1B49DA09615BD4A12212C39378556D990DFD), value: Value { value: 16634102624599519553, extensions: b"\xb8`\xef\xfd\xffW\xb3\x0f\x80\xb7\x15\x15\xd3\x14\xce/\xf5\xe9\xac\xc5@\xc0\x81Q\xd2_\xfb\xc8\xa6\xady\xca********************\xec&\xdf\x94B\xc5\xd4\xa0\xa0\xccSH\xc9`\x11[C\xda\x08\xc7\xae\xf6\xbeNL\xcc_\x13l\xa8\x92\xa6V\xe8\x1f\x17\x1b\xccU\xa6\xff\x83E\xe6\x92\xc0\xf8n[H\xe0\x1b\x99l\xad\xc0\x01b/\xb5\xe3c\xb4!\0\0\0\0\0\0\0\0\0\0\0\0\0\0\0\0\0\0\0\0\0\0\0\0\0\0\0\0\0\0\0\0\0\0\0\0\0\0\0\0\0\0\0\0\0\0\0\0\0\0\0\0\0\0\0\0\0\0\0\0\0\0\0\0\0\0\0\0\0\0\0\0\0\0\0\0\0\0\0\0\0\0\0\0\0\0\0\0\0\0\0\0\0\0\0\0\0\0\0\0\0\0\0\0\0\0\0\0\0\0\0\0\0\0\0\0\0\0\0\0\0\0\0\0\0\0\0\0\0\0\0\0\0\0\0\0\0\0\0\0\0\0\0\0\0\0\0\0\0\0\0\0\0\0\0\0\0\0\0\0\0\0\0\0\0\0\0\0\0\0\0\0\0\0\0\0\0\0\0\0\0\0\0\0\0\0\0\0\0\0\0\0\0\0\0\0\0\0\0\0\0\0\0\0\0\0\0\0\0\0\0\0\0\0\0\0\0\0\0\0\0\0\0\0\0\0\0\0\0\0\0\0\0\0\0\0\0\0\0\0\0\0\0\0\0\0\0\0\0\0\0\0\0\0\0\0\0\0\0\0\0\0\0\0\0\0\0\0\0\0\0\0\0\0\0\0\0\0\0\0\0\0\0\0\0\0\0\0.\0\0\0\0\0\0\0\xd8\xc8\xde\x01\0\0\0\0\0\0\0\0\0\0\0\01/\xach\0\0\0\0\x10\x02\0\0#\xcd \0\0\0\0\0\0\0\0\0\0\0\0\0\0\0\0\0\0\0\0\0\0\0\0\0\0\0\0\0\xc3\xfaqE\xa4\xb9H\\\x94\xa3\xc3S\">\xc5\xaa\x1a%w\x84\xb0PJB6y\xadE\xc9\x05bp!\x02\0\0!\x02\0\0\0\0\0\0\0\0\0\0\0\0\0\0\0\0\0\0reth/v1.4.1/linux" }, validity: Valid }
2025-08-25T09:38:16.688458Z DEBUG node{moniker=app-0}:wal{height=46}: Wrote log entry type=Consensus(Proposal) entry.size=668 
2025-08-25T09:38:16.688599Z DEBUG node{moniker=app-0}:consensus{height=46 round=0}: No full proposal for this round yet, stored proposal for later proposal.height=46 proposal.round=0
2025-08-25T09:38:16.688653Z DEBUG node{moniker=app-0}:consensus{height=46 round=0}: We have a full proposal for this round, checking... proposal.height=46 proposal.round=0
2025-08-25T09:38:16.688670Z DEBUG node{moniker=app-0}:consensus{height=46 round=0}: Transitioned to new step step.previous=Propose step.new=Prevote
2025-08-25T09:38:16.692764Z  INFO node{moniker=app-0}:consensus{height=46 round=0}: Received vote height=46 vote_height=46 address=DE7BA2BE72D2225286133990FF5810B691A5261C Precommit(height: 46, round: 0, value: e6d83434b0a5b141, from: DE7BA2BE72D2225286133990FF5810B691A5261C)
2025-08-25T09:38:16.694489Z DEBUG node{moniker=app-0}:wal{height=46}: Wrote log entry type=Consensus(Vote) entry.size=120 
2025-08-25T09:38:16.696207Z  INFO node{moniker=app-0}:consensus{height=46 round=0}: Received vote height=46 vote_height=46 address=DE7BA2BE72D2225286133990FF5810B691A5261C Prevote(height: 46, round: 0, value: e6d83434b0a5b141, from: DE7BA2BE72D2225286133990FF5810B691A5261C)
2025-08-25T09:38:16.696517Z DEBUG node{moniker=app-0}:wal{height=46}: Wrote log entry type=Consensus(Vote) entry.size=118 
2025-08-25T09:38:16.696560Z DEBUG node{moniker=app-0}:consensus{height=46 round=0}: Transitioned to new step step.previous=Prevote step.new=Precommit
2025-08-25T09:38:16.707875Z  INFO node{moniker=app-0}:consensus{height=46 round=0}: Received vote height=46 vote_height=46 address=02CB1B49DA09615BD4A12212C39378556D990DFD Precommit(height: 46, round: 0, value: e6d83434b0a5b141, from: 02CB1B49DA09615BD4A12212C39378556D990DFD)
2025-08-25T09:38:16.708615Z DEBUG node{moniker=app-0}:wal{height=46}: Wrote log entry type=Consensus(Vote) entry.size=120 
2025-08-25T09:38:16.708693Z DEBUG node{moniker=app-0}:consensus{height=46 round=0}: Transitioned to new step step.previous=Precommit step.new=Commit
2025-08-25T09:38:16.708703Z  INFO node{moniker=app-0}:consensus{height=46 round=0}: Decided round=0 height=46 value=e6d83434b0a5b141
2025-08-25T09:38:16.711228Z DEBUG node{moniker=app-0}:wal{height=46}: Flushed WAL to disk wal.entries=5 wal.size=1221
2025-08-25T09:38:16.711335Z DEBUG node{moniker=app-0}:sync{height.tip=45 height.sync=46}: Updating request state height.tip=46
2025-08-25T09:38:16.711350Z DEBUG node{moniker=app-0}:node{moniker=app-0}: metis-test:consensus-chan recv!!! msg:Decided { certificate: CommitCertificate { height: Height(46), round: Some(0), value_id: ValueId(16634102624599519553), commit_signatures: [CommitSignature { address: Address(02CB1B49DA09615BD4A12212C39378556D990DFD), signature: Signature(Signature { R_bytes: "bc6f2b4e7e0cc2d65b833fb245c0e3930773c4106dabc39a5a40790aeef3af6a", s_bytes: "9f64dc93f30fc86e3d68cb3089c124859145c28dae049efb11fb652ed25dd608" }) }, CommitSignature { address: Address(DE7BA2BE72D2225286133990FF5810B691A5261C), signature: Signature(Signature { R_bytes: "19c03768b22963c313d8bd2c67c8e5c154cd5665d3eb8923dd78d66621e67fab", s_bytes: "b67ddaeeb8a3048463ae76016fcc94a35db8f9afe58f52025337b2f07eaa1008" }) }] }, extensions: VoteExtensions { extensions: [] }, reply: Sender { inner: Some(Inner { state: State { is_complete: false, is_closed: false, is_rx_task_set: true, is_tx_task_set: false } }) } }
2025-08-25T09:38:16.711372Z  INFO node{moniker=app-0}:node{moniker=app-0}: 🟢🟢 Consensus has decided on value height=46 round=0 value=e6d83434b0a5b141
2025-08-25T09:38:16.711432Z DEBUG node{moniker=app-0}:node{moniker=app-0}: 🎁 block size: 545, height: 46
2025-08-25T09:38:16.711443Z  INFO node{moniker=app-0}:node{moniker=app-0}: 👉 stats at height 46: #txs=0, txs/s=0.00, chain_bytes=25070, bytes/s=2611.80
2025-08-25T09:38:16.711448Z DEBUG node{moniker=app-0}:node{moniker=app-0}: 🦄 Block at height 46 contains 0 transactions
2025-08-25T09:38:16.712342Z DEBUG node{moniker=app-0}:node{moniker=app-0}: 💡 New block added at height 46 with hash: 0xc3fa7145a4b9485c94a3c353223ec5aa1a257784b0504a423679ad45c9056270
2025-08-25T09:38:16.712349Z DEBUG node{moniker=app-0}:node{moniker=app-0}: 🟠 set_latest_forkchoice_state: 0xc3fa7145a4b9485c94a3c353223ec5aa1a257784b0504a423679ad45c9056270
2025-08-25T09:38:16.712930Z DEBUG node{moniker=app-0}:node{moniker=app-0}: ➡️ payload_status: PayloadStatus { status: Valid, latest_valid_hash: Some(0xc3fa7145a4b9485c94a3c353223ec5aa1a257784b0504a423679ad45c9056270) }
2025-08-25T09:38:16.712936Z DEBUG node{moniker=app-0}:node{moniker=app-0}: 🚀 Forkchoice updated to height 46 for block hash=0xc3fa7145a4b9485c94a3c353223ec5aa1a257784b0504a423679ad45c9056270 and latest_valid_hash=0xc3fa7145a4b9485c94a3c353223ec5aa1a257784b0504a423679ad45c9056270
2025-08-25T09:38:16.712939Z  INFO node{moniker=app-0}:node{moniker=app-0}: Looking for certificate height=46 round=0
2025-08-25T09:38:16.719596Z  INFO node{moniker=app-0}:node{moniker=app-0}: Committed block_data[0..32]: b860effdff57b30f80b71515d314ce2ff5e9acc540c08151d25ffbc8a6ad79ca
2025-08-25T09:38:16.743628Z DEBUG node{moniker=app-0}:wal{height=47}: Reset WAL height=47
2025-08-25T09:38:16.743744Z DEBUG node{moniker=app-0}:consensus{height=47 round=0}: No WAL entries to replay height=47
2025-08-25T09:38:16.743796Z  INFO node{moniker=app-0}:consensus{height=47 round=0}: Starting new height height=47
2025-08-25T09:38:16.743804Z  INFO node{moniker=app-0}:consensus{height=47 round=0}: Starting new round height=47 round=0 proposer=02CB1B49DA09615BD4A12212C39378556D990DFD role=Validator
2025-08-25T09:38:16.743848Z DEBUG node{moniker=app-0}:sync{height.tip=45 height.sync=46}: Starting new height height.tip=46 height.sync=47 restart=false
2025-08-25T09:38:16.743855Z DEBUG node{moniker=app-0}:sync{height.tip=45 height.sync=46}: No peer to request sync from height.sync=47
2025-08-25T09:38:16.749643Z DEBUG node{moniker=app-0}:wal{height=47}: Flushed WAL to disk wal.entries=0 wal.size=12
2025-08-25T09:38:16.749772Z DEBUG node{moniker=app-0}:node{moniker=app-0}: metis-test:consensus-chan recv!!! msg:StartedRound { height: Height(47), round: Some(0), proposer: Address(02CB1B49DA09615BD4A12212C39378556D990DFD), role: Validator, reply_value: Sender { inner: Some(Inner { state: State { is_complete: false, is_closed: false, is_rx_task_set: false, is_tx_task_set: false } }) } }
2025-08-25T09:38:16.749790Z  INFO node{moniker=app-0}:node{moniker=app-0}: 🟢🟢 Started round height=47 round=0 proposer=02CB1B49DA09615BD4A12212C39378556D990DFD role=Validator
2025-08-25T09:38:16.749808Z ERROR node{moniker=app-0}:consensus{height=47 round=0}: Error when processing effect: Messaging(RecvErr)
2025-08-25T09:38:16.749836Z DEBUG node{moniker=app-0}:consensus{height=47 round=0}: Transitioned to new step step.previous=Unstarted step.new=Propose
2025-08-25T09:38:16.749844Z  INFO node{moniker=app-0}:consensus{height=47 round=0}: Scheduling timeout round=0 step=Propose
2025-08-25T09:38:16.749857Z DEBUG node{moniker=app-0}:consensus{height=47 round=0}: Replaying inputs count=0
2025-08-25T09:38:16.762599Z DEBUG node{moniker=app-0}:node{moniker=app-0}: metis-test:consensus-chan recv!!! msg:ReceivedProposalPart { from: PeerId("12D3KooWR2Quwt2G6MyT6WQkUdfS8nHZu7XcPotkmbhuEoqc94oJ"), part: StreamMessage { stream_id: StreamId(b"\0\0\0\0\0\0\0/\0\0\0\0\0\0\0\x10"), sequence: 0, content: Data(Init(ProposalInit { height: Height(47), round: Some(0), proposer: Address(02CB1B49DA09615BD4A12212C39378556D990DFD) })) }, reply: Sender { inner: Some(Inner { state: State { is_complete: false, is_closed: false, is_rx_task_set: true, is_tx_task_set: false } }) } }
2025-08-25T09:38:16.762644Z  INFO node{moniker=app-0}:node{moniker=app-0}: Received proposal part from=12D3KooWR2Quwt2G6MyT6WQkUdfS8nHZu7XcPotkmbhuEoqc94oJ part.sequence=0 part.type=init part.size=28
2025-08-25T09:38:16.762677Z DEBUG node{moniker=app-0}:node{moniker=app-0}: metis-test:consensus-chan recv!!! msg:ReceivedProposalPart { from: PeerId("12D3KooWR2Quwt2G6MyT6WQkUdfS8nHZu7XcPotkmbhuEoqc94oJ"), part: StreamMessage { stream_id: StreamId(b"\0\0\0\0\0\0\0/\0\0\0\0\0\0\0\x10"), sequence: 1, content: Data(Data(ProposalData { bytes: "<...>", len: 545 })) }, reply: Sender { inner: Some(Inner { state: State { is_complete: false, is_closed: false, is_rx_task_set: true, is_tx_task_set: false } }) } }
2025-08-25T09:38:16.762687Z  INFO node{moniker=app-0}:node{moniker=app-0}: Received proposal part from=12D3KooWR2Quwt2G6MyT6WQkUdfS8nHZu7XcPotkmbhuEoqc94oJ part.sequence=1 part.type=data part.size=551
2025-08-25T09:38:16.763209Z DEBUG node{moniker=app-0}:node{moniker=app-0}: metis-test:consensus-chan recv!!! msg:ReceivedProposalPart { from: PeerId("12D3KooWR2Quwt2G6MyT6WQkUdfS8nHZu7XcPotkmbhuEoqc94oJ"), part: StreamMessage { stream_id: StreamId(b"\0\0\0\0\0\0\0/\0\0\0\0\0\0\0\x10"), sequence: 2, content: Data(Fin(ProposalFin { signature: Signature(Signature { R_bytes: "3a254eb7f7f5070fb797d6ee57930bc1c0d08e9a91d6ffdd44e4a08bcc7e6b24", s_bytes: "92e2d92599fdfa0aa5aadd3bc3d15f22f7ff75cd7186f5bad2aa0d84d38e6505" }) })) }, reply: Sender { inner: Some(Inner { state: State { is_complete: false, is_closed: false, is_rx_task_set: true, is_tx_task_set: false } }) } }
2025-08-25T09:38:16.763228Z  INFO node{moniker=app-0}:node{moniker=app-0}: Received proposal part from=12D3KooWR2Quwt2G6MyT6WQkUdfS8nHZu7XcPotkmbhuEoqc94oJ part.sequence=2 part.type=fin part.size=70
2025-08-25T09:38:16.763242Z DEBUG node{moniker=app-0}:node{moniker=app-0}: metis-test:consensus-chan recv!!! msg:ReceivedProposalPart { from: PeerId("12D3KooWR2Quwt2G6MyT6WQkUdfS8nHZu7XcPotkmbhuEoqc94oJ"), part: StreamMessage { stream_id: StreamId(b"\0\0\0\0\0\0\0/\0\0\0\0\0\0\0\x10"), sequence: 3, content: Fin }, reply: Sender { inner: Some(Inner { state: State { is_complete: false, is_closed: false, is_rx_task_set: true, is_tx_task_set: false } }) } }
2025-08-25T09:38:16.763249Z  INFO node{moniker=app-0}:node{moniker=app-0}: Received proposal part from=12D3KooWR2Quwt2G6MyT6WQkUdfS8nHZu7XcPotkmbhuEoqc94oJ part.sequence=3 part.type=end of stream part.size=0
2025-08-25T09:38:16.763395Z  INFO node{moniker=app-0}:node{moniker=app-0}: Proposal data[0..32]: c3fa7145a4b9485c94a3c353223ec5aa1a257784b0504a423679ad45c9056270, total_size: 545 bytes, id: adfd06895819147c
2025-08-25T09:38:16.772530Z  INFO node{moniker=app-0}:consensus{height=47 round=0}: Received vote height=47 vote_height=47 address=02CB1B49DA09615BD4A12212C39378556D990DFD Prevote(height: 47, round: 0, value: adfd06895819147c, from: 02CB1B49DA09615BD4A12212C39378556D990DFD)
2025-08-25T09:38:16.774364Z DEBUG node{moniker=app-0}:node{moniker=app-0}: ✅ Received complete proposal: ProposedValue { height: Height(47), round: Some(0), valid_round: Nil, proposer: Address(02CB1B49DA09615BD4A12212C39378556D990DFD), value: Value { value: 12537184124627653756, extensions: b"\xc3\xfaqE\xa4\xb9H\\\x94\xa3\xc3S\">\xc5\xaa\x1a%w\x84\xb0PJB6y\xadE\xc9\x05bp********************\xec&\xdf\x94B\xc5\xd4\xa0\xa0\xccSH\xc9`\x11[C\xda\x08\xc7\xae\xf6\xbeNL\xcc_\x13l\xa8\x92\xa6V\xe8\x1f\x17\x1b\xccU\xa6\xff\x83E\xe6\x92\xc0\xf8n[H\xe0\x1b\x99l\xad\xc0\x01b/\xb5\xe3c\xb4!\0\0\0\0\0\0\0\0\0\0\0\0\0\0\0\0\0\0\0\0\0\0\0\0\0\0\0\0\0\0\0\0\0\0\0\0\0\0\0\0\0\0\0\0\0\0\0\0\0\0\0\0\0\0\0\0\0\0\0\0\0\0\0\0\0\0\0\0\0\0\0\0\0\0\0\0\0\0\0\0\0\0\0\0\0\0\0\0\0\0\0\0\0\0\0\0\0\0\0\0\0\0\0\0\0\0\0\0\0\0\0\0\0\0\0\0\0\0\0\0\0\0\0\0\0\0\0\0\0\0\0\0\0\0\0\0\0\0\0\0\0\0\0\0\0\0\0\0\0\0\0\0\0\0\0\0\0\0\0\0\0\0\0\0\0\0\0\0\0\0\0\0\0\0\0\0\0\0\0\0\0\0\0\0\0\0\0\0\0\0\0\0\0\0\0\0\0\0\0\0\0\0\0\0\0\0\0\0\0\0\0\0\0\0\0\0\0\0\0\0\0\0\0\0\0\0\0\0\0\0\0\0\0\0\0\0\0\0\0\0\0\0\0\0\0\0\0\0\0\0\0\0\0\0\0\0\0\0\0\0\0\0\0\0\0\0\0\0\0\0\0\0\0\0\0\0\0\0\0\0\0\0\0\0\0\0\0\0/\0\0\0\0\0\0\0\x89@\xdf\x01\0\0\0\0\0\0\0\0\0\0\0\02/\xach\0\0\0\0\x10\x02\0\0\x7f\xb3\x1c\0\0\0\0\0\0\0\0\0\0\0\0\0\0\0\0\0\0\0\0\0\0\0\0\0\0\0\0\0q\x0ed\x91\x04\x10S\xa1\xce\xe1Q8y\x98Z&_\xf2\xd90Y\x8b\xfdy\x96\x858+U\xd0\xefP!\x02\0\0!\x02\0\0\0\0\0\0\0\0\0\0\0\0\0\0\0\0\0\0reth/v1.4.1/linux" }, validity: Valid }
2025-08-25T09:38:16.779465Z DEBUG node{moniker=app-0}:wal{height=47}: Wrote log entry type=Consensus(Vote) entry.size=118 
2025-08-25T09:38:16.780066Z DEBUG node{moniker=app-0}:wal{height=47}: Wrote log entry type=LocallyProposedValue entry.size=599 
2025-08-25T09:38:16.780262Z  INFO node{moniker=app-0}:consensus{height=47 round=0}: Received proposal consensus.height=47 proposal.height=47 proposal.round=0 proposer=02CB1B49DA09615BD4A12212C39378556D990DFD Proposal(height: 47, round: 0, pol_round: -1, value: adfd06895819147c, from: 02CB1B49DA09615BD4A12212C39378556D990DFD)
2025-08-25T09:38:16.780458Z DEBUG node{moniker=app-0}:wal{height=47}: Wrote log entry type=Consensus(Proposal) entry.size=668 
2025-08-25T09:38:16.780522Z DEBUG node{moniker=app-0}:consensus{height=47 round=0}: Transitioned to new step step.previous=Propose step.new=Prevote
2025-08-25T09:38:16.780533Z  INFO node{moniker=app-0}:consensus{height=47 round=0}: Voting vote_type=Prevote value=adfd06895819147c round=0
2025-08-25T09:38:16.780696Z  INFO node{moniker=app-0}:consensus{height=47 round=0}: Received vote height=47 vote_height=47 address=815F9FA61D7C4F1E4A9E30D40DCA1115BB48F759 Prevote(height: 47, round: 0, value: adfd06895819147c, from: 815F9FA61D7C4F1E4A9E30D40DCA1115BB48F759)
2025-08-25T09:38:16.780780Z DEBUG node{moniker=app-0}:wal{height=47}: Wrote log entry type=Consensus(Vote) entry.size=118 
2025-08-25T09:38:16.780813Z DEBUG node{moniker=app-0}:consensus{height=47 round=0}: Transitioned to new step step.previous=Prevote step.new=Precommit
2025-08-25T09:38:16.780820Z  INFO node{moniker=app-0}:consensus{height=47 round=0}: Voting vote_type=Precommit value=adfd06895819147c round=0
2025-08-25T09:38:16.781215Z DEBUG node{moniker=app-0}:node{moniker=app-0}: metis-test:consensus-chan recv!!! msg:ExtendVote { height: Height(47), round: Some(0), value_id: ValueId(12537184124627653756), reply: Sender { inner: Some(Inner { state: State { is_complete: false, is_closed: false, is_rx_task_set: true, is_tx_task_set: false } }) } }
2025-08-25T09:38:16.781694Z  INFO node{moniker=app-0}:consensus{height=47 round=0}: Received vote height=47 vote_height=47 address=815F9FA61D7C4F1E4A9E30D40DCA1115BB48F759 Precommit(height: 47, round: 0, value: adfd06895819147c, from: 815F9FA61D7C4F1E4A9E30D40DCA1115BB48F759)
2025-08-25T09:38:16.781875Z DEBUG node{moniker=app-0}:wal{height=47}: Wrote log entry type=Consensus(Vote) entry.size=120 
2025-08-25T09:38:16.785942Z DEBUG node{moniker=app-0}:wal{height=47}: Flushed WAL to disk wal.entries=5 wal.size=1700
2025-08-25T09:38:16.786169Z DEBUG node{moniker=app-0}:network: Published message channel=/consensus size=111
2025-08-25T09:38:16.789584Z DEBUG node{moniker=app-0}:wal{height=47}: Flushed WAL to disk wal.entries=5 wal.size=1700
2025-08-25T09:38:16.790094Z DEBUG node{moniker=app-0}:network: Published message channel=/consensus size=109
2025-08-25T09:38:16.798647Z  INFO node{moniker=app-0}:consensus{height=47 round=0}: Received vote height=47 vote_height=47 address=02CB1B49DA09615BD4A12212C39378556D990DFD Precommit(height: 47, round: 0, value: adfd06895819147c, from: 02CB1B49DA09615BD4A12212C39378556D990DFD)
2025-08-25T09:38:16.800541Z DEBUG node{moniker=app-0}:wal{height=47}: Wrote log entry type=Consensus(Vote) entry.size=120 
2025-08-25T09:38:16.800665Z DEBUG node{moniker=app-0}:consensus{height=47 round=0}: Transitioned to new step step.previous=Precommit step.new=Commit
2025-08-25T09:38:16.800673Z  INFO node{moniker=app-0}:consensus{height=47 round=0}: Decided round=0 height=47 value=adfd06895819147c
2025-08-25T09:38:16.807238Z DEBUG node{moniker=app-0}:wal{height=47}: Flushed WAL to disk wal.entries=6 wal.size=1833
2025-08-25T09:38:16.807350Z DEBUG node{moniker=app-0}:sync{height.tip=46 height.sync=47}: Updating request state height.tip=47
2025-08-25T09:38:16.807363Z DEBUG node{moniker=app-0}:node{moniker=app-0}: metis-test:consensus-chan recv!!! msg:Decided { certificate: CommitCertificate { height: Height(47), round: Some(0), value_id: ValueId(12537184124627653756), commit_signatures: [CommitSignature { address: Address(02CB1B49DA09615BD4A12212C39378556D990DFD), signature: Signature(Signature { R_bytes: "5fd9f74278aae90b45784cc104bddbd6ccd5e0f1347b8bf8d55c0585e8d0d0c4", s_bytes: "a1571872bbd4fad7d5fa27a5db021952c47fb66b3ecdb73300b7a2fbde267802" }) }, CommitSignature { address: Address(815F9FA61D7C4F1E4A9E30D40DCA1115BB48F759), signature: Signature(Signature { R_bytes: "8e78b8506c7bb66905f7d114cca6e7f5635dedad5ae04c78aa107768ed9732b2", s_bytes: "49ca33efbd10d781860d9b9f160b270302b954d33a7859d8888000f74642f40b" }) }] }, extensions: VoteExtensions { extensions: [] }, reply: Sender { inner: Some(Inner { state: State { is_complete: false, is_closed: false, is_rx_task_set: true, is_tx_task_set: false } }) } }
2025-08-25T09:38:16.807380Z  INFO node{moniker=app-0}:node{moniker=app-0}: 🟢🟢 Consensus has decided on value height=47 round=0 value=adfd06895819147c
2025-08-25T09:38:16.807434Z DEBUG node{moniker=app-0}:node{moniker=app-0}: 🎁 block size: 545, height: 47
2025-08-25T09:38:16.807444Z  INFO node{moniker=app-0}:node{moniker=app-0}: 👉 stats at height 47: #txs=0, txs/s=0.00, chain_bytes=25615, bytes/s=2642.16
2025-08-25T09:38:16.807448Z DEBUG node{moniker=app-0}:node{moniker=app-0}: 🦄 Block at height 47 contains 0 transactions
2025-08-25T09:38:16.808089Z DEBUG node{moniker=app-0}:node{moniker=app-0}: 💡 New block added at height 47 with hash: 0x710e6491041053a1cee1513879985a265ff2d930598bfd799685382b55d0ef50
2025-08-25T09:38:16.808095Z DEBUG node{moniker=app-0}:node{moniker=app-0}: 🟠 set_latest_forkchoice_state: 0x710e6491041053a1cee1513879985a265ff2d930598bfd799685382b55d0ef50
2025-08-25T09:38:16.808729Z DEBUG node{moniker=app-0}:node{moniker=app-0}: ➡️ payload_status: PayloadStatus { status: Valid, latest_valid_hash: Some(0x710e6491041053a1cee1513879985a265ff2d930598bfd799685382b55d0ef50) }
2025-08-25T09:38:16.808734Z DEBUG node{moniker=app-0}:node{moniker=app-0}: 🚀 Forkchoice updated to height 47 for block hash=0x710e6491041053a1cee1513879985a265ff2d930598bfd799685382b55d0ef50 and latest_valid_hash=0x710e6491041053a1cee1513879985a265ff2d930598bfd799685382b55d0ef50
2025-08-25T09:38:16.808737Z  INFO node{moniker=app-0}:node{moniker=app-0}: Looking for certificate height=47 round=0
2025-08-25T09:38:16.817621Z  INFO node{moniker=app-0}:node{moniker=app-0}: Committed block_data[0..32]: c3fa7145a4b9485c94a3c353223ec5aa1a257784b0504a423679ad45c9056270
2025-08-25T09:38:16.837902Z DEBUG node{moniker=app-0}:wal{height=48}: Reset WAL height=48
2025-08-25T09:38:16.838593Z DEBUG node{moniker=app-0}:consensus{height=48 round=0}: No WAL entries to replay height=48
2025-08-25T09:38:16.838638Z  INFO node{moniker=app-0}:consensus{height=48 round=0}: Starting new height height=48
2025-08-25T09:38:16.838644Z  INFO node{moniker=app-0}:consensus{height=48 round=0}: Starting new round height=48 round=0 proposer=DE7BA2BE72D2225286133990FF5810B691A5261C role=Validator
2025-08-25T09:38:16.838672Z DEBUG node{moniker=app-0}:sync{height.tip=46 height.sync=47}: Starting new height height.tip=47 height.sync=48 restart=false
2025-08-25T09:38:16.838677Z DEBUG node{moniker=app-0}:sync{height.tip=46 height.sync=47}: No peer to request sync from height.sync=48
2025-08-25T09:38:16.844637Z DEBUG node{moniker=app-0}:wal{height=48}: Flushed WAL to disk wal.entries=0 wal.size=12
2025-08-25T09:38:16.844727Z DEBUG node{moniker=app-0}:node{moniker=app-0}: metis-test:consensus-chan recv!!! msg:StartedRound { height: Height(48), round: Some(0), proposer: Address(DE7BA2BE72D2225286133990FF5810B691A5261C), role: Validator, reply_value: Sender { inner: Some(Inner { state: State { is_complete: false, is_closed: false, is_rx_task_set: false, is_tx_task_set: false } }) } }
2025-08-25T09:38:16.844739Z  INFO node{moniker=app-0}:node{moniker=app-0}: 🟢🟢 Started round height=48 round=0 proposer=DE7BA2BE72D2225286133990FF5810B691A5261C role=Validator
2025-08-25T09:38:16.844752Z ERROR node{moniker=app-0}:consensus{height=48 round=0}: Error when processing effect: Messaging(RecvErr)
2025-08-25T09:38:16.844772Z DEBUG node{moniker=app-0}:consensus{height=48 round=0}: Transitioned to new step step.previous=Unstarted step.new=Propose
2025-08-25T09:38:16.844777Z  INFO node{moniker=app-0}:consensus{height=48 round=0}: Scheduling timeout round=0 step=Propose
2025-08-25T09:38:16.844785Z DEBUG node{moniker=app-0}:consensus{height=48 round=0}: Replaying inputs count=0
2025-08-25T09:38:16.853282Z DEBUG node{moniker=app-0}:node{moniker=app-0}: metis-test:consensus-chan recv!!! msg:ReceivedProposalPart { from: PeerId("12D3KooWEFmACkQS9HNWY86xGVM3LS7fRpQ8saTb5VdfdYCzuUvE"), part: StreamMessage { stream_id: StreamId(b"\0\0\0\0\0\0\00\0\0\0\0\0\0\0\x0f"), sequence: 0, content: Data(Init(ProposalInit { height: Height(48), round: Some(0), proposer: Address(DE7BA2BE72D2225286133990FF5810B691A5261C) })) }, reply: Sender { inner: Some(Inner { state: State { is_complete: false, is_closed: false, is_rx_task_set: true, is_tx_task_set: false } }) } }
2025-08-25T09:38:16.853320Z  INFO node{moniker=app-0}:node{moniker=app-0}: Received proposal part from=12D3KooWEFmACkQS9HNWY86xGVM3LS7fRpQ8saTb5VdfdYCzuUvE part.sequence=0 part.type=init part.size=28
2025-08-25T09:38:16.855354Z DEBUG node{moniker=app-0}:node{moniker=app-0}: metis-test:consensus-chan recv!!! msg:ReceivedProposalPart { from: PeerId("12D3KooWEFmACkQS9HNWY86xGVM3LS7fRpQ8saTb5VdfdYCzuUvE"), part: StreamMessage { stream_id: StreamId(b"\0\0\0\0\0\0\00\0\0\0\0\0\0\0\x0f"), sequence: 1, content: Data(Data(ProposalData { bytes: "<...>", len: 545 })) }, reply: Sender { inner: Some(Inner { state: State { is_complete: false, is_closed: false, is_rx_task_set: true, is_tx_task_set: false } }) } }
2025-08-25T09:38:16.855374Z  INFO node{moniker=app-0}:node{moniker=app-0}: Received proposal part from=12D3KooWEFmACkQS9HNWY86xGVM3LS7fRpQ8saTb5VdfdYCzuUvE part.sequence=1 part.type=data part.size=551
2025-08-25T09:38:16.855391Z DEBUG node{moniker=app-0}:node{moniker=app-0}: metis-test:consensus-chan recv!!! msg:ReceivedProposalPart { from: PeerId("12D3KooWEFmACkQS9HNWY86xGVM3LS7fRpQ8saTb5VdfdYCzuUvE"), part: StreamMessage { stream_id: StreamId(b"\0\0\0\0\0\0\00\0\0\0\0\0\0\0\x0f"), sequence: 2, content: Data(Fin(ProposalFin { signature: Signature(Signature { R_bytes: "1b4169bbeb1b48ac56f4a8d73873004826be82fdea30f58b1d0a63bd6a164daa", s_bytes: "a7fba7f1aafc9c145f8562b1e7cf22f5d3024d60dae91fe852a7f18b4099d60a" }) })) }, reply: Sender { inner: Some(Inner { state: State { is_complete: false, is_closed: false, is_rx_task_set: true, is_tx_task_set: false } }) } }
2025-08-25T09:38:16.855419Z  INFO node{moniker=app-0}:node{moniker=app-0}: Received proposal part from=12D3KooWEFmACkQS9HNWY86xGVM3LS7fRpQ8saTb5VdfdYCzuUvE part.sequence=2 part.type=fin part.size=70
2025-08-25T09:38:16.855451Z DEBUG node{moniker=app-0}:node{moniker=app-0}: metis-test:consensus-chan recv!!! msg:ReceivedProposalPart { from: PeerId("12D3KooWEFmACkQS9HNWY86xGVM3LS7fRpQ8saTb5VdfdYCzuUvE"), part: StreamMessage { stream_id: StreamId(b"\0\0\0\0\0\0\00\0\0\0\0\0\0\0\x0f"), sequence: 3, content: Fin }, reply: Sender { inner: Some(Inner { state: State { is_complete: false, is_closed: false, is_rx_task_set: true, is_tx_task_set: false } }) } }
2025-08-25T09:38:16.855461Z  INFO node{moniker=app-0}:node{moniker=app-0}: Received proposal part from=12D3KooWEFmACkQS9HNWY86xGVM3LS7fRpQ8saTb5VdfdYCzuUvE part.sequence=3 part.type=end of stream part.size=0
2025-08-25T09:38:16.855597Z  INFO node{moniker=app-0}:node{moniker=app-0}: Proposal data[0..32]: 710e6491041053a1cee1513879985a265ff2d930598bfd799685382b55d0ef50, total_size: 545 bytes, id: b2326e56578cc1a3
2025-08-25T09:38:16.858573Z  INFO node{moniker=app-0}:consensus{height=48 round=0}: Received vote height=48 vote_height=48 address=DE7BA2BE72D2225286133990FF5810B691A5261C Prevote(height: 48, round: 0, value: b2326e56578cc1a3, from: DE7BA2BE72D2225286133990FF5810B691A5261C)
2025-08-25T09:38:16.860903Z DEBUG node{moniker=app-0}:wal{height=48}: Wrote log entry type=Consensus(Vote) entry.size=118 
2025-08-25T09:38:16.863067Z  INFO node{moniker=app-0}:consensus{height=48 round=0}: Received proposal consensus.height=48 proposal.height=48 proposal.round=0 proposer=DE7BA2BE72D2225286133990FF5810B691A5261C Proposal(height: 48, round: 0, pol_round: -1, value: b2326e56578cc1a3, from: DE7BA2BE72D2225286133990FF5810B691A5261C)
2025-08-25T09:38:16.864593Z DEBUG node{moniker=app-0}:node{moniker=app-0}: ✅ Received complete proposal: ProposedValue { height: Height(48), round: Some(0), valid_round: Nil, proposer: Address(DE7BA2BE72D2225286133990FF5810B691A5261C), value: Value { value: 12840446804701790627, extensions: b"q\x0ed\x91\x04\x10S\xa1\xce\xe1Q8y\x98Z&_\xf2\xd90Y\x8b\xfdy\x96\x858+U\xd0\xefP********************\xec&\xdf\x94B\xc5\xd4\xa0\xa0\xccSH\xc9`\x11[C\xda\x08\xc7\xae\xf6\xbeNL\xcc_\x13l\xa8\x92\xa6V\xe8\x1f\x17\x1b\xccU\xa6\xff\x83E\xe6\x92\xc0\xf8n[H\xe0\x1b\x99l\xad\xc0\x01b/\xb5\xe3c\xb4!\0\0\0\0\0\0\0\0\0\0\0\0\0\0\0\0\0\0\0\0\0\0\0\0\0\0\0\0\0\0\0\0\0\0\0\0\0\0\0\0\0\0\0\0\0\0\0\0\0\0\0\0\0\0\0\0\0\0\0\0\0\0\0\0\0\0\0\0\0\0\0\0\0\0\0\0\0\0\0\0\0\0\0\0\0\0\0\0\0\0\0\0\0\0\0\0\0\0\0\0\0\0\0\0\0\0\0\0\0\0\0\0\0\0\0\0\0\0\0\0\0\0\0\0\0\0\0\0\0\0\0\0\0\0\0\0\0\0\0\0\0\0\0\0\0\0\0\0\0\0\0\0\0\0\0\0\0\0\0\0\0\0\0\0\0\0\0\0\0\0\0\0\0\0\0\0\0\0\0\0\0\0\0\0\0\0\0\0\0\0\0\0\0\0\0\0\0\0\0\0\0\0\0\0\0\0\0\0\0\0\0\0\0\0\0\0\0\0\0\0\0\0\0\0\0\0\0\0\0\0\0\0\0\0\0\0\0\0\0\0\0\0\0\0\0\0\0\0\0\0\0\0\0\0\0\0\0\0\0\0\0\0\0\0\0\0\0\0\0\0\0\0\0\0\0\0\0\0\0\0\0\0\0\0\0\0\0\00\0\0\0\0\0\0\0X\xb8\xdf\x01\0\0\0\0\0\0\0\0\0\0\0\03/\xach\0\0\0\0\x10\x02\0\0\x10\x1d\x19\0\0\0\0\0\0\0\0\0\0\0\0\0\0\0\0\0\0\0\0\0\0\0\0\0\0\0\0\0\xa2r8<\xa8\xaa\0\x80\x06\xd3\x9eGv\x93\x04\xe2\xbfy\xd0f?k\xd7cxJ5\xa7h_\xe5\xf6!\x02\0\0!\x02\0\0\0\0\0\0\0\0\0\0\0\0\0\0\0\0\0\0reth/v1.4.1/linux" }, validity: Valid }
2025-08-25T09:38:16.865287Z DEBUG node{moniker=app-0}:wal{height=48}: Wrote log entry type=Consensus(Proposal) entry.size=668 
2025-08-25T09:38:16.865360Z DEBUG node{moniker=app-0}:consensus{height=48 round=0}: No full proposal for this round yet, stored proposal for later proposal.height=48 proposal.round=0
2025-08-25T09:38:16.865420Z DEBUG node{moniker=app-0}:consensus{height=48 round=0}: We have a full proposal for this round, checking... proposal.height=48 proposal.round=0
2025-08-25T09:38:16.865450Z DEBUG node{moniker=app-0}:consensus{height=48 round=0}: Transitioned to new step step.previous=Propose step.new=Prevote
2025-08-25T09:38:16.865476Z  INFO node{moniker=app-0}:consensus{height=48 round=0}: Voting vote_type=Prevote value=b2326e56578cc1a3 round=0
2025-08-25T09:38:16.865939Z  INFO node{moniker=app-0}:consensus{height=48 round=0}: Received vote height=48 vote_height=48 address=815F9FA61D7C4F1E4A9E30D40DCA1115BB48F759 Prevote(height: 48, round: 0, value: b2326e56578cc1a3, from: 815F9FA61D7C4F1E4A9E30D40DCA1115BB48F759)
2025-08-25T09:38:16.869625Z DEBUG node{moniker=app-0}:wal{height=48}: Wrote log entry type=Consensus(Vote) entry.size=118 
2025-08-25T09:38:16.870037Z DEBUG node{moniker=app-0}:consensus{height=48 round=0}: Transitioned to new step step.previous=Prevote step.new=Precommit
2025-08-25T09:38:16.870047Z  INFO node{moniker=app-0}:consensus{height=48 round=0}: Voting vote_type=Precommit value=b2326e56578cc1a3 round=0
2025-08-25T09:38:16.870263Z DEBUG node{moniker=app-0}:node{moniker=app-0}: metis-test:consensus-chan recv!!! msg:ExtendVote { height: Height(48), round: Some(0), value_id: ValueId(12840446804701790627), reply: Sender { inner: Some(Inner { state: State { is_complete: false, is_closed: false, is_rx_task_set: true, is_tx_task_set: false } }) } }
2025-08-25T09:38:16.870975Z  INFO node{moniker=app-0}:consensus{height=48 round=0}: Received vote height=48 vote_height=48 address=815F9FA61D7C4F1E4A9E30D40DCA1115BB48F759 Precommit(height: 48, round: 0, value: b2326e56578cc1a3, from: 815F9FA61D7C4F1E4A9E30D40DCA1115BB48F759)
2025-08-25T09:38:16.871055Z DEBUG node{moniker=app-0}:wal{height=48}: Wrote log entry type=Consensus(Vote) entry.size=120 
2025-08-25T09:38:16.874418Z DEBUG node{moniker=app-0}:wal{height=48}: Flushed WAL to disk wal.entries=4 wal.size=1088
2025-08-25T09:38:16.874630Z DEBUG node{moniker=app-0}:network: Published message channel=/consensus size=111
2025-08-25T09:38:16.877833Z DEBUG node{moniker=app-0}:wal{height=48}: Flushed WAL to disk wal.entries=4 wal.size=1088
2025-08-25T09:38:16.878771Z DEBUG node{moniker=app-0}:network: Published message channel=/consensus size=109
2025-08-25T09:38:16.888606Z  INFO node{moniker=app-0}:consensus{height=48 round=0}: Received vote height=48 vote_height=48 address=DE7BA2BE72D2225286133990FF5810B691A5261C Precommit(height: 48, round: 0, value: b2326e56578cc1a3, from: DE7BA2BE72D2225286133990FF5810B691A5261C)
2025-08-25T09:38:16.888804Z DEBUG node{moniker=app-0}:wal{height=48}: Wrote log entry type=Consensus(Vote) entry.size=120 
2025-08-25T09:38:16.888855Z DEBUG node{moniker=app-0}:consensus{height=48 round=0}: Transitioned to new step step.previous=Precommit step.new=Commit
2025-08-25T09:38:16.888862Z  INFO node{moniker=app-0}:consensus{height=48 round=0}: Decided round=0 height=48 value=b2326e56578cc1a3
2025-08-25T09:38:16.896623Z DEBUG node{moniker=app-0}:wal{height=48}: Flushed WAL to disk wal.entries=5 wal.size=1221
2025-08-25T09:38:16.896757Z DEBUG node{moniker=app-0}:sync{height.tip=47 height.sync=48}: Updating request state height.tip=48
2025-08-25T09:38:16.897106Z DEBUG node{moniker=app-0}:node{moniker=app-0}: metis-test:consensus-chan recv!!! msg:Decided { certificate: CommitCertificate { height: Height(48), round: Some(0), value_id: ValueId(12840446804701790627), commit_signatures: [CommitSignature { address: Address(815F9FA61D7C4F1E4A9E30D40DCA1115BB48F759), signature: Signature(Signature { R_bytes: "af18c6cedcc9cef9513859b6d209161aaa6393d724c5f6798b19f80a813eb14d", s_bytes: "970b8d598ad834ab9eae864656bb9637e5667c22f2b465e55769bdfb8f43cd0c" }) }, CommitSignature { address: Address(DE7BA2BE72D2225286133990FF5810B691A5261C), signature: Signature(Signature { R_bytes: "3da0f3df201a0f3516f9457091ab0d22b61f3cb983b31f71a9c4327cb7feaf95", s_bytes: "10b71c342ab9731d741aba0389f6c950cfbc0e27dab9deb4d227f8e14fb8a201" }) }] }, extensions: VoteExtensions { extensions: [] }, reply: Sender { inner: Some(Inner { state: State { is_complete: false, is_closed: false, is_rx_task_set: true, is_tx_task_set: false } }) } }
2025-08-25T09:38:16.897127Z  INFO node{moniker=app-0}:node{moniker=app-0}: 🟢🟢 Consensus has decided on value height=48 round=0 value=b2326e56578cc1a3
2025-08-25T09:38:16.897668Z DEBUG node{moniker=app-0}:node{moniker=app-0}: 🎁 block size: 545, height: 48
2025-08-25T09:38:16.897678Z  INFO node{moniker=app-0}:node{moniker=app-0}: 👉 stats at height 48: #txs=0, txs/s=0.00, chain_bytes=26160, bytes/s=2673.49
2025-08-25T09:38:16.897683Z DEBUG node{moniker=app-0}:node{moniker=app-0}: 🦄 Block at height 48 contains 0 transactions
2025-08-25T09:38:16.898417Z DEBUG node{moniker=app-0}:node{moniker=app-0}: 💡 New block added at height 48 with hash: 0xa272383ca8aa008006d39e47769304e2bf79d0663f6bd763784a35a7685fe5f6
2025-08-25T09:38:16.898423Z DEBUG node{moniker=app-0}:node{moniker=app-0}: 🟠 set_latest_forkchoice_state: 0xa272383ca8aa008006d39e47769304e2bf79d0663f6bd763784a35a7685fe5f6
2025-08-25T09:38:16.899836Z DEBUG node{moniker=app-0}:node{moniker=app-0}: ➡️ payload_status: PayloadStatus { status: Valid, latest_valid_hash: Some(0xa272383ca8aa008006d39e47769304e2bf79d0663f6bd763784a35a7685fe5f6) }
2025-08-25T09:38:16.899915Z DEBUG node{moniker=app-0}:node{moniker=app-0}: 🚀 Forkchoice updated to height 48 for block hash=0xa272383ca8aa008006d39e47769304e2bf79d0663f6bd763784a35a7685fe5f6 and latest_valid_hash=0xa272383ca8aa008006d39e47769304e2bf79d0663f6bd763784a35a7685fe5f6
2025-08-25T09:38:16.899921Z  INFO node{moniker=app-0}:node{moniker=app-0}: Looking for certificate height=48 round=0
2025-08-25T09:38:16.915145Z  INFO node{moniker=app-0}:node{moniker=app-0}: Committed block_data[0..32]: 710e6491041053a1cee1513879985a265ff2d930598bfd799685382b55d0ef50
2025-08-25T09:38:16.932848Z DEBUG node{moniker=app-0}:wal{height=49}: Reset WAL height=49
2025-08-25T09:38:16.933439Z DEBUG node{moniker=app-0}:consensus{height=49 round=0}: No WAL entries to replay height=49
2025-08-25T09:38:16.933526Z  INFO node{moniker=app-0}:consensus{height=49 round=0}: Starting new height height=49
2025-08-25T09:38:16.933533Z  INFO node{moniker=app-0}:consensus{height=49 round=0}: Starting new round height=49 round=0 proposer=DE7BA2BE72D2225286133990FF5810B691A5261C role=None
2025-08-25T09:38:16.933989Z DEBUG node{moniker=app-0}:sync{height.tip=47 height.sync=48}: Starting new height height.tip=48 height.sync=49 restart=false
2025-08-25T09:38:16.933996Z DEBUG node{moniker=app-0}:sync{height.tip=47 height.sync=48}: No peer to request sync from height.sync=49
2025-08-25T09:38:16.943368Z DEBUG node{moniker=app-0}:wal{height=49}: Flushed WAL to disk wal.entries=0 wal.size=12
2025-08-25T09:38:16.943516Z DEBUG node{moniker=app-0}:node{moniker=app-0}: metis-test:consensus-chan recv!!! msg:StartedRound { height: Height(49), round: Some(0), proposer: Address(DE7BA2BE72D2225286133990FF5810B691A5261C), role: None, reply_value: Sender { inner: Some(Inner { state: State { is_complete: false, is_closed: false, is_rx_task_set: false, is_tx_task_set: false } }) } }
2025-08-25T09:38:16.943535Z  INFO node{moniker=app-0}:node{moniker=app-0}: 🟢🟢 Started round height=49 round=0 proposer=DE7BA2BE72D2225286133990FF5810B691A5261C role=None
2025-08-25T09:38:16.943551Z ERROR node{moniker=app-0}:consensus{height=49 round=0}: Error when processing effect: Messaging(RecvErr)
2025-08-25T09:38:16.943571Z DEBUG node{moniker=app-0}:consensus{height=49 round=0}: Transitioned to new step step.previous=Unstarted step.new=Propose
2025-08-25T09:38:16.943577Z  INFO node{moniker=app-0}:consensus{height=49 round=0}: Scheduling timeout round=0 step=Propose
2025-08-25T09:38:16.943586Z DEBUG node{moniker=app-0}:consensus{height=49 round=0}: Replaying inputs count=0
2025-08-25T09:38:16.944955Z DEBUG node{moniker=app-0}:node{moniker=app-0}: metis-test:consensus-chan recv!!! msg:ReceivedProposalPart { from: PeerId("12D3KooWEFmACkQS9HNWY86xGVM3LS7fRpQ8saTb5VdfdYCzuUvE"), part: StreamMessage { stream_id: StreamId(b"\0\0\0\0\0\0\01\0\0\0\0\0\0\0\x10"), sequence: 0, content: Data(Init(ProposalInit { height: Height(49), round: Some(0), proposer: Address(DE7BA2BE72D2225286133990FF5810B691A5261C) })) }, reply: Sender { inner: Some(Inner { state: State { is_complete: false, is_closed: false, is_rx_task_set: true, is_tx_task_set: false } }) } }
2025-08-25T09:38:16.944982Z  INFO node{moniker=app-0}:node{moniker=app-0}: Received proposal part from=12D3KooWEFmACkQS9HNWY86xGVM3LS7fRpQ8saTb5VdfdYCzuUvE part.sequence=0 part.type=init part.size=28
2025-08-25T09:38:16.946066Z DEBUG node{moniker=app-0}:node{moniker=app-0}: metis-test:consensus-chan recv!!! msg:ReceivedProposalPart { from: PeerId("12D3KooWEFmACkQS9HNWY86xGVM3LS7fRpQ8saTb5VdfdYCzuUvE"), part: StreamMessage { stream_id: StreamId(b"\0\0\0\0\0\0\01\0\0\0\0\0\0\0\x10"), sequence: 1, content: Data(Data(ProposalData { bytes: "<...>", len: 545 })) }, reply: Sender { inner: Some(Inner { state: State { is_complete: false, is_closed: false, is_rx_task_set: true, is_tx_task_set: false } }) } }
2025-08-25T09:38:16.946091Z  INFO node{moniker=app-0}:node{moniker=app-0}: Received proposal part from=12D3KooWEFmACkQS9HNWY86xGVM3LS7fRpQ8saTb5VdfdYCzuUvE part.sequence=1 part.type=data part.size=551
2025-08-25T09:38:16.946116Z DEBUG node{moniker=app-0}:node{moniker=app-0}: metis-test:consensus-chan recv!!! msg:ReceivedProposalPart { from: PeerId("12D3KooWEFmACkQS9HNWY86xGVM3LS7fRpQ8saTb5VdfdYCzuUvE"), part: StreamMessage { stream_id: StreamId(b"\0\0\0\0\0\0\01\0\0\0\0\0\0\0\x10"), sequence: 2, content: Data(Fin(ProposalFin { signature: Signature(Signature { R_bytes: "7a10e43878cbe79bf41d6ed9698e5474f6a175f6ca8b4eb613f7853c6434a11a", s_bytes: "a5aeefc71ced2263e24e76480809f20766f94872c4f9a2221a2871d7e69fc30b" }) })) }, reply: Sender { inner: Some(Inner { state: State { is_complete: false, is_closed: false, is_rx_task_set: true, is_tx_task_set: false } }) } }
2025-08-25T09:38:16.946135Z  INFO node{moniker=app-0}:node{moniker=app-0}: Received proposal part from=12D3KooWEFmACkQS9HNWY86xGVM3LS7fRpQ8saTb5VdfdYCzuUvE part.sequence=2 part.type=fin part.size=70
2025-08-25T09:38:16.946908Z DEBUG node{moniker=app-0}:node{moniker=app-0}: metis-test:consensus-chan recv!!! msg:ReceivedProposalPart { from: PeerId("12D3KooWEFmACkQS9HNWY86xGVM3LS7fRpQ8saTb5VdfdYCzuUvE"), part: StreamMessage { stream_id: StreamId(b"\0\0\0\0\0\0\01\0\0\0\0\0\0\0\x10"), sequence: 3, content: Fin }, reply: Sender { inner: Some(Inner { state: State { is_complete: false, is_closed: false, is_rx_task_set: true, is_tx_task_set: false } }) } }
2025-08-25T09:38:16.946923Z  INFO node{moniker=app-0}:node{moniker=app-0}: Received proposal part from=12D3KooWEFmACkQS9HNWY86xGVM3LS7fRpQ8saTb5VdfdYCzuUvE part.sequence=3 part.type=end of stream part.size=0
2025-08-25T09:38:16.947208Z  INFO node{moniker=app-0}:node{moniker=app-0}: Proposal data[0..32]: a272383ca8aa008006d39e47769304e2bf79d0663f6bd763784a35a7685fe5f6, total_size: 545 bytes, id: ce8d657e372af970
2025-08-25T09:38:16.951621Z  INFO node{moniker=app-0}:consensus{height=49 round=0}: Received vote height=49 vote_height=49 address=DE7BA2BE72D2225286133990FF5810B691A5261C Prevote(height: 49, round: 0, value: ce8d657e372af970, from: DE7BA2BE72D2225286133990FF5810B691A5261C)
2025-08-25T09:38:16.959286Z DEBUG node{moniker=app-0}:node{moniker=app-0}: ✅ Received complete proposal: ProposedValue { height: Height(49), round: Some(0), valid_round: Nil, proposer: Address(DE7BA2BE72D2225286133990FF5810B691A5261C), value: Value { value: 14883663936295205232, extensions: b"\xa2r8<\xa8\xaa\0\x80\x06\xd3\x9eGv\x93\x04\xe2\xbfy\xd0f?k\xd7cxJ5\xa7h_\xe5\xf6********************\xec&\xdf\x94B\xc5\xd4\xa0\xa0\xccSH\xc9`\x11[C\xda\x08\xc7\xae\xf6\xbeNL\xcc_\x13l\xa8\x92\xa6V\xe8\x1f\x17\x1b\xccU\xa6\xff\x83E\xe6\x92\xc0\xf8n[H\xe0\x1b\x99l\xad\xc0\x01b/\xb5\xe3c\xb4!\0\0\0\0\0\0\0\0\0\0\0\0\0\0\0\0\0\0\0\0\0\0\0\0\0\0\0\0\0\0\0\0\0\0\0\0\0\0\0\0\0\0\0\0\0\0\0\0\0\0\0\0\0\0\0\0\0\0\0\0\0\0\0\0\0\0\0\0\0\0\0\0\0\0\0\0\0\0\0\0\0\0\0\0\0\0\0\0\0\0\0\0\0\0\0\0\0\0\0\0\0\0\0\0\0\0\0\0\0\0\0\0\0\0\0\0\0\0\0\0\0\0\0\0\0\0\0\0\0\0\0\0\0\0\0\0\0\0\0\0\0\0\0\0\0\0\0\0\0\0\0\0\0\0\0\0\0\0\0\0\0\0\0\0\0\0\0\0\0\0\0\0\0\0\0\0\0\0\0\0\0\0\0\0\0\0\0\0\0\0\0\0\0\0\0\0\0\0\0\0\0\0\0\0\0\0\0\0\0\0\0\0\0\0\0\0\0\0\0\0\0\0\0\0\0\0\0\0\0\0\0\0\0\0\0\0\0\0\0\0\0\0\0\0\0\0\0\0\0\0\0\0\0\0\0\0\0\0\0\0\0\0\0\0\0\0\0\0\0\0\0\0\0\0\0\0\0\0\0\0\0\0\0\0\0\0\0\01\0\0\0\0\0\0\0E0\xe0\x01\0\0\0\0\0\0\0\0\0\0\0\04/\xach\0\0\0\0\x10\x02\0\0n\xf9\x15\0\0\0\0\0\0\0\0\0\0\0\0\0\0\0\0\0\0\0\0\0\0\0\0\0\0\0\0\0}\x01\xafP\xc44\xab\xdcv\xd3\xf5\x9d\x8efgMf+\xf1\xab\x97xER\x88\x0b\x80\xbf8N\x90\xe2!\x02\0\0!\x02\0\0\0\0\0\0\0\0\0\0\0\0\0\0\0\0\0\0reth/v1.4.1/linux" }, validity: Valid }
2025-08-25T09:38:16.959805Z DEBUG node{moniker=app-0}:wal{height=49}: Wrote log entry type=Consensus(Vote) entry.size=118 
2025-08-25T09:38:16.960179Z  INFO node{moniker=app-0}:consensus{height=49 round=0}: Received proposal consensus.height=49 proposal.height=49 proposal.round=0 proposer=DE7BA2BE72D2225286133990FF5810B691A5261C Proposal(height: 49, round: 0, pol_round: -1, value: ce8d657e372af970, from: DE7BA2BE72D2225286133990FF5810B691A5261C)
2025-08-25T09:38:16.960746Z DEBUG node{moniker=app-0}:wal{height=49}: Wrote log entry type=Consensus(Proposal) entry.size=668 
2025-08-25T09:38:16.960813Z DEBUG node{moniker=app-0}:consensus{height=49 round=0}: No full proposal for this round yet, stored proposal for later proposal.height=49 proposal.round=0
2025-08-25T09:38:16.960833Z DEBUG node{moniker=app-0}:consensus{height=49 round=0}: We have a full proposal for this round, checking... proposal.height=49 proposal.round=0
2025-08-25T09:38:16.960846Z DEBUG node{moniker=app-0}:consensus{height=49 round=0}: Transitioned to new step step.previous=Propose step.new=Prevote
2025-08-25T09:38:16.967592Z  INFO node{moniker=app-0}:consensus{height=49 round=0}: Received vote height=49 vote_height=49 address=02CB1B49DA09615BD4A12212C39378556D990DFD Precommit(height: 49, round: 0, value: ce8d657e372af970, from: 02CB1B49DA09615BD4A12212C39378556D990DFD)
2025-08-25T09:38:16.967826Z DEBUG node{moniker=app-0}:wal{height=49}: Wrote log entry type=Consensus(Vote) entry.size=120 
2025-08-25T09:38:16.968546Z  INFO node{moniker=app-0}:consensus{height=49 round=0}: Received vote height=49 vote_height=49 address=02CB1B49DA09615BD4A12212C39378556D990DFD Prevote(height: 49, round: 0, value: ce8d657e372af970, from: 02CB1B49DA09615BD4A12212C39378556D990DFD)
2025-08-25T09:38:16.968951Z DEBUG node{moniker=app-0}:wal{height=49}: Wrote log entry type=Consensus(Vote) entry.size=118 
2025-08-25T09:38:16.969065Z DEBUG node{moniker=app-0}:consensus{height=49 round=0}: Transitioned to new step step.previous=Prevote step.new=Precommit
2025-08-25T09:38:16.985874Z  INFO node{moniker=app-0}:consensus{height=49 round=0}: Received vote height=49 vote_height=49 address=DE7BA2BE72D2225286133990FF5810B691A5261C Precommit(height: 49, round: 0, value: ce8d657e372af970, from: DE7BA2BE72D2225286133990FF5810B691A5261C)
2025-08-25T09:38:16.987161Z DEBUG node{moniker=app-0}:wal{height=49}: Wrote log entry type=Consensus(Vote) entry.size=120 
2025-08-25T09:38:16.987274Z DEBUG node{moniker=app-0}:consensus{height=49 round=0}: Transitioned to new step step.previous=Precommit step.new=Commit
2025-08-25T09:38:16.987284Z  INFO node{moniker=app-0}:consensus{height=49 round=0}: Decided round=0 height=49 value=ce8d657e372af970
2025-08-25T09:38:16.993402Z DEBUG node{moniker=app-0}:wal{height=49}: Flushed WAL to disk wal.entries=5 wal.size=1221
2025-08-25T09:38:16.993527Z DEBUG node{moniker=app-0}:sync{height.tip=48 height.sync=49}: Updating request state height.tip=49
2025-08-25T09:38:16.993546Z DEBUG node{moniker=app-0}:node{moniker=app-0}: metis-test:consensus-chan recv!!! msg:Decided { certificate: CommitCertificate { height: Height(49), round: Some(0), value_id: ValueId(14883663936295205232), commit_signatures: [CommitSignature { address: Address(02CB1B49DA09615BD4A12212C39378556D990DFD), signature: Signature(Signature { R_bytes: "755084f3434db2e1d4b0a1f60071ab421eba2f038976851e00c4ac14a6246721", s_bytes: "b2c5dc2e75793394203e40b67b1d0bd616213ab93757dd6a8a9dcc3b33c78f06" }) }, CommitSignature { address: Address(DE7BA2BE72D2225286133990FF5810B691A5261C), signature: Signature(Signature { R_bytes: "3d05d2d1be028b902073349c570bc1ade5bb6acede973b0e80ea3b381e9a0fda", s_bytes: "92db07db8a1c2179146407fa1fc2032c2a6c22858df35c15f813c2cdd3b91908" }) }] }, extensions: VoteExtensions { extensions: [] }, reply: Sender { inner: Some(Inner { state: State { is_complete: false, is_closed: false, is_rx_task_set: true, is_tx_task_set: false } }) } }
2025-08-25T09:38:16.993568Z  INFO node{moniker=app-0}:node{moniker=app-0}: 🟢🟢 Consensus has decided on value height=49 round=0 value=ce8d657e372af970
2025-08-25T09:38:16.993645Z DEBUG node{moniker=app-0}:node{moniker=app-0}: 🎁 block size: 545, height: 49
2025-08-25T09:38:16.993657Z  INFO node{moniker=app-0}:node{moniker=app-0}: 👉 stats at height 49: #txs=0, txs/s=0.00, chain_bytes=26705, bytes/s=2702.68
2025-08-25T09:38:16.993663Z DEBUG node{moniker=app-0}:node{moniker=app-0}: 🦄 Block at height 49 contains 0 transactions
2025-08-25T09:38:16.995786Z DEBUG node{moniker=app-0}:node{moniker=app-0}: 💡 New block added at height 49 with hash: 0x7d01af50c434abdc76d3f59d8e66674d662bf1ab97784552880b80bf384e90e2
2025-08-25T09:38:16.995796Z DEBUG node{moniker=app-0}:node{moniker=app-0}: 🟠 set_latest_forkchoice_state: 0x7d01af50c434abdc76d3f59d8e66674d662bf1ab97784552880b80bf384e90e2
2025-08-25T09:38:16.997287Z DEBUG node{moniker=app-0}:node{moniker=app-0}: ➡️ payload_status: PayloadStatus { status: Valid, latest_valid_hash: Some(0x7d01af50c434abdc76d3f59d8e66674d662bf1ab97784552880b80bf384e90e2) }
2025-08-25T09:38:16.997297Z DEBUG node{moniker=app-0}:node{moniker=app-0}: 🚀 Forkchoice updated to height 49 for block hash=0x7d01af50c434abdc76d3f59d8e66674d662bf1ab97784552880b80bf384e90e2 and latest_valid_hash=0x7d01af50c434abdc76d3f59d8e66674d662bf1ab97784552880b80bf384e90e2
2025-08-25T09:38:16.997301Z  INFO node{moniker=app-0}:node{moniker=app-0}: Looking for certificate height=49 round=0
2025-08-25T09:38:17.004363Z  INFO node{moniker=app-0}:node{moniker=app-0}: Committed block_data[0..32]: a272383ca8aa008006d39e47769304e2bf79d0663f6bd763784a35a7685fe5f6
2025-08-25T09:38:17.021003Z DEBUG node{moniker=app-0}:wal{height=50}: Reset WAL height=50
2025-08-25T09:38:17.022182Z DEBUG node{moniker=app-0}:consensus{height=50 round=0}: No WAL entries to replay height=50
2025-08-25T09:38:17.022217Z  INFO node{moniker=app-0}:consensus{height=50 round=0}: Starting new height height=50
2025-08-25T09:38:17.022222Z  INFO node{moniker=app-0}:consensus{height=50 round=0}: Starting new round height=50 round=0 proposer=815F9FA61D7C4F1E4A9E30D40DCA1115BB48F759 role=Proposer
2025-08-25T09:38:17.022416Z DEBUG node{moniker=app-0}:sync{height.tip=48 height.sync=49}: Starting new height height.tip=49 height.sync=50 restart=false
2025-08-25T09:38:17.022423Z DEBUG node{moniker=app-0}:sync{height.tip=48 height.sync=49}: No peer to request sync from height.sync=50
2025-08-25T09:38:17.027606Z DEBUG node{moniker=app-0}:wal{height=50}: Flushed WAL to disk wal.entries=0 wal.size=12
2025-08-25T09:38:17.027716Z DEBUG node{moniker=app-0}:node{moniker=app-0}: metis-test:consensus-chan recv!!! msg:StartedRound { height: Height(50), round: Some(0), proposer: Address(815F9FA61D7C4F1E4A9E30D40DCA1115BB48F759), role: Proposer, reply_value: Sender { inner: Some(Inner { state: State { is_complete: false, is_closed: false, is_rx_task_set: false, is_tx_task_set: false } }) } }
2025-08-25T09:38:17.027732Z  INFO node{moniker=app-0}:node{moniker=app-0}: 🟢🟢 Started round height=50 round=0 proposer=815F9FA61D7C4F1E4A9E30D40DCA1115BB48F759 role=Proposer
2025-08-25T09:38:17.027746Z ERROR node{moniker=app-0}:consensus{height=50 round=0}: Error when processing effect: Messaging(RecvErr)
2025-08-25T09:38:17.027780Z DEBUG node{moniker=app-0}:consensus{height=50 round=0}: Transitioned to new step step.previous=Unstarted step.new=Propose
2025-08-25T09:38:17.027786Z  INFO node{moniker=app-0}:consensus{height=50 round=0}: Scheduling timeout round=0 step=Propose
2025-08-25T09:38:17.027793Z  INFO node{moniker=app-0}:consensus{height=50 round=0}: Requesting value from application height=50 round=0
2025-08-25T09:38:17.027803Z DEBUG node{moniker=app-0}:consensus{height=50 round=0}: Replaying inputs count=0
2025-08-25T09:38:17.027830Z DEBUG node{moniker=app-0}:node{moniker=app-0}: metis-test:consensus-chan recv!!! msg:GetValue { height: Height(50), round: Some(0), timeout: 3s, reply: Sender { inner: Some(Inner { state: State { is_complete: false, is_closed: false, is_rx_task_set: true, is_tx_task_set: false } }) } }
2025-08-25T09:38:17.027837Z  INFO node{moniker=app-0}:node{moniker=app-0}: 🟢🟢 Consensus is requesting a value to propose height=50 round=0
2025-08-25T09:38:17.027841Z DEBUG node{moniker=app-0}:node{moniker=app-0}: 🟠 generate_block on top of ExecutionBlock { block_hash: 0x7d01af50c434abdc76d3f59d8e66674d662bf1ab97784552880b80bf384e90e2, block_number: 49, parent_hash: 0x7d01af50c434abdc76d3f59d8e66674d662bf1ab97784552880b80bf384e90e2, timestamp: 1756114740, prev_randao: 0x0000000000000000000000000000000000000000000000000000000000000000 }
2025-08-25T09:38:17.031334Z DEBUG node{moniker=app-0}:node{moniker=app-0}: 🌈 Got execution payload: ExecutionPayloadV3 { payload_inner: ExecutionPayloadV2 { payload_inner: ExecutionPayloadV1 { parent_hash: 0x7d01af50c434abdc76d3f59d8e66674d662bf1ab97784552880b80bf384e90e2, fee_recipient: 0x2a2a2a2a2a2a2a2a2a2a2a2a2a2a2a2a2a2a2a2a, state_root: 0xec26df9442c5d4a0a0cc5348c960115b43da08c7aef6be4e4ccc5f136ca892a6, receipts_root: 0x56e81f171bcc55a6ff8345e692c0f86e5b48e01b996cadc001622fb5e363b421, logs_bloom: 0x00000000000000000000000000000000000000000000000000000000000000000000000000000000000000000000000000000000000000000000000000000000000000000000000000000000000000000000000000000000000000000000000000000000000000000000000000000000000000000000000000000000000000000000000000000000000000000000000000000000000000000000000000000000000000000000000000000000000000000000000000000000000000000000000000000000000000000000000000000000000000000000000000000000000000000000000000000000000000000000000000000000000000000000000000000000, prev_randao: 0x0000000000000000000000000000000000000000000000000000000000000000, block_number: 50, gas_limit: 31500368, gas_used: 0, timestamp: 1756114741, extra_data: 0x726574682f76312e342e312f6c696e7578, base_fee_per_gas: 1260097, block_hash: 0x350c009a58fb9db704bab7fad86744434a3a5feb8e4fad9396b99a8447318946, transactions: [] }, withdrawals: [] }, blob_gas_used: 0, excess_blob_gas: 0 }
2025-08-25T09:38:17.031353Z DEBUG node{moniker=app-0}:node{moniker=app-0}: 🎁 block size: 545, height: 50
2025-08-25T09:38:17.042578Z  INFO node{moniker=app-0}:node{moniker=app-0}: Streaming proposal part: StreamMessage { stream_id: StreamId(b"\0\0\0\0\0\0\02\0\0\0\0\0\0\0\x10"), sequence: 0, content: Data(Init(ProposalInit { height: Height(50), round: Some(0), proposer: Address(815F9FA61D7C4F1E4A9E30D40DCA1115BB48F759) })) } height=50 round=0
2025-08-25T09:38:17.042608Z  INFO node{moniker=app-0}:node{moniker=app-0}: Streaming proposal part: StreamMessage { stream_id: StreamId(b"\0\0\0\0\0\0\02\0\0\0\0\0\0\0\x10"), sequence: 1, content: Data(Data(ProposalData { bytes: "<...>", len: 545 })) } height=50 round=0
2025-08-25T09:38:17.042633Z  INFO node{moniker=app-0}:node{moniker=app-0}: Streaming proposal part: StreamMessage { stream_id: StreamId(b"\0\0\0\0\0\0\02\0\0\0\0\0\0\0\x10"), sequence: 2, content: Data(Fin(ProposalFin { signature: Signature(Signature { R_bytes: "aa9b990f9ad3ab954266607d9612393a38d0136ab61b9808f5e35e0f782e5aab", s_bytes: "cc39f6086d4133828baee9c9049b04a00640bf1aed3bac36027a2f140e54ec0f" }) })) } height=50 round=0
2025-08-25T09:38:17.042778Z DEBUG node{moniker=app-0}:network: Published message channel=/proposal_parts size=48
2025-08-25T09:38:17.042816Z  INFO node{moniker=app-0}:node{moniker=app-0}: Streaming proposal part: StreamMessage { stream_id: StreamId(b"\0\0\0\0\0\0\02\0\0\0\0\0\0\0\x10"), sequence: 3, content: Fin } height=50 round=0
2025-08-25T09:38:17.042878Z DEBUG node{moniker=app-0}:wal{height=50}: Wrote log entry type=LocallyProposedValue entry.size=598 
2025-08-25T09:38:17.043049Z DEBUG node{moniker=app-0}:network: Published message channel=/proposal_parts size=574
2025-08-25T09:38:17.043111Z DEBUG node{moniker=app-0}:node{moniker=app-0}: ✅ Proposal sent height=50 round=0
2025-08-25T09:38:17.043215Z DEBUG node{moniker=app-0}:network: Published message channel=/proposal_parts size=92
2025-08-25T09:38:17.043237Z  INFO node{moniker=app-0}:consensus{height=50 round=0}: Proposing value id=67ce0d5cffba80ff round=0
2025-08-25T09:38:17.043509Z  INFO node{moniker=app-0}:consensus{height=50 round=0}: Received proposal consensus.height=50 proposal.height=50 proposal.round=0 proposer=815F9FA61D7C4F1E4A9E30D40DCA1115BB48F759 Proposal(height: 50, round: 0, pol_round: -1, value: 67ce0d5cffba80ff, from: 815F9FA61D7C4F1E4A9E30D40DCA1115BB48F759)
2025-08-25T09:38:17.043716Z DEBUG node{moniker=app-0}:network: Published message channel=/proposal_parts size=22
2025-08-25T09:38:17.044014Z DEBUG node{moniker=app-0}:wal{height=50}: Wrote log entry type=Consensus(Proposal) entry.size=667 
2025-08-25T09:38:17.044083Z DEBUG node{moniker=app-0}:consensus{height=50 round=0}: Transitioned to new step step.previous=Propose step.new=Prevote
2025-08-25T09:38:17.044092Z  INFO node{moniker=app-0}:consensus{height=50 round=0}: Voting vote_type=Prevote value=67ce0d5cffba80ff round=0
2025-08-25T09:38:17.044300Z  INFO node{moniker=app-0}:consensus{height=50 round=0}: Received vote height=50 vote_height=50 address=815F9FA61D7C4F1E4A9E30D40DCA1115BB48F759 Prevote(height: 50, round: 0, value: 67ce0d5cffba80ff, from: 815F9FA61D7C4F1E4A9E30D40DCA1115BB48F759)
2025-08-25T09:38:17.044478Z DEBUG node{moniker=app-0}:wal{height=50}: Wrote log entry type=Consensus(Vote) entry.size=117 
2025-08-25T09:38:17.047443Z DEBUG node{moniker=app-0}:wal{height=50}: Flushed WAL to disk wal.entries=3 wal.size=1433
2025-08-25T09:38:17.047736Z DEBUG node{moniker=app-0}:network: Published message channel=/consensus size=108
2025-08-25T09:38:17.052276Z DEBUG node{moniker=app-0}:wal{height=50}: Flushed WAL to disk wal.entries=3 wal.size=1433
2025-08-25T09:38:17.052712Z DEBUG node{moniker=app-0}:network: Published message channel=/consensus size=658
2025-08-25T09:38:17.059568Z DEBUG node{moniker=app-0}:sync{height.tip=49 height.sync=50}: Received peer status status.peer_id=12D3KooWEFmACkQS9HNWY86xGVM3LS7fRpQ8saTb5VdfdYCzuUvE status.tip_height=49
2025-08-25T09:38:17.064684Z  INFO node{moniker=app-0}:consensus{height=50 round=0}: Received vote height=50 vote_height=50 address=02CB1B49DA09615BD4A12212C39378556D990DFD Precommit(height: 50, round: 0, value: 67ce0d5cffba80ff, from: 02CB1B49DA09615BD4A12212C39378556D990DFD)
2025-08-25T09:38:17.064834Z DEBUG node{moniker=app-0}:wal{height=50}: Wrote log entry type=Consensus(Vote) entry.size=119 
2025-08-25T09:38:17.065293Z  INFO node{moniker=app-0}:consensus{height=50 round=0}: Received vote height=50 vote_height=50 address=02CB1B49DA09615BD4A12212C39378556D990DFD Prevote(height: 50, round: 0, value: 67ce0d5cffba80ff, from: 02CB1B49DA09615BD4A12212C39378556D990DFD)
2025-08-25T09:38:17.065349Z DEBUG node{moniker=app-0}:wal{height=50}: Wrote log entry type=Consensus(Vote) entry.size=117 
2025-08-25T09:38:17.065470Z DEBUG node{moniker=app-0}:consensus{height=50 round=0}: Transitioned to new step step.previous=Prevote step.new=Precommit
2025-08-25T09:38:17.065478Z  INFO node{moniker=app-0}:consensus{height=50 round=0}: Voting vote_type=Precommit value=67ce0d5cffba80ff round=0
2025-08-25T09:38:17.065495Z DEBUG node{moniker=app-0}:node{moniker=app-0}: metis-test:consensus-chan recv!!! msg:ExtendVote { height: Height(50), round: Some(0), value_id: ValueId(7479930724187537663), reply: Sender { inner: Some(Inner { state: State { is_complete: false, is_closed: false, is_rx_task_set: true, is_tx_task_set: false } }) } }
2025-08-25T09:38:17.065663Z  INFO node{moniker=app-0}:consensus{height=50 round=0}: Received vote height=50 vote_height=50 address=815F9FA61D7C4F1E4A9E30D40DCA1115BB48F759 Precommit(height: 50, round: 0, value: 67ce0d5cffba80ff, from: 815F9FA61D7C4F1E4A9E30D40DCA1115BB48F759)
2025-08-25T09:38:17.065758Z DEBUG node{moniker=app-0}:wal{height=50}: Wrote log entry type=Consensus(Vote) entry.size=119 
2025-08-25T09:38:17.065782Z DEBUG node{moniker=app-0}:consensus{height=50 round=0}: Transitioned to new step step.previous=Precommit step.new=Commit
2025-08-25T09:38:17.065786Z  INFO node{moniker=app-0}:consensus{height=50 round=0}: Decided round=0 height=50 value=67ce0d5cffba80ff
2025-08-25T09:38:17.067213Z DEBUG node{moniker=app-0}:wal{height=50}: Flushed WAL to disk wal.entries=6 wal.size=1827
2025-08-25T09:38:17.067257Z DEBUG node{moniker=app-0}:sync{height.tip=49 height.sync=50}: Updating request state height.tip=50
2025-08-25T09:38:17.067273Z DEBUG node{moniker=app-0}:node{moniker=app-0}: metis-test:consensus-chan recv!!! msg:Decided { certificate: CommitCertificate { height: Height(50), round: Some(0), value_id: ValueId(7479930724187537663), commit_signatures: [CommitSignature { address: Address(02CB1B49DA09615BD4A12212C39378556D990DFD), signature: Signature(Signature { R_bytes: "80c093fa3e74192e314d3cb54a8221d95adc16e1f18839f51051ee423b8f1300", s_bytes: "69bc26dfcf41f9aeec1df697bc15c0f255c786eb0bfcb566c7fb57169790a800" }) }, CommitSignature { address: Address(815F9FA61D7C4F1E4A9E30D40DCA1115BB48F759), signature: Signature(Signature { R_bytes: "c5c1d1ae6c07dcd6178dada60a6d6c91745a95d5e812cbed311f92b2ec56ca33", s_bytes: "202f009c06d41e6f3965c6e574d239d76bd32561a0b62d2336183a8a0eb5cc01" }) }] }, extensions: VoteExtensions { extensions: [] }, reply: Sender { inner: Some(Inner { state: State { is_complete: false, is_closed: false, is_rx_task_set: true, is_tx_task_set: false } }) } }
2025-08-25T09:38:17.067289Z  INFO node{moniker=app-0}:node{moniker=app-0}: 🟢🟢 Consensus has decided on value height=50 round=0 value=67ce0d5cffba80ff
2025-08-25T09:38:17.067365Z DEBUG node{moniker=app-0}:node{moniker=app-0}: 🎁 block size: 545, height: 50
2025-08-25T09:38:17.067375Z  INFO node{moniker=app-0}:node{moniker=app-0}: 👉 stats at height 50: #txs=0, txs/s=0.00, chain_bytes=27250, bytes/s=2737.41
2025-08-25T09:38:17.067379Z DEBUG node{moniker=app-0}:node{moniker=app-0}: 🦄 Block at height 50 contains 0 transactions
2025-08-25T09:38:17.068988Z DEBUG node{moniker=app-0}:wal{height=50}: Flushed WAL to disk wal.entries=6 wal.size=1827
2025-08-25T09:38:17.069699Z DEBUG node{moniker=app-0}:network: Published message channel=/consensus size=110
2025-08-25T09:38:17.072064Z DEBUG node{moniker=app-0}:node{moniker=app-0}: 💡 New block added at height 50 with hash: 0x350c009a58fb9db704bab7fad86744434a3a5feb8e4fad9396b99a8447318946
2025-08-25T09:38:17.072072Z DEBUG node{moniker=app-0}:node{moniker=app-0}: 🟠 set_latest_forkchoice_state: 0x350c009a58fb9db704bab7fad86744434a3a5feb8e4fad9396b99a8447318946
2025-08-25T09:38:17.072795Z DEBUG node{moniker=app-0}:node{moniker=app-0}: ➡️ payload_status: PayloadStatus { status: Valid, latest_valid_hash: Some(0x350c009a58fb9db704bab7fad86744434a3a5feb8e4fad9396b99a8447318946) }
2025-08-25T09:38:17.072802Z DEBUG node{moniker=app-0}:node{moniker=app-0}: 🚀 Forkchoice updated to height 50 for block hash=0x350c009a58fb9db704bab7fad86744434a3a5feb8e4fad9396b99a8447318946 and latest_valid_hash=0x350c009a58fb9db704bab7fad86744434a3a5feb8e4fad9396b99a8447318946
2025-08-25T09:38:17.072805Z  INFO node{moniker=app-0}:node{moniker=app-0}: Looking for certificate height=50 round=0
2025-08-25T09:38:17.079923Z  INFO node{moniker=app-0}:node{moniker=app-0}: Committed block_data[0..32]: 7d01af50c434abdc76d3f59d8e66674d662bf1ab97784552880b80bf384e90e2
2025-08-25T09:38:17.104156Z DEBUG node{moniker=app-0}:wal{height=51}: Reset WAL height=51
2025-08-25T09:38:17.106306Z DEBUG node{moniker=app-0}:consensus{height=51 round=0}: No WAL entries to replay height=51
2025-08-25T09:38:17.106354Z  INFO node{moniker=app-0}:consensus{height=51 round=0}: Starting new height height=51
2025-08-25T09:38:17.106361Z  INFO node{moniker=app-0}:consensus{height=51 round=0}: Starting new round height=51 round=0 proposer=815F9FA61D7C4F1E4A9E30D40DCA1115BB48F759 role=Proposer
2025-08-25T09:38:17.106396Z DEBUG node{moniker=app-0}:sync{height.tip=49 height.sync=50}: Starting new height height.tip=50 height.sync=51 restart=false
2025-08-25T09:38:17.106403Z DEBUG node{moniker=app-0}:sync{height.tip=49 height.sync=50}: No peer to request sync from height.sync=51
2025-08-25T09:38:17.112243Z DEBUG node{moniker=app-0}:wal{height=51}: Flushed WAL to disk wal.entries=0 wal.size=12
2025-08-25T09:38:17.112360Z DEBUG node{moniker=app-0}:node{moniker=app-0}: metis-test:consensus-chan recv!!! msg:StartedRound { height: Height(51), round: Some(0), proposer: Address(815F9FA61D7C4F1E4A9E30D40DCA1115BB48F759), role: Proposer, reply_value: Sender { inner: Some(Inner { state: State { is_complete: false, is_closed: false, is_rx_task_set: false, is_tx_task_set: false } }) } }
2025-08-25T09:38:17.112378Z  INFO node{moniker=app-0}:node{moniker=app-0}: 🟢🟢 Started round height=51 round=0 proposer=815F9FA61D7C4F1E4A9E30D40DCA1115BB48F759 role=Proposer
2025-08-25T09:38:17.112393Z ERROR node{moniker=app-0}:consensus{height=51 round=0}: Error when processing effect: Messaging(RecvErr)
2025-08-25T09:38:17.112415Z DEBUG node{moniker=app-0}:consensus{height=51 round=0}: Transitioned to new step step.previous=Unstarted step.new=Propose
2025-08-25T09:38:17.112420Z  INFO node{moniker=app-0}:consensus{height=51 round=0}: Scheduling timeout round=0 step=Propose
2025-08-25T09:38:17.112427Z  INFO node{moniker=app-0}:consensus{height=51 round=0}: Requesting value from application height=51 round=0
2025-08-25T09:38:17.112438Z DEBUG node{moniker=app-0}:consensus{height=51 round=0}: Replaying inputs count=0
2025-08-25T09:38:17.112469Z DEBUG node{moniker=app-0}:node{moniker=app-0}: metis-test:consensus-chan recv!!! msg:GetValue { height: Height(51), round: Some(0), timeout: 3s, reply: Sender { inner: Some(Inner { state: State { is_complete: false, is_closed: false, is_rx_task_set: true, is_tx_task_set: false } }) } }
2025-08-25T09:38:17.112476Z  INFO node{moniker=app-0}:node{moniker=app-0}: 🟢🟢 Consensus is requesting a value to propose height=51 round=0
2025-08-25T09:38:17.112479Z DEBUG node{moniker=app-0}:node{moniker=app-0}: 🟠 generate_block on top of ExecutionBlock { block_hash: 0x350c009a58fb9db704bab7fad86744434a3a5feb8e4fad9396b99a8447318946, block_number: 50, parent_hash: 0x350c009a58fb9db704bab7fad86744434a3a5feb8e4fad9396b99a8447318946, timestamp: 1756114741, prev_randao: 0x0000000000000000000000000000000000000000000000000000000000000000 }
2025-08-25T09:38:17.115623Z DEBUG node{moniker=app-0}:node{moniker=app-0}: 🌈 Got execution payload: ExecutionPayloadV3 { payload_inner: ExecutionPayloadV2 { payload_inner: ExecutionPayloadV1 { parent_hash: 0x350c009a58fb9db704bab7fad86744434a3a5feb8e4fad9396b99a8447318946, fee_recipient: 0x2a2a2a2a2a2a2a2a2a2a2a2a2a2a2a2a2a2a2a2a, state_root: 0xec26df9442c5d4a0a0cc5348c960115b43da08c7aef6be4e4ccc5f136ca892a6, receipts_root: 0x56e81f171bcc55a6ff8345e692c0f86e5b48e01b996cadc001622fb5e363b421, logs_bloom: 0x00000000000000000000000000000000000000000000000000000000000000000000000000000000000000000000000000000000000000000000000000000000000000000000000000000000000000000000000000000000000000000000000000000000000000000000000000000000000000000000000000000000000000000000000000000000000000000000000000000000000000000000000000000000000000000000000000000000000000000000000000000000000000000000000000000000000000000000000000000000000000000000000000000000000000000000000000000000000000000000000000000000000000000000000000000000, prev_randao: 0x0000000000000000000000000000000000000000000000000000000000000000, block_number: 51, gas_limit: 31531129, gas_used: 0, timestamp: 1756114742, extra_data: 0x726574682f76312e342e312f6c696e7578, base_fee_per_gas: 1102585, block_hash: 0x74fb5b04ff38c412b0a076459a01c2d6f4fa8ddc57c51704457e7895f4e48df3, transactions: [] }, withdrawals: [] }, blob_gas_used: 0, excess_blob_gas: 0 }
2025-08-25T09:38:17.115650Z DEBUG node{moniker=app-0}:node{moniker=app-0}: 🎁 block size: 545, height: 51
2025-08-25T09:38:17.124635Z  INFO node{moniker=app-0}:node{moniker=app-0}: Streaming proposal part: StreamMessage { stream_id: StreamId(b"\0\0\0\0\0\0\03\0\0\0\0\0\0\0\x11"), sequence: 0, content: Data(Init(ProposalInit { height: Height(51), round: Some(0), proposer: Address(815F9FA61D7C4F1E4A9E30D40DCA1115BB48F759) })) } height=51 round=0
2025-08-25T09:38:17.124663Z  INFO node{moniker=app-0}:node{moniker=app-0}: Streaming proposal part: StreamMessage { stream_id: StreamId(b"\0\0\0\0\0\0\03\0\0\0\0\0\0\0\x11"), sequence: 1, content: Data(Data(ProposalData { bytes: "<...>", len: 545 })) } height=51 round=0
2025-08-25T09:38:17.124702Z  INFO node{moniker=app-0}:node{moniker=app-0}: Streaming proposal part: StreamMessage { stream_id: StreamId(b"\0\0\0\0\0\0\03\0\0\0\0\0\0\0\x11"), sequence: 2, content: Data(Fin(ProposalFin { signature: Signature(Signature { R_bytes: "290d78a5c17f5c03da2ea8601bc2e425e0021d84c0efe7c4ef0aa2ccf70d5c44", s_bytes: "909390216a9f4c8ac5d320aee6cfc3f50eb3366943809a828932e2231b6adf0a" }) })) } height=51 round=0
2025-08-25T09:38:17.124858Z DEBUG node{moniker=app-0}:network: Published message channel=/proposal_parts size=48
2025-08-25T09:38:17.124897Z  INFO node{moniker=app-0}:node{moniker=app-0}: Streaming proposal part: StreamMessage { stream_id: StreamId(b"\0\0\0\0\0\0\03\0\0\0\0\0\0\0\x11"), sequence: 3, content: Fin } height=51 round=0
2025-08-25T09:38:17.125001Z DEBUG node{moniker=app-0}:wal{height=51}: Wrote log entry type=LocallyProposedValue entry.size=599 
2025-08-25T09:38:17.125270Z DEBUG node{moniker=app-0}:network: Published message channel=/proposal_parts size=574
2025-08-25T09:38:17.125337Z  INFO node{moniker=app-0}:consensus{height=51 round=0}: Proposing value id=f4bfd0d81b2b885c round=0
2025-08-25T09:38:17.125505Z  INFO node{moniker=app-0}:consensus{height=51 round=0}: Received proposal consensus.height=51 proposal.height=51 proposal.round=0 proposer=815F9FA61D7C4F1E4A9E30D40DCA1115BB48F759 Proposal(height: 51, round: 0, pol_round: -1, value: f4bfd0d81b2b885c, from: 815F9FA61D7C4F1E4A9E30D40DCA1115BB48F759)
2025-08-25T09:38:17.125547Z DEBUG node{moniker=app-0}:node{moniker=app-0}: ✅ Proposal sent height=51 round=0
2025-08-25T09:38:17.125668Z DEBUG node{moniker=app-0}:network: Published message channel=/proposal_parts size=92
2025-08-25T09:38:17.125789Z DEBUG node{moniker=app-0}:network: Published message channel=/proposal_parts size=22
2025-08-25T09:38:17.125922Z DEBUG node{moniker=app-0}:wal{height=51}: Wrote log entry type=Consensus(Proposal) entry.size=668 
2025-08-25T09:38:17.125960Z DEBUG node{moniker=app-0}:consensus{height=51 round=0}: Transitioned to new step step.previous=Propose step.new=Prevote
2025-08-25T09:38:17.125969Z  INFO node{moniker=app-0}:consensus{height=51 round=0}: Voting vote_type=Prevote value=f4bfd0d81b2b885c round=0
2025-08-25T09:38:17.126120Z  INFO node{moniker=app-0}:consensus{height=51 round=0}: Received vote height=51 vote_height=51 address=815F9FA61D7C4F1E4A9E30D40DCA1115BB48F759 Prevote(height: 51, round: 0, value: f4bfd0d81b2b885c, from: 815F9FA61D7C4F1E4A9E30D40DCA1115BB48F759)
2025-08-25T09:38:17.126181Z DEBUG node{moniker=app-0}:wal{height=51}: Wrote log entry type=Consensus(Vote) entry.size=118 
2025-08-25T09:38:17.128170Z DEBUG node{moniker=app-0}:wal{height=51}: Flushed WAL to disk wal.entries=3 wal.size=1436
2025-08-25T09:38:17.128416Z DEBUG node{moniker=app-0}:network: Published message channel=/consensus size=109
2025-08-25T09:38:17.131808Z DEBUG node{moniker=app-0}:wal{height=51}: Flushed WAL to disk wal.entries=3 wal.size=1436
2025-08-25T09:38:17.132045Z DEBUG node{moniker=app-0}:network: Published message channel=/consensus size=659
2025-08-25T09:38:17.141608Z  INFO node{moniker=app-0}:consensus{height=51 round=0}: Received vote height=51 vote_height=51 address=DE7BA2BE72D2225286133990FF5810B691A5261C Precommit(height: 51, round: 0, value: f4bfd0d81b2b885c, from: DE7BA2BE72D2225286133990FF5810B691A5261C)
2025-08-25T09:38:17.142849Z DEBUG node{moniker=app-0}:wal{height=51}: Wrote log entry type=Consensus(Vote) entry.size=120 
2025-08-25T09:38:17.143612Z  INFO node{moniker=app-0}:consensus{height=51 round=0}: Received vote height=51 vote_height=51 address=DE7BA2BE72D2225286133990FF5810B691A5261C Prevote(height: 51, round: 0, value: f4bfd0d81b2b885c, from: DE7BA2BE72D2225286133990FF5810B691A5261C)
2025-08-25T09:38:17.143681Z DEBUG node{moniker=app-0}:wal{height=51}: Wrote log entry type=Consensus(Vote) entry.size=118 
2025-08-25T09:38:17.143810Z DEBUG node{moniker=app-0}:consensus{height=51 round=0}: Transitioned to new step step.previous=Prevote step.new=Precommit
2025-08-25T09:38:17.143820Z  INFO node{moniker=app-0}:consensus{height=51 round=0}: Voting vote_type=Precommit value=f4bfd0d81b2b885c round=0
2025-08-25T09:38:17.143837Z DEBUG node{moniker=app-0}:node{moniker=app-0}: metis-test:consensus-chan recv!!! msg:ExtendVote { height: Height(51), round: Some(0), value_id: ValueId(17636044292393502812), reply: Sender { inner: Some(Inner { state: State { is_complete: false, is_closed: false, is_rx_task_set: true, is_tx_task_set: false } }) } }
2025-08-25T09:38:17.144265Z  INFO node{moniker=app-0}:consensus{height=51 round=0}: Received vote height=51 vote_height=51 address=815F9FA61D7C4F1E4A9E30D40DCA1115BB48F759 Precommit(height: 51, round: 0, value: f4bfd0d81b2b885c, from: 815F9FA61D7C4F1E4A9E30D40DCA1115BB48F759)
2025-08-25T09:38:17.144419Z DEBUG node{moniker=app-0}:wal{height=51}: Wrote log entry type=Consensus(Vote) entry.size=120 
2025-08-25T09:38:17.144467Z DEBUG node{moniker=app-0}:consensus{height=51 round=0}: Transitioned to new step step.previous=Precommit step.new=Commit
2025-08-25T09:38:17.144481Z  INFO node{moniker=app-0}:consensus{height=51 round=0}: Decided round=0 height=51 value=f4bfd0d81b2b885c
2025-08-25T09:38:17.146093Z DEBUG node{moniker=app-0}:sync{height.tip=50 height.sync=51}: Broadcasting status height.tip=50
2025-08-25T09:38:17.146136Z DEBUG node{moniker=app-0}:node{moniker=app-0}: metis-test:consensus-chan recv!!! msg:GetHistoryMinHeight { reply: Sender { inner: Some(Inner { state: State { is_complete: false, is_closed: false, is_rx_task_set: true, is_tx_task_set: false } }) } }
2025-08-25T09:38:17.146221Z DEBUG node{moniker=app-0}:sync{height.tip=50 height.sync=51}: Peer scores: {}
2025-08-25T09:38:17.146250Z DEBUG node{moniker=app-0}:network: Broadcasted message channel=/sync size=46
2025-08-25T09:38:17.146964Z DEBUG node{moniker=app-0}:sync{height.tip=50 height.sync=51}: Received peer status status.peer_id=12D3KooWR2Quwt2G6MyT6WQkUdfS8nHZu7XcPotkmbhuEoqc94oJ status.tip_height=50
2025-08-25T09:38:17.147550Z DEBUG node{moniker=app-0}:wal{height=51}: Flushed WAL to disk wal.entries=6 wal.size=1833
2025-08-25T09:38:17.147766Z DEBUG node{moniker=app-0}:sync{height.tip=50 height.sync=51}: Updating request state height.tip=51
2025-08-25T09:38:17.147802Z DEBUG node{moniker=app-0}:node{moniker=app-0}: metis-test:consensus-chan recv!!! msg:Decided { certificate: CommitCertificate { height: Height(51), round: Some(0), value_id: ValueId(17636044292393502812), commit_signatures: [CommitSignature { address: Address(815F9FA61D7C4F1E4A9E30D40DCA1115BB48F759), signature: Signature(Signature { R_bytes: "57af94c615c15daba8e92317e45fc843a119f0c07b880da5d467e1c50934cff1", s_bytes: "c0f2c399a5e5d2447c6e9f4f54db9db7af24f39ed91c433f550c728995db2704" }) }, CommitSignature { address: Address(DE7BA2BE72D2225286133990FF5810B691A5261C), signature: Signature(Signature { R_bytes: "396e6bb27f58dd520548545d699bb84320d772f019283df901f31890a5449750", s_bytes: "8573f8f65891108047ff8c0b4361084494a55537889a894a27a58dd58c0e0506" }) }] }, extensions: VoteExtensions { extensions: [] }, reply: Sender { inner: Some(Inner { state: State { is_complete: false, is_closed: false, is_rx_task_set: true, is_tx_task_set: false } }) } }
2025-08-25T09:38:17.147831Z  INFO node{moniker=app-0}:node{moniker=app-0}: 🟢🟢 Consensus has decided on value height=51 round=0 value=f4bfd0d81b2b885c
2025-08-25T09:38:17.147908Z DEBUG node{moniker=app-0}:node{moniker=app-0}: 🎁 block size: 545, height: 51
2025-08-25T09:38:17.147923Z  INFO node{moniker=app-0}:node{moniker=app-0}: 👉 stats at height 51: #txs=0, txs/s=0.00, chain_bytes=27795, bytes/s=2769.75
2025-08-25T09:38:17.147930Z DEBUG node{moniker=app-0}:node{moniker=app-0}: 🦄 Block at height 51 contains 0 transactions
2025-08-25T09:38:17.149203Z DEBUG node{moniker=app-0}:wal{height=51}: Flushed WAL to disk wal.entries=6 wal.size=1833
2025-08-25T09:38:17.149395Z DEBUG node{moniker=app-0}:network: Published message channel=/consensus size=111
2025-08-25T09:38:17.153540Z DEBUG node{moniker=app-0}:node{moniker=app-0}: 💡 New block added at height 51 with hash: 0x74fb5b04ff38c412b0a076459a01c2d6f4fa8ddc57c51704457e7895f4e48df3
2025-08-25T09:38:17.153558Z DEBUG node{moniker=app-0}:node{moniker=app-0}: 🟠 set_latest_forkchoice_state: 0x74fb5b04ff38c412b0a076459a01c2d6f4fa8ddc57c51704457e7895f4e48df3
2025-08-25T09:38:17.154421Z DEBUG node{moniker=app-0}:node{moniker=app-0}: ➡️ payload_status: PayloadStatus { status: Valid, latest_valid_hash: Some(0x74fb5b04ff38c412b0a076459a01c2d6f4fa8ddc57c51704457e7895f4e48df3) }
2025-08-25T09:38:17.154431Z DEBUG node{moniker=app-0}:node{moniker=app-0}: 🚀 Forkchoice updated to height 51 for block hash=0x74fb5b04ff38c412b0a076459a01c2d6f4fa8ddc57c51704457e7895f4e48df3 and latest_valid_hash=0x74fb5b04ff38c412b0a076459a01c2d6f4fa8ddc57c51704457e7895f4e48df3
2025-08-25T09:38:17.154434Z  INFO node{moniker=app-0}:node{moniker=app-0}: Looking for certificate height=51 round=0
2025-08-25T09:38:17.161639Z  INFO node{moniker=app-0}:node{moniker=app-0}: Committed block_data[0..32]: 350c009a58fb9db704bab7fad86744434a3a5feb8e4fad9396b99a8447318946
2025-08-25T09:38:17.188591Z DEBUG node{moniker=app-0}:wal{height=52}: Reset WAL height=52
2025-08-25T09:38:17.188705Z DEBUG node{moniker=app-0}:consensus{height=52 round=0}: No WAL entries to replay height=52
2025-08-25T09:38:17.188733Z  INFO node{moniker=app-0}:consensus{height=52 round=0}: Starting new height height=52
2025-08-25T09:38:17.188739Z  INFO node{moniker=app-0}:consensus{height=52 round=0}: Starting new round height=52 round=0 proposer=02CB1B49DA09615BD4A12212C39378556D990DFD role=None
2025-08-25T09:38:17.188762Z DEBUG node{moniker=app-0}:sync{height.tip=50 height.sync=51}: Starting new height height.tip=51 height.sync=52 restart=false
2025-08-25T09:38:17.188767Z DEBUG node{moniker=app-0}:sync{height.tip=50 height.sync=51}: No peer to request sync from height.sync=52
2025-08-25T09:38:17.202916Z DEBUG node{moniker=app-0}:wal{height=52}: Flushed WAL to disk wal.entries=0 wal.size=12
2025-08-25T09:38:17.203631Z DEBUG node{moniker=app-0}:node{moniker=app-0}: metis-test:consensus-chan recv!!! msg:StartedRound { height: Height(52), round: Some(0), proposer: Address(02CB1B49DA09615BD4A12212C39378556D990DFD), role: None, reply_value: Sender { inner: Some(Inner { state: State { is_complete: false, is_closed: false, is_rx_task_set: false, is_tx_task_set: false } }) } }
2025-08-25T09:38:17.203648Z  INFO node{moniker=app-0}:node{moniker=app-0}: 🟢🟢 Started round height=52 round=0 proposer=02CB1B49DA09615BD4A12212C39378556D990DFD role=None
2025-08-25T09:38:17.203664Z ERROR node{moniker=app-0}:consensus{height=52 round=0}: Error when processing effect: Messaging(RecvErr)
2025-08-25T09:38:17.203684Z DEBUG node{moniker=app-0}:consensus{height=52 round=0}: Transitioned to new step step.previous=Unstarted step.new=Propose
2025-08-25T09:38:17.203689Z  INFO node{moniker=app-0}:consensus{height=52 round=0}: Scheduling timeout round=0 step=Propose
2025-08-25T09:38:17.203698Z DEBUG node{moniker=app-0}:consensus{height=52 round=0}: Replaying inputs count=0
2025-08-25T09:38:17.221732Z DEBUG node{moniker=app-0}:node{moniker=app-0}: metis-test:consensus-chan recv!!! msg:ReceivedProposalPart { from: PeerId("12D3KooWR2Quwt2G6MyT6WQkUdfS8nHZu7XcPotkmbhuEoqc94oJ"), part: StreamMessage { stream_id: StreamId(b"\0\0\0\0\0\0\04\0\0\0\0\0\0\0\x11"), sequence: 0, content: Data(Init(ProposalInit { height: Height(52), round: Some(0), proposer: Address(02CB1B49DA09615BD4A12212C39378556D990DFD) })) }, reply: Sender { inner: Some(Inner { state: State { is_complete: false, is_closed: false, is_rx_task_set: true, is_tx_task_set: false } }) } }
2025-08-25T09:38:17.221773Z  INFO node{moniker=app-0}:node{moniker=app-0}: Received proposal part from=12D3KooWR2Quwt2G6MyT6WQkUdfS8nHZu7XcPotkmbhuEoqc94oJ part.sequence=0 part.type=init part.size=28
2025-08-25T09:38:17.221802Z DEBUG node{moniker=app-0}:node{moniker=app-0}: metis-test:consensus-chan recv!!! msg:ReceivedProposalPart { from: PeerId("12D3KooWR2Quwt2G6MyT6WQkUdfS8nHZu7XcPotkmbhuEoqc94oJ"), part: StreamMessage { stream_id: StreamId(b"\0\0\0\0\0\0\04\0\0\0\0\0\0\0\x11"), sequence: 1, content: Data(Data(ProposalData { bytes: "<...>", len: 545 })) }, reply: Sender { inner: Some(Inner { state: State { is_complete: false, is_closed: false, is_rx_task_set: true, is_tx_task_set: false } }) } }
2025-08-25T09:38:17.221821Z  INFO node{moniker=app-0}:node{moniker=app-0}: Received proposal part from=12D3KooWR2Quwt2G6MyT6WQkUdfS8nHZu7XcPotkmbhuEoqc94oJ part.sequence=1 part.type=data part.size=551
2025-08-25T09:38:17.222636Z DEBUG node{moniker=app-0}:node{moniker=app-0}: metis-test:consensus-chan recv!!! msg:ReceivedProposalPart { from: PeerId("12D3KooWR2Quwt2G6MyT6WQkUdfS8nHZu7XcPotkmbhuEoqc94oJ"), part: StreamMessage { stream_id: StreamId(b"\0\0\0\0\0\0\04\0\0\0\0\0\0\0\x11"), sequence: 2, content: Data(Fin(ProposalFin { signature: Signature(Signature { R_bytes: "c9342822299e2cfbd498263a202cf44dc4e8ee6033e0b0006635a4167f4eac8b", s_bytes: "911c6c8619a313c9252e7ece1b5df745333ac8115bd19519827e36f42146d807" }) })) }, reply: Sender { inner: Some(Inner { state: State { is_complete: false, is_closed: false, is_rx_task_set: true, is_tx_task_set: false } }) } }
2025-08-25T09:38:17.222661Z  INFO node{moniker=app-0}:node{moniker=app-0}: Received proposal part from=12D3KooWR2Quwt2G6MyT6WQkUdfS8nHZu7XcPotkmbhuEoqc94oJ part.sequence=2 part.type=fin part.size=70
2025-08-25T09:38:17.222684Z DEBUG node{moniker=app-0}:node{moniker=app-0}: metis-test:consensus-chan recv!!! msg:ReceivedProposalPart { from: PeerId("12D3KooWR2Quwt2G6MyT6WQkUdfS8nHZu7XcPotkmbhuEoqc94oJ"), part: StreamMessage { stream_id: StreamId(b"\0\0\0\0\0\0\04\0\0\0\0\0\0\0\x11"), sequence: 3, content: Fin }, reply: Sender { inner: Some(Inner { state: State { is_complete: false, is_closed: false, is_rx_task_set: true, is_tx_task_set: false } }) } }
2025-08-25T09:38:17.222699Z  INFO node{moniker=app-0}:node{moniker=app-0}: Received proposal part from=12D3KooWR2Quwt2G6MyT6WQkUdfS8nHZu7XcPotkmbhuEoqc94oJ part.sequence=3 part.type=end of stream part.size=0
2025-08-25T09:38:17.223216Z  INFO node{moniker=app-0}:node{moniker=app-0}: Proposal data[0..32]: 74fb5b04ff38c412b0a076459a01c2d6f4fa8ddc57c51704457e7895f4e48df3, total_size: 545 bytes, id: 95084649586f73b2
2025-08-25T09:38:17.226715Z  INFO node{moniker=app-0}:consensus{height=52 round=0}: Received vote height=52 vote_height=52 address=02CB1B49DA09615BD4A12212C39378556D990DFD Prevote(height: 52, round: 0, value: 95084649586f73b2, from: 02CB1B49DA09615BD4A12212C39378556D990DFD)
2025-08-25T09:38:17.229810Z DEBUG node{moniker=app-0}:wal{height=52}: Wrote log entry type=Consensus(Vote) entry.size=118 
2025-08-25T09:38:17.231091Z  INFO node{moniker=app-0}:consensus{height=52 round=0}: Received proposal consensus.height=52 proposal.height=52 proposal.round=0 proposer=02CB1B49DA09615BD4A12212C39378556D990DFD Proposal(height: 52, round: 0, pol_round: -1, value: 95084649586f73b2, from: 02CB1B49DA09615BD4A12212C39378556D990DFD)
2025-08-25T09:38:17.234031Z DEBUG node{moniker=app-0}:wal{height=52}: Wrote log entry type=Consensus(Proposal) entry.size=668 
2025-08-25T09:38:17.234115Z DEBUG node{moniker=app-0}:consensus{height=52 round=0}: No full proposal for this round yet, stored proposal for later proposal.height=52 proposal.round=0
2025-08-25T09:38:17.235205Z DEBUG node{moniker=app-0}:node{moniker=app-0}: ✅ Received complete proposal: ProposedValue { height: Height(52), round: Some(0), valid_round: Nil, proposer: Address(02CB1B49DA09615BD4A12212C39378556D990DFD), value: Value { value: 10738910592295203762, extensions: b"t\xfb[\x04\xff8\xc4\x12\xb0\xa0vE\x9a\x01\xc2\xd6\xf4\xfa\x8d\xdcW\xc5\x17\x04E~x\x95\xf4\xe4\x8d\xf3********************\xec&\xdf\x94B\xc5\xd4\xa0\xa0\xccSH\xc9`\x11[C\xda\x08\xc7\xae\xf6\xbeNL\xcc_\x13l\xa8\x92\xa6V\xe8\x1f\x17\x1b\xccU\xa6\xff\x83E\xe6\x92\xc0\xf8n[H\xe0\x1b\x99l\xad\xc0\x01b/\xb5\xe3c\xb4!\0\0\0\0\0\0\0\0\0\0\0\0\0\0\0\0\0\0\0\0\0\0\0\0\0\0\0\0\0\0\0\0\0\0\0\0\0\0\0\0\0\0\0\0\0\0\0\0\0\0\0\0\0\0\0\0\0\0\0\0\0\0\0\0\0\0\0\0\0\0\0\0\0\0\0\0\0\0\0\0\0\0\0\0\0\0\0\0\0\0\0\0\0\0\0\0\0\0\0\0\0\0\0\0\0\0\0\0\0\0\0\0\0\0\0\0\0\0\0\0\0\0\0\0\0\0\0\0\0\0\0\0\0\0\0\0\0\0\0\0\0\0\0\0\0\0\0\0\0\0\0\0\0\0\0\0\0\0\0\0\0\0\0\0\0\0\0\0\0\0\0\0\0\0\0\0\0\0\0\0\0\0\0\0\0\0\0\0\0\0\0\0\0\0\0\0\0\0\0\0\0\0\0\0\0\0\0\0\0\0\0\0\0\0\0\0\0\0\0\0\0\0\0\0\0\0\0\0\0\0\0\0\0\0\0\0\0\0\0\0\0\0\0\0\0\0\0\0\0\0\0\0\0\0\0\0\0\0\0\0\0\0\0\0\0\0\0\0\0\0\0\0\0\0\0\0\0\0\0\0\0\0\0\0\0\0\0\04\0\0\0\0\0\0\0\xc0\x98\xe1\x01\0\0\0\0\0\0\0\0\0\0\0\07/\xach\0\0\0\0\x10\x02\0\0\x9a\xb8\x0e\0\0\0\0\0\0\0\0\0\0\0\0\0\0\0\0\0\0\0\0\0\0\0\0\0\0\0\0\0o\x80\x06\xa6Y\rP\xe7}\x97\xb6\x148+TaP\x1f\x9b@n\xed\x8a{m\x8cPe<l\xd8\x9f!\x02\0\0!\x02\0\0\0\0\0\0\0\0\0\0\0\0\0\0\0\0\0\0reth/v1.4.1/linux" }, validity: Valid }
2025-08-25T09:38:17.235341Z DEBUG node{moniker=app-0}:consensus{height=52 round=0}: We have a full proposal for this round, checking... proposal.height=52 proposal.round=0
2025-08-25T09:38:17.235356Z DEBUG node{moniker=app-0}:consensus{height=52 round=0}: Transitioned to new step step.previous=Propose step.new=Prevote
2025-08-25T09:38:17.239538Z  INFO node{moniker=app-0}:consensus{height=52 round=0}: Received vote height=52 vote_height=52 address=DE7BA2BE72D2225286133990FF5810B691A5261C Precommit(height: 52, round: 0, value: 95084649586f73b2, from: DE7BA2BE72D2225286133990FF5810B691A5261C)
2025-08-25T09:38:17.242522Z DEBUG node{moniker=app-0}:wal{height=52}: Wrote log entry type=Consensus(Vote) entry.size=120 
2025-08-25T09:38:17.243357Z  INFO node{moniker=app-0}:consensus{height=52 round=0}: Received vote height=52 vote_height=52 address=DE7BA2BE72D2225286133990FF5810B691A5261C Prevote(height: 52, round: 0, value: 95084649586f73b2, from: DE7BA2BE72D2225286133990FF5810B691A5261C)
2025-08-25T09:38:17.243501Z DEBUG node{moniker=app-0}:wal{height=52}: Wrote log entry type=Consensus(Vote) entry.size=118 
2025-08-25T09:38:17.243592Z DEBUG node{moniker=app-0}:consensus{height=52 round=0}: Transitioned to new step step.previous=Prevote step.new=Precommit
2025-08-25T09:38:17.252611Z  INFO node{moniker=app-0}:consensus{height=52 round=0}: Received vote height=52 vote_height=52 address=02CB1B49DA09615BD4A12212C39378556D990DFD Precommit(height: 52, round: 0, value: 95084649586f73b2, from: 02CB1B49DA09615BD4A12212C39378556D990DFD)
2025-08-25T09:38:17.254701Z DEBUG node{moniker=app-0}:wal{height=52}: Wrote log entry type=Consensus(Vote) entry.size=120 
2025-08-25T09:38:17.256310Z DEBUG node{moniker=app-0}:consensus{height=52 round=0}: Transitioned to new step step.previous=Precommit step.new=Commit
2025-08-25T09:38:17.256325Z  INFO node{moniker=app-0}:consensus{height=52 round=0}: Decided round=0 height=52 value=95084649586f73b2
2025-08-25T09:38:17.262339Z DEBUG node{moniker=app-0}:wal{height=52}: Flushed WAL to disk wal.entries=5 wal.size=1221
2025-08-25T09:38:17.262481Z DEBUG node{moniker=app-0}:sync{height.tip=51 height.sync=52}: Updating request state height.tip=52
2025-08-25T09:38:17.262496Z DEBUG node{moniker=app-0}:node{moniker=app-0}: metis-test:consensus-chan recv!!! msg:Decided { certificate: CommitCertificate { height: Height(52), round: Some(0), value_id: ValueId(10738910592295203762), commit_signatures: [CommitSignature { address: Address(02CB1B49DA09615BD4A12212C39378556D990DFD), signature: Signature(Signature { R_bytes: "3151f2f688742814eb718fa7a79b7aed08833f517da16eaa3494414f23edc444", s_bytes: "535e5746cdf43b5a269096a4358425f5e2b01a96f68a03740b0e065d55efe601" }) }, CommitSignature { address: Address(DE7BA2BE72D2225286133990FF5810B691A5261C), signature: Signature(Signature { R_bytes: "2f44310c6629ef5ea54b0a57be2b55502ef3da9f417bb2d7c344aaa6a3ad6285", s_bytes: "ea327a1cf16ade99d9220ed06f06220cd2d14df7bd97a0c3b996213e9b6e8d0b" }) }] }, extensions: VoteExtensions { extensions: [] }, reply: Sender { inner: Some(Inner { state: State { is_complete: false, is_closed: false, is_rx_task_set: true, is_tx_task_set: false } }) } }
2025-08-25T09:38:17.262515Z  INFO node{moniker=app-0}:node{moniker=app-0}: 🟢🟢 Consensus has decided on value height=52 round=0 value=95084649586f73b2
2025-08-25T09:38:17.262573Z DEBUG node{moniker=app-0}:node{moniker=app-0}: 🎁 block size: 545, height: 52
2025-08-25T09:38:17.262582Z  INFO node{moniker=app-0}:node{moniker=app-0}: 👉 stats at height 52: #txs=0, txs/s=0.00, chain_bytes=28340, bytes/s=2792.16
2025-08-25T09:38:17.262586Z DEBUG node{moniker=app-0}:node{moniker=app-0}: 🦄 Block at height 52 contains 0 transactions
2025-08-25T09:38:17.283034Z DEBUG node{moniker=app-0}:node{moniker=app-0}: 💡 New block added at height 52 with hash: 0x6f8006a6590d50e77d97b614382b5461501f9b406eed8a7b6d8c50653c6cd89f
2025-08-25T09:38:17.283053Z DEBUG node{moniker=app-0}:node{moniker=app-0}: 🟠 set_latest_forkchoice_state: 0x6f8006a6590d50e77d97b614382b5461501f9b406eed8a7b6d8c50653c6cd89f
2025-08-25T09:38:17.297059Z DEBUG node{moniker=app-0}:node{moniker=app-0}: ➡️ payload_status: PayloadStatus { status: Valid, latest_valid_hash: Some(0x6f8006a6590d50e77d97b614382b5461501f9b406eed8a7b6d8c50653c6cd89f) }
2025-08-25T09:38:17.297112Z DEBUG node{moniker=app-0}:node{moniker=app-0}: 🚀 Forkchoice updated to height 52 for block hash=0x6f8006a6590d50e77d97b614382b5461501f9b406eed8a7b6d8c50653c6cd89f and latest_valid_hash=0x6f8006a6590d50e77d97b614382b5461501f9b406eed8a7b6d8c50653c6cd89f
2025-08-25T09:38:17.297116Z  INFO node{moniker=app-0}:node{moniker=app-0}: Looking for certificate height=52 round=0
2025-08-25T09:38:17.301970Z  INFO node{moniker=app-0}:node{moniker=app-0}: Committed block_data[0..32]: 74fb5b04ff38c412b0a076459a01c2d6f4fa8ddc57c51704457e7895f4e48df3
2025-08-25T09:38:17.318308Z DEBUG node{moniker=app-0}:wal{height=53}: Reset WAL height=53
2025-08-25T09:38:17.318382Z DEBUG node{moniker=app-0}:consensus{height=53 round=0}: No WAL entries to replay height=53
2025-08-25T09:38:17.318415Z  INFO node{moniker=app-0}:consensus{height=53 round=0}: Starting new height height=53
2025-08-25T09:38:17.318421Z  INFO node{moniker=app-0}:consensus{height=53 round=0}: Starting new round height=53 round=0 proposer=02CB1B49DA09615BD4A12212C39378556D990DFD role=Validator
2025-08-25T09:38:17.318443Z DEBUG node{moniker=app-0}:sync{height.tip=51 height.sync=52}: Starting new height height.tip=52 height.sync=53 restart=false
2025-08-25T09:38:17.318450Z DEBUG node{moniker=app-0}:sync{height.tip=51 height.sync=52}: No peer to request sync from height.sync=53
2025-08-25T09:38:17.321433Z DEBUG node{moniker=app-0}:wal{height=53}: Flushed WAL to disk wal.entries=0 wal.size=12
2025-08-25T09:38:17.321653Z DEBUG node{moniker=app-0}:node{moniker=app-0}: metis-test:consensus-chan recv!!! msg:StartedRound { height: Height(53), round: Some(0), proposer: Address(02CB1B49DA09615BD4A12212C39378556D990DFD), role: Validator, reply_value: Sender { inner: Some(Inner { state: State { is_complete: false, is_closed: false, is_rx_task_set: false, is_tx_task_set: false } }) } }
2025-08-25T09:38:17.321677Z  INFO node{moniker=app-0}:node{moniker=app-0}: 🟢🟢 Started round height=53 round=0 proposer=02CB1B49DA09615BD4A12212C39378556D990DFD role=Validator
2025-08-25T09:38:17.321705Z ERROR node{moniker=app-0}:consensus{height=53 round=0}: Error when processing effect: Messaging(RecvErr)
2025-08-25T09:38:17.321733Z DEBUG node{moniker=app-0}:consensus{height=53 round=0}: Transitioned to new step step.previous=Unstarted step.new=Propose
2025-08-25T09:38:17.321743Z  INFO node{moniker=app-0}:consensus{height=53 round=0}: Scheduling timeout round=0 step=Propose
2025-08-25T09:38:17.321760Z DEBUG node{moniker=app-0}:consensus{height=53 round=0}: Replaying inputs count=0
2025-08-25T09:38:17.321864Z DEBUG node{moniker=app-0}:node{moniker=app-0}: metis-test:consensus-chan recv!!! msg:ReceivedProposalPart { from: PeerId("12D3KooWR2Quwt2G6MyT6WQkUdfS8nHZu7XcPotkmbhuEoqc94oJ"), part: StreamMessage { stream_id: StreamId(b"\0\0\0\0\0\0\05\0\0\0\0\0\0\0\x12"), sequence: 0, content: Data(Init(ProposalInit { height: Height(53), round: Some(0), proposer: Address(02CB1B49DA09615BD4A12212C39378556D990DFD) })) }, reply: Sender { inner: Some(Inner { state: State { is_complete: false, is_closed: false, is_rx_task_set: true, is_tx_task_set: false } }) } }
2025-08-25T09:38:17.321981Z  INFO node{moniker=app-0}:node{moniker=app-0}: Received proposal part from=12D3KooWR2Quwt2G6MyT6WQkUdfS8nHZu7XcPotkmbhuEoqc94oJ part.sequence=0 part.type=init part.size=28
2025-08-25T09:38:17.322014Z DEBUG node{moniker=app-0}:node{moniker=app-0}: metis-test:consensus-chan recv!!! msg:ReceivedProposalPart { from: PeerId("12D3KooWR2Quwt2G6MyT6WQkUdfS8nHZu7XcPotkmbhuEoqc94oJ"), part: StreamMessage { stream_id: StreamId(b"\0\0\0\0\0\0\05\0\0\0\0\0\0\0\x12"), sequence: 1, content: Data(Data(ProposalData { bytes: "<...>", len: 545 })) }, reply: Sender { inner: Some(Inner { state: State { is_complete: false, is_closed: false, is_rx_task_set: true, is_tx_task_set: false } }) } }
2025-08-25T09:38:17.322027Z  INFO node{moniker=app-0}:node{moniker=app-0}: Received proposal part from=12D3KooWR2Quwt2G6MyT6WQkUdfS8nHZu7XcPotkmbhuEoqc94oJ part.sequence=1 part.type=data part.size=551
2025-08-25T09:38:17.322040Z DEBUG node{moniker=app-0}:node{moniker=app-0}: metis-test:consensus-chan recv!!! msg:ReceivedProposalPart { from: PeerId("12D3KooWR2Quwt2G6MyT6WQkUdfS8nHZu7XcPotkmbhuEoqc94oJ"), part: StreamMessage { stream_id: StreamId(b"\0\0\0\0\0\0\05\0\0\0\0\0\0\0\x12"), sequence: 2, content: Data(Fin(ProposalFin { signature: Signature(Signature { R_bytes: "d83fc56bf52ed2f37cd5871723c195c28789638fa2dda594e20d515c7e369b25", s_bytes: "a893fc3ccdced48eafa9fbc14904ffd46679e3f7b2461bda01d61c2f0df5ab02" }) })) }, reply: Sender { inner: Some(Inner { state: State { is_complete: false, is_closed: false, is_rx_task_set: true, is_tx_task_set: false } }) } }
2025-08-25T09:38:17.322053Z  INFO node{moniker=app-0}:node{moniker=app-0}: Received proposal part from=12D3KooWR2Quwt2G6MyT6WQkUdfS8nHZu7XcPotkmbhuEoqc94oJ part.sequence=2 part.type=fin part.size=70
2025-08-25T09:38:17.322063Z DEBUG node{moniker=app-0}:node{moniker=app-0}: metis-test:consensus-chan recv!!! msg:ReceivedProposalPart { from: PeerId("12D3KooWR2Quwt2G6MyT6WQkUdfS8nHZu7XcPotkmbhuEoqc94oJ"), part: StreamMessage { stream_id: StreamId(b"\0\0\0\0\0\0\05\0\0\0\0\0\0\0\x12"), sequence: 3, content: Fin }, reply: Sender { inner: Some(Inner { state: State { is_complete: false, is_closed: false, is_rx_task_set: true, is_tx_task_set: false } }) } }
2025-08-25T09:38:17.322070Z  INFO node{moniker=app-0}:node{moniker=app-0}: Received proposal part from=12D3KooWR2Quwt2G6MyT6WQkUdfS8nHZu7XcPotkmbhuEoqc94oJ part.sequence=3 part.type=end of stream part.size=0
2025-08-25T09:38:17.322256Z  INFO node{moniker=app-0}:node{moniker=app-0}: Proposal data[0..32]: 6f8006a6590d50e77d97b614382b5461501f9b406eed8a7b6d8c50653c6cd89f, total_size: 545 bytes, id: a587beb54e4ae620
2025-08-25T09:38:17.334081Z  INFO node{moniker=app-0}:consensus{height=53 round=0}: Received vote height=53 vote_height=53 address=02CB1B49DA09615BD4A12212C39378556D990DFD Prevote(height: 53, round: 0, value: a587beb54e4ae620, from: 02CB1B49DA09615BD4A12212C39378556D990DFD)
2025-08-25T09:38:17.371007Z DEBUG node{moniker=app-0}:wal{height=53}: Wrote log entry type=Consensus(Vote) entry.size=118 
2025-08-25T09:38:17.371101Z DEBUG node{moniker=app-0}:node{moniker=app-0}: ✅ Received complete proposal: ProposedValue { height: Height(53), round: Some(0), valid_round: Nil, proposer: Address(02CB1B49DA09615BD4A12212C39378556D990DFD), value: Value { value: 11927711824025937440, extensions: b"o\x80\x06\xa6Y\rP\xe7}\x97\xb6\x148+TaP\x1f\x9b@n\xed\x8a{m\x8cPe<l\xd8\x9f********************\xec&\xdf\x94B\xc5\xd4\xa0\xa0\xccSH\xc9`\x11[C\xda\x08\xc7\xae\xf6\xbeNL\xcc_\x13l\xa8\x92\xa6V\xe8\x1f\x17\x1b\xccU\xa6\xff\x83E\xe6\x92\xc0\xf8n[H\xe0\x1b\x99l\xad\xc0\x01b/\xb5\xe3c\xb4!\0\0\0\0\0\0\0\0\0\0\0\0\0\0\0\0\0\0\0\0\0\0\0\0\0\0\0\0\0\0\0\0\0\0\0\0\0\0\0\0\0\0\0\0\0\0\0\0\0\0\0\0\0\0\0\0\0\0\0\0\0\0\0\0\0\0\0\0\0\0\0\0\0\0\0\0\0\0\0\0\0\0\0\0\0\0\0\0\0\0\0\0\0\0\0\0\0\0\0\0\0\0\0\0\0\0\0\0\0\0\0\0\0\0\0\0\0\0\0\0\0\0\0\0\0\0\0\0\0\0\0\0\0\0\0\0\0\0\0\0\0\0\0\0\0\0\0\0\0\0\0\0\0\0\0\0\0\0\0\0\0\0\0\0\0\0\0\0\0\0\0\0\0\0\0\0\0\0\0\0\0\0\0\0\0\0\0\0\0\0\0\0\0\0\0\0\0\0\0\0\0\0\0\0\0\0\0\0\0\0\0\0\0\0\0\0\0\0\0\0\0\0\0\0\0\0\0\0\0\0\0\0\0\0\0\0\0\0\0\0\0\0\0\0\0\0\0\0\0\0\0\0\0\0\0\0\0\0\0\0\0\0\0\0\0\0\0\0\0\0\0\0\0\0\0\0\0\0\0\0\0\0\0\0\0\0\0\05\0\0\0\0\0\0\0%\x11\xe2\x01\0\0\0\0\0\0\0\0\0\0\0\08/\xach\0\0\0\0\x10\x02\0\0\x87\xe1\x0c\0\0\0\0\0\0\0\0\0\0\0\0\0\0\0\0\0\0\0\0\0\0\0\0\0\0\0\0\0&\x82\x14^\xde\xc0\xad8\r\xe6-_\x99l\x08\xb5B`\x06\xc8\xf8\xe3>\x06\xcc\xce\xd1\x88\x96\xf0\xf8\xbc!\x02\0\0!\x02\0\0\0\0\0\0\0\0\0\0\0\0\0\0\0\0\0\0reth/v1.4.1/linux" }, validity: Valid }
2025-08-25T09:38:17.371372Z  INFO node{moniker=app-0}:consensus{height=53 round=0}: Received proposal consensus.height=53 proposal.height=53 proposal.round=0 proposer=02CB1B49DA09615BD4A12212C39378556D990DFD Proposal(height: 53, round: 0, pol_round: -1, value: a587beb54e4ae620, from: 02CB1B49DA09615BD4A12212C39378556D990DFD)
2025-08-25T09:38:17.371503Z DEBUG node{moniker=app-0}:wal{height=53}: Wrote log entry type=Consensus(Proposal) entry.size=668 
2025-08-25T09:38:17.371532Z DEBUG node{moniker=app-0}:consensus{height=53 round=0}: No full proposal for this round yet, stored proposal for later proposal.height=53 proposal.round=0
2025-08-25T09:38:17.371552Z DEBUG node{moniker=app-0}:consensus{height=53 round=0}: We have a full proposal for this round, checking... proposal.height=53 proposal.round=0
2025-08-25T09:38:17.371566Z DEBUG node{moniker=app-0}:consensus{height=53 round=0}: Transitioned to new step step.previous=Propose step.new=Prevote
2025-08-25T09:38:17.371576Z  INFO node{moniker=app-0}:consensus{height=53 round=0}: Voting vote_type=Prevote value=a587beb54e4ae620 round=0
2025-08-25T09:38:17.371854Z  INFO node{moniker=app-0}:consensus{height=53 round=0}: Received vote height=53 vote_height=53 address=815F9FA61D7C4F1E4A9E30D40DCA1115BB48F759 Prevote(height: 53, round: 0, value: a587beb54e4ae620, from: 815F9FA61D7C4F1E4A9E30D40DCA1115BB48F759)
2025-08-25T09:38:17.371943Z DEBUG node{moniker=app-0}:wal{height=53}: Wrote log entry type=Consensus(Vote) entry.size=118 
2025-08-25T09:38:17.371986Z DEBUG node{moniker=app-0}:consensus{height=53 round=0}: Transitioned to new step step.previous=Prevote step.new=Precommit
2025-08-25T09:38:17.371995Z  INFO node{moniker=app-0}:consensus{height=53 round=0}: Voting vote_type=Precommit value=a587beb54e4ae620 round=0
2025-08-25T09:38:17.372014Z DEBUG node{moniker=app-0}:node{moniker=app-0}: metis-test:consensus-chan recv!!! msg:ExtendVote { height: Height(53), round: Some(0), value_id: ValueId(11927711824025937440), reply: Sender { inner: Some(Inner { state: State { is_complete: false, is_closed: false, is_rx_task_set: true, is_tx_task_set: false } }) } }
2025-08-25T09:38:17.372309Z  INFO node{moniker=app-0}:consensus{height=53 round=0}: Received vote height=53 vote_height=53 address=815F9FA61D7C4F1E4A9E30D40DCA1115BB48F759 Precommit(height: 53, round: 0, value: a587beb54e4ae620, from: 815F9FA61D7C4F1E4A9E30D40DCA1115BB48F759)
2025-08-25T09:38:17.372385Z DEBUG node{moniker=app-0}:wal{height=53}: Wrote log entry type=Consensus(Vote) entry.size=120 
2025-08-25T09:38:17.375322Z DEBUG node{moniker=app-0}:wal{height=53}: Flushed WAL to disk wal.entries=4 wal.size=1088
2025-08-25T09:38:17.375513Z DEBUG node{moniker=app-0}:network: Published message channel=/consensus size=111
2025-08-25T09:38:17.378248Z DEBUG node{moniker=app-0}:wal{height=53}: Flushed WAL to disk wal.entries=4 wal.size=1088
2025-08-25T09:38:17.378575Z DEBUG node{moniker=app-0}:network: Published message channel=/consensus size=109
2025-08-25T09:38:17.387652Z  INFO node{moniker=app-0}:consensus{height=53 round=0}: Received vote height=53 vote_height=53 address=02CB1B49DA09615BD4A12212C39378556D990DFD Precommit(height: 53, round: 0, value: a587beb54e4ae620, from: 02CB1B49DA09615BD4A12212C39378556D990DFD)
2025-08-25T09:38:17.387774Z DEBUG node{moniker=app-0}:wal{height=53}: Wrote log entry type=Consensus(Vote) entry.size=120 
2025-08-25T09:38:17.387937Z DEBUG node{moniker=app-0}:consensus{height=53 round=0}: Transitioned to new step step.previous=Precommit step.new=Commit
2025-08-25T09:38:17.387946Z  INFO node{moniker=app-0}:consensus{height=53 round=0}: Decided round=0 height=53 value=a587beb54e4ae620
2025-08-25T09:38:17.392962Z DEBUG node{moniker=app-0}:wal{height=53}: Flushed WAL to disk wal.entries=5 wal.size=1221
2025-08-25T09:38:17.393066Z DEBUG node{moniker=app-0}:sync{height.tip=52 height.sync=53}: Updating request state height.tip=53
2025-08-25T09:38:17.393082Z DEBUG node{moniker=app-0}:node{moniker=app-0}: metis-test:consensus-chan recv!!! msg:Decided { certificate: CommitCertificate { height: Height(53), round: Some(0), value_id: ValueId(11927711824025937440), commit_signatures: [CommitSignature { address: Address(02CB1B49DA09615BD4A12212C39378556D990DFD), signature: Signature(Signature { R_bytes: "d21e444ad60cfbebd8666827e01d7167eb182c75db9d3bae9936a4821a47fed0", s_bytes: "d8ba78891683d0fbb01a6b0b6d2a7fe6b342c93dbbd9fee7c09a7795e9c6400b" }) }, CommitSignature { address: Address(815F9FA61D7C4F1E4A9E30D40DCA1115BB48F759), signature: Signature(Signature { R_bytes: "80c0727087e51d89fe99b3734b81dc3f07ef06ce6cb16cfb670517062a62c7ba", s_bytes: "2477b1c71d287cee3ac7248aef5679864c39c78c5d9bfd650bd444e432817a0e" }) }] }, extensions: VoteExtensions { extensions: [] }, reply: Sender { inner: Some(Inner { state: State { is_complete: false, is_closed: false, is_rx_task_set: true, is_tx_task_set: false } }) } }
2025-08-25T09:38:17.393103Z  INFO node{moniker=app-0}:node{moniker=app-0}: 🟢🟢 Consensus has decided on value height=53 round=0 value=a587beb54e4ae620
2025-08-25T09:38:17.393182Z DEBUG node{moniker=app-0}:node{moniker=app-0}: 🎁 block size: 545, height: 53
2025-08-25T09:38:17.393194Z  INFO node{moniker=app-0}:node{moniker=app-0}: 👉 stats at height 53: #txs=0, txs/s=0.00, chain_bytes=28885, bytes/s=2809.70
2025-08-25T09:38:17.393199Z DEBUG node{moniker=app-0}:node{moniker=app-0}: 🦄 Block at height 53 contains 0 transactions
2025-08-25T09:38:17.394806Z DEBUG node{moniker=app-0}:node{moniker=app-0}: 💡 New block added at height 53 with hash: 0x2682145edec0ad380de62d5f996c08b5426006c8f8e33e06ccced18896f0f8bc
2025-08-25T09:38:17.394816Z DEBUG node{moniker=app-0}:node{moniker=app-0}: 🟠 set_latest_forkchoice_state: 0x2682145edec0ad380de62d5f996c08b5426006c8f8e33e06ccced18896f0f8bc
2025-08-25T09:38:17.395242Z DEBUG node{moniker=app-0}:node{moniker=app-0}: ➡️ payload_status: PayloadStatus { status: Valid, latest_valid_hash: Some(0x2682145edec0ad380de62d5f996c08b5426006c8f8e33e06ccced18896f0f8bc) }
2025-08-25T09:38:17.395247Z DEBUG node{moniker=app-0}:node{moniker=app-0}: 🚀 Forkchoice updated to height 53 for block hash=0x2682145edec0ad380de62d5f996c08b5426006c8f8e33e06ccced18896f0f8bc and latest_valid_hash=0x2682145edec0ad380de62d5f996c08b5426006c8f8e33e06ccced18896f0f8bc
2025-08-25T09:38:17.395250Z  INFO node{moniker=app-0}:node{moniker=app-0}: Looking for certificate height=53 round=0
2025-08-25T09:38:17.402619Z  INFO node{moniker=app-0}:node{moniker=app-0}: Committed block_data[0..32]: 6f8006a6590d50e77d97b614382b5461501f9b406eed8a7b6d8c50653c6cd89f
2025-08-25T09:38:17.421599Z DEBUG node{moniker=app-0}:wal{height=54}: Reset WAL height=54
2025-08-25T09:38:17.421682Z DEBUG node{moniker=app-0}:consensus{height=54 round=0}: No WAL entries to replay height=54
2025-08-25T09:38:17.421717Z  INFO node{moniker=app-0}:consensus{height=54 round=0}: Starting new height height=54
2025-08-25T09:38:17.421723Z  INFO node{moniker=app-0}:consensus{height=54 round=0}: Starting new round height=54 round=0 proposer=DE7BA2BE72D2225286133990FF5810B691A5261C role=Validator
2025-08-25T09:38:17.422062Z DEBUG node{moniker=app-0}:sync{height.tip=52 height.sync=53}: Starting new height height.tip=53 height.sync=54 restart=false
2025-08-25T09:38:17.422073Z DEBUG node{moniker=app-0}:sync{height.tip=52 height.sync=53}: No peer to request sync from height.sync=54
2025-08-25T09:38:17.427330Z DEBUG node{moniker=app-0}:wal{height=54}: Flushed WAL to disk wal.entries=0 wal.size=12
2025-08-25T09:38:17.427428Z DEBUG node{moniker=app-0}:node{moniker=app-0}: metis-test:consensus-chan recv!!! msg:StartedRound { height: Height(54), round: Some(0), proposer: Address(DE7BA2BE72D2225286133990FF5810B691A5261C), role: Validator, reply_value: Sender { inner: Some(Inner { state: State { is_complete: false, is_closed: false, is_rx_task_set: false, is_tx_task_set: false } }) } }
2025-08-25T09:38:17.427440Z  INFO node{moniker=app-0}:node{moniker=app-0}: 🟢🟢 Started round height=54 round=0 proposer=DE7BA2BE72D2225286133990FF5810B691A5261C role=Validator
2025-08-25T09:38:17.427454Z ERROR node{moniker=app-0}:consensus{height=54 round=0}: Error when processing effect: Messaging(RecvErr)
2025-08-25T09:38:17.427472Z DEBUG node{moniker=app-0}:consensus{height=54 round=0}: Transitioned to new step step.previous=Unstarted step.new=Propose
2025-08-25T09:38:17.427478Z  INFO node{moniker=app-0}:consensus{height=54 round=0}: Scheduling timeout round=0 step=Propose
2025-08-25T09:38:17.427487Z DEBUG node{moniker=app-0}:consensus{height=54 round=0}: Replaying inputs count=0
2025-08-25T09:38:17.436778Z DEBUG node{moniker=app-0}:node{moniker=app-0}: metis-test:consensus-chan recv!!! msg:ReceivedProposalPart { from: PeerId("12D3KooWEFmACkQS9HNWY86xGVM3LS7fRpQ8saTb5VdfdYCzuUvE"), part: StreamMessage { stream_id: StreamId(b"\0\0\0\0\0\0\06\0\0\0\0\0\0\0\x11"), sequence: 0, content: Data(Init(ProposalInit { height: Height(54), round: Some(0), proposer: Address(DE7BA2BE72D2225286133990FF5810B691A5261C) })) }, reply: Sender { inner: Some(Inner { state: State { is_complete: false, is_closed: false, is_rx_task_set: true, is_tx_task_set: false } }) } }
2025-08-25T09:38:17.436909Z  INFO node{moniker=app-0}:node{moniker=app-0}: Received proposal part from=12D3KooWEFmACkQS9HNWY86xGVM3LS7fRpQ8saTb5VdfdYCzuUvE part.sequence=0 part.type=init part.size=28
2025-08-25T09:38:17.438270Z DEBUG node{moniker=app-0}:node{moniker=app-0}: metis-test:consensus-chan recv!!! msg:ReceivedProposalPart { from: PeerId("12D3KooWEFmACkQS9HNWY86xGVM3LS7fRpQ8saTb5VdfdYCzuUvE"), part: StreamMessage { stream_id: StreamId(b"\0\0\0\0\0\0\06\0\0\0\0\0\0\0\x11"), sequence: 1, content: Data(Data(ProposalData { bytes: "<...>", len: 545 })) }, reply: Sender { inner: Some(Inner { state: State { is_complete: false, is_closed: false, is_rx_task_set: true, is_tx_task_set: false } }) } }
2025-08-25T09:38:17.438289Z  INFO node{moniker=app-0}:node{moniker=app-0}: Received proposal part from=12D3KooWEFmACkQS9HNWY86xGVM3LS7fRpQ8saTb5VdfdYCzuUvE part.sequence=1 part.type=data part.size=551
2025-08-25T09:38:17.438308Z DEBUG node{moniker=app-0}:node{moniker=app-0}: metis-test:consensus-chan recv!!! msg:ReceivedProposalPart { from: PeerId("12D3KooWEFmACkQS9HNWY86xGVM3LS7fRpQ8saTb5VdfdYCzuUvE"), part: StreamMessage { stream_id: StreamId(b"\0\0\0\0\0\0\06\0\0\0\0\0\0\0\x11"), sequence: 2, content: Data(Fin(ProposalFin { signature: Signature(Signature { R_bytes: "7785e83e3e7200725b465ee0038234643a4063db80d28a04f71b96073dd29e09", s_bytes: "12ae3740ed0fe6be5be9369f9ebbd5a8307d502c91dc142cf3d73c3a366c580c" }) })) }, reply: Sender { inner: Some(Inner { state: State { is_complete: false, is_closed: false, is_rx_task_set: true, is_tx_task_set: false } }) } }
2025-08-25T09:38:17.438322Z  INFO node{moniker=app-0}:node{moniker=app-0}: Received proposal part from=12D3KooWEFmACkQS9HNWY86xGVM3LS7fRpQ8saTb5VdfdYCzuUvE part.sequence=2 part.type=fin part.size=70
2025-08-25T09:38:17.438822Z DEBUG node{moniker=app-0}:node{moniker=app-0}: metis-test:consensus-chan recv!!! msg:ReceivedProposalPart { from: PeerId("12D3KooWEFmACkQS9HNWY86xGVM3LS7fRpQ8saTb5VdfdYCzuUvE"), part: StreamMessage { stream_id: StreamId(b"\0\0\0\0\0\0\06\0\0\0\0\0\0\0\x11"), sequence: 3, content: Fin }, reply: Sender { inner: Some(Inner { state: State { is_complete: false, is_closed: false, is_rx_task_set: true, is_tx_task_set: false } }) } }
2025-08-25T09:38:17.438834Z  INFO node{moniker=app-0}:node{moniker=app-0}: Received proposal part from=12D3KooWEFmACkQS9HNWY86xGVM3LS7fRpQ8saTb5VdfdYCzuUvE part.sequence=3 part.type=end of stream part.size=0
2025-08-25T09:38:17.439059Z  INFO node{moniker=app-0}:node{moniker=app-0}: Proposal data[0..32]: 2682145edec0ad380de62d5f996c08b5426006c8f8e33e06ccced18896f0f8bc, total_size: 545 bytes, id: edcb6fa2cb55c85b
2025-08-25T09:38:17.442439Z  INFO node{moniker=app-0}:consensus{height=54 round=0}: Received vote height=54 vote_height=54 address=DE7BA2BE72D2225286133990FF5810B691A5261C Prevote(height: 54, round: 0, value: edcb6fa2cb55c85b, from: DE7BA2BE72D2225286133990FF5810B691A5261C)
2025-08-25T09:38:17.442926Z DEBUG node{moniker=app-0}:wal{height=54}: Wrote log entry type=Consensus(Vote) entry.size=118 
2025-08-25T09:38:17.444709Z  INFO node{moniker=app-0}:consensus{height=54 round=0}: Received proposal consensus.height=54 proposal.height=54 proposal.round=0 proposer=DE7BA2BE72D2225286133990FF5810B691A5261C Proposal(height: 54, round: 0, pol_round: -1, value: edcb6fa2cb55c85b, from: DE7BA2BE72D2225286133990FF5810B691A5261C)
2025-08-25T09:38:17.447324Z DEBUG node{moniker=app-0}:wal{height=54}: Wrote log entry type=Consensus(Proposal) entry.size=668 
2025-08-25T09:38:17.447408Z DEBUG node{moniker=app-0}:consensus{height=54 round=0}: No full proposal for this round yet, stored proposal for later proposal.height=54 proposal.round=0
2025-08-25T09:38:17.448646Z DEBUG node{moniker=app-0}:node{moniker=app-0}: ✅ Received complete proposal: ProposedValue { height: Height(54), round: Some(0), valid_round: Nil, proposer: Address(DE7BA2BE72D2225286133990FF5810B691A5261C), value: Value { value: 17134911952247965787, extensions: b"&\x82\x14^\xde\xc0\xad8\r\xe6-_\x99l\x08\xb5B`\x06\xc8\xf8\xe3>\x06\xcc\xce\xd1\x88\x96\xf0\xf8\xbc********************\xec&\xdf\x94B\xc5\xd4\xa0\xa0\xccSH\xc9`\x11[C\xda\x08\xc7\xae\xf6\xbeNL\xcc_\x13l\xa8\x92\xa6V\xe8\x1f\x17\x1b\xccU\xa6\xff\x83E\xe6\x92\xc0\xf8n[H\xe0\x1b\x99l\xad\xc0\x01b/\xb5\xe3c\xb4!\0\0\0\0\0\0\0\0\0\0\0\0\0\0\0\0\0\0\0\0\0\0\0\0\0\0\0\0\0\0\0\0\0\0\0\0\0\0\0\0\0\0\0\0\0\0\0\0\0\0\0\0\0\0\0\0\0\0\0\0\0\0\0\0\0\0\0\0\0\0\0\0\0\0\0\0\0\0\0\0\0\0\0\0\0\0\0\0\0\0\0\0\0\0\0\0\0\0\0\0\0\0\0\0\0\0\0\0\0\0\0\0\0\0\0\0\0\0\0\0\0\0\0\0\0\0\0\0\0\0\0\0\0\0\0\0\0\0\0\0\0\0\0\0\0\0\0\0\0\0\0\0\0\0\0\0\0\0\0\0\0\0\0\0\0\0\0\0\0\0\0\0\0\0\0\0\0\0\0\0\0\0\0\0\0\0\0\0\0\0\0\0\0\0\0\0\0\0\0\0\0\0\0\0\0\0\0\0\0\0\0\0\0\0\0\0\0\0\0\0\0\0\0\0\0\0\0\0\0\0\0\0\0\0\0\0\0\0\0\0\0\0\0\0\0\0\0\0\0\0\0\0\0\0\0\0\0\0\0\0\0\0\0\0\0\0\0\0\0\0\0\0\0\0\0\0\0\0\0\0\0\0\0\0\0\0\0\06\0\0\0\0\0\0\0\xa8\x89\xe2\x01\0\0\0\0\0\0\0\0\0\0\0\09/\xach\0\0\0\0\x10\x02\0\0WE\x0b\0\0\0\0\0\0\0\0\0\0\0\0\0\0\0\0\0\0\0\0\0\0\0\0\0\0\0\0\0&Bl\xc0-\xfb\xa6mFXN\x04*\xba\xea\xfe\xcd@\x93\x14\xcd\xb4\xff`!]b\xbe2\xe9n\xf2!\x02\0\0!\x02\0\0\0\0\0\0\0\0\0\0\0\0\0\0\0\0\0\0reth/v1.4.1/linux" }, validity: Valid }
2025-08-25T09:38:17.448751Z DEBUG node{moniker=app-0}:consensus{height=54 round=0}: We have a full proposal for this round, checking... proposal.height=54 proposal.round=0
2025-08-25T09:38:17.448804Z DEBUG node{moniker=app-0}:consensus{height=54 round=0}: Transitioned to new step step.previous=Propose step.new=Prevote
2025-08-25T09:38:17.448821Z  INFO node{moniker=app-0}:consensus{height=54 round=0}: Voting vote_type=Prevote value=edcb6fa2cb55c85b round=0
2025-08-25T09:38:17.449234Z  INFO node{moniker=app-0}:consensus{height=54 round=0}: Received vote height=54 vote_height=54 address=815F9FA61D7C4F1E4A9E30D40DCA1115BB48F759 Prevote(height: 54, round: 0, value: edcb6fa2cb55c85b, from: 815F9FA61D7C4F1E4A9E30D40DCA1115BB48F759)
2025-08-25T09:38:17.449400Z DEBUG node{moniker=app-0}:wal{height=54}: Wrote log entry type=Consensus(Vote) entry.size=118 
2025-08-25T09:38:17.449458Z DEBUG node{moniker=app-0}:consensus{height=54 round=0}: Transitioned to new step step.previous=Prevote step.new=Precommit
2025-08-25T09:38:17.449473Z  INFO node{moniker=app-0}:consensus{height=54 round=0}: Voting vote_type=Precommit value=edcb6fa2cb55c85b round=0
2025-08-25T09:38:17.449496Z DEBUG node{moniker=app-0}:node{moniker=app-0}: metis-test:consensus-chan recv!!! msg:ExtendVote { height: Height(54), round: Some(0), value_id: ValueId(17134911952247965787), reply: Sender { inner: Some(Inner { state: State { is_complete: false, is_closed: false, is_rx_task_set: true, is_tx_task_set: false } }) } }
2025-08-25T09:38:17.449897Z  INFO node{moniker=app-0}:consensus{height=54 round=0}: Received vote height=54 vote_height=54 address=815F9FA61D7C4F1E4A9E30D40DCA1115BB48F759 Precommit(height: 54, round: 0, value: edcb6fa2cb55c85b, from: 815F9FA61D7C4F1E4A9E30D40DCA1115BB48F759)
2025-08-25T09:38:17.449995Z DEBUG node{moniker=app-0}:wal{height=54}: Wrote log entry type=Consensus(Vote) entry.size=120 
2025-08-25T09:38:17.453258Z DEBUG node{moniker=app-0}:wal{height=54}: Flushed WAL to disk wal.entries=4 wal.size=1088
2025-08-25T09:38:17.453481Z DEBUG node{moniker=app-0}:network: Published message channel=/consensus size=111
2025-08-25T09:38:17.454816Z DEBUG node{moniker=app-0}:wal{height=54}: Flushed WAL to disk wal.entries=4 wal.size=1088
2025-08-25T09:38:17.455145Z DEBUG node{moniker=app-0}:network: Published message channel=/consensus size=109
2025-08-25T09:38:17.461260Z  INFO node{moniker=app-0}:consensus{height=54 round=0}: Received vote height=54 vote_height=54 address=DE7BA2BE72D2225286133990FF5810B691A5261C Precommit(height: 54, round: 0, value: edcb6fa2cb55c85b, from: DE7BA2BE72D2225286133990FF5810B691A5261C)
2025-08-25T09:38:17.461434Z DEBUG node{moniker=app-0}:wal{height=54}: Wrote log entry type=Consensus(Vote) entry.size=120 
2025-08-25T09:38:17.461585Z DEBUG node{moniker=app-0}:consensus{height=54 round=0}: Transitioned to new step step.previous=Precommit step.new=Commit
2025-08-25T09:38:17.461598Z  INFO node{moniker=app-0}:consensus{height=54 round=0}: Decided round=0 height=54 value=edcb6fa2cb55c85b
2025-08-25T09:38:17.467152Z DEBUG node{moniker=app-0}:wal{height=54}: Flushed WAL to disk wal.entries=5 wal.size=1221
2025-08-25T09:38:17.467243Z DEBUG node{moniker=app-0}:sync{height.tip=53 height.sync=54}: Updating request state height.tip=54
2025-08-25T09:38:17.467261Z DEBUG node{moniker=app-0}:node{moniker=app-0}: metis-test:consensus-chan recv!!! msg:Decided { certificate: CommitCertificate { height: Height(54), round: Some(0), value_id: ValueId(17134911952247965787), commit_signatures: [CommitSignature { address: Address(815F9FA61D7C4F1E4A9E30D40DCA1115BB48F759), signature: Signature(Signature { R_bytes: "3f683871893ba8ef9736db73b8adb89e1c36442e09c9aa161d876e024297ad6b", s_bytes: "ff32d6b5590f8f40cd67052d6c66dc5e6bae86eeef010fe6c44b3d2962576305" }) }, CommitSignature { address: Address(DE7BA2BE72D2225286133990FF5810B691A5261C), signature: Signature(Signature { R_bytes: "99dadf76cb08a91b808e972e7c149cfc30ec2e1b697a1fb2a8fdaca3f034010e", s_bytes: "8783a4cf517a2723d8af825c4cab137c13fcae430658adbf3a13ecb29d59b90b" }) }] }, extensions: VoteExtensions { extensions: [] }, reply: Sender { inner: Some(Inner { state: State { is_complete: false, is_closed: false, is_rx_task_set: true, is_tx_task_set: false } }) } }
2025-08-25T09:38:17.467283Z  INFO node{moniker=app-0}:node{moniker=app-0}: 🟢🟢 Consensus has decided on value height=54 round=0 value=edcb6fa2cb55c85b
2025-08-25T09:38:17.467344Z DEBUG node{moniker=app-0}:node{moniker=app-0}: 🎁 block size: 545, height: 54
2025-08-25T09:38:17.467357Z  INFO node{moniker=app-0}:node{moniker=app-0}: 👉 stats at height 54: #txs=0, txs/s=0.00, chain_bytes=29430, bytes/s=2842.21
2025-08-25T09:38:17.467363Z DEBUG node{moniker=app-0}:node{moniker=app-0}: 🦄 Block at height 54 contains 0 transactions
2025-08-25T09:38:17.477646Z DEBUG node{moniker=app-0}:node{moniker=app-0}: 💡 New block added at height 54 with hash: 0x26426cc02dfba66d46584e042abaeafecd409314cdb4ff60215d62be32e96ef2
2025-08-25T09:38:17.477663Z DEBUG node{moniker=app-0}:node{moniker=app-0}: 🟠 set_latest_forkchoice_state: 0x26426cc02dfba66d46584e042abaeafecd409314cdb4ff60215d62be32e96ef2
2025-08-25T09:38:17.479350Z DEBUG node{moniker=app-0}:node{moniker=app-0}: ➡️ payload_status: PayloadStatus { status: Valid, latest_valid_hash: Some(0x26426cc02dfba66d46584e042abaeafecd409314cdb4ff60215d62be32e96ef2) }
2025-08-25T09:38:17.479363Z DEBUG node{moniker=app-0}:node{moniker=app-0}: 🚀 Forkchoice updated to height 54 for block hash=0x26426cc02dfba66d46584e042abaeafecd409314cdb4ff60215d62be32e96ef2 and latest_valid_hash=0x26426cc02dfba66d46584e042abaeafecd409314cdb4ff60215d62be32e96ef2
2025-08-25T09:38:17.479366Z  INFO node{moniker=app-0}:node{moniker=app-0}: Looking for certificate height=54 round=0
2025-08-25T09:38:17.483808Z  INFO node{moniker=app-0}:node{moniker=app-0}: Committed block_data[0..32]: 2682145edec0ad380de62d5f996c08b5426006c8f8e33e06ccced18896f0f8bc
2025-08-25T09:38:17.501500Z DEBUG node{moniker=app-0}:wal{height=55}: Reset WAL height=55
2025-08-25T09:38:17.501580Z DEBUG node{moniker=app-0}:consensus{height=55 round=0}: No WAL entries to replay height=55
2025-08-25T09:38:17.501672Z  INFO node{moniker=app-0}:consensus{height=55 round=0}: Starting new height height=55
2025-08-25T09:38:17.501681Z  INFO node{moniker=app-0}:consensus{height=55 round=0}: Starting new round height=55 round=0 proposer=DE7BA2BE72D2225286133990FF5810B691A5261C role=None
2025-08-25T09:38:17.501737Z DEBUG node{moniker=app-0}:sync{height.tip=53 height.sync=54}: Starting new height height.tip=54 height.sync=55 restart=false
2025-08-25T09:38:17.501842Z DEBUG node{moniker=app-0}:sync{height.tip=53 height.sync=54}: No peer to request sync from height.sync=55
2025-08-25T09:38:17.510032Z DEBUG node{moniker=app-0}:wal{height=55}: Flushed WAL to disk wal.entries=0 wal.size=12
2025-08-25T09:38:17.510157Z DEBUG node{moniker=app-0}:node{moniker=app-0}: metis-test:consensus-chan recv!!! msg:StartedRound { height: Height(55), round: Some(0), proposer: Address(DE7BA2BE72D2225286133990FF5810B691A5261C), role: None, reply_value: Sender { inner: Some(Inner { state: State { is_complete: false, is_closed: false, is_rx_task_set: false, is_tx_task_set: false } }) } }
2025-08-25T09:38:17.510176Z  INFO node{moniker=app-0}:node{moniker=app-0}: 🟢🟢 Started round height=55 round=0 proposer=DE7BA2BE72D2225286133990FF5810B691A5261C role=None
2025-08-25T09:38:17.510195Z ERROR node{moniker=app-0}:consensus{height=55 round=0}: Error when processing effect: Messaging(RecvErr)
2025-08-25T09:38:17.510219Z DEBUG node{moniker=app-0}:consensus{height=55 round=0}: Transitioned to new step step.previous=Unstarted step.new=Propose
2025-08-25T09:38:17.510226Z  INFO node{moniker=app-0}:consensus{height=55 round=0}: Scheduling timeout round=0 step=Propose
2025-08-25T09:38:17.510238Z DEBUG node{moniker=app-0}:consensus{height=55 round=0}: Replaying inputs count=0
2025-08-25T09:38:17.527831Z DEBUG node{moniker=app-0}:node{moniker=app-0}: metis-test:consensus-chan recv!!! msg:ReceivedProposalPart { from: PeerId("12D3KooWEFmACkQS9HNWY86xGVM3LS7fRpQ8saTb5VdfdYCzuUvE"), part: StreamMessage { stream_id: StreamId(b"\0\0\0\0\0\0\07\0\0\0\0\0\0\0\x12"), sequence: 0, content: Data(Init(ProposalInit { height: Height(55), round: Some(0), proposer: Address(DE7BA2BE72D2225286133990FF5810B691A5261C) })) }, reply: Sender { inner: Some(Inner { state: State { is_complete: false, is_closed: false, is_rx_task_set: true, is_tx_task_set: false } }) } }
2025-08-25T09:38:17.527888Z  INFO node{moniker=app-0}:node{moniker=app-0}: Received proposal part from=12D3KooWEFmACkQS9HNWY86xGVM3LS7fRpQ8saTb5VdfdYCzuUvE part.sequence=0 part.type=init part.size=28
2025-08-25T09:38:17.529473Z DEBUG node{moniker=app-0}:node{moniker=app-0}: metis-test:consensus-chan recv!!! msg:ReceivedProposalPart { from: PeerId("12D3KooWEFmACkQS9HNWY86xGVM3LS7fRpQ8saTb5VdfdYCzuUvE"), part: StreamMessage { stream_id: StreamId(b"\0\0\0\0\0\0\07\0\0\0\0\0\0\0\x12"), sequence: 1, content: Data(Data(ProposalData { bytes: "<...>", len: 545 })) }, reply: Sender { inner: Some(Inner { state: State { is_complete: false, is_closed: false, is_rx_task_set: true, is_tx_task_set: false } }) } }
2025-08-25T09:38:17.529507Z  INFO node{moniker=app-0}:node{moniker=app-0}: Received proposal part from=12D3KooWEFmACkQS9HNWY86xGVM3LS7fRpQ8saTb5VdfdYCzuUvE part.sequence=1 part.type=data part.size=551
2025-08-25T09:38:17.529544Z DEBUG node{moniker=app-0}:node{moniker=app-0}: metis-test:consensus-chan recv!!! msg:ReceivedProposalPart { from: PeerId("12D3KooWEFmACkQS9HNWY86xGVM3LS7fRpQ8saTb5VdfdYCzuUvE"), part: StreamMessage { stream_id: StreamId(b"\0\0\0\0\0\0\07\0\0\0\0\0\0\0\x12"), sequence: 2, content: Data(Fin(ProposalFin { signature: Signature(Signature { R_bytes: "e2f0e4afa01f2fe1a479e931876b24e3d7da9964f307c5af340579f36a2c70fe", s_bytes: "9bbde0512ab600386801be35b935f41a3bc80c0fa28d8149178e78ed93cd690f" }) })) }, reply: Sender { inner: Some(Inner { state: State { is_complete: false, is_closed: false, is_rx_task_set: true, is_tx_task_set: false } }) } }
2025-08-25T09:38:17.529570Z  INFO node{moniker=app-0}:node{moniker=app-0}: Received proposal part from=12D3KooWEFmACkQS9HNWY86xGVM3LS7fRpQ8saTb5VdfdYCzuUvE part.sequence=2 part.type=fin part.size=70
2025-08-25T09:38:17.531094Z DEBUG node{moniker=app-0}:node{moniker=app-0}: metis-test:consensus-chan recv!!! msg:ReceivedProposalPart { from: PeerId("12D3KooWEFmACkQS9HNWY86xGVM3LS7fRpQ8saTb5VdfdYCzuUvE"), part: StreamMessage { stream_id: StreamId(b"\0\0\0\0\0\0\07\0\0\0\0\0\0\0\x12"), sequence: 3, content: Fin }, reply: Sender { inner: Some(Inner { state: State { is_complete: false, is_closed: false, is_rx_task_set: true, is_tx_task_set: false } }) } }
2025-08-25T09:38:17.531121Z  INFO node{moniker=app-0}:node{moniker=app-0}: Received proposal part from=12D3KooWEFmACkQS9HNWY86xGVM3LS7fRpQ8saTb5VdfdYCzuUvE part.sequence=3 part.type=end of stream part.size=0
2025-08-25T09:38:17.531453Z  INFO node{moniker=app-0}:node{moniker=app-0}: Proposal data[0..32]: 26426cc02dfba66d46584e042abaeafecd409314cdb4ff60215d62be32e96ef2, total_size: 545 bytes, id: acb99348f554e1bc
2025-08-25T09:38:17.535234Z  INFO node{moniker=app-0}:consensus{height=55 round=0}: Received vote height=55 vote_height=55 address=DE7BA2BE72D2225286133990FF5810B691A5261C Prevote(height: 55, round: 0, value: acb99348f554e1bc, from: DE7BA2BE72D2225286133990FF5810B691A5261C)
2025-08-25T09:38:17.535994Z DEBUG node{moniker=app-0}:wal{height=55}: Wrote log entry type=Consensus(Vote) entry.size=118 
2025-08-25T09:38:17.537601Z  INFO node{moniker=app-0}:consensus{height=55 round=0}: Received proposal consensus.height=55 proposal.height=55 proposal.round=0 proposer=DE7BA2BE72D2225286133990FF5810B691A5261C Proposal(height: 55, round: 0, pol_round: -1, value: acb99348f554e1bc, from: DE7BA2BE72D2225286133990FF5810B691A5261C)
2025-08-25T09:38:17.539372Z DEBUG node{moniker=app-0}:node{moniker=app-0}: ✅ Received complete proposal: ProposedValue { height: Height(55), round: Some(0), valid_round: Nil, proposer: Address(DE7BA2BE72D2225286133990FF5810B691A5261C), value: Value { value: 12446140986777985468, extensions: b"&Bl\xc0-\xfb\xa6mFXN\x04*\xba\xea\xfe\xcd@\x93\x14\xcd\xb4\xff`!]b\xbe2\xe9n\xf2********************\xec&\xdf\x94B\xc5\xd4\xa0\xa0\xccSH\xc9`\x11[C\xda\x08\xc7\xae\xf6\xbeNL\xcc_\x13l\xa8\x92\xa6V\xe8\x1f\x17\x1b\xccU\xa6\xff\x83E\xe6\x92\xc0\xf8n[H\xe0\x1b\x99l\xad\xc0\x01b/\xb5\xe3c\xb4!\0\0\0\0\0\0\0\0\0\0\0\0\0\0\0\0\0\0\0\0\0\0\0\0\0\0\0\0\0\0\0\0\0\0\0\0\0\0\0\0\0\0\0\0\0\0\0\0\0\0\0\0\0\0\0\0\0\0\0\0\0\0\0\0\0\0\0\0\0\0\0\0\0\0\0\0\0\0\0\0\0\0\0\0\0\0\0\0\0\0\0\0\0\0\0\0\0\0\0\0\0\0\0\0\0\0\0\0\0\0\0\0\0\0\0\0\0\0\0\0\0\0\0\0\0\0\0\0\0\0\0\0\0\0\0\0\0\0\0\0\0\0\0\0\0\0\0\0\0\0\0\0\0\0\0\0\0\0\0\0\0\0\0\0\0\0\0\0\0\0\0\0\0\0\0\0\0\0\0\0\0\0\0\0\0\0\0\0\0\0\0\0\0\0\0\0\0\0\0\0\0\0\0\0\0\0\0\0\0\0\0\0\0\0\0\0\0\0\0\0\0\0\0\0\0\0\0\0\0\0\0\0\0\0\0\0\0\0\0\0\0\0\0\0\0\0\0\0\0\0\0\0\0\0\0\0\0\0\0\0\0\0\0\0\0\0\0\0\0\0\0\0\0\0\0\0\0\0\0\0\0\0\0\0\0\0\0\07\0\0\0\0\0\0\0I\x02\xe3\x01\0\0\0\0\0\0\0\0\0\0\0\0:/\xach\0\0\0\0\x10\x02\0\0\xad\xdc\t\0\0\0\0\0\0\0\0\0\0\0\0\0\0\0\0\0\0\0\0\0\0\0\0\0\0\0\0\0\x8d\xe9\xfb\x83\xbeR\xbcE\x07\xef5\xdd\xae\\\x85Y;x\xa9%\xde\xfb\xf0\x1b\xf2\xbcX[\t\xcb\xd6\xd4!\x02\0\0!\x02\0\0\0\0\0\0\0\0\0\0\0\0\0\0\0\0\0\0reth/v1.4.1/linux" }, validity: Valid }
2025-08-25T09:38:17.539698Z DEBUG node{moniker=app-0}:wal{height=55}: Wrote log entry type=Consensus(Proposal) entry.size=668 
2025-08-25T09:38:17.539730Z DEBUG node{moniker=app-0}:consensus{height=55 round=0}: No full proposal for this round yet, stored proposal for later proposal.height=55 proposal.round=0
2025-08-25T09:38:17.539752Z DEBUG node{moniker=app-0}:consensus{height=55 round=0}: We have a full proposal for this round, checking... proposal.height=55 proposal.round=0
2025-08-25T09:38:17.539765Z DEBUG node{moniker=app-0}:consensus{height=55 round=0}: Transitioned to new step step.previous=Propose step.new=Prevote
2025-08-25T09:38:17.545332Z  INFO node{moniker=app-0}:consensus{height=55 round=0}: Received vote height=55 vote_height=55 address=02CB1B49DA09615BD4A12212C39378556D990DFD Precommit(height: 55, round: 0, value: acb99348f554e1bc, from: 02CB1B49DA09615BD4A12212C39378556D990DFD)
2025-08-25T09:38:17.545841Z DEBUG node{moniker=app-0}:wal{height=55}: Wrote log entry type=Consensus(Vote) entry.size=120 
2025-08-25T09:38:17.547367Z  INFO node{moniker=app-0}:consensus{height=55 round=0}: Received vote height=55 vote_height=55 address=02CB1B49DA09615BD4A12212C39378556D990DFD Prevote(height: 55, round: 0, value: acb99348f554e1bc, from: 02CB1B49DA09615BD4A12212C39378556D990DFD)
2025-08-25T09:38:17.547481Z DEBUG node{moniker=app-0}:wal{height=55}: Wrote log entry type=Consensus(Vote) entry.size=118 
2025-08-25T09:38:17.547699Z DEBUG node{moniker=app-0}:consensus{height=55 round=0}: Transitioned to new step step.previous=Prevote step.new=Precommit
2025-08-25T09:38:17.553261Z  INFO node{moniker=app-0}:consensus{height=55 round=0}: Received vote height=55 vote_height=55 address=DE7BA2BE72D2225286133990FF5810B691A5261C Precommit(height: 55, round: 0, value: acb99348f554e1bc, from: DE7BA2BE72D2225286133990FF5810B691A5261C)
2025-08-25T09:38:17.553964Z DEBUG node{moniker=app-0}:wal{height=55}: Wrote log entry type=Consensus(Vote) entry.size=120 
2025-08-25T09:38:17.554016Z DEBUG node{moniker=app-0}:consensus{height=55 round=0}: Transitioned to new step step.previous=Precommit step.new=Commit
2025-08-25T09:38:17.554023Z  INFO node{moniker=app-0}:consensus{height=55 round=0}: Decided round=0 height=55 value=acb99348f554e1bc
2025-08-25T09:38:17.564300Z DEBUG node{moniker=app-0}:wal{height=55}: Flushed WAL to disk wal.entries=5 wal.size=1221
2025-08-25T09:38:17.564404Z DEBUG node{moniker=app-0}:sync{height.tip=54 height.sync=55}: Updating request state height.tip=55
2025-08-25T09:38:17.564418Z DEBUG node{moniker=app-0}:node{moniker=app-0}: metis-test:consensus-chan recv!!! msg:Decided { certificate: CommitCertificate { height: Height(55), round: Some(0), value_id: ValueId(12446140986777985468), commit_signatures: [CommitSignature { address: Address(02CB1B49DA09615BD4A12212C39378556D990DFD), signature: Signature(Signature { R_bytes: "8c51f641891d6a7ff090d2685b1fa690ec5c43bbebbcd970c219a7da43be7f05", s_bytes: "2da1303a3d5e4a8886ff66a496e313499cc58f762fce9f8dd36e45557120e704" }) }, CommitSignature { address: Address(DE7BA2BE72D2225286133990FF5810B691A5261C), signature: Signature(Signature { R_bytes: "5961cc69ea1910cdae01cd93159e49b3b2748409f15a3bdc5174614ab76501aa", s_bytes: "b83e187375e738118de9be2f98a4c4646c5ebb84770abcd9e50127d1cdb30600" }) }] }, extensions: VoteExtensions { extensions: [] }, reply: Sender { inner: Some(Inner { state: State { is_complete: false, is_closed: false, is_rx_task_set: true, is_tx_task_set: false } }) } }
2025-08-25T09:38:17.564458Z  INFO node{moniker=app-0}:node{moniker=app-0}: 🟢🟢 Consensus has decided on value height=55 round=0 value=acb99348f554e1bc
2025-08-25T09:38:17.564572Z DEBUG node{moniker=app-0}:node{moniker=app-0}: 🎁 block size: 545, height: 55
2025-08-25T09:38:17.564582Z  INFO node{moniker=app-0}:node{moniker=app-0}: 👉 stats at height 55: #txs=0, txs/s=0.00, chain_bytes=29975, bytes/s=2867.91
2025-08-25T09:38:17.564609Z DEBUG node{moniker=app-0}:node{moniker=app-0}: 🦄 Block at height 55 contains 0 transactions
2025-08-25T09:38:17.565179Z DEBUG node{moniker=app-0}:node{moniker=app-0}: 💡 New block added at height 55 with hash: 0x8de9fb83be52bc4507ef35ddae5c85593b78a925defbf01bf2bc585b09cbd6d4
2025-08-25T09:38:17.565184Z DEBUG node{moniker=app-0}:node{moniker=app-0}: 🟠 set_latest_forkchoice_state: 0x8de9fb83be52bc4507ef35ddae5c85593b78a925defbf01bf2bc585b09cbd6d4
2025-08-25T09:38:17.565599Z DEBUG node{moniker=app-0}:node{moniker=app-0}: ➡️ payload_status: PayloadStatus { status: Valid, latest_valid_hash: Some(0x8de9fb83be52bc4507ef35ddae5c85593b78a925defbf01bf2bc585b09cbd6d4) }
2025-08-25T09:38:17.565604Z DEBUG node{moniker=app-0}:node{moniker=app-0}: 🚀 Forkchoice updated to height 55 for block hash=0x8de9fb83be52bc4507ef35ddae5c85593b78a925defbf01bf2bc585b09cbd6d4 and latest_valid_hash=0x8de9fb83be52bc4507ef35ddae5c85593b78a925defbf01bf2bc585b09cbd6d4
2025-08-25T09:38:17.565607Z  INFO node{moniker=app-0}:node{moniker=app-0}: Looking for certificate height=55 round=0
2025-08-25T09:38:17.566353Z  INFO Received SIGTERM, initiating shutdown
2025-08-25T09:38:17.571355Z  INFO node{moniker=app-0}:node{moniker=app-0}: Committed block_data[0..32]: 26426cc02dfba66d46584e042abaeafecd409314cdb4ff60215d62be32e96ef2
2025-08-25T09:38:17.584727Z  INFO node{moniker=app-0}:node{moniker=app-0}: Received shutdown signal, exiting run loop
2025-08-25T09:38:17.759366Z ERROR node{moniker=app-0}:node{moniker=app-0}: Application error e=Consensus channel closed unexpectedly
2025-08-25T09:38:17.797608Z DEBUG node{moniker=app-0}:wal{height=56}: Reset WAL height=56
