2025-08-25T09:38:07.030647Z  INFO Loaded configuration file=nodes/2/config/config.toml
2025-08-25T09:38:07.063229Z  INFO node{moniker=app-2}: Discovery is disabled
2025-08-25T09:38:07.066494Z  INFO node{moniker=app-2}:network: Starting network service peer_id=12D3KooWR2Quwt2G6MyT6WQkUdfS8nHZu7XcPotkmbhuEoqc94oJ
2025-08-25T09:38:07.073324Z  INFO node{moniker=app-2}:wal.pre_start: Opened WAL at nodes/2/wal/consensus.wal
2025-08-25T09:38:07.074556Z  INFO node{moniker=app-2}:consensus: Consensus is starting
2025-08-25T09:38:07.143354Z DEBUG node{moniker=app-2}:network: Node is listening address=/ip4/127.0.0.1/tcp/27002
2025-08-25T09:38:07.143512Z DEBUG node{moniker=app-2}:network: Dialing peer None at [/ip4/127.0.0.1/tcp/27000], retry #0 connection_id=1
2025-08-25T09:38:07.144149Z DEBUG node{moniker=app-2}:network: Dialing peer None at [/ip4/127.0.0.1/tcp/27001], retry #0 connection_id=2
2025-08-25T09:38:07.145869Z  INFO node{moniker=app-2}:consensus{height=1 round=-1}: Consensus has started
2025-08-25T09:38:07.146479Z  INFO node{moniker=app-2}:node: Actor has started actor=0.0
2025-08-25T09:38:07.146494Z  INFO node{moniker=app-2}:node: Actor has started actor=0.1
2025-08-25T09:38:07.146495Z  INFO node{moniker=app-2}:node: Actor has started actor=0.2
2025-08-25T09:38:07.146497Z  INFO node{moniker=app-2}:node: Actor has started actor=0.3
2025-08-25T09:38:07.146498Z  INFO node{moniker=app-2}:node: Actor has started actor=0.4
2025-08-25T09:38:07.149680Z  INFO metrics: Serving metrics address=127.0.0.1:29002
2025-08-25T09:38:07.150406Z  INFO node{moniker=app-2}:consensus{height=1 round=-1}: Listening address=/ip4/127.0.0.1/tcp/27002
2025-08-25T09:38:07.150410Z  INFO node{moniker=app-2}:consensus{height=1 round=-1}: Phase transition prev=Unstarted new=Ready
2025-08-25T09:38:07.150507Z DEBUG node{moniker=app-2}:node{moniker=app-2}: metis-test:consensus-chan recv!!! msg:ConsensusReady { reply: Sender { inner: Some(Inner { state: State { is_complete: false, is_closed: false, is_rx_task_set: true, is_tx_task_set: false } }) } }
2025-08-25T09:38:07.150707Z  INFO node{moniker=app-2}:node{moniker=app-2}: 🟢🟢 Consensus is ready
2025-08-25T09:38:07.160008Z DEBUG node{moniker=app-2}:network: Connected to peer peer=12D3KooWD4wDmZaWggpGH9ACLhNztqnBvszLRcmBLzZdKwDiWmYh connection_id=1
2025-08-25T09:38:07.162518Z DEBUG node{moniker=app-2}:network: Accepted incoming connection from peer peer=12D3KooWD4wDmZaWggpGH9ACLhNztqnBvszLRcmBLzZdKwDiWmYh connection_id=3
2025-08-25T09:38:07.163914Z  INFO node{moniker=app-2}:network: Discovered peer peer=12D3KooWD4wDmZaWggpGH9ACLhNztqnBvszLRcmBLzZdKwDiWmYh connection_id=1
2025-08-25T09:38:07.163924Z DEBUG node{moniker=app-2}:network: Connection is inbound peer=12D3KooWD4wDmZaWggpGH9ACLhNztqnBvszLRcmBLzZdKwDiWmYh connection_id=1
2025-08-25T09:38:07.163929Z  INFO node{moniker=app-2}:network: Connections: 1
2025-08-25T09:38:07.164601Z  INFO node{moniker=app-2}:consensus{height=1 round=-1}: Connected to peer peer_id=12D3KooWD4wDmZaWggpGH9ACLhNztqnBvszLRcmBLzZdKwDiWmYh
2025-08-25T09:38:07.164609Z DEBUG node{moniker=app-2}:consensus{height=1 round=-1}: Connected to another peer connected=1 total=2
2025-08-25T09:38:07.167633Z  INFO node{moniker=app-2}:network: New connection from known peer peer=12D3KooWD4wDmZaWggpGH9ACLhNztqnBvszLRcmBLzZdKwDiWmYh connection_id=3
2025-08-25T09:38:07.167641Z DEBUG node{moniker=app-2}:network: Additional connection to peer, total connections: 2 peer=12D3KooWD4wDmZaWggpGH9ACLhNztqnBvszLRcmBLzZdKwDiWmYh connection_id=3
2025-08-25T09:38:07.167645Z DEBUG node{moniker=app-2}:network: Connection is inbound peer=12D3KooWD4wDmZaWggpGH9ACLhNztqnBvszLRcmBLzZdKwDiWmYh connection_id=3
2025-08-25T09:38:07.167649Z  INFO node{moniker=app-2}:network: Connections: 2
2025-08-25T09:38:07.168390Z DEBUG node{moniker=app-2}:node{moniker=app-2}: response body: JsonResponseBody { jsonrpc: "2.0", error: None, result: Object {"baseFeePerGas": String("0x3b9aca00"), "blobGasUsed": String("0x0"), "difficulty": String("0x0"), "excessBlobGas": String("0x0"), "extraData": String("0x"), "gasLimit": String("0x1c9c380"), "gasUsed": String("0x0"), "hash": String("0x16714171b9a786fa46efc48453759d3045421b81ff348df76ec07425c8f3784c"), "logsBloom": String("0x00000000000000000000000000000000000000000000000000000000000000000000000000000000000000000000000000000000000000000000000000000000000000000000000000000000000000000000000000000000000000000000000000000000000000000000000000000000000000000000000000000000000000000000000000000000000000000000000000000000000000000000000000000000000000000000000000000000000000000000000000000000000000000000000000000000000000000000000000000000000000000000000000000000000000000000000000000000000000000000000000000000000000000000000000000000"), "miner": String("0x0000000000000000000000000000000000000000"), "mixHash": String("0x0000000000000000000000000000000000000000000000000000000000000000"), "nonce": String("0x0000000000000000"), "number": String("0x0"), "parentBeaconBlockRoot": String("0x0000000000000000000000000000000000000000000000000000000000000000"), "parentHash": String("0x0000000000000000000000000000000000000000000000000000000000000000"), "receiptsRoot": String("0x56e81f171bcc55a6ff8345e692c0f86e5b48e01b996cadc001622fb5e363b421"), "sha3Uncles": String("0x1dcc4de8dec75d7aab85b567b6ccd41ad312451b948a7413f0a142fd40d49347"), "size": String("0x247"), "stateRoot": String("0xec26df9442c5d4a0a0cc5348c960115b43da08c7aef6be4e4ccc5f136ca892a6"), "timestamp": String("0x65f23e00"), "transactions": Array [], "transactionsRoot": String("0x56e81f171bcc55a6ff8345e692c0f86e5b48e01b996cadc001622fb5e363b421"), "uncles": Array [], "withdrawals": Array [], "withdrawalsRoot": String("0x56e81f171bcc55a6ff8345e692c0f86e5b48e01b996cadc001622fb5e363b421")}, id: Number(1) }
2025-08-25T09:38:07.168417Z DEBUG node{moniker=app-2}:node{moniker=app-2}: 👉 latest_block: ExecutionBlock { block_hash: 0x16714171b9a786fa46efc48453759d3045421b81ff348df76ec07425c8f3784c, block_number: 0, parent_hash: 0x0000000000000000000000000000000000000000000000000000000000000000, timestamp: 1710374400, prev_randao: 0x0000000000000000000000000000000000000000000000000000000000000000 }
2025-08-25T09:38:07.176617Z DEBUG node{moniker=app-2}:wal{height=1}: Reset WAL height=1
2025-08-25T09:38:07.176645Z DEBUG node{moniker=app-2}:consensus{height=1 round=0}: No WAL entries to replay height=1
2025-08-25T09:38:07.176831Z  INFO node{moniker=app-2}:consensus{height=1 round=0}: Starting new height height=1
2025-08-25T09:38:07.177040Z  INFO node{moniker=app-2}:consensus{height=1 round=0}: Starting new round height=1 round=0 proposer=DE7BA2BE72D2225286133990FF5810B691A5261C role=Validator
2025-08-25T09:38:07.177239Z DEBUG node{moniker=app-2}:sync{height.tip=0 height.sync=0}: Starting new height height.tip=0 height.sync=1 restart=false
2025-08-25T09:38:07.177248Z DEBUG node{moniker=app-2}:sync{height.tip=0 height.sync=0}: No peer to request sync from height.sync=1
2025-08-25T09:38:07.180254Z DEBUG node{moniker=app-2}:wal{height=1}: Flushed WAL to disk wal.entries=0 wal.size=12
2025-08-25T09:38:07.180279Z DEBUG node{moniker=app-2}:node{moniker=app-2}: metis-test:consensus-chan recv!!! msg:StartedRound { height: Height(1), round: Some(0), proposer: Address(DE7BA2BE72D2225286133990FF5810B691A5261C), role: Validator, reply_value: Sender { inner: Some(Inner { state: State { is_complete: false, is_closed: false, is_rx_task_set: false, is_tx_task_set: false } }) } }
2025-08-25T09:38:07.180295Z  INFO node{moniker=app-2}:node{moniker=app-2}: 🟢🟢 Started round height=1 round=0 proposer=DE7BA2BE72D2225286133990FF5810B691A5261C role=Validator
2025-08-25T09:38:07.180313Z ERROR node{moniker=app-2}:consensus{height=1 round=0}: Error when processing effect: Messaging(RecvErr)
2025-08-25T09:38:07.180322Z DEBUG node{moniker=app-2}:consensus{height=1 round=0}: Transitioned to new step step.previous=Unstarted step.new=Propose
2025-08-25T09:38:07.180348Z  INFO node{moniker=app-2}:consensus{height=1 round=0}: Scheduling timeout round=0 step=Propose
2025-08-25T09:38:07.180378Z DEBUG node{moniker=app-2}:consensus{height=1 round=0}: Replaying inputs count=0
2025-08-25T09:38:07.180383Z  INFO node{moniker=app-2}:consensus{height=1 round=0}: Phase transition prev=Ready new=Running
2025-08-25T09:38:07.331606Z DEBUG node{moniker=app-2}:network: Connected to peer peer=12D3KooWEFmACkQS9HNWY86xGVM3LS7fRpQ8saTb5VdfdYCzuUvE connection_id=2
2025-08-25T09:38:07.332736Z  INFO node{moniker=app-2}:network: Discovered peer peer=12D3KooWEFmACkQS9HNWY86xGVM3LS7fRpQ8saTb5VdfdYCzuUvE connection_id=2
2025-08-25T09:38:07.332782Z DEBUG node{moniker=app-2}:network: Connection is inbound peer=12D3KooWEFmACkQS9HNWY86xGVM3LS7fRpQ8saTb5VdfdYCzuUvE connection_id=2
2025-08-25T09:38:07.332789Z  INFO node{moniker=app-2}:network: Connections: 3
2025-08-25T09:38:07.333640Z  INFO node{moniker=app-2}:consensus{height=1 round=0}: Connected to peer peer_id=12D3KooWEFmACkQS9HNWY86xGVM3LS7fRpQ8saTb5VdfdYCzuUvE
2025-08-25T09:38:07.333647Z DEBUG node{moniker=app-2}:consensus{height=1 round=0}: Connected to another peer connected=2 total=1
2025-08-25T09:38:07.337770Z  INFO node{moniker=app-2}:consensus{height=1 round=0}: Received vote height=1 vote_height=1 address=DE7BA2BE72D2225286133990FF5810B691A5261C Prevote(height: 1, round: 0, value: eb0ead959d386e13, from: DE7BA2BE72D2225286133990FF5810B691A5261C)
2025-08-25T09:38:07.338780Z DEBUG node{moniker=app-2}:wal{height=1}: Wrote log entry type=Consensus(Vote) entry.size=118 
2025-08-25T09:38:07.339151Z  INFO node{moniker=app-2}:consensus{height=1 round=0}: Received proposal consensus.height=1 proposal.height=1 proposal.round=0 proposer=DE7BA2BE72D2225286133990FF5810B691A5261C Proposal(height: 1, round: 0, pol_round: -1, value: eb0ead959d386e13, from: DE7BA2BE72D2225286133990FF5810B691A5261C)
2025-08-25T09:38:07.339261Z DEBUG node{moniker=app-2}:wal{height=1}: Wrote log entry type=Consensus(Proposal) entry.size=668 
2025-08-25T09:38:07.339308Z DEBUG node{moniker=app-2}:consensus{height=1 round=0}: No full proposal for this round yet, stored proposal for later proposal.height=1 proposal.round=0
2025-08-25T09:38:08.057961Z DEBUG node{moniker=app-2}:network: Accepted incoming connection from peer peer=12D3KooWEFmACkQS9HNWY86xGVM3LS7fRpQ8saTb5VdfdYCzuUvE connection_id=4
2025-08-25T09:38:08.058566Z  INFO node{moniker=app-2}:network: New connection from known peer peer=12D3KooWEFmACkQS9HNWY86xGVM3LS7fRpQ8saTb5VdfdYCzuUvE connection_id=4
2025-08-25T09:38:08.058581Z DEBUG node{moniker=app-2}:network: Additional connection to peer, total connections: 2 peer=12D3KooWEFmACkQS9HNWY86xGVM3LS7fRpQ8saTb5VdfdYCzuUvE connection_id=4
2025-08-25T09:38:08.058593Z DEBUG node{moniker=app-2}:network: Connection is inbound peer=12D3KooWEFmACkQS9HNWY86xGVM3LS7fRpQ8saTb5VdfdYCzuUvE connection_id=4
2025-08-25T09:38:08.058602Z  INFO node{moniker=app-2}:network: Connections: 4
2025-08-25T09:38:10.183397Z  INFO node{moniker=app-2}:consensus{height=1 round=0}: Timeout elapsed step=Propose timeout.round=0 height=1 round=0
2025-08-25T09:38:10.183786Z DEBUG node{moniker=app-2}:wal{height=1}: Wrote log entry type=Timeout entry.size=10 
2025-08-25T09:38:10.183873Z DEBUG node{moniker=app-2}:consensus{height=1 round=0}: Transitioned to new step step.previous=Propose step.new=Prevote
2025-08-25T09:38:10.183889Z  INFO node{moniker=app-2}:consensus{height=1 round=0}: Voting vote_type=Prevote value=Nil round=0
2025-08-25T09:38:10.184141Z  INFO node{moniker=app-2}:consensus{height=1 round=0}: Received vote height=1 vote_height=1 address=02CB1B49DA09615BD4A12212C39378556D990DFD Prevote(height: 1, round: 0, value: Nil, from: 02CB1B49DA09615BD4A12212C39378556D990DFD)
2025-08-25T09:38:10.184283Z DEBUG node{moniker=app-2}:wal{height=1}: Wrote log entry type=Consensus(Vote) entry.size=105 
2025-08-25T09:38:10.184644Z  INFO node{moniker=app-2}:consensus{height=1 round=0}: Scheduling timeout round=0 step=Prevote
2025-08-25T09:38:10.199325Z DEBUG node{moniker=app-2}:wal{height=1}: Flushed WAL to disk wal.entries=4 wal.size=965
2025-08-25T09:38:10.199916Z DEBUG node{moniker=app-2}:network: Published message channel=/consensus size=96
2025-08-25T09:38:11.187535Z  WARN node{moniker=app-2}:consensus{height=1 round=0}: Timeout elapsed step=Prevote
2025-08-25T09:38:11.188032Z  WARN node{moniker=app-2}:consensus{height=1 round=0}: Number of validators having voted: 2 / 2
2025-08-25T09:38:11.188037Z  WARN node{moniker=app-2}:consensus{height=1 round=0}: Total voting power of validators: 2
2025-08-25T09:38:11.188040Z  WARN node{moniker=app-2}:consensus{height=1 round=0}: Voting power required: 2
2025-08-25T09:38:11.188047Z  WARN node{moniker=app-2}:consensus{height=1 round=0}: Total voting power of validators having voted: 2
2025-08-25T09:38:11.188050Z  WARN node{moniker=app-2}:consensus{height=1 round=0}: Total voting power of validators having prevoted nil: 1
2025-08-25T09:38:11.188053Z  WARN node{moniker=app-2}:consensus{height=1 round=0}: Total voting power of validators having precommited nil: 0
2025-08-25T09:38:11.188056Z  WARN node{moniker=app-2}:consensus{height=1 round=0}: Total weight of prevotes: 2
2025-08-25T09:38:11.188058Z  WARN node{moniker=app-2}:consensus{height=1 round=0}: Total weight of precommits: 0
2025-08-25T09:38:11.188319Z  INFO node{moniker=app-2}:consensus{height=1 round=0}: Timeout elapsed step=Prevote timeout.round=0 height=1 round=0
2025-08-25T09:38:11.189059Z DEBUG node{moniker=app-2}:wal{height=1}: Wrote log entry type=Timeout entry.size=10 
2025-08-25T09:38:11.189382Z DEBUG node{moniker=app-2}:consensus{height=1 round=0}: Transitioned to new step step.previous=Prevote step.new=Precommit
2025-08-25T09:38:11.189402Z  INFO node{moniker=app-2}:consensus{height=1 round=0}: Voting vote_type=Precommit value=Nil round=0
2025-08-25T09:38:11.189636Z  INFO node{moniker=app-2}:consensus{height=1 round=0}: Received vote height=1 vote_height=1 address=02CB1B49DA09615BD4A12212C39378556D990DFD Precommit(height: 1, round: 0, value: Nil, from: 02CB1B49DA09615BD4A12212C39378556D990DFD)
2025-08-25T09:38:11.189739Z DEBUG node{moniker=app-2}:wal{height=1}: Wrote log entry type=Consensus(Vote) entry.size=107 
2025-08-25T09:38:11.195715Z DEBUG node{moniker=app-2}:wal{height=1}: Flushed WAL to disk wal.entries=6 wal.size=1108
2025-08-25T09:38:11.196143Z DEBUG node{moniker=app-2}:network: Published message channel=/consensus size=98
2025-08-25T09:38:11.207844Z  INFO node{moniker=app-2}:consensus{height=1 round=0}: Received vote height=1 vote_height=1 address=DE7BA2BE72D2225286133990FF5810B691A5261C Precommit(height: 1, round: 0, value: Nil, from: DE7BA2BE72D2225286133990FF5810B691A5261C)
2025-08-25T09:38:11.208121Z DEBUG node{moniker=app-2}:wal{height=1}: Wrote log entry type=Consensus(Vote) entry.size=107 
2025-08-25T09:38:11.208377Z  INFO node{moniker=app-2}:consensus{height=1 round=0}: Scheduling timeout round=0 step=Precommit
2025-08-25T09:38:12.207431Z  INFO node{moniker=app-2}:consensus{height=1 round=0}: Received round certificate from=12D3KooWEFmACkQS9HNWY86xGVM3LS7fRpQ8saTb5VdfdYCzuUvE certificate.height=1 certificate.round=0 number_of_votes=2
2025-08-25T09:38:12.207489Z  INFO node{moniker=app-2}:consensus{height=1 round=0}: Received round certificate certificate.height=1 certificate.round=0
2025-08-25T09:38:12.209634Z  WARN node{moniker=app-2}:consensus{height=1 round=0}: Timeout elapsed step=Precommit
2025-08-25T09:38:12.209647Z  WARN node{moniker=app-2}:consensus{height=1 round=0}: Number of validators having voted: 2 / 2
2025-08-25T09:38:12.209650Z  WARN node{moniker=app-2}:consensus{height=1 round=0}: Total voting power of validators: 2
2025-08-25T09:38:12.209652Z  WARN node{moniker=app-2}:consensus{height=1 round=0}: Voting power required: 2
2025-08-25T09:38:12.209655Z  WARN node{moniker=app-2}:consensus{height=1 round=0}: Total voting power of validators having voted: 2
2025-08-25T09:38:12.209657Z  WARN node{moniker=app-2}:consensus{height=1 round=0}: Total voting power of validators having prevoted nil: 1
2025-08-25T09:38:12.209659Z  WARN node{moniker=app-2}:consensus{height=1 round=0}: Total voting power of validators having precommited nil: 2
2025-08-25T09:38:12.209661Z  WARN node{moniker=app-2}:consensus{height=1 round=0}: Total weight of prevotes: 2
2025-08-25T09:38:12.209663Z  WARN node{moniker=app-2}:consensus{height=1 round=0}: Total weight of precommits: 2
2025-08-25T09:38:12.209669Z  INFO node{moniker=app-2}:consensus{height=1 round=0}: Timeout elapsed step=Precommit timeout.round=0 height=1 round=0
2025-08-25T09:38:12.217016Z DEBUG node{moniker=app-2}:wal{height=1}: Wrote log entry type=Timeout entry.size=10 
2025-08-25T09:38:12.217164Z DEBUG node{moniker=app-2}:consensus{height=1 round=0}: Transitioned to new step step.previous=Precommit step.new=Unstarted
2025-08-25T09:38:12.217180Z  INFO node{moniker=app-2}:consensus{height=1 round=0}: Sending round certificate cert.certificate.height=1 cert.enter_round=1 number_of_votes=2
2025-08-25T09:38:12.217189Z  INFO node{moniker=app-2}:consensus{height=1 round=0}: Starting new round height=1 round=1 proposer=02CB1B49DA09615BD4A12212C39378556D990DFD role=Proposer
2025-08-25T09:38:12.217474Z DEBUG node{moniker=app-2}:network: Published message channel=/liveness size=197
2025-08-25T09:38:12.221244Z DEBUG node{moniker=app-2}:wal{height=1}: Flushed WAL to disk wal.entries=8 wal.size=1251
2025-08-25T09:38:12.221695Z DEBUG node{moniker=app-2}:node{moniker=app-2}: metis-test:consensus-chan recv!!! msg:StartedRound { height: Height(1), round: Some(1), proposer: Address(02CB1B49DA09615BD4A12212C39378556D990DFD), role: Proposer, reply_value: Sender { inner: Some(Inner { state: State { is_complete: false, is_closed: false, is_rx_task_set: false, is_tx_task_set: false } }) } }
2025-08-25T09:38:12.221714Z  INFO node{moniker=app-2}:node{moniker=app-2}: 🟢🟢 Started round height=1 round=1 proposer=02CB1B49DA09615BD4A12212C39378556D990DFD role=Proposer
2025-08-25T09:38:12.221739Z ERROR node{moniker=app-2}:consensus{height=1 round=0}: Error when processing effect: Messaging(RecvErr)
2025-08-25T09:38:12.221761Z DEBUG node{moniker=app-2}:consensus{height=1 round=0}: Transitioned to new step step.previous=Unstarted step.new=Propose
2025-08-25T09:38:12.221767Z  INFO node{moniker=app-2}:consensus{height=1 round=0}: Scheduling timeout round=1 step=Propose
2025-08-25T09:38:12.221775Z  INFO node{moniker=app-2}:consensus{height=1 round=0}: Requesting value from application height=1 round=1
2025-08-25T09:38:12.221809Z  INFO node{moniker=app-2}:consensus{height=1 round=1}: Received round certificate from=12D3KooWD4wDmZaWggpGH9ACLhNztqnBvszLRcmBLzZdKwDiWmYh certificate.height=1 certificate.round=0 number_of_votes=2
2025-08-25T09:38:12.221822Z  INFO node{moniker=app-2}:consensus{height=1 round=1}: Received round certificate certificate.height=1 certificate.round=0
2025-08-25T09:38:12.221826Z  WARN node{moniker=app-2}:consensus{height=1 round=1}: Precommit round certificate from older round certificate.round=0 consensus.round=1
2025-08-25T09:38:12.221842Z DEBUG node{moniker=app-2}:node{moniker=app-2}: metis-test:consensus-chan recv!!! msg:GetValue { height: Height(1), round: Some(1), timeout: 3.5s, reply: Sender { inner: Some(Inner { state: State { is_complete: false, is_closed: false, is_rx_task_set: true, is_tx_task_set: false } }) } }
2025-08-25T09:38:12.221854Z  INFO node{moniker=app-2}:node{moniker=app-2}: 🟢🟢 Consensus is requesting a value to propose height=1 round=1
2025-08-25T09:38:12.221864Z DEBUG node{moniker=app-2}:node{moniker=app-2}: 🟠 generate_block on top of ExecutionBlock { block_hash: 0x16714171b9a786fa46efc48453759d3045421b81ff348df76ec07425c8f3784c, block_number: 0, parent_hash: 0x0000000000000000000000000000000000000000000000000000000000000000, timestamp: 1710374400, prev_randao: 0x0000000000000000000000000000000000000000000000000000000000000000 }
2025-08-25T09:38:12.229849Z DEBUG node{moniker=app-2}:node{moniker=app-2}: 🌈 Got execution payload: ExecutionPayloadV3 { payload_inner: ExecutionPayloadV2 { payload_inner: ExecutionPayloadV1 { parent_hash: 0x16714171b9a786fa46efc48453759d3045421b81ff348df76ec07425c8f3784c, fee_recipient: 0x2a2a2a2a2a2a2a2a2a2a2a2a2a2a2a2a2a2a2a2a, state_root: 0xec26df9442c5d4a0a0cc5348c960115b43da08c7aef6be4e4ccc5f136ca892a6, receipts_root: 0x56e81f171bcc55a6ff8345e692c0f86e5b48e01b996cadc001622fb5e363b421, logs_bloom: 0x00000000000000000000000000000000000000000000000000000000000000000000000000000000000000000000000000000000000000000000000000000000000000000000000000000000000000000000000000000000000000000000000000000000000000000000000000000000000000000000000000000000000000000000000000000000000000000000000000000000000000000000000000000000000000000000000000000000000000000000000000000000000000000000000000000000000000000000000000000000000000000000000000000000000000000000000000000000000000000000000000000000000000000000000000000000, prev_randao: 0x0000000000000000000000000000000000000000000000000000000000000000, block_number: 1, gas_limit: 30029295, gas_used: 0, timestamp: 1756114692, extra_data: 0x726574682f76312e342e312f6c696e7578, base_fee_per_gas: 875000000, block_hash: 0xfa9c21ebee7acff5e12b1d990249800767eff2f324fea202d69a39216cdd62e5, transactions: [] }, withdrawals: [] }, blob_gas_used: 0, excess_blob_gas: 0 }
2025-08-25T09:38:12.229877Z DEBUG node{moniker=app-2}:node{moniker=app-2}: 🎁 block size: 545, height: 1
2025-08-25T09:38:12.237316Z  INFO node{moniker=app-2}:node{moniker=app-2}: Streaming proposal part: StreamMessage { stream_id: StreamId(b"\0\0\0\0\0\0\0\x01\0\0\0\x01\0\0\0\0"), sequence: 0, content: Data(Init(ProposalInit { height: Height(1), round: Some(1), proposer: Address(02CB1B49DA09615BD4A12212C39378556D990DFD) })) } height=1 round=1
2025-08-25T09:38:12.237515Z  INFO node{moniker=app-2}:node{moniker=app-2}: Streaming proposal part: StreamMessage { stream_id: StreamId(b"\0\0\0\0\0\0\0\x01\0\0\0\x01\0\0\0\0"), sequence: 1, content: Data(Data(ProposalData { bytes: "<...>", len: 545 })) } height=1 round=1
2025-08-25T09:38:12.237543Z  INFO node{moniker=app-2}:node{moniker=app-2}: Streaming proposal part: StreamMessage { stream_id: StreamId(b"\0\0\0\0\0\0\0\x01\0\0\0\x01\0\0\0\0"), sequence: 2, content: Data(Fin(ProposalFin { signature: Signature(Signature { R_bytes: "44f04929b8432c0c006107bc5fca545157023aee57bb41cc2fabd190efc10241", s_bytes: "cce16d6c4f8512e6b0ed04ab9acdd3babfb760b42bce4a07c0d488eb5389b30b" }) })) } height=1 round=1
2025-08-25T09:38:12.237695Z DEBUG node{moniker=app-2}:network: Published message channel=/proposal_parts size=50
2025-08-25T09:38:12.237721Z  INFO node{moniker=app-2}:node{moniker=app-2}: Streaming proposal part: StreamMessage { stream_id: StreamId(b"\0\0\0\0\0\0\0\x01\0\0\0\x01\0\0\0\0"), sequence: 3, content: Fin } height=1 round=1
2025-08-25T09:38:12.237792Z DEBUG node{moniker=app-2}:wal{height=1}: Wrote log entry type=LocallyProposedValue entry.size=601 
2025-08-25T09:38:12.237932Z DEBUG node{moniker=app-2}:network: Published message channel=/proposal_parts size=574
2025-08-25T09:38:12.237992Z DEBUG node{moniker=app-2}:node{moniker=app-2}: ✅ Proposal sent height=1 round=1
2025-08-25T09:38:12.238021Z  INFO node{moniker=app-2}:consensus{height=1 round=1}: Proposing value id=a6479f7db309691a round=1
2025-08-25T09:38:12.238219Z  INFO node{moniker=app-2}:consensus{height=1 round=1}: Received proposal consensus.height=1 proposal.height=1 proposal.round=1 proposer=02CB1B49DA09615BD4A12212C39378556D990DFD Proposal(height: 1, round: 1, pol_round: -1, value: a6479f7db309691a, from: 02CB1B49DA09615BD4A12212C39378556D990DFD)
2025-08-25T09:38:12.238339Z DEBUG node{moniker=app-2}:network: Published message channel=/proposal_parts size=92
2025-08-25T09:38:12.238444Z DEBUG node{moniker=app-2}:wal{height=1}: Wrote log entry type=Consensus(Proposal) entry.size=670 
2025-08-25T09:38:12.238488Z DEBUG node{moniker=app-2}:network: Published message channel=/proposal_parts size=22
2025-08-25T09:38:12.238571Z DEBUG node{moniker=app-2}:consensus{height=1 round=1}: Transitioned to new step step.previous=Propose step.new=Prevote
2025-08-25T09:38:12.238582Z  INFO node{moniker=app-2}:consensus{height=1 round=1}: Voting vote_type=Prevote value=a6479f7db309691a round=1
2025-08-25T09:38:12.238741Z  INFO node{moniker=app-2}:consensus{height=1 round=1}: Received vote height=1 vote_height=1 address=02CB1B49DA09615BD4A12212C39378556D990DFD Prevote(height: 1, round: 1, value: a6479f7db309691a, from: 02CB1B49DA09615BD4A12212C39378556D990DFD)
2025-08-25T09:38:12.238829Z DEBUG node{moniker=app-2}:wal{height=1}: Wrote log entry type=Consensus(Vote) entry.size=120 
2025-08-25T09:38:12.242245Z DEBUG node{moniker=app-2}:wal{height=1}: Flushed WAL to disk wal.entries=11 wal.size=2681
2025-08-25T09:38:12.242424Z DEBUG node{moniker=app-2}:network: Published message channel=/consensus size=111
2025-08-25T09:38:12.245569Z DEBUG node{moniker=app-2}:wal{height=1}: Flushed WAL to disk wal.entries=11 wal.size=2681
2025-08-25T09:38:12.245869Z DEBUG node{moniker=app-2}:network: Published message channel=/consensus size=661
2025-08-25T09:38:12.253890Z  INFO node{moniker=app-2}:consensus{height=1 round=1}: Received vote height=1 vote_height=1 address=DE7BA2BE72D2225286133990FF5810B691A5261C Precommit(height: 1, round: 1, value: a6479f7db309691a, from: DE7BA2BE72D2225286133990FF5810B691A5261C)
2025-08-25T09:38:12.254153Z DEBUG node{moniker=app-2}:wal{height=1}: Wrote log entry type=Consensus(Vote) entry.size=122 
2025-08-25T09:38:12.254587Z  INFO node{moniker=app-2}:consensus{height=1 round=1}: Received vote height=1 vote_height=1 address=DE7BA2BE72D2225286133990FF5810B691A5261C Prevote(height: 1, round: 1, value: a6479f7db309691a, from: DE7BA2BE72D2225286133990FF5810B691A5261C)
2025-08-25T09:38:12.254713Z DEBUG node{moniker=app-2}:wal{height=1}: Wrote log entry type=Consensus(Vote) entry.size=120 
2025-08-25T09:38:12.254891Z DEBUG node{moniker=app-2}:consensus{height=1 round=1}: Transitioned to new step step.previous=Prevote step.new=Precommit
2025-08-25T09:38:12.254937Z  INFO node{moniker=app-2}:consensus{height=1 round=1}: Voting vote_type=Precommit value=a6479f7db309691a round=1
2025-08-25T09:38:12.254962Z DEBUG node{moniker=app-2}:node{moniker=app-2}: metis-test:consensus-chan recv!!! msg:ExtendVote { height: Height(1), round: Some(1), value_id: ValueId(11981720695865960730), reply: Sender { inner: Some(Inner { state: State { is_complete: false, is_closed: false, is_rx_task_set: true, is_tx_task_set: false } }) } }
2025-08-25T09:38:12.255199Z  INFO node{moniker=app-2}:consensus{height=1 round=1}: Received vote height=1 vote_height=1 address=02CB1B49DA09615BD4A12212C39378556D990DFD Precommit(height: 1, round: 1, value: a6479f7db309691a, from: 02CB1B49DA09615BD4A12212C39378556D990DFD)
2025-08-25T09:38:12.255275Z DEBUG node{moniker=app-2}:wal{height=1}: Wrote log entry type=Consensus(Vote) entry.size=122 
2025-08-25T09:38:12.255304Z DEBUG node{moniker=app-2}:consensus{height=1 round=1}: Transitioned to new step step.previous=Precommit step.new=Commit
2025-08-25T09:38:12.255311Z  INFO node{moniker=app-2}:consensus{height=1 round=1}: Decided round=1 height=1 value=a6479f7db309691a
2025-08-25T09:38:12.258213Z DEBUG node{moniker=app-2}:wal{height=1}: Flushed WAL to disk wal.entries=14 wal.size=3084
2025-08-25T09:38:12.258334Z DEBUG node{moniker=app-2}:sync{height.tip=0 height.sync=1}: Updating request state height.tip=1
2025-08-25T09:38:12.258359Z DEBUG node{moniker=app-2}:node{moniker=app-2}: metis-test:consensus-chan recv!!! msg:Decided { certificate: CommitCertificate { height: Height(1), round: Some(1), value_id: ValueId(11981720695865960730), commit_signatures: [CommitSignature { address: Address(02CB1B49DA09615BD4A12212C39378556D990DFD), signature: Signature(Signature { R_bytes: "6264430dbd0ad576bed0295f2d0bb5123f986288caad31a994ee0d7e291b50f8", s_bytes: "d9de440c512655813c784ef6eeb3347be8d53af456da6d9918dd6c5ec70cc303" }) }, CommitSignature { address: Address(DE7BA2BE72D2225286133990FF5810B691A5261C), signature: Signature(Signature { R_bytes: "da3c797e865448a8fa02be126d809da8cbca25b94532490c6bb624ee415fa585", s_bytes: "f35ead75626799516cb6f7e83fa70c96f48ffb702521b9034fd371b32ba9f20a" }) }] }, extensions: VoteExtensions { extensions: [] }, reply: Sender { inner: Some(Inner { state: State { is_complete: false, is_closed: false, is_rx_task_set: true, is_tx_task_set: false } }) } }
2025-08-25T09:38:12.258378Z  INFO node{moniker=app-2}:node{moniker=app-2}: 🟢🟢 Consensus has decided on value height=1 round=1 value=a6479f7db309691a
2025-08-25T09:38:12.258435Z DEBUG node{moniker=app-2}:node{moniker=app-2}: 🎁 block size: 545, height: 1
2025-08-25T09:38:12.258447Z  INFO node{moniker=app-2}:node{moniker=app-2}: 👉 stats at height 1: #txs=0, txs/s=0.00, chain_bytes=545, bytes/s=106.03
2025-08-25T09:38:12.258452Z DEBUG node{moniker=app-2}:node{moniker=app-2}: 🦄 Block at height 1 contains 0 transactions
2025-08-25T09:38:12.261281Z DEBUG node{moniker=app-2}:wal{height=1}: Flushed WAL to disk wal.entries=14 wal.size=3084
2025-08-25T09:38:12.261571Z DEBUG node{moniker=app-2}:network: Published message channel=/consensus size=113
2025-08-25T09:38:12.300132Z DEBUG node{moniker=app-2}:node{moniker=app-2}: 💡 New block added at height 1 with hash: 0xfa9c21ebee7acff5e12b1d990249800767eff2f324fea202d69a39216cdd62e5
2025-08-25T09:38:12.300151Z DEBUG node{moniker=app-2}:node{moniker=app-2}: 🟠 set_latest_forkchoice_state: 0xfa9c21ebee7acff5e12b1d990249800767eff2f324fea202d69a39216cdd62e5
2025-08-25T09:38:12.302865Z DEBUG node{moniker=app-2}:node{moniker=app-2}: ➡️ payload_status: PayloadStatus { status: Valid, latest_valid_hash: Some(0xfa9c21ebee7acff5e12b1d990249800767eff2f324fea202d69a39216cdd62e5) }
2025-08-25T09:38:12.302897Z DEBUG node{moniker=app-2}:node{moniker=app-2}: 🚀 Forkchoice updated to height 1 for block hash=0xfa9c21ebee7acff5e12b1d990249800767eff2f324fea202d69a39216cdd62e5 and latest_valid_hash=0xfa9c21ebee7acff5e12b1d990249800767eff2f324fea202d69a39216cdd62e5
2025-08-25T09:38:12.302904Z  INFO node{moniker=app-2}:node{moniker=app-2}: Looking for certificate height=1 round=1
2025-08-25T09:38:12.307395Z  INFO node{moniker=app-2}:node{moniker=app-2}: Committed block_data[0..32]: 16714171b9a786fa46efc48453759d3045421b81ff348df76ec07425c8f3784c
2025-08-25T09:38:12.332522Z DEBUG node{moniker=app-2}:wal{height=2}: Reset WAL height=2
2025-08-25T09:38:12.332597Z DEBUG node{moniker=app-2}:consensus{height=2 round=0}: No WAL entries to replay height=2
2025-08-25T09:38:12.332652Z  INFO node{moniker=app-2}:consensus{height=2 round=0}: Starting new height height=2
2025-08-25T09:38:12.332680Z  INFO node{moniker=app-2}:consensus{height=2 round=0}: Starting new round height=2 round=0 proposer=815F9FA61D7C4F1E4A9E30D40DCA1115BB48F759 role=Validator
2025-08-25T09:38:12.332718Z DEBUG node{moniker=app-2}:sync{height.tip=0 height.sync=1}: Starting new height height.tip=1 height.sync=2 restart=false
2025-08-25T09:38:12.332724Z DEBUG node{moniker=app-2}:sync{height.tip=0 height.sync=1}: No peer to request sync from height.sync=2
2025-08-25T09:38:12.339243Z DEBUG node{moniker=app-2}:wal{height=2}: Flushed WAL to disk wal.entries=0 wal.size=12
2025-08-25T09:38:12.339336Z DEBUG node{moniker=app-2}:node{moniker=app-2}: metis-test:consensus-chan recv!!! msg:StartedRound { height: Height(2), round: Some(0), proposer: Address(815F9FA61D7C4F1E4A9E30D40DCA1115BB48F759), role: Validator, reply_value: Sender { inner: Some(Inner { state: State { is_complete: false, is_closed: false, is_rx_task_set: false, is_tx_task_set: false } }) } }
2025-08-25T09:38:12.339350Z  INFO node{moniker=app-2}:node{moniker=app-2}: 🟢🟢 Started round height=2 round=0 proposer=815F9FA61D7C4F1E4A9E30D40DCA1115BB48F759 role=Validator
2025-08-25T09:38:12.339364Z ERROR node{moniker=app-2}:consensus{height=2 round=0}: Error when processing effect: Messaging(RecvErr)
2025-08-25T09:38:12.339384Z DEBUG node{moniker=app-2}:consensus{height=2 round=0}: Transitioned to new step step.previous=Unstarted step.new=Propose
2025-08-25T09:38:12.339390Z  INFO node{moniker=app-2}:consensus{height=2 round=0}: Scheduling timeout round=0 step=Propose
2025-08-25T09:38:12.339399Z DEBUG node{moniker=app-2}:consensus{height=2 round=0}: Replaying inputs count=0
2025-08-25T09:38:12.350743Z DEBUG node{moniker=app-2}:node{moniker=app-2}: metis-test:consensus-chan recv!!! msg:ReceivedProposalPart { from: PeerId("12D3KooWD4wDmZaWggpGH9ACLhNztqnBvszLRcmBLzZdKwDiWmYh"), part: StreamMessage { stream_id: StreamId(b"\0\0\0\0\0\0\0\x02\0\0\0\0\0\0\0\0"), sequence: 0, content: Data(Init(ProposalInit { height: Height(2), round: Some(0), proposer: Address(815F9FA61D7C4F1E4A9E30D40DCA1115BB48F759) })) }, reply: Sender { inner: Some(Inner { state: State { is_complete: false, is_closed: false, is_rx_task_set: true, is_tx_task_set: false } }) } }
2025-08-25T09:38:12.350779Z  INFO node{moniker=app-2}:node{moniker=app-2}: Received proposal part from=12D3KooWD4wDmZaWggpGH9ACLhNztqnBvszLRcmBLzZdKwDiWmYh part.sequence=0 part.type=init part.size=28
2025-08-25T09:38:12.351636Z DEBUG node{moniker=app-2}:node{moniker=app-2}: metis-test:consensus-chan recv!!! msg:ReceivedProposalPart { from: PeerId("12D3KooWD4wDmZaWggpGH9ACLhNztqnBvszLRcmBLzZdKwDiWmYh"), part: StreamMessage { stream_id: StreamId(b"\0\0\0\0\0\0\0\x02\0\0\0\0\0\0\0\0"), sequence: 1, content: Data(Data(ProposalData { bytes: "<...>", len: 545 })) }, reply: Sender { inner: Some(Inner { state: State { is_complete: false, is_closed: false, is_rx_task_set: true, is_tx_task_set: false } }) } }
2025-08-25T09:38:12.351686Z  INFO node{moniker=app-2}:node{moniker=app-2}: Received proposal part from=12D3KooWD4wDmZaWggpGH9ACLhNztqnBvszLRcmBLzZdKwDiWmYh part.sequence=1 part.type=data part.size=551
2025-08-25T09:38:12.351704Z DEBUG node{moniker=app-2}:node{moniker=app-2}: metis-test:consensus-chan recv!!! msg:ReceivedProposalPart { from: PeerId("12D3KooWD4wDmZaWggpGH9ACLhNztqnBvszLRcmBLzZdKwDiWmYh"), part: StreamMessage { stream_id: StreamId(b"\0\0\0\0\0\0\0\x02\0\0\0\0\0\0\0\0"), sequence: 2, content: Data(Fin(ProposalFin { signature: Signature(Signature { R_bytes: "4b616ad2766bb79815c275b330d906c683af440e15703bc039265295e9492df3", s_bytes: "8ebe84b7ed34d083848a7371b7e95ea23bcd4aa016bcdc1e7c1267147c41bc04" }) })) }, reply: Sender { inner: Some(Inner { state: State { is_complete: false, is_closed: false, is_rx_task_set: true, is_tx_task_set: false } }) } }
2025-08-25T09:38:12.351716Z  INFO node{moniker=app-2}:node{moniker=app-2}: Received proposal part from=12D3KooWD4wDmZaWggpGH9ACLhNztqnBvszLRcmBLzZdKwDiWmYh part.sequence=2 part.type=fin part.size=70
2025-08-25T09:38:12.351725Z DEBUG node{moniker=app-2}:node{moniker=app-2}: metis-test:consensus-chan recv!!! msg:ReceivedProposalPart { from: PeerId("12D3KooWD4wDmZaWggpGH9ACLhNztqnBvszLRcmBLzZdKwDiWmYh"), part: StreamMessage { stream_id: StreamId(b"\0\0\0\0\0\0\0\x02\0\0\0\0\0\0\0\0"), sequence: 3, content: Fin }, reply: Sender { inner: Some(Inner { state: State { is_complete: false, is_closed: false, is_rx_task_set: true, is_tx_task_set: false } }) } }
2025-08-25T09:38:12.351732Z  INFO node{moniker=app-2}:node{moniker=app-2}: Received proposal part from=12D3KooWD4wDmZaWggpGH9ACLhNztqnBvszLRcmBLzZdKwDiWmYh part.sequence=3 part.type=end of stream part.size=0
2025-08-25T09:38:12.351870Z  INFO node{moniker=app-2}:node{moniker=app-2}: Proposal data[0..32]: fa9c21ebee7acff5e12b1d990249800767eff2f324fea202d69a39216cdd62e5, total_size: 545 bytes, id: b989910ef8c2e58d
2025-08-25T09:38:12.355145Z  INFO node{moniker=app-2}:consensus{height=2 round=0}: Received vote height=2 vote_height=2 address=815F9FA61D7C4F1E4A9E30D40DCA1115BB48F759 Prevote(height: 2, round: 0, value: b989910ef8c2e58d, from: 815F9FA61D7C4F1E4A9E30D40DCA1115BB48F759)
2025-08-25T09:38:12.358973Z DEBUG node{moniker=app-2}:wal{height=2}: Wrote log entry type=Consensus(Vote) entry.size=118 
2025-08-25T09:38:12.359545Z  INFO node{moniker=app-2}:consensus{height=2 round=0}: Received proposal consensus.height=2 proposal.height=2 proposal.round=0 proposer=815F9FA61D7C4F1E4A9E30D40DCA1115BB48F759 Proposal(height: 2, round: 0, pol_round: -1, value: b989910ef8c2e58d, from: 815F9FA61D7C4F1E4A9E30D40DCA1115BB48F759)
2025-08-25T09:38:12.360465Z DEBUG node{moniker=app-2}:wal{height=2}: Wrote log entry type=Consensus(Proposal) entry.size=668 
2025-08-25T09:38:12.360496Z DEBUG node{moniker=app-2}:consensus{height=2 round=0}: No full proposal for this round yet, stored proposal for later proposal.height=2 proposal.round=0
2025-08-25T09:38:12.363297Z DEBUG node{moniker=app-2}:node{moniker=app-2}: ✅ Received complete proposal: ProposedValue { height: Height(2), round: Some(0), valid_round: Nil, proposer: Address(815F9FA61D7C4F1E4A9E30D40DCA1115BB48F759), value: Value { value: 13369376462315120013, extensions: b"\xfa\x9c!\xeb\xeez\xcf\xf5\xe1+\x1d\x99\x02I\x80\x07g\xef\xf2\xf3$\xfe\xa2\x02\xd6\x9a9!l\xddb\xe5********************\xec&\xdf\x94B\xc5\xd4\xa0\xa0\xccSH\xc9`\x11[C\xda\x08\xc7\xae\xf6\xbeNL\xcc_\x13l\xa8\x92\xa6V\xe8\x1f\x17\x1b\xccU\xa6\xff\x83E\xe6\x92\xc0\xf8n[H\xe0\x1b\x99l\xad\xc0\x01b/\xb5\xe3c\xb4!\0\0\0\0\0\0\0\0\0\0\0\0\0\0\0\0\0\0\0\0\0\0\0\0\0\0\0\0\0\0\0\0\0\0\0\0\0\0\0\0\0\0\0\0\0\0\0\0\0\0\0\0\0\0\0\0\0\0\0\0\0\0\0\0\0\0\0\0\0\0\0\0\0\0\0\0\0\0\0\0\0\0\0\0\0\0\0\0\0\0\0\0\0\0\0\0\0\0\0\0\0\0\0\0\0\0\0\0\0\0\0\0\0\0\0\0\0\0\0\0\0\0\0\0\0\0\0\0\0\0\0\0\0\0\0\0\0\0\0\0\0\0\0\0\0\0\0\0\0\0\0\0\0\0\0\0\0\0\0\0\0\0\0\0\0\0\0\0\0\0\0\0\0\0\0\0\0\0\0\0\0\0\0\0\0\0\0\0\0\0\0\0\0\0\0\0\0\0\0\0\0\0\0\0\0\0\0\0\0\0\0\0\0\0\0\0\0\0\0\0\0\0\0\0\0\0\0\0\0\0\0\0\0\0\0\0\0\0\0\0\0\0\0\0\0\0\0\0\0\0\0\0\0\0\0\0\0\0\0\0\0\0\0\0\0\0\0\0\0\0\0\0\0\0\0\0\0\0\0\0\0\0\0\0\0\0\0\0\x02\0\0\0\0\0\0\0{\xa8\xca\x01\0\0\0\0\0\0\0\0\0\0\0\0\x05/\xach\0\0\0\0\x10\x02\0\0\xa8\x82\xa2-\0\0\0\0\0\0\0\0\0\0\0\0\0\0\0\0\0\0\0\0\0\0\0\0\0\0\0\0\x91\x0fB4\xd1\\\x8c\xc1\xf5U[\x01\x8a\xe9\xf6=\x02\xe0\xac\xd7\xe7}\xb7\xc6\xfe8q>\xd2L-@!\x02\0\0!\x02\0\0\0\0\0\0\0\0\0\0\0\0\0\0\0\0\0\0reth/v1.4.1/linux" }, validity: Valid }
2025-08-25T09:38:12.363379Z DEBUG node{moniker=app-2}:consensus{height=2 round=0}: We have a full proposal for this round, checking... proposal.height=2 proposal.round=0
2025-08-25T09:38:12.363400Z DEBUG node{moniker=app-2}:consensus{height=2 round=0}: Transitioned to new step step.previous=Propose step.new=Prevote
2025-08-25T09:38:12.363414Z  INFO node{moniker=app-2}:consensus{height=2 round=0}: Voting vote_type=Prevote value=b989910ef8c2e58d round=0
2025-08-25T09:38:12.363710Z  INFO node{moniker=app-2}:consensus{height=2 round=0}: Received vote height=2 vote_height=2 address=02CB1B49DA09615BD4A12212C39378556D990DFD Prevote(height: 2, round: 0, value: b989910ef8c2e58d, from: 02CB1B49DA09615BD4A12212C39378556D990DFD)
2025-08-25T09:38:12.363848Z DEBUG node{moniker=app-2}:wal{height=2}: Wrote log entry type=Consensus(Vote) entry.size=118 
2025-08-25T09:38:12.363900Z DEBUG node{moniker=app-2}:consensus{height=2 round=0}: Transitioned to new step step.previous=Prevote step.new=Precommit
2025-08-25T09:38:12.363909Z  INFO node{moniker=app-2}:consensus{height=2 round=0}: Voting vote_type=Precommit value=b989910ef8c2e58d round=0
2025-08-25T09:38:12.363929Z DEBUG node{moniker=app-2}:node{moniker=app-2}: metis-test:consensus-chan recv!!! msg:ExtendVote { height: Height(2), round: Some(0), value_id: ValueId(13369376462315120013), reply: Sender { inner: Some(Inner { state: State { is_complete: false, is_closed: false, is_rx_task_set: true, is_tx_task_set: false } }) } }
2025-08-25T09:38:12.364218Z  INFO node{moniker=app-2}:consensus{height=2 round=0}: Received vote height=2 vote_height=2 address=02CB1B49DA09615BD4A12212C39378556D990DFD Precommit(height: 2, round: 0, value: b989910ef8c2e58d, from: 02CB1B49DA09615BD4A12212C39378556D990DFD)
2025-08-25T09:38:12.364325Z DEBUG node{moniker=app-2}:wal{height=2}: Wrote log entry type=Consensus(Vote) entry.size=120 
2025-08-25T09:38:12.367234Z DEBUG node{moniker=app-2}:wal{height=2}: Flushed WAL to disk wal.entries=4 wal.size=1088
2025-08-25T09:38:12.367587Z DEBUG node{moniker=app-2}:network: Published message channel=/consensus size=111
2025-08-25T09:38:12.368578Z DEBUG node{moniker=app-2}:wal{height=2}: Flushed WAL to disk wal.entries=4 wal.size=1088
2025-08-25T09:38:12.368856Z DEBUG node{moniker=app-2}:network: Published message channel=/consensus size=109
2025-08-25T09:38:12.377233Z  INFO node{moniker=app-2}:consensus{height=2 round=0}: Received vote height=2 vote_height=2 address=815F9FA61D7C4F1E4A9E30D40DCA1115BB48F759 Precommit(height: 2, round: 0, value: b989910ef8c2e58d, from: 815F9FA61D7C4F1E4A9E30D40DCA1115BB48F759)
2025-08-25T09:38:12.377401Z DEBUG node{moniker=app-2}:wal{height=2}: Wrote log entry type=Consensus(Vote) entry.size=120 
2025-08-25T09:38:12.377479Z DEBUG node{moniker=app-2}:consensus{height=2 round=0}: Transitioned to new step step.previous=Precommit step.new=Commit
2025-08-25T09:38:12.377486Z  INFO node{moniker=app-2}:consensus{height=2 round=0}: Decided round=0 height=2 value=b989910ef8c2e58d
2025-08-25T09:38:12.386062Z DEBUG node{moniker=app-2}:wal{height=2}: Flushed WAL to disk wal.entries=5 wal.size=1221
2025-08-25T09:38:12.386199Z DEBUG node{moniker=app-2}:sync{height.tip=1 height.sync=2}: Updating request state height.tip=2
2025-08-25T09:38:12.386213Z DEBUG node{moniker=app-2}:node{moniker=app-2}: metis-test:consensus-chan recv!!! msg:Decided { certificate: CommitCertificate { height: Height(2), round: Some(0), value_id: ValueId(13369376462315120013), commit_signatures: [CommitSignature { address: Address(02CB1B49DA09615BD4A12212C39378556D990DFD), signature: Signature(Signature { R_bytes: "ef82d61da19cf8ca124fe4faf99383c9cd84d5e05682421d6b1bd0f0a7909ec6", s_bytes: "6cc1c2f37e272d79bcc4270f07c9a547a39b8560ee7f1456688bd20ae74d6e0a" }) }, CommitSignature { address: Address(815F9FA61D7C4F1E4A9E30D40DCA1115BB48F759), signature: Signature(Signature { R_bytes: "8d7acb8dabaf4ea2c033bdd6fbfcc17414bef8d0cf1582aef5d16c116586d664", s_bytes: "56cf826d757696639233b82b72d501542abab691094ea8efd205f6c378d58603" }) }] }, extensions: VoteExtensions { extensions: [] }, reply: Sender { inner: Some(Inner { state: State { is_complete: false, is_closed: false, is_rx_task_set: true, is_tx_task_set: false } }) } }
2025-08-25T09:38:12.386295Z  INFO node{moniker=app-2}:node{moniker=app-2}: 🟢🟢 Consensus has decided on value height=2 round=0 value=b989910ef8c2e58d
2025-08-25T09:38:12.386413Z DEBUG node{moniker=app-2}:node{moniker=app-2}: 🎁 block size: 545, height: 2
2025-08-25T09:38:12.386423Z  INFO node{moniker=app-2}:node{moniker=app-2}: 👉 stats at height 2: #txs=0, txs/s=0.00, chain_bytes=1090, bytes/s=206.90
2025-08-25T09:38:12.386427Z DEBUG node{moniker=app-2}:node{moniker=app-2}: 🦄 Block at height 2 contains 0 transactions
2025-08-25T09:38:12.387081Z DEBUG node{moniker=app-2}:node{moniker=app-2}: 💡 New block added at height 2 with hash: 0x910f4234d15c8cc1f5555b018ae9f63d02e0acd7e77db7c6fe38713ed24c2d40
2025-08-25T09:38:12.387088Z DEBUG node{moniker=app-2}:node{moniker=app-2}: 🟠 set_latest_forkchoice_state: 0x910f4234d15c8cc1f5555b018ae9f63d02e0acd7e77db7c6fe38713ed24c2d40
2025-08-25T09:38:12.387957Z DEBUG node{moniker=app-2}:node{moniker=app-2}: ➡️ payload_status: PayloadStatus { status: Valid, latest_valid_hash: Some(0x910f4234d15c8cc1f5555b018ae9f63d02e0acd7e77db7c6fe38713ed24c2d40) }
2025-08-25T09:38:12.387964Z DEBUG node{moniker=app-2}:node{moniker=app-2}: 🚀 Forkchoice updated to height 2 for block hash=0x910f4234d15c8cc1f5555b018ae9f63d02e0acd7e77db7c6fe38713ed24c2d40 and latest_valid_hash=0x910f4234d15c8cc1f5555b018ae9f63d02e0acd7e77db7c6fe38713ed24c2d40
2025-08-25T09:38:12.387967Z  INFO node{moniker=app-2}:node{moniker=app-2}: Looking for certificate height=2 round=0
2025-08-25T09:38:12.394324Z  INFO node{moniker=app-2}:node{moniker=app-2}: Committed block_data[0..32]: fa9c21ebee7acff5e12b1d990249800767eff2f324fea202d69a39216cdd62e5
2025-08-25T09:38:12.410359Z DEBUG node{moniker=app-2}:wal{height=3}: Reset WAL height=3
2025-08-25T09:38:12.410454Z DEBUG node{moniker=app-2}:consensus{height=3 round=0}: No WAL entries to replay height=3
2025-08-25T09:38:12.410486Z  INFO node{moniker=app-2}:consensus{height=3 round=0}: Starting new height height=3
2025-08-25T09:38:12.410492Z  INFO node{moniker=app-2}:consensus{height=3 round=0}: Starting new round height=3 round=0 proposer=815F9FA61D7C4F1E4A9E30D40DCA1115BB48F759 role=None
2025-08-25T09:38:12.410517Z DEBUG node{moniker=app-2}:sync{height.tip=1 height.sync=2}: Starting new height height.tip=2 height.sync=3 restart=false
2025-08-25T09:38:12.410523Z DEBUG node{moniker=app-2}:sync{height.tip=1 height.sync=2}: No peer to request sync from height.sync=3
2025-08-25T09:38:12.412861Z DEBUG node{moniker=app-2}:wal{height=3}: Flushed WAL to disk wal.entries=0 wal.size=12
2025-08-25T09:38:12.412943Z DEBUG node{moniker=app-2}:node{moniker=app-2}: metis-test:consensus-chan recv!!! msg:StartedRound { height: Height(3), round: Some(0), proposer: Address(815F9FA61D7C4F1E4A9E30D40DCA1115BB48F759), role: None, reply_value: Sender { inner: Some(Inner { state: State { is_complete: false, is_closed: false, is_rx_task_set: false, is_tx_task_set: false } }) } }
2025-08-25T09:38:12.412955Z  INFO node{moniker=app-2}:node{moniker=app-2}: 🟢🟢 Started round height=3 round=0 proposer=815F9FA61D7C4F1E4A9E30D40DCA1115BB48F759 role=None
2025-08-25T09:38:12.412967Z ERROR node{moniker=app-2}:consensus{height=3 round=0}: Error when processing effect: Messaging(RecvErr)
2025-08-25T09:38:12.412985Z DEBUG node{moniker=app-2}:consensus{height=3 round=0}: Transitioned to new step step.previous=Unstarted step.new=Propose
2025-08-25T09:38:12.412990Z  INFO node{moniker=app-2}:consensus{height=3 round=0}: Scheduling timeout round=0 step=Propose
2025-08-25T09:38:12.412998Z DEBUG node{moniker=app-2}:consensus{height=3 round=0}: Replaying inputs count=0
2025-08-25T09:38:12.416726Z DEBUG node{moniker=app-2}:node{moniker=app-2}: metis-test:consensus-chan recv!!! msg:ReceivedProposalPart { from: PeerId("12D3KooWD4wDmZaWggpGH9ACLhNztqnBvszLRcmBLzZdKwDiWmYh"), part: StreamMessage { stream_id: StreamId(b"\0\0\0\0\0\0\0\x03\0\0\0\0\0\0\0\x01"), sequence: 0, content: Data(Init(ProposalInit { height: Height(3), round: Some(0), proposer: Address(815F9FA61D7C4F1E4A9E30D40DCA1115BB48F759) })) }, reply: Sender { inner: Some(Inner { state: State { is_complete: false, is_closed: false, is_rx_task_set: true, is_tx_task_set: false } }) } }
2025-08-25T09:38:12.416763Z  INFO node{moniker=app-2}:node{moniker=app-2}: Received proposal part from=12D3KooWD4wDmZaWggpGH9ACLhNztqnBvszLRcmBLzZdKwDiWmYh part.sequence=0 part.type=init part.size=28
2025-08-25T09:38:12.417821Z DEBUG node{moniker=app-2}:node{moniker=app-2}: metis-test:consensus-chan recv!!! msg:ReceivedProposalPart { from: PeerId("12D3KooWD4wDmZaWggpGH9ACLhNztqnBvszLRcmBLzZdKwDiWmYh"), part: StreamMessage { stream_id: StreamId(b"\0\0\0\0\0\0\0\x03\0\0\0\0\0\0\0\x01"), sequence: 1, content: Data(Data(ProposalData { bytes: "<...>", len: 545 })) }, reply: Sender { inner: Some(Inner { state: State { is_complete: false, is_closed: false, is_rx_task_set: true, is_tx_task_set: false } }) } }
2025-08-25T09:38:12.417840Z  INFO node{moniker=app-2}:node{moniker=app-2}: Received proposal part from=12D3KooWD4wDmZaWggpGH9ACLhNztqnBvszLRcmBLzZdKwDiWmYh part.sequence=1 part.type=data part.size=551
2025-08-25T09:38:12.417860Z DEBUG node{moniker=app-2}:node{moniker=app-2}: metis-test:consensus-chan recv!!! msg:ReceivedProposalPart { from: PeerId("12D3KooWD4wDmZaWggpGH9ACLhNztqnBvszLRcmBLzZdKwDiWmYh"), part: StreamMessage { stream_id: StreamId(b"\0\0\0\0\0\0\0\x03\0\0\0\0\0\0\0\x01"), sequence: 2, content: Data(Fin(ProposalFin { signature: Signature(Signature { R_bytes: "5c1b7eaf5ce72275a7329cb089ab460d221ef599c191ccf575134b3af3f407d3", s_bytes: "7529f21d2905a1fafd2cd0320af80ad2086ac08a9fbba240c7ed04aae88c5205" }) })) }, reply: Sender { inner: Some(Inner { state: State { is_complete: false, is_closed: false, is_rx_task_set: true, is_tx_task_set: false } }) } }
2025-08-25T09:38:12.417881Z  INFO node{moniker=app-2}:node{moniker=app-2}: Received proposal part from=12D3KooWD4wDmZaWggpGH9ACLhNztqnBvszLRcmBLzZdKwDiWmYh part.sequence=2 part.type=fin part.size=70
2025-08-25T09:38:12.417895Z DEBUG node{moniker=app-2}:node{moniker=app-2}: metis-test:consensus-chan recv!!! msg:ReceivedProposalPart { from: PeerId("12D3KooWD4wDmZaWggpGH9ACLhNztqnBvszLRcmBLzZdKwDiWmYh"), part: StreamMessage { stream_id: StreamId(b"\0\0\0\0\0\0\0\x03\0\0\0\0\0\0\0\x01"), sequence: 3, content: Fin }, reply: Sender { inner: Some(Inner { state: State { is_complete: false, is_closed: false, is_rx_task_set: true, is_tx_task_set: false } }) } }
2025-08-25T09:38:12.417904Z  INFO node{moniker=app-2}:node{moniker=app-2}: Received proposal part from=12D3KooWD4wDmZaWggpGH9ACLhNztqnBvszLRcmBLzZdKwDiWmYh part.sequence=3 part.type=end of stream part.size=0
2025-08-25T09:38:12.418097Z  INFO node{moniker=app-2}:node{moniker=app-2}: Proposal data[0..32]: 910f4234d15c8cc1f5555b018ae9f63d02e0acd7e77db7c6fe38713ed24c2d40, total_size: 545 bytes, id: d4676df18f5dceeb
2025-08-25T09:38:12.421086Z  INFO node{moniker=app-2}:consensus{height=3 round=0}: Received vote height=3 vote_height=3 address=815F9FA61D7C4F1E4A9E30D40DCA1115BB48F759 Prevote(height: 3, round: 0, value: d4676df18f5dceeb, from: 815F9FA61D7C4F1E4A9E30D40DCA1115BB48F759)
2025-08-25T09:38:12.428041Z DEBUG node{moniker=app-2}:wal{height=3}: Wrote log entry type=Consensus(Vote) entry.size=118 
2025-08-25T09:38:12.428055Z DEBUG node{moniker=app-2}:node{moniker=app-2}: ✅ Received complete proposal: ProposedValue { height: Height(3), round: Some(0), valid_round: Nil, proposer: Address(815F9FA61D7C4F1E4A9E30D40DCA1115BB48F759), value: Value { value: 15305322742901755627, extensions: b"\x91\x0fB4\xd1\\\x8c\xc1\xf5U[\x01\x8a\xe9\xf6=\x02\xe0\xac\xd7\xe7}\xb7\xc6\xfe8q>\xd2L-@********************\xec&\xdf\x94B\xc5\xd4\xa0\xa0\xccSH\xc9`\x11[C\xda\x08\xc7\xae\xf6\xbeNL\xcc_\x13l\xa8\x92\xa6V\xe8\x1f\x17\x1b\xccU\xa6\xff\x83E\xe6\x92\xc0\xf8n[H\xe0\x1b\x99l\xad\xc0\x01b/\xb5\xe3c\xb4!\0\0\0\0\0\0\0\0\0\0\0\0\0\0\0\0\0\0\0\0\0\0\0\0\0\0\0\0\0\0\0\0\0\0\0\0\0\0\0\0\0\0\0\0\0\0\0\0\0\0\0\0\0\0\0\0\0\0\0\0\0\0\0\0\0\0\0\0\0\0\0\0\0\0\0\0\0\0\0\0\0\0\0\0\0\0\0\0\0\0\0\0\0\0\0\0\0\0\0\0\0\0\0\0\0\0\0\0\0\0\0\0\0\0\0\0\0\0\0\0\0\0\0\0\0\0\0\0\0\0\0\0\0\0\0\0\0\0\0\0\0\0\0\0\0\0\0\0\0\0\0\0\0\0\0\0\0\0\0\0\0\0\0\0\0\0\0\0\0\0\0\0\0\0\0\0\0\0\0\0\0\0\0\0\0\0\0\0\0\0\0\0\0\0\0\0\0\0\0\0\0\0\0\0\0\0\0\0\0\0\0\0\0\0\0\0\0\0\0\0\0\0\0\0\0\0\0\0\0\0\0\0\0\0\0\0\0\0\0\0\0\0\0\0\0\0\0\0\0\0\0\0\0\0\0\0\0\0\0\0\0\0\0\0\0\0\0\0\0\0\0\0\0\0\0\0\0\0\0\0\0\0\0\0\0\0\0\0\x03\0\0\0\0\0\0\0$\x1b\xcb\x01\0\0\0\0\0\0\0\0\0\0\0\0\x06/\xach\0\0\0\0\x10\x02\0\0S2\xee'\0\0\0\0\0\0\0\0\0\0\0\0\0\0\0\0\0\0\0\0\0\0\0\0\0\0\0\0\xe7\xf6@P\x97\xe2\x1ajm\xfbc\x1a\x9d\xf6\xefm\xccJ\x07\x9f\xf8\xc7\x97A\xe5W\x98\xca\x10\xcc\tv!\x02\0\0!\x02\0\0\0\0\0\0\0\0\0\0\0\0\0\0\0\0\0\0reth/v1.4.1/linux" }, validity: Valid }
2025-08-25T09:38:12.428338Z  INFO node{moniker=app-2}:consensus{height=3 round=0}: Received proposal consensus.height=3 proposal.height=3 proposal.round=0 proposer=815F9FA61D7C4F1E4A9E30D40DCA1115BB48F759 Proposal(height: 3, round: 0, pol_round: -1, value: d4676df18f5dceeb, from: 815F9FA61D7C4F1E4A9E30D40DCA1115BB48F759)
2025-08-25T09:38:12.428686Z DEBUG node{moniker=app-2}:wal{height=3}: Wrote log entry type=Consensus(Proposal) entry.size=668 
2025-08-25T09:38:12.428757Z DEBUG node{moniker=app-2}:consensus{height=3 round=0}: No full proposal for this round yet, stored proposal for later proposal.height=3 proposal.round=0
2025-08-25T09:38:12.428795Z DEBUG node{moniker=app-2}:consensus{height=3 round=0}: We have a full proposal for this round, checking... proposal.height=3 proposal.round=0
2025-08-25T09:38:12.428814Z DEBUG node{moniker=app-2}:consensus{height=3 round=0}: Transitioned to new step step.previous=Propose step.new=Prevote
2025-08-25T09:38:12.434227Z  INFO node{moniker=app-2}:consensus{height=3 round=0}: Received vote height=3 vote_height=3 address=DE7BA2BE72D2225286133990FF5810B691A5261C Precommit(height: 3, round: 0, value: d4676df18f5dceeb, from: DE7BA2BE72D2225286133990FF5810B691A5261C)
2025-08-25T09:38:12.434524Z DEBUG node{moniker=app-2}:wal{height=3}: Wrote log entry type=Consensus(Vote) entry.size=120 
2025-08-25T09:38:12.435148Z  INFO node{moniker=app-2}:consensus{height=3 round=0}: Received vote height=3 vote_height=3 address=DE7BA2BE72D2225286133990FF5810B691A5261C Prevote(height: 3, round: 0, value: d4676df18f5dceeb, from: DE7BA2BE72D2225286133990FF5810B691A5261C)
2025-08-25T09:38:12.435236Z DEBUG node{moniker=app-2}:wal{height=3}: Wrote log entry type=Consensus(Vote) entry.size=118 
2025-08-25T09:38:12.435363Z DEBUG node{moniker=app-2}:consensus{height=3 round=0}: Transitioned to new step step.previous=Prevote step.new=Precommit
2025-08-25T09:38:12.442298Z  INFO node{moniker=app-2}:consensus{height=3 round=0}: Received vote height=3 vote_height=3 address=815F9FA61D7C4F1E4A9E30D40DCA1115BB48F759 Precommit(height: 3, round: 0, value: d4676df18f5dceeb, from: 815F9FA61D7C4F1E4A9E30D40DCA1115BB48F759)
2025-08-25T09:38:12.444320Z DEBUG node{moniker=app-2}:wal{height=3}: Wrote log entry type=Consensus(Vote) entry.size=120 
2025-08-25T09:38:12.444384Z DEBUG node{moniker=app-2}:consensus{height=3 round=0}: Transitioned to new step step.previous=Precommit step.new=Commit
2025-08-25T09:38:12.444394Z  INFO node{moniker=app-2}:consensus{height=3 round=0}: Decided round=0 height=3 value=d4676df18f5dceeb
2025-08-25T09:38:12.451181Z DEBUG node{moniker=app-2}:wal{height=3}: Flushed WAL to disk wal.entries=5 wal.size=1221
2025-08-25T09:38:12.451289Z DEBUG node{moniker=app-2}:sync{height.tip=2 height.sync=3}: Updating request state height.tip=3
2025-08-25T09:38:12.451305Z DEBUG node{moniker=app-2}:node{moniker=app-2}: metis-test:consensus-chan recv!!! msg:Decided { certificate: CommitCertificate { height: Height(3), round: Some(0), value_id: ValueId(15305322742901755627), commit_signatures: [CommitSignature { address: Address(815F9FA61D7C4F1E4A9E30D40DCA1115BB48F759), signature: Signature(Signature { R_bytes: "bcba047953d3f75e91b6d6dc9d1c737e9b9faedfe6dc877393383380a437f340", s_bytes: "c9c2b9389ed0691def3da4fddf1aa3a031d40f4f3ceb41f856d1b9c655fd7403" }) }, CommitSignature { address: Address(DE7BA2BE72D2225286133990FF5810B691A5261C), signature: Signature(Signature { R_bytes: "09aa4bae72c5532408f9614cf8ce84fb41c664a3772cd7afe717d67a7f4efd51", s_bytes: "7c0efdbc12038e9bf436478f3552e346b8198fb8e19ea1faae62f3e470b0c303" }) }] }, extensions: VoteExtensions { extensions: [] }, reply: Sender { inner: Some(Inner { state: State { is_complete: false, is_closed: false, is_rx_task_set: true, is_tx_task_set: false } }) } }
2025-08-25T09:38:12.451401Z  INFO node{moniker=app-2}:node{moniker=app-2}: 🟢🟢 Consensus has decided on value height=3 round=0 value=d4676df18f5dceeb
2025-08-25T09:38:12.451497Z DEBUG node{moniker=app-2}:node{moniker=app-2}: 🎁 block size: 545, height: 3
2025-08-25T09:38:12.451507Z  INFO node{moniker=app-2}:node{moniker=app-2}: 👉 stats at height 3: #txs=0, txs/s=0.00, chain_bytes=1635, bytes/s=306.56
2025-08-25T09:38:12.451511Z DEBUG node{moniker=app-2}:node{moniker=app-2}: 🦄 Block at height 3 contains 0 transactions
2025-08-25T09:38:12.452597Z DEBUG node{moniker=app-2}:node{moniker=app-2}: 💡 New block added at height 3 with hash: 0xe7f6405097e21a6a6dfb631a9df6ef6dcc4a079ff8c79741e55798ca10cc0976
2025-08-25T09:38:12.452604Z DEBUG node{moniker=app-2}:node{moniker=app-2}: 🟠 set_latest_forkchoice_state: 0xe7f6405097e21a6a6dfb631a9df6ef6dcc4a079ff8c79741e55798ca10cc0976
2025-08-25T09:38:12.453226Z DEBUG node{moniker=app-2}:node{moniker=app-2}: ➡️ payload_status: PayloadStatus { status: Valid, latest_valid_hash: Some(0xe7f6405097e21a6a6dfb631a9df6ef6dcc4a079ff8c79741e55798ca10cc0976) }
2025-08-25T09:38:12.453233Z DEBUG node{moniker=app-2}:node{moniker=app-2}: 🚀 Forkchoice updated to height 3 for block hash=0xe7f6405097e21a6a6dfb631a9df6ef6dcc4a079ff8c79741e55798ca10cc0976 and latest_valid_hash=0xe7f6405097e21a6a6dfb631a9df6ef6dcc4a079ff8c79741e55798ca10cc0976
2025-08-25T09:38:12.453235Z  INFO node{moniker=app-2}:node{moniker=app-2}: Looking for certificate height=3 round=0
2025-08-25T09:38:12.456745Z  INFO node{moniker=app-2}:node{moniker=app-2}: Committed block_data[0..32]: 910f4234d15c8cc1f5555b018ae9f63d02e0acd7e77db7c6fe38713ed24c2d40
2025-08-25T09:38:12.470210Z DEBUG node{moniker=app-2}:wal{height=4}: Reset WAL height=4
2025-08-25T09:38:12.470296Z DEBUG node{moniker=app-2}:consensus{height=4 round=0}: No WAL entries to replay height=4
2025-08-25T09:38:12.470327Z  INFO node{moniker=app-2}:consensus{height=4 round=0}: Starting new height height=4
2025-08-25T09:38:12.470333Z  INFO node{moniker=app-2}:consensus{height=4 round=0}: Starting new round height=4 round=0 proposer=02CB1B49DA09615BD4A12212C39378556D990DFD role=Proposer
2025-08-25T09:38:12.470358Z DEBUG node{moniker=app-2}:sync{height.tip=2 height.sync=3}: Starting new height height.tip=3 height.sync=4 restart=false
2025-08-25T09:38:12.470363Z DEBUG node{moniker=app-2}:sync{height.tip=2 height.sync=3}: No peer to request sync from height.sync=4
2025-08-25T09:38:12.476350Z DEBUG node{moniker=app-2}:wal{height=4}: Flushed WAL to disk wal.entries=0 wal.size=12
2025-08-25T09:38:12.476491Z DEBUG node{moniker=app-2}:node{moniker=app-2}: metis-test:consensus-chan recv!!! msg:StartedRound { height: Height(4), round: Some(0), proposer: Address(02CB1B49DA09615BD4A12212C39378556D990DFD), role: Proposer, reply_value: Sender { inner: Some(Inner { state: State { is_complete: false, is_closed: false, is_rx_task_set: false, is_tx_task_set: false } }) } }
2025-08-25T09:38:12.476505Z  INFO node{moniker=app-2}:node{moniker=app-2}: 🟢🟢 Started round height=4 round=0 proposer=02CB1B49DA09615BD4A12212C39378556D990DFD role=Proposer
2025-08-25T09:38:12.476520Z ERROR node{moniker=app-2}:consensus{height=4 round=0}: Error when processing effect: Messaging(RecvErr)
2025-08-25T09:38:12.476539Z DEBUG node{moniker=app-2}:consensus{height=4 round=0}: Transitioned to new step step.previous=Unstarted step.new=Propose
2025-08-25T09:38:12.476594Z  INFO node{moniker=app-2}:consensus{height=4 round=0}: Scheduling timeout round=0 step=Propose
2025-08-25T09:38:12.476603Z  INFO node{moniker=app-2}:consensus{height=4 round=0}: Requesting value from application height=4 round=0
2025-08-25T09:38:12.476612Z DEBUG node{moniker=app-2}:consensus{height=4 round=0}: Replaying inputs count=0
2025-08-25T09:38:12.476636Z DEBUG node{moniker=app-2}:node{moniker=app-2}: metis-test:consensus-chan recv!!! msg:GetValue { height: Height(4), round: Some(0), timeout: 3s, reply: Sender { inner: Some(Inner { state: State { is_complete: false, is_closed: false, is_rx_task_set: true, is_tx_task_set: false } }) } }
2025-08-25T09:38:12.476641Z  INFO node{moniker=app-2}:node{moniker=app-2}: 🟢🟢 Consensus is requesting a value to propose height=4 round=0
2025-08-25T09:38:12.476645Z DEBUG node{moniker=app-2}:node{moniker=app-2}: 🟠 generate_block on top of ExecutionBlock { block_hash: 0xe7f6405097e21a6a6dfb631a9df6ef6dcc4a079ff8c79741e55798ca10cc0976, block_number: 3, parent_hash: 0xe7f6405097e21a6a6dfb631a9df6ef6dcc4a079ff8c79741e55798ca10cc0976, timestamp: 1756114694, prev_randao: 0x0000000000000000000000000000000000000000000000000000000000000000 }
2025-08-25T09:38:12.482277Z DEBUG node{moniker=app-2}:node{moniker=app-2}: 🌈 Got execution payload: ExecutionPayloadV3 { payload_inner: ExecutionPayloadV2 { payload_inner: ExecutionPayloadV1 { parent_hash: 0xe7f6405097e21a6a6dfb631a9df6ef6dcc4a079ff8c79741e55798ca10cc0976, fee_recipient: 0x2a2a2a2a2a2a2a2a2a2a2a2a2a2a2a2a2a2a2a2a, state_root: 0xec26df9442c5d4a0a0cc5348c960115b43da08c7aef6be4e4ccc5f136ca892a6, receipts_root: 0x56e81f171bcc55a6ff8345e692c0f86e5b48e01b996cadc001622fb5e363b421, logs_bloom: 0x00000000000000000000000000000000000000000000000000000000000000000000000000000000000000000000000000000000000000000000000000000000000000000000000000000000000000000000000000000000000000000000000000000000000000000000000000000000000000000000000000000000000000000000000000000000000000000000000000000000000000000000000000000000000000000000000000000000000000000000000000000000000000000000000000000000000000000000000000000000000000000000000000000000000000000000000000000000000000000000000000000000000000000000000000000000, prev_randao: 0x0000000000000000000000000000000000000000000000000000000000000000, block_number: 4, gas_limit: 30117353, gas_used: 0, timestamp: 1756114695, extra_data: 0x726574682f76312e342e312f6c696e7578, base_fee_per_gas: 586181641, block_hash: 0x888f4e404376f4e67b22c2019c5ba9cc84dab6555f5efc8f35e164d5c0c6d933, transactions: [] }, withdrawals: [] }, blob_gas_used: 0, excess_blob_gas: 0 }
2025-08-25T09:38:12.482307Z DEBUG node{moniker=app-2}:node{moniker=app-2}: 🎁 block size: 545, height: 4
2025-08-25T09:38:12.492536Z  INFO node{moniker=app-2}:node{moniker=app-2}: Streaming proposal part: StreamMessage { stream_id: StreamId(b"\0\0\0\0\0\0\0\x04\0\0\0\0\0\0\0\x01"), sequence: 0, content: Data(Init(ProposalInit { height: Height(4), round: Some(0), proposer: Address(02CB1B49DA09615BD4A12212C39378556D990DFD) })) } height=4 round=0
2025-08-25T09:38:12.492566Z  INFO node{moniker=app-2}:node{moniker=app-2}: Streaming proposal part: StreamMessage { stream_id: StreamId(b"\0\0\0\0\0\0\0\x04\0\0\0\0\0\0\0\x01"), sequence: 1, content: Data(Data(ProposalData { bytes: "<...>", len: 545 })) } height=4 round=0
2025-08-25T09:38:12.492596Z  INFO node{moniker=app-2}:node{moniker=app-2}: Streaming proposal part: StreamMessage { stream_id: StreamId(b"\0\0\0\0\0\0\0\x04\0\0\0\0\0\0\0\x01"), sequence: 2, content: Data(Fin(ProposalFin { signature: Signature(Signature { R_bytes: "00ae77521658ebc671dd02f10446a406c03be8d0a10ab4b98488ddd01f94141b", s_bytes: "26d1da3035c1266ca581d9ead181d9ee15b13746f5b62a441719a0d0ed30490c" }) })) } height=4 round=0
2025-08-25T09:38:12.492755Z DEBUG node{moniker=app-2}:network: Published message channel=/proposal_parts size=48
2025-08-25T09:38:12.492800Z  INFO node{moniker=app-2}:node{moniker=app-2}: Streaming proposal part: StreamMessage { stream_id: StreamId(b"\0\0\0\0\0\0\0\x04\0\0\0\0\0\0\0\x01"), sequence: 3, content: Fin } height=4 round=0
2025-08-25T09:38:12.492885Z DEBUG node{moniker=app-2}:wal{height=4}: Wrote log entry type=LocallyProposedValue entry.size=599 
2025-08-25T09:38:12.493021Z DEBUG node{moniker=app-2}:network: Published message channel=/proposal_parts size=574
2025-08-25T09:38:12.493088Z DEBUG node{moniker=app-2}:node{moniker=app-2}: ✅ Proposal sent height=4 round=0
2025-08-25T09:38:12.493194Z DEBUG node{moniker=app-2}:network: Published message channel=/proposal_parts size=92
2025-08-25T09:38:12.493219Z  INFO node{moniker=app-2}:consensus{height=4 round=0}: Proposing value id=c0515b9796c40be5 round=0
2025-08-25T09:38:12.493390Z  INFO node{moniker=app-2}:consensus{height=4 round=0}: Received proposal consensus.height=4 proposal.height=4 proposal.round=0 proposer=02CB1B49DA09615BD4A12212C39378556D990DFD Proposal(height: 4, round: 0, pol_round: -1, value: c0515b9796c40be5, from: 02CB1B49DA09615BD4A12212C39378556D990DFD)
2025-08-25T09:38:12.493568Z DEBUG node{moniker=app-2}:network: Published message channel=/proposal_parts size=22
2025-08-25T09:38:12.493604Z DEBUG node{moniker=app-2}:wal{height=4}: Wrote log entry type=Consensus(Proposal) entry.size=668 
2025-08-25T09:38:12.493650Z DEBUG node{moniker=app-2}:consensus{height=4 round=0}: Transitioned to new step step.previous=Propose step.new=Prevote
2025-08-25T09:38:12.493657Z  INFO node{moniker=app-2}:consensus{height=4 round=0}: Voting vote_type=Prevote value=c0515b9796c40be5 round=0
2025-08-25T09:38:12.493809Z  INFO node{moniker=app-2}:consensus{height=4 round=0}: Received vote height=4 vote_height=4 address=02CB1B49DA09615BD4A12212C39378556D990DFD Prevote(height: 4, round: 0, value: c0515b9796c40be5, from: 02CB1B49DA09615BD4A12212C39378556D990DFD)
2025-08-25T09:38:12.493899Z DEBUG node{moniker=app-2}:wal{height=4}: Wrote log entry type=Consensus(Vote) entry.size=118 
2025-08-25T09:38:12.496110Z DEBUG node{moniker=app-2}:wal{height=4}: Flushed WAL to disk wal.entries=3 wal.size=1436
2025-08-25T09:38:12.496503Z DEBUG node{moniker=app-2}:network: Published message channel=/consensus size=109
2025-08-25T09:38:12.500283Z DEBUG node{moniker=app-2}:wal{height=4}: Flushed WAL to disk wal.entries=3 wal.size=1436
2025-08-25T09:38:12.500765Z DEBUG node{moniker=app-2}:network: Published message channel=/consensus size=659
2025-08-25T09:38:12.508638Z  INFO node{moniker=app-2}:consensus{height=4 round=0}: Received vote height=4 vote_height=4 address=DE7BA2BE72D2225286133990FF5810B691A5261C Precommit(height: 4, round: 0, value: c0515b9796c40be5, from: DE7BA2BE72D2225286133990FF5810B691A5261C)
2025-08-25T09:38:12.510513Z DEBUG node{moniker=app-2}:wal{height=4}: Wrote log entry type=Consensus(Vote) entry.size=120 
2025-08-25T09:38:12.511669Z  INFO node{moniker=app-2}:consensus{height=4 round=0}: Received vote height=4 vote_height=4 address=DE7BA2BE72D2225286133990FF5810B691A5261C Prevote(height: 4, round: 0, value: c0515b9796c40be5, from: DE7BA2BE72D2225286133990FF5810B691A5261C)
2025-08-25T09:38:12.511786Z DEBUG node{moniker=app-2}:wal{height=4}: Wrote log entry type=Consensus(Vote) entry.size=118 
2025-08-25T09:38:12.511935Z DEBUG node{moniker=app-2}:consensus{height=4 round=0}: Transitioned to new step step.previous=Prevote step.new=Precommit
2025-08-25T09:38:12.511951Z  INFO node{moniker=app-2}:consensus{height=4 round=0}: Voting vote_type=Precommit value=c0515b9796c40be5 round=0
2025-08-25T09:38:12.511974Z DEBUG node{moniker=app-2}:node{moniker=app-2}: metis-test:consensus-chan recv!!! msg:ExtendVote { height: Height(4), round: Some(0), value_id: ValueId(13857958235023346661), reply: Sender { inner: Some(Inner { state: State { is_complete: false, is_closed: false, is_rx_task_set: true, is_tx_task_set: false } }) } }
2025-08-25T09:38:12.512152Z  INFO node{moniker=app-2}:consensus{height=4 round=0}: Received vote height=4 vote_height=4 address=02CB1B49DA09615BD4A12212C39378556D990DFD Precommit(height: 4, round: 0, value: c0515b9796c40be5, from: 02CB1B49DA09615BD4A12212C39378556D990DFD)
2025-08-25T09:38:12.512269Z DEBUG node{moniker=app-2}:wal{height=4}: Wrote log entry type=Consensus(Vote) entry.size=120 
2025-08-25T09:38:12.512321Z DEBUG node{moniker=app-2}:consensus{height=4 round=0}: Transitioned to new step step.previous=Precommit step.new=Commit
2025-08-25T09:38:12.512333Z  INFO node{moniker=app-2}:consensus{height=4 round=0}: Decided round=0 height=4 value=c0515b9796c40be5
2025-08-25T09:38:12.515518Z DEBUG node{moniker=app-2}:wal{height=4}: Flushed WAL to disk wal.entries=6 wal.size=1833
2025-08-25T09:38:12.515626Z DEBUG node{moniker=app-2}:sync{height.tip=3 height.sync=4}: Updating request state height.tip=4
2025-08-25T09:38:12.515660Z DEBUG node{moniker=app-2}:node{moniker=app-2}: metis-test:consensus-chan recv!!! msg:Decided { certificate: CommitCertificate { height: Height(4), round: Some(0), value_id: ValueId(13857958235023346661), commit_signatures: [CommitSignature { address: Address(02CB1B49DA09615BD4A12212C39378556D990DFD), signature: Signature(Signature { R_bytes: "7e91502f93fc5dff7cd068d1f6933004e0dff24cd180c4b36753bfa5b7ac69d2", s_bytes: "48359093aa3417a8846ee1a6bffb7d032e8b072d710bc4e53f02ebcb15a2ca02" }) }, CommitSignature { address: Address(DE7BA2BE72D2225286133990FF5810B691A5261C), signature: Signature(Signature { R_bytes: "ab09aad4f401e4e5bf5beb5aa1d66cdcc980d193104d8846521eb6ea6baadf1b", s_bytes: "4f3e50d5d105d47e9ee24d848e927d35fa89c2f6da73754aca27dcb3487bda00" }) }] }, extensions: VoteExtensions { extensions: [] }, reply: Sender { inner: Some(Inner { state: State { is_complete: false, is_closed: false, is_rx_task_set: true, is_tx_task_set: false } }) } }
2025-08-25T09:38:12.515680Z  INFO node{moniker=app-2}:node{moniker=app-2}: 🟢🟢 Consensus has decided on value height=4 round=0 value=c0515b9796c40be5
2025-08-25T09:38:12.515736Z DEBUG node{moniker=app-2}:node{moniker=app-2}: 🎁 block size: 545, height: 4
2025-08-25T09:38:12.515747Z  INFO node{moniker=app-2}:node{moniker=app-2}: 👉 stats at height 4: #txs=0, txs/s=0.00, chain_bytes=2180, bytes/s=403.89
2025-08-25T09:38:12.515752Z DEBUG node{moniker=app-2}:node{moniker=app-2}: 🦄 Block at height 4 contains 0 transactions
2025-08-25T09:38:12.518605Z DEBUG node{moniker=app-2}:wal{height=4}: Flushed WAL to disk wal.entries=6 wal.size=1833
2025-08-25T09:38:12.518806Z DEBUG node{moniker=app-2}:network: Published message channel=/consensus size=111
2025-08-25T09:38:12.520327Z DEBUG node{moniker=app-2}:node{moniker=app-2}: 💡 New block added at height 4 with hash: 0x888f4e404376f4e67b22c2019c5ba9cc84dab6555f5efc8f35e164d5c0c6d933
2025-08-25T09:38:12.520335Z DEBUG node{moniker=app-2}:node{moniker=app-2}: 🟠 set_latest_forkchoice_state: 0x888f4e404376f4e67b22c2019c5ba9cc84dab6555f5efc8f35e164d5c0c6d933
2025-08-25T09:38:12.521041Z DEBUG node{moniker=app-2}:node{moniker=app-2}: ➡️ payload_status: PayloadStatus { status: Valid, latest_valid_hash: Some(0x888f4e404376f4e67b22c2019c5ba9cc84dab6555f5efc8f35e164d5c0c6d933) }
2025-08-25T09:38:12.521047Z DEBUG node{moniker=app-2}:node{moniker=app-2}: 🚀 Forkchoice updated to height 4 for block hash=0x888f4e404376f4e67b22c2019c5ba9cc84dab6555f5efc8f35e164d5c0c6d933 and latest_valid_hash=0x888f4e404376f4e67b22c2019c5ba9cc84dab6555f5efc8f35e164d5c0c6d933
2025-08-25T09:38:12.521050Z  INFO node{moniker=app-2}:node{moniker=app-2}: Looking for certificate height=4 round=0
2025-08-25T09:38:12.529459Z  INFO node{moniker=app-2}:node{moniker=app-2}: Committed block_data[0..32]: e7f6405097e21a6a6dfb631a9df6ef6dcc4a079ff8c79741e55798ca10cc0976
2025-08-25T09:38:12.547684Z DEBUG node{moniker=app-2}:wal{height=5}: Reset WAL height=5
2025-08-25T09:38:12.547728Z DEBUG node{moniker=app-2}:consensus{height=5 round=0}: No WAL entries to replay height=5
2025-08-25T09:38:12.547761Z  INFO node{moniker=app-2}:consensus{height=5 round=0}: Starting new height height=5
2025-08-25T09:38:12.547766Z  INFO node{moniker=app-2}:consensus{height=5 round=0}: Starting new round height=5 round=0 proposer=02CB1B49DA09615BD4A12212C39378556D990DFD role=Proposer
2025-08-25T09:38:12.547790Z DEBUG node{moniker=app-2}:sync{height.tip=3 height.sync=4}: Starting new height height.tip=4 height.sync=5 restart=false
2025-08-25T09:38:12.547795Z DEBUG node{moniker=app-2}:sync{height.tip=3 height.sync=4}: No peer to request sync from height.sync=5
2025-08-25T09:38:12.553287Z DEBUG node{moniker=app-2}:wal{height=5}: Flushed WAL to disk wal.entries=0 wal.size=12
2025-08-25T09:38:12.553352Z DEBUG node{moniker=app-2}:node{moniker=app-2}: metis-test:consensus-chan recv!!! msg:StartedRound { height: Height(5), round: Some(0), proposer: Address(02CB1B49DA09615BD4A12212C39378556D990DFD), role: Proposer, reply_value: Sender { inner: Some(Inner { state: State { is_complete: false, is_closed: false, is_rx_task_set: false, is_tx_task_set: false } }) } }
2025-08-25T09:38:12.553366Z  INFO node{moniker=app-2}:node{moniker=app-2}: 🟢🟢 Started round height=5 round=0 proposer=02CB1B49DA09615BD4A12212C39378556D990DFD role=Proposer
2025-08-25T09:38:12.553379Z ERROR node{moniker=app-2}:consensus{height=5 round=0}: Error when processing effect: Messaging(RecvErr)
2025-08-25T09:38:12.553398Z DEBUG node{moniker=app-2}:consensus{height=5 round=0}: Transitioned to new step step.previous=Unstarted step.new=Propose
2025-08-25T09:38:12.553404Z  INFO node{moniker=app-2}:consensus{height=5 round=0}: Scheduling timeout round=0 step=Propose
2025-08-25T09:38:12.553412Z  INFO node{moniker=app-2}:consensus{height=5 round=0}: Requesting value from application height=5 round=0
2025-08-25T09:38:12.553446Z DEBUG node{moniker=app-2}:consensus{height=5 round=0}: Replaying inputs count=0
2025-08-25T09:38:12.553481Z DEBUG node{moniker=app-2}:node{moniker=app-2}: metis-test:consensus-chan recv!!! msg:GetValue { height: Height(5), round: Some(0), timeout: 3s, reply: Sender { inner: Some(Inner { state: State { is_complete: false, is_closed: false, is_rx_task_set: true, is_tx_task_set: false } }) } }
2025-08-25T09:38:12.553490Z  INFO node{moniker=app-2}:node{moniker=app-2}: 🟢🟢 Consensus is requesting a value to propose height=5 round=0
2025-08-25T09:38:12.553494Z DEBUG node{moniker=app-2}:node{moniker=app-2}: 🟠 generate_block on top of ExecutionBlock { block_hash: 0x888f4e404376f4e67b22c2019c5ba9cc84dab6555f5efc8f35e164d5c0c6d933, block_number: 4, parent_hash: 0x888f4e404376f4e67b22c2019c5ba9cc84dab6555f5efc8f35e164d5c0c6d933, timestamp: 1756114695, prev_randao: 0x0000000000000000000000000000000000000000000000000000000000000000 }
2025-08-25T09:38:12.555068Z DEBUG node{moniker=app-2}:node{moniker=app-2}: 🌈 Got execution payload: ExecutionPayloadV3 { payload_inner: ExecutionPayloadV2 { payload_inner: ExecutionPayloadV1 { parent_hash: 0x888f4e404376f4e67b22c2019c5ba9cc84dab6555f5efc8f35e164d5c0c6d933, fee_recipient: 0x2a2a2a2a2a2a2a2a2a2a2a2a2a2a2a2a2a2a2a2a, state_root: 0xec26df9442c5d4a0a0cc5348c960115b43da08c7aef6be4e4ccc5f136ca892a6, receipts_root: 0x56e81f171bcc55a6ff8345e692c0f86e5b48e01b996cadc001622fb5e363b421, logs_bloom: 0x00000000000000000000000000000000000000000000000000000000000000000000000000000000000000000000000000000000000000000000000000000000000000000000000000000000000000000000000000000000000000000000000000000000000000000000000000000000000000000000000000000000000000000000000000000000000000000000000000000000000000000000000000000000000000000000000000000000000000000000000000000000000000000000000000000000000000000000000000000000000000000000000000000000000000000000000000000000000000000000000000000000000000000000000000000000, prev_randao: 0x0000000000000000000000000000000000000000000000000000000000000000, block_number: 5, gas_limit: 30146763, gas_used: 0, timestamp: 1756114696, extra_data: 0x726574682f76312e342e312f6c696e7578, base_fee_per_gas: 512908936, block_hash: 0x0b8f7467961db4f52be53a1afbb60d90996afffc4d3bdfab5fc6db69ce51f5ec, transactions: [] }, withdrawals: [] }, blob_gas_used: 0, excess_blob_gas: 0 }
2025-08-25T09:38:12.555085Z DEBUG node{moniker=app-2}:node{moniker=app-2}: 🎁 block size: 545, height: 5
2025-08-25T09:38:12.562489Z  INFO node{moniker=app-2}:node{moniker=app-2}: Streaming proposal part: StreamMessage { stream_id: StreamId(b"\0\0\0\0\0\0\0\x05\0\0\0\0\0\0\0\x02"), sequence: 0, content: Data(Init(ProposalInit { height: Height(5), round: Some(0), proposer: Address(02CB1B49DA09615BD4A12212C39378556D990DFD) })) } height=5 round=0
2025-08-25T09:38:12.562515Z  INFO node{moniker=app-2}:node{moniker=app-2}: Streaming proposal part: StreamMessage { stream_id: StreamId(b"\0\0\0\0\0\0\0\x05\0\0\0\0\0\0\0\x02"), sequence: 1, content: Data(Data(ProposalData { bytes: "<...>", len: 545 })) } height=5 round=0
2025-08-25T09:38:12.562544Z  INFO node{moniker=app-2}:node{moniker=app-2}: Streaming proposal part: StreamMessage { stream_id: StreamId(b"\0\0\0\0\0\0\0\x05\0\0\0\0\0\0\0\x02"), sequence: 2, content: Data(Fin(ProposalFin { signature: Signature(Signature { R_bytes: "31f8b47527d3f4fefd5a37d8233594a574686ebb975f863b459bd2f14bf92dd8", s_bytes: "ee1bda26db7d9e55636e7522affb6a700920669b2ddd5e5301f4261c49c0a205" }) })) } height=5 round=0
2025-08-25T09:38:12.562749Z DEBUG node{moniker=app-2}:network: Published message channel=/proposal_parts size=48
2025-08-25T09:38:12.562793Z  INFO node{moniker=app-2}:node{moniker=app-2}: Streaming proposal part: StreamMessage { stream_id: StreamId(b"\0\0\0\0\0\0\0\x05\0\0\0\0\0\0\0\x02"), sequence: 3, content: Fin } height=5 round=0
2025-08-25T09:38:12.562899Z DEBUG node{moniker=app-2}:wal{height=5}: Wrote log entry type=LocallyProposedValue entry.size=599 
2025-08-25T09:38:12.563128Z DEBUG node{moniker=app-2}:network: Published message channel=/proposal_parts size=574
2025-08-25T09:38:12.563402Z DEBUG node{moniker=app-2}:node{moniker=app-2}: ✅ Proposal sent height=5 round=0
2025-08-25T09:38:12.563691Z DEBUG node{moniker=app-2}:network: Published message channel=/proposal_parts size=92
2025-08-25T09:38:12.563724Z  INFO node{moniker=app-2}:consensus{height=5 round=0}: Proposing value id=c8e12c4fcce64f32 round=0
2025-08-25T09:38:12.564043Z  INFO node{moniker=app-2}:consensus{height=5 round=0}: Received proposal consensus.height=5 proposal.height=5 proposal.round=0 proposer=02CB1B49DA09615BD4A12212C39378556D990DFD Proposal(height: 5, round: 0, pol_round: -1, value: c8e12c4fcce64f32, from: 02CB1B49DA09615BD4A12212C39378556D990DFD)
2025-08-25T09:38:12.564291Z DEBUG node{moniker=app-2}:network: Published message channel=/proposal_parts size=22
2025-08-25T09:38:12.564580Z DEBUG node{moniker=app-2}:wal{height=5}: Wrote log entry type=Consensus(Proposal) entry.size=668 
2025-08-25T09:38:12.564652Z DEBUG node{moniker=app-2}:consensus{height=5 round=0}: Transitioned to new step step.previous=Propose step.new=Prevote
2025-08-25T09:38:12.564663Z  INFO node{moniker=app-2}:consensus{height=5 round=0}: Voting vote_type=Prevote value=c8e12c4fcce64f32 round=0
2025-08-25T09:38:12.565035Z  INFO node{moniker=app-2}:consensus{height=5 round=0}: Received vote height=5 vote_height=5 address=02CB1B49DA09615BD4A12212C39378556D990DFD Prevote(height: 5, round: 0, value: c8e12c4fcce64f32, from: 02CB1B49DA09615BD4A12212C39378556D990DFD)
2025-08-25T09:38:12.565191Z DEBUG node{moniker=app-2}:wal{height=5}: Wrote log entry type=Consensus(Vote) entry.size=118 
2025-08-25T09:38:12.568311Z DEBUG node{moniker=app-2}:wal{height=5}: Flushed WAL to disk wal.entries=3 wal.size=1436
2025-08-25T09:38:12.569187Z DEBUG node{moniker=app-2}:network: Published message channel=/consensus size=109
2025-08-25T09:38:12.575833Z DEBUG node{moniker=app-2}:wal{height=5}: Flushed WAL to disk wal.entries=3 wal.size=1436
2025-08-25T09:38:12.576125Z DEBUG node{moniker=app-2}:network: Published message channel=/consensus size=659
2025-08-25T09:38:12.589314Z  INFO node{moniker=app-2}:consensus{height=5 round=0}: Received vote height=5 vote_height=5 address=815F9FA61D7C4F1E4A9E30D40DCA1115BB48F759 Precommit(height: 5, round: 0, value: c8e12c4fcce64f32, from: 815F9FA61D7C4F1E4A9E30D40DCA1115BB48F759)
2025-08-25T09:38:12.591398Z DEBUG node{moniker=app-2}:wal{height=5}: Wrote log entry type=Consensus(Vote) entry.size=120 
2025-08-25T09:38:12.592263Z  INFO node{moniker=app-2}:consensus{height=5 round=0}: Received vote height=5 vote_height=5 address=815F9FA61D7C4F1E4A9E30D40DCA1115BB48F759 Prevote(height: 5, round: 0, value: c8e12c4fcce64f32, from: 815F9FA61D7C4F1E4A9E30D40DCA1115BB48F759)
2025-08-25T09:38:12.592341Z DEBUG node{moniker=app-2}:wal{height=5}: Wrote log entry type=Consensus(Vote) entry.size=118 
2025-08-25T09:38:12.592464Z DEBUG node{moniker=app-2}:consensus{height=5 round=0}: Transitioned to new step step.previous=Prevote step.new=Precommit
2025-08-25T09:38:12.592472Z  INFO node{moniker=app-2}:consensus{height=5 round=0}: Voting vote_type=Precommit value=c8e12c4fcce64f32 round=0
2025-08-25T09:38:12.592491Z DEBUG node{moniker=app-2}:node{moniker=app-2}: metis-test:consensus-chan recv!!! msg:ExtendVote { height: Height(5), round: Some(0), value_id: ValueId(14474899398597168946), reply: Sender { inner: Some(Inner { state: State { is_complete: false, is_closed: false, is_rx_task_set: true, is_tx_task_set: false } }) } }
2025-08-25T09:38:12.592678Z  INFO node{moniker=app-2}:consensus{height=5 round=0}: Received vote height=5 vote_height=5 address=02CB1B49DA09615BD4A12212C39378556D990DFD Precommit(height: 5, round: 0, value: c8e12c4fcce64f32, from: 02CB1B49DA09615BD4A12212C39378556D990DFD)
2025-08-25T09:38:12.592745Z DEBUG node{moniker=app-2}:wal{height=5}: Wrote log entry type=Consensus(Vote) entry.size=120 
2025-08-25T09:38:12.592770Z DEBUG node{moniker=app-2}:consensus{height=5 round=0}: Transitioned to new step step.previous=Precommit step.new=Commit
2025-08-25T09:38:12.592776Z  INFO node{moniker=app-2}:consensus{height=5 round=0}: Decided round=0 height=5 value=c8e12c4fcce64f32
2025-08-25T09:38:12.596331Z DEBUG node{moniker=app-2}:wal{height=5}: Flushed WAL to disk wal.entries=6 wal.size=1833
2025-08-25T09:38:12.596389Z DEBUG node{moniker=app-2}:sync{height.tip=4 height.sync=5}: Updating request state height.tip=5
2025-08-25T09:38:12.596406Z DEBUG node{moniker=app-2}:node{moniker=app-2}: metis-test:consensus-chan recv!!! msg:Decided { certificate: CommitCertificate { height: Height(5), round: Some(0), value_id: ValueId(14474899398597168946), commit_signatures: [CommitSignature { address: Address(02CB1B49DA09615BD4A12212C39378556D990DFD), signature: Signature(Signature { R_bytes: "9c2978772a22ec6a4a11231393b230301ddfec097b072c451dc2780c1229f806", s_bytes: "e5ceba00dfedf0e3ddc7c604e5668a9973a9059480a5f9b41d65c6e76ece910a" }) }, CommitSignature { address: Address(815F9FA61D7C4F1E4A9E30D40DCA1115BB48F759), signature: Signature(Signature { R_bytes: "ac29d119b3d38260e7359b233db32fbae971154f40cc9801a7f7c51b13b076ad", s_bytes: "1e00707685553a42d9f081fb104c6132e207d6d1632af0fae80304a2dbdc750d" }) }] }, extensions: VoteExtensions { extensions: [] }, reply: Sender { inner: Some(Inner { state: State { is_complete: false, is_closed: false, is_rx_task_set: true, is_tx_task_set: false } }) } }
2025-08-25T09:38:12.596422Z  INFO node{moniker=app-2}:node{moniker=app-2}: 🟢🟢 Consensus has decided on value height=5 round=0 value=c8e12c4fcce64f32
2025-08-25T09:38:12.596512Z DEBUG node{moniker=app-2}:node{moniker=app-2}: 🎁 block size: 545, height: 5
2025-08-25T09:38:12.596520Z  INFO node{moniker=app-2}:node{moniker=app-2}: 👉 stats at height 5: #txs=0, txs/s=0.00, chain_bytes=2725, bytes/s=497.41
2025-08-25T09:38:12.596524Z DEBUG node{moniker=app-2}:node{moniker=app-2}: 🦄 Block at height 5 contains 0 transactions
2025-08-25T09:38:12.597902Z DEBUG node{moniker=app-2}:wal{height=5}: Flushed WAL to disk wal.entries=6 wal.size=1833
2025-08-25T09:38:12.598103Z DEBUG node{moniker=app-2}:network: Published message channel=/consensus size=111
2025-08-25T09:38:12.607080Z DEBUG node{moniker=app-2}:node{moniker=app-2}: 💡 New block added at height 5 with hash: 0x0b8f7467961db4f52be53a1afbb60d90996afffc4d3bdfab5fc6db69ce51f5ec
2025-08-25T09:38:12.607099Z DEBUG node{moniker=app-2}:node{moniker=app-2}: 🟠 set_latest_forkchoice_state: 0x0b8f7467961db4f52be53a1afbb60d90996afffc4d3bdfab5fc6db69ce51f5ec
2025-08-25T09:38:12.608908Z DEBUG node{moniker=app-2}:node{moniker=app-2}: ➡️ payload_status: PayloadStatus { status: Valid, latest_valid_hash: Some(0x0b8f7467961db4f52be53a1afbb60d90996afffc4d3bdfab5fc6db69ce51f5ec) }
2025-08-25T09:38:12.608920Z DEBUG node{moniker=app-2}:node{moniker=app-2}: 🚀 Forkchoice updated to height 5 for block hash=0x0b8f7467961db4f52be53a1afbb60d90996afffc4d3bdfab5fc6db69ce51f5ec and latest_valid_hash=0x0b8f7467961db4f52be53a1afbb60d90996afffc4d3bdfab5fc6db69ce51f5ec
2025-08-25T09:38:12.609056Z  INFO node{moniker=app-2}:node{moniker=app-2}: Looking for certificate height=5 round=0
2025-08-25T09:38:12.611491Z  INFO node{moniker=app-2}:node{moniker=app-2}: Committed block_data[0..32]: 888f4e404376f4e67b22c2019c5ba9cc84dab6555f5efc8f35e164d5c0c6d933
2025-08-25T09:38:12.636452Z DEBUG node{moniker=app-2}:wal{height=6}: Reset WAL height=6
2025-08-25T09:38:12.636538Z DEBUG node{moniker=app-2}:consensus{height=6 round=0}: No WAL entries to replay height=6
2025-08-25T09:38:12.636576Z  INFO node{moniker=app-2}:consensus{height=6 round=0}: Starting new height height=6
2025-08-25T09:38:12.636583Z  INFO node{moniker=app-2}:consensus{height=6 round=0}: Starting new round height=6 round=0 proposer=DE7BA2BE72D2225286133990FF5810B691A5261C role=None
2025-08-25T09:38:12.636617Z DEBUG node{moniker=app-2}:sync{height.tip=4 height.sync=5}: Starting new height height.tip=5 height.sync=6 restart=false
2025-08-25T09:38:12.636624Z DEBUG node{moniker=app-2}:sync{height.tip=4 height.sync=5}: No peer to request sync from height.sync=6
2025-08-25T09:38:12.639283Z DEBUG node{moniker=app-2}:wal{height=6}: Flushed WAL to disk wal.entries=0 wal.size=12
2025-08-25T09:38:12.639494Z DEBUG node{moniker=app-2}:node{moniker=app-2}: metis-test:consensus-chan recv!!! msg:StartedRound { height: Height(6), round: Some(0), proposer: Address(DE7BA2BE72D2225286133990FF5810B691A5261C), role: None, reply_value: Sender { inner: Some(Inner { state: State { is_complete: false, is_closed: false, is_rx_task_set: false, is_tx_task_set: false } }) } }
2025-08-25T09:38:12.639537Z  INFO node{moniker=app-2}:node{moniker=app-2}: 🟢🟢 Started round height=6 round=0 proposer=DE7BA2BE72D2225286133990FF5810B691A5261C role=None
2025-08-25T09:38:12.639553Z ERROR node{moniker=app-2}:consensus{height=6 round=0}: Error when processing effect: Messaging(RecvErr)
2025-08-25T09:38:12.639573Z DEBUG node{moniker=app-2}:consensus{height=6 round=0}: Transitioned to new step step.previous=Unstarted step.new=Propose
2025-08-25T09:38:12.639580Z  INFO node{moniker=app-2}:consensus{height=6 round=0}: Scheduling timeout round=0 step=Propose
2025-08-25T09:38:12.639590Z DEBUG node{moniker=app-2}:consensus{height=6 round=0}: Replaying inputs count=0
2025-08-25T09:38:12.650323Z DEBUG node{moniker=app-2}:node{moniker=app-2}: metis-test:consensus-chan recv!!! msg:ReceivedProposalPart { from: PeerId("12D3KooWEFmACkQS9HNWY86xGVM3LS7fRpQ8saTb5VdfdYCzuUvE"), part: StreamMessage { stream_id: StreamId(b"\0\0\0\0\0\0\0\x06\0\0\0\0\0\0\0\x01"), sequence: 0, content: Data(Init(ProposalInit { height: Height(6), round: Some(0), proposer: Address(DE7BA2BE72D2225286133990FF5810B691A5261C) })) }, reply: Sender { inner: Some(Inner { state: State { is_complete: false, is_closed: false, is_rx_task_set: true, is_tx_task_set: false } }) } }
2025-08-25T09:38:12.650381Z  INFO node{moniker=app-2}:node{moniker=app-2}: Received proposal part from=12D3KooWEFmACkQS9HNWY86xGVM3LS7fRpQ8saTb5VdfdYCzuUvE part.sequence=0 part.type=init part.size=28
2025-08-25T09:38:12.652631Z DEBUG node{moniker=app-2}:node{moniker=app-2}: metis-test:consensus-chan recv!!! msg:ReceivedProposalPart { from: PeerId("12D3KooWEFmACkQS9HNWY86xGVM3LS7fRpQ8saTb5VdfdYCzuUvE"), part: StreamMessage { stream_id: StreamId(b"\0\0\0\0\0\0\0\x06\0\0\0\0\0\0\0\x01"), sequence: 1, content: Data(Data(ProposalData { bytes: "<...>", len: 545 })) }, reply: Sender { inner: Some(Inner { state: State { is_complete: false, is_closed: false, is_rx_task_set: true, is_tx_task_set: false } }) } }
2025-08-25T09:38:12.652671Z  INFO node{moniker=app-2}:node{moniker=app-2}: Received proposal part from=12D3KooWEFmACkQS9HNWY86xGVM3LS7fRpQ8saTb5VdfdYCzuUvE part.sequence=1 part.type=data part.size=551
2025-08-25T09:38:12.652707Z DEBUG node{moniker=app-2}:node{moniker=app-2}: metis-test:consensus-chan recv!!! msg:ReceivedProposalPart { from: PeerId("12D3KooWEFmACkQS9HNWY86xGVM3LS7fRpQ8saTb5VdfdYCzuUvE"), part: StreamMessage { stream_id: StreamId(b"\0\0\0\0\0\0\0\x06\0\0\0\0\0\0\0\x01"), sequence: 2, content: Data(Fin(ProposalFin { signature: Signature(Signature { R_bytes: "bca5085b247626bcbc25ac9030b4f293da2d4ab99da920844160271618529085", s_bytes: "c2b19641dfea0d8bb96ff2bc8abfa0f2f8d39ad36ec2df3a6a61604a51acfb00" }) })) }, reply: Sender { inner: Some(Inner { state: State { is_complete: false, is_closed: false, is_rx_task_set: true, is_tx_task_set: false } }) } }
2025-08-25T09:38:12.652735Z  INFO node{moniker=app-2}:node{moniker=app-2}: Received proposal part from=12D3KooWEFmACkQS9HNWY86xGVM3LS7fRpQ8saTb5VdfdYCzuUvE part.sequence=2 part.type=fin part.size=70
2025-08-25T09:38:12.652761Z DEBUG node{moniker=app-2}:node{moniker=app-2}: metis-test:consensus-chan recv!!! msg:ReceivedProposalPart { from: PeerId("12D3KooWEFmACkQS9HNWY86xGVM3LS7fRpQ8saTb5VdfdYCzuUvE"), part: StreamMessage { stream_id: StreamId(b"\0\0\0\0\0\0\0\x06\0\0\0\0\0\0\0\x01"), sequence: 3, content: Fin }, reply: Sender { inner: Some(Inner { state: State { is_complete: false, is_closed: false, is_rx_task_set: true, is_tx_task_set: false } }) } }
2025-08-25T09:38:12.652779Z  INFO node{moniker=app-2}:node{moniker=app-2}: Received proposal part from=12D3KooWEFmACkQS9HNWY86xGVM3LS7fRpQ8saTb5VdfdYCzuUvE part.sequence=3 part.type=end of stream part.size=0
2025-08-25T09:38:12.654600Z  INFO node{moniker=app-2}:node{moniker=app-2}: Proposal data[0..32]: 0b8f7467961db4f52be53a1afbb60d90996afffc4d3bdfab5fc6db69ce51f5ec, total_size: 545 bytes, id: 86bb03ca1fb8288e
2025-08-25T09:38:12.658363Z  INFO node{moniker=app-2}:consensus{height=6 round=0}: Received vote height=6 vote_height=6 address=DE7BA2BE72D2225286133990FF5810B691A5261C Prevote(height: 6, round: 0, value: 86bb03ca1fb8288e, from: DE7BA2BE72D2225286133990FF5810B691A5261C)
2025-08-25T09:38:12.658914Z DEBUG node{moniker=app-2}:wal{height=6}: Wrote log entry type=Consensus(Vote) entry.size=118 
2025-08-25T09:38:12.659833Z  INFO node{moniker=app-2}:consensus{height=6 round=0}: Received proposal consensus.height=6 proposal.height=6 proposal.round=0 proposer=DE7BA2BE72D2225286133990FF5810B691A5261C Proposal(height: 6, round: 0, pol_round: -1, value: 86bb03ca1fb8288e, from: DE7BA2BE72D2225286133990FF5810B691A5261C)
2025-08-25T09:38:12.662642Z DEBUG node{moniker=app-2}:node{moniker=app-2}: ✅ Received complete proposal: ProposedValue { height: Height(6), round: Some(0), valid_round: Nil, proposer: Address(DE7BA2BE72D2225286133990FF5810B691A5261C), value: Value { value: 9708357588377675918, extensions: b"\x0b\x8ftg\x96\x1d\xb4\xf5+\xe5:\x1a\xfb\xb6\r\x90\x99j\xff\xfcM;\xdf\xab_\xc6\xdbi\xceQ\xf5\xec********************\xec&\xdf\x94B\xc5\xd4\xa0\xa0\xccSH\xc9`\x11[C\xda\x08\xc7\xae\xf6\xbeNL\xcc_\x13l\xa8\x92\xa6V\xe8\x1f\x17\x1b\xccU\xa6\xff\x83E\xe6\x92\xc0\xf8n[H\xe0\x1b\x99l\xad\xc0\x01b/\xb5\xe3c\xb4!\0\0\0\0\0\0\0\0\0\0\0\0\0\0\0\0\0\0\0\0\0\0\0\0\0\0\0\0\0\0\0\0\0\0\0\0\0\0\0\0\0\0\0\0\0\0\0\0\0\0\0\0\0\0\0\0\0\0\0\0\0\0\0\0\0\0\0\0\0\0\0\0\0\0\0\0\0\0\0\0\0\0\0\0\0\0\0\0\0\0\0\0\0\0\0\0\0\0\0\0\0\0\0\0\0\0\0\0\0\0\0\0\0\0\0\0\0\0\0\0\0\0\0\0\0\0\0\0\0\0\0\0\0\0\0\0\0\0\0\0\0\0\0\0\0\0\0\0\0\0\0\0\0\0\0\0\0\0\0\0\0\0\0\0\0\0\0\0\0\0\0\0\0\0\0\0\0\0\0\0\0\0\0\0\0\0\0\0\0\0\0\0\0\0\0\0\0\0\0\0\0\0\0\0\0\0\0\0\0\0\0\0\0\0\0\0\0\0\0\0\0\0\0\0\0\0\0\0\0\0\0\0\0\0\0\0\0\0\0\0\0\0\0\0\0\0\0\0\0\0\0\0\0\0\0\0\0\0\0\0\0\0\0\0\0\0\0\0\0\0\0\0\0\0\0\0\0\0\0\0\0\0\0\0\0\0\0\0\x06\0\0\0\0\0\0\0\xcas\xcc\x01\0\0\0\0\0\0\0\0\0\0\0\0\t/\xach\0\0\0\0\x10\x02\0\0\xb7\x12\xc0\x1a\0\0\0\0\0\0\0\0\0\0\0\0\0\0\0\0\0\0\0\0\0\0\0\0\0\0\0\0\x8f\x1b]\x06\xef\xc5d\xd8\xb1\xdc1\xa9\xd22\xeb\xb6\xbf\x82\nG\xb3\xfeZ'\x0c\xd0H?\x98m\x04\xf0!\x02\0\0!\x02\0\0\0\0\0\0\0\0\0\0\0\0\0\0\0\0\0\0reth/v1.4.1/linux" }, validity: Valid }
2025-08-25T09:38:12.663374Z DEBUG node{moniker=app-2}:wal{height=6}: Wrote log entry type=Consensus(Proposal) entry.size=668 
2025-08-25T09:38:12.663499Z DEBUG node{moniker=app-2}:consensus{height=6 round=0}: No full proposal for this round yet, stored proposal for later proposal.height=6 proposal.round=0
2025-08-25T09:38:12.663543Z DEBUG node{moniker=app-2}:consensus{height=6 round=0}: We have a full proposal for this round, checking... proposal.height=6 proposal.round=0
2025-08-25T09:38:12.663566Z DEBUG node{moniker=app-2}:consensus{height=6 round=0}: Transitioned to new step step.previous=Propose step.new=Prevote
2025-08-25T09:38:12.670212Z  INFO node{moniker=app-2}:consensus{height=6 round=0}: Received vote height=6 vote_height=6 address=815F9FA61D7C4F1E4A9E30D40DCA1115BB48F759 Precommit(height: 6, round: 0, value: 86bb03ca1fb8288e, from: 815F9FA61D7C4F1E4A9E30D40DCA1115BB48F759)
2025-08-25T09:38:12.672304Z DEBUG node{moniker=app-2}:wal{height=6}: Wrote log entry type=Consensus(Vote) entry.size=120 
2025-08-25T09:38:12.673815Z  INFO node{moniker=app-2}:consensus{height=6 round=0}: Received vote height=6 vote_height=6 address=815F9FA61D7C4F1E4A9E30D40DCA1115BB48F759 Prevote(height: 6, round: 0, value: 86bb03ca1fb8288e, from: 815F9FA61D7C4F1E4A9E30D40DCA1115BB48F759)
2025-08-25T09:38:12.673978Z DEBUG node{moniker=app-2}:wal{height=6}: Wrote log entry type=Consensus(Vote) entry.size=118 
2025-08-25T09:38:12.674300Z DEBUG node{moniker=app-2}:consensus{height=6 round=0}: Transitioned to new step step.previous=Prevote step.new=Precommit
2025-08-25T09:38:12.682785Z  INFO node{moniker=app-2}:consensus{height=6 round=0}: Received vote height=6 vote_height=6 address=DE7BA2BE72D2225286133990FF5810B691A5261C Precommit(height: 6, round: 0, value: 86bb03ca1fb8288e, from: DE7BA2BE72D2225286133990FF5810B691A5261C)
2025-08-25T09:38:12.685648Z DEBUG node{moniker=app-2}:wal{height=6}: Wrote log entry type=Consensus(Vote) entry.size=120 
2025-08-25T09:38:12.685818Z DEBUG node{moniker=app-2}:consensus{height=6 round=0}: Transitioned to new step step.previous=Precommit step.new=Commit
2025-08-25T09:38:12.685830Z  INFO node{moniker=app-2}:consensus{height=6 round=0}: Decided round=0 height=6 value=86bb03ca1fb8288e
2025-08-25T09:38:12.690542Z DEBUG node{moniker=app-2}:wal{height=6}: Flushed WAL to disk wal.entries=5 wal.size=1221
2025-08-25T09:38:12.690657Z DEBUG node{moniker=app-2}:sync{height.tip=5 height.sync=6}: Updating request state height.tip=6
2025-08-25T09:38:12.690673Z DEBUG node{moniker=app-2}:node{moniker=app-2}: metis-test:consensus-chan recv!!! msg:Decided { certificate: CommitCertificate { height: Height(6), round: Some(0), value_id: ValueId(9708357588377675918), commit_signatures: [CommitSignature { address: Address(815F9FA61D7C4F1E4A9E30D40DCA1115BB48F759), signature: Signature(Signature { R_bytes: "bb7484f8f1bf3f26f0ed0582afb445ab8ffc1c910951e9f986b2ff19a8672732", s_bytes: "fcfcc3c23b43a7909de7adb05aa8e6be01af1dcff70dc1769628a41a5e45dd0d" }) }, CommitSignature { address: Address(DE7BA2BE72D2225286133990FF5810B691A5261C), signature: Signature(Signature { R_bytes: "0a9d50c402252f6f85d34c0aeee17878b0c7103c42fa2da483d7dec2f159b471", s_bytes: "452ce8fde7d070f6cf02f46cf750c359908326b00dd7454a2b5c5812ef973d08" }) }] }, extensions: VoteExtensions { extensions: [] }, reply: Sender { inner: Some(Inner { state: State { is_complete: false, is_closed: false, is_rx_task_set: true, is_tx_task_set: false } }) } }
2025-08-25T09:38:12.690694Z  INFO node{moniker=app-2}:node{moniker=app-2}: 🟢🟢 Consensus has decided on value height=6 round=0 value=86bb03ca1fb8288e
2025-08-25T09:38:12.690754Z DEBUG node{moniker=app-2}:node{moniker=app-2}: 🎁 block size: 545, height: 6
2025-08-25T09:38:12.690764Z  INFO node{moniker=app-2}:node{moniker=app-2}: 👉 stats at height 6: #txs=0, txs/s=0.00, chain_bytes=3270, bytes/s=586.80
2025-08-25T09:38:12.690769Z DEBUG node{moniker=app-2}:node{moniker=app-2}: 🦄 Block at height 6 contains 0 transactions
2025-08-25T09:38:12.692888Z DEBUG node{moniker=app-2}:node{moniker=app-2}: 💡 New block added at height 6 with hash: 0x8f1b5d06efc564d8b1dc31a9d232ebb6bf820a47b3fe5a270cd0483f986d04f0
2025-08-25T09:38:12.692900Z DEBUG node{moniker=app-2}:node{moniker=app-2}: 🟠 set_latest_forkchoice_state: 0x8f1b5d06efc564d8b1dc31a9d232ebb6bf820a47b3fe5a270cd0483f986d04f0
2025-08-25T09:38:12.693530Z DEBUG node{moniker=app-2}:node{moniker=app-2}: ➡️ payload_status: PayloadStatus { status: Valid, latest_valid_hash: Some(0x8f1b5d06efc564d8b1dc31a9d232ebb6bf820a47b3fe5a270cd0483f986d04f0) }
2025-08-25T09:38:12.693538Z DEBUG node{moniker=app-2}:node{moniker=app-2}: 🚀 Forkchoice updated to height 6 for block hash=0x8f1b5d06efc564d8b1dc31a9d232ebb6bf820a47b3fe5a270cd0483f986d04f0 and latest_valid_hash=0x8f1b5d06efc564d8b1dc31a9d232ebb6bf820a47b3fe5a270cd0483f986d04f0
2025-08-25T09:38:12.693541Z  INFO node{moniker=app-2}:node{moniker=app-2}: Looking for certificate height=6 round=0
2025-08-25T09:38:12.701572Z  INFO node{moniker=app-2}:node{moniker=app-2}: Committed block_data[0..32]: 0b8f7467961db4f52be53a1afbb60d90996afffc4d3bdfab5fc6db69ce51f5ec
2025-08-25T09:38:12.722883Z DEBUG node{moniker=app-2}:wal{height=7}: Reset WAL height=7
2025-08-25T09:38:12.723025Z DEBUG node{moniker=app-2}:consensus{height=7 round=0}: No WAL entries to replay height=7
2025-08-25T09:38:12.723060Z  INFO node{moniker=app-2}:consensus{height=7 round=0}: Starting new height height=7
2025-08-25T09:38:12.723067Z  INFO node{moniker=app-2}:consensus{height=7 round=0}: Starting new round height=7 round=0 proposer=DE7BA2BE72D2225286133990FF5810B691A5261C role=Validator
2025-08-25T09:38:12.723094Z DEBUG node{moniker=app-2}:sync{height.tip=5 height.sync=6}: Starting new height height.tip=6 height.sync=7 restart=false
2025-08-25T09:38:12.723101Z DEBUG node{moniker=app-2}:sync{height.tip=5 height.sync=6}: No peer to request sync from height.sync=7
2025-08-25T09:38:12.724337Z DEBUG node{moniker=app-2}:wal{height=7}: Flushed WAL to disk wal.entries=0 wal.size=12
2025-08-25T09:38:12.724439Z DEBUG node{moniker=app-2}:node{moniker=app-2}: metis-test:consensus-chan recv!!! msg:StartedRound { height: Height(7), round: Some(0), proposer: Address(DE7BA2BE72D2225286133990FF5810B691A5261C), role: Validator, reply_value: Sender { inner: Some(Inner { state: State { is_complete: false, is_closed: false, is_rx_task_set: false, is_tx_task_set: false } }) } }
2025-08-25T09:38:12.724449Z  INFO node{moniker=app-2}:node{moniker=app-2}: 🟢🟢 Started round height=7 round=0 proposer=DE7BA2BE72D2225286133990FF5810B691A5261C role=Validator
2025-08-25T09:38:12.724459Z ERROR node{moniker=app-2}:consensus{height=7 round=0}: Error when processing effect: Messaging(RecvErr)
2025-08-25T09:38:12.724474Z DEBUG node{moniker=app-2}:consensus{height=7 round=0}: Transitioned to new step step.previous=Unstarted step.new=Propose
2025-08-25T09:38:12.724478Z  INFO node{moniker=app-2}:consensus{height=7 round=0}: Scheduling timeout round=0 step=Propose
2025-08-25T09:38:12.724486Z DEBUG node{moniker=app-2}:consensus{height=7 round=0}: Replaying inputs count=0
2025-08-25T09:38:12.725516Z DEBUG node{moniker=app-2}:node{moniker=app-2}: metis-test:consensus-chan recv!!! msg:ReceivedProposalPart { from: PeerId("12D3KooWEFmACkQS9HNWY86xGVM3LS7fRpQ8saTb5VdfdYCzuUvE"), part: StreamMessage { stream_id: StreamId(b"\0\0\0\0\0\0\0\x07\0\0\0\0\0\0\0\x02"), sequence: 0, content: Data(Init(ProposalInit { height: Height(7), round: Some(0), proposer: Address(DE7BA2BE72D2225286133990FF5810B691A5261C) })) }, reply: Sender { inner: Some(Inner { state: State { is_complete: false, is_closed: false, is_rx_task_set: true, is_tx_task_set: false } }) } }
2025-08-25T09:38:12.725552Z  INFO node{moniker=app-2}:node{moniker=app-2}: Received proposal part from=12D3KooWEFmACkQS9HNWY86xGVM3LS7fRpQ8saTb5VdfdYCzuUvE part.sequence=0 part.type=init part.size=28
2025-08-25T09:38:12.726823Z DEBUG node{moniker=app-2}:node{moniker=app-2}: metis-test:consensus-chan recv!!! msg:ReceivedProposalPart { from: PeerId("12D3KooWEFmACkQS9HNWY86xGVM3LS7fRpQ8saTb5VdfdYCzuUvE"), part: StreamMessage { stream_id: StreamId(b"\0\0\0\0\0\0\0\x07\0\0\0\0\0\0\0\x02"), sequence: 1, content: Data(Data(ProposalData { bytes: "<...>", len: 545 })) }, reply: Sender { inner: Some(Inner { state: State { is_complete: false, is_closed: false, is_rx_task_set: true, is_tx_task_set: false } }) } }
2025-08-25T09:38:12.726844Z  INFO node{moniker=app-2}:node{moniker=app-2}: Received proposal part from=12D3KooWEFmACkQS9HNWY86xGVM3LS7fRpQ8saTb5VdfdYCzuUvE part.sequence=1 part.type=data part.size=551
2025-08-25T09:38:12.726866Z DEBUG node{moniker=app-2}:node{moniker=app-2}: metis-test:consensus-chan recv!!! msg:ReceivedProposalPart { from: PeerId("12D3KooWEFmACkQS9HNWY86xGVM3LS7fRpQ8saTb5VdfdYCzuUvE"), part: StreamMessage { stream_id: StreamId(b"\0\0\0\0\0\0\0\x07\0\0\0\0\0\0\0\x02"), sequence: 2, content: Data(Fin(ProposalFin { signature: Signature(Signature { R_bytes: "795dc4a495a904e9189cddf70a167c7259b7cb7ee2668a6ff1c94619bd0c4276", s_bytes: "d1b61a8cc788de98fb28cfec73a94be4a1bc30eb58b50c93e9abf3862fe19102" }) })) }, reply: Sender { inner: Some(Inner { state: State { is_complete: false, is_closed: false, is_rx_task_set: true, is_tx_task_set: false } }) } }
2025-08-25T09:38:12.726886Z  INFO node{moniker=app-2}:node{moniker=app-2}: Received proposal part from=12D3KooWEFmACkQS9HNWY86xGVM3LS7fRpQ8saTb5VdfdYCzuUvE part.sequence=2 part.type=fin part.size=70
2025-08-25T09:38:12.726903Z DEBUG node{moniker=app-2}:node{moniker=app-2}: metis-test:consensus-chan recv!!! msg:ReceivedProposalPart { from: PeerId("12D3KooWEFmACkQS9HNWY86xGVM3LS7fRpQ8saTb5VdfdYCzuUvE"), part: StreamMessage { stream_id: StreamId(b"\0\0\0\0\0\0\0\x07\0\0\0\0\0\0\0\x02"), sequence: 3, content: Fin }, reply: Sender { inner: Some(Inner { state: State { is_complete: false, is_closed: false, is_rx_task_set: true, is_tx_task_set: false } }) } }
2025-08-25T09:38:12.726915Z  INFO node{moniker=app-2}:node{moniker=app-2}: Received proposal part from=12D3KooWEFmACkQS9HNWY86xGVM3LS7fRpQ8saTb5VdfdYCzuUvE part.sequence=3 part.type=end of stream part.size=0
2025-08-25T09:38:12.727149Z  INFO node{moniker=app-2}:node{moniker=app-2}: Proposal data[0..32]: 8f1b5d06efc564d8b1dc31a9d232ebb6bf820a47b3fe5a270cd0483f986d04f0, total_size: 545 bytes, id: b7262dc4ace47536
2025-08-25T09:38:12.729822Z  INFO node{moniker=app-2}:consensus{height=7 round=0}: Received vote height=7 vote_height=7 address=DE7BA2BE72D2225286133990FF5810B691A5261C Prevote(height: 7, round: 0, value: b7262dc4ace47536, from: DE7BA2BE72D2225286133990FF5810B691A5261C)
2025-08-25T09:38:12.733506Z DEBUG node{moniker=app-2}:wal{height=7}: Wrote log entry type=Consensus(Vote) entry.size=118 
2025-08-25T09:38:12.734620Z  INFO node{moniker=app-2}:consensus{height=7 round=0}: Received proposal consensus.height=7 proposal.height=7 proposal.round=0 proposer=DE7BA2BE72D2225286133990FF5810B691A5261C Proposal(height: 7, round: 0, pol_round: -1, value: b7262dc4ace47536, from: DE7BA2BE72D2225286133990FF5810B691A5261C)
2025-08-25T09:38:12.737385Z DEBUG node{moniker=app-2}:wal{height=7}: Wrote log entry type=Consensus(Proposal) entry.size=668 
2025-08-25T09:38:12.737439Z DEBUG node{moniker=app-2}:consensus{height=7 round=0}: No full proposal for this round yet, stored proposal for later proposal.height=7 proposal.round=0
2025-08-25T09:38:12.738976Z DEBUG node{moniker=app-2}:node{moniker=app-2}: ✅ Received complete proposal: ProposedValue { height: Height(7), round: Some(0), valid_round: Nil, proposer: Address(DE7BA2BE72D2225286133990FF5810B691A5261C), value: Value { value: 13197286080793310518, extensions: b"\x8f\x1b]\x06\xef\xc5d\xd8\xb1\xdc1\xa9\xd22\xeb\xb6\xbf\x82\nG\xb3\xfeZ'\x0c\xd0H?\x98m\x04\xf0********************\xec&\xdf\x94B\xc5\xd4\xa0\xa0\xccSH\xc9`\x11[C\xda\x08\xc7\xae\xf6\xbeNL\xcc_\x13l\xa8\x92\xa6V\xe8\x1f\x17\x1b\xccU\xa6\xff\x83E\xe6\x92\xc0\xf8n[H\xe0\x1b\x99l\xad\xc0\x01b/\xb5\xe3c\xb4!\0\0\0\0\0\0\0\0\0\0\0\0\0\0\0\0\0\0\0\0\0\0\0\0\0\0\0\0\0\0\0\0\0\0\0\0\0\0\0\0\0\0\0\0\0\0\0\0\0\0\0\0\0\0\0\0\0\0\0\0\0\0\0\0\0\0\0\0\0\0\0\0\0\0\0\0\0\0\0\0\0\0\0\0\0\0\0\0\0\0\0\0\0\0\0\0\0\0\0\0\0\0\0\0\0\0\0\0\0\0\0\0\0\0\0\0\0\0\0\0\0\0\0\0\0\0\0\0\0\0\0\0\0\0\0\0\0\0\0\0\0\0\0\0\0\0\0\0\0\0\0\0\0\0\0\0\0\0\0\0\0\0\0\0\0\0\0\0\0\0\0\0\0\0\0\0\0\0\0\0\0\0\0\0\0\0\0\0\0\0\0\0\0\0\0\0\0\0\0\0\0\0\0\0\0\0\0\0\0\0\0\0\0\0\0\0\0\0\0\0\0\0\0\0\0\0\0\0\0\0\0\0\0\0\0\0\0\0\0\0\0\0\0\0\0\0\0\0\0\0\0\0\0\0\0\0\0\0\0\0\0\0\0\0\0\0\0\0\0\0\0\0\0\0\0\0\0\0\0\0\0\0\0\0\0\0\0\0\x07\0\0\0\0\0\0\0\xe5\xe6\xcc\x01\0\0\0\0\0\0\0\0\0\0\0\0\n/\xach\0\0\0\0\x10\x02\0\0a\x10h\x17\0\0\0\0\0\0\0\0\0\0\0\0\0\0\0\0\0\0\0\0\0\0\0\0\0\0\0\0\xe6\x91\x1b\xb89\xd4\xc0\x04\xf3\x01G\xe6\xb1\xa9\xc5\x05\xd1\x0b\xe1\x9e\xcfD\xdb\x17\xeb\x19\x0fq<\x01Ok!\x02\0\0!\x02\0\0\0\0\0\0\0\0\0\0\0\0\0\0\0\0\0\0reth/v1.4.1/linux" }, validity: Valid }
2025-08-25T09:38:12.739033Z DEBUG node{moniker=app-2}:consensus{height=7 round=0}: We have a full proposal for this round, checking... proposal.height=7 proposal.round=0
2025-08-25T09:38:12.739051Z DEBUG node{moniker=app-2}:consensus{height=7 round=0}: Transitioned to new step step.previous=Propose step.new=Prevote
2025-08-25T09:38:12.739060Z  INFO node{moniker=app-2}:consensus{height=7 round=0}: Voting vote_type=Prevote value=b7262dc4ace47536 round=0
2025-08-25T09:38:12.739380Z  INFO node{moniker=app-2}:consensus{height=7 round=0}: Received vote height=7 vote_height=7 address=02CB1B49DA09615BD4A12212C39378556D990DFD Prevote(height: 7, round: 0, value: b7262dc4ace47536, from: 02CB1B49DA09615BD4A12212C39378556D990DFD)
2025-08-25T09:38:12.739486Z DEBUG node{moniker=app-2}:wal{height=7}: Wrote log entry type=Consensus(Vote) entry.size=118 
2025-08-25T09:38:12.739524Z DEBUG node{moniker=app-2}:consensus{height=7 round=0}: Transitioned to new step step.previous=Prevote step.new=Precommit
2025-08-25T09:38:12.739530Z  INFO node{moniker=app-2}:consensus{height=7 round=0}: Voting vote_type=Precommit value=b7262dc4ace47536 round=0
2025-08-25T09:38:12.739544Z DEBUG node{moniker=app-2}:node{moniker=app-2}: metis-test:consensus-chan recv!!! msg:ExtendVote { height: Height(7), round: Some(0), value_id: ValueId(13197286080793310518), reply: Sender { inner: Some(Inner { state: State { is_complete: false, is_closed: false, is_rx_task_set: true, is_tx_task_set: false } }) } }
2025-08-25T09:38:12.739775Z  INFO node{moniker=app-2}:consensus{height=7 round=0}: Received vote height=7 vote_height=7 address=02CB1B49DA09615BD4A12212C39378556D990DFD Precommit(height: 7, round: 0, value: b7262dc4ace47536, from: 02CB1B49DA09615BD4A12212C39378556D990DFD)
2025-08-25T09:38:12.742376Z DEBUG node{moniker=app-2}:wal{height=7}: Wrote log entry type=Consensus(Vote) entry.size=120 
2025-08-25T09:38:12.746285Z DEBUG node{moniker=app-2}:wal{height=7}: Flushed WAL to disk wal.entries=4 wal.size=1088
2025-08-25T09:38:12.746690Z DEBUG node{moniker=app-2}:network: Published message channel=/consensus size=111
2025-08-25T09:38:12.748494Z DEBUG node{moniker=app-2}:wal{height=7}: Flushed WAL to disk wal.entries=4 wal.size=1088
2025-08-25T09:38:12.748712Z DEBUG node{moniker=app-2}:network: Published message channel=/consensus size=109
2025-08-25T09:38:12.756439Z  INFO node{moniker=app-2}:consensus{height=7 round=0}: Received vote height=7 vote_height=7 address=DE7BA2BE72D2225286133990FF5810B691A5261C Precommit(height: 7, round: 0, value: b7262dc4ace47536, from: DE7BA2BE72D2225286133990FF5810B691A5261C)
2025-08-25T09:38:12.757014Z DEBUG node{moniker=app-2}:wal{height=7}: Wrote log entry type=Consensus(Vote) entry.size=120 
2025-08-25T09:38:12.757114Z DEBUG node{moniker=app-2}:consensus{height=7 round=0}: Transitioned to new step step.previous=Precommit step.new=Commit
2025-08-25T09:38:12.757121Z  INFO node{moniker=app-2}:consensus{height=7 round=0}: Decided round=0 height=7 value=b7262dc4ace47536
2025-08-25T09:38:12.764205Z DEBUG node{moniker=app-2}:wal{height=7}: Flushed WAL to disk wal.entries=5 wal.size=1221
2025-08-25T09:38:12.764380Z DEBUG node{moniker=app-2}:sync{height.tip=6 height.sync=7}: Updating request state height.tip=7
2025-08-25T09:38:12.764524Z DEBUG node{moniker=app-2}:node{moniker=app-2}: metis-test:consensus-chan recv!!! msg:Decided { certificate: CommitCertificate { height: Height(7), round: Some(0), value_id: ValueId(13197286080793310518), commit_signatures: [CommitSignature { address: Address(02CB1B49DA09615BD4A12212C39378556D990DFD), signature: Signature(Signature { R_bytes: "e0828c8a68d0974846c8270cf18197b8e9c5792c29aa1242efe283adde3ae4b1", s_bytes: "4c883a1bfba44780607bb0d6fe27f3d6b60671ff9746fb77b2fadf42214ed800" }) }, CommitSignature { address: Address(DE7BA2BE72D2225286133990FF5810B691A5261C), signature: Signature(Signature { R_bytes: "66683c0bac46c4ea69e0668da76c8f5b117b26dc22df8574cc55986b0d274f41", s_bytes: "c8ef1fd61b52f887d9770a657411b592360314df02f11bfacd6bec77f6529805" }) }] }, extensions: VoteExtensions { extensions: [] }, reply: Sender { inner: Some(Inner { state: State { is_complete: false, is_closed: false, is_rx_task_set: true, is_tx_task_set: false } }) } }
2025-08-25T09:38:12.764564Z  INFO node{moniker=app-2}:node{moniker=app-2}: 🟢🟢 Consensus has decided on value height=7 round=0 value=b7262dc4ace47536
2025-08-25T09:38:12.764703Z DEBUG node{moniker=app-2}:node{moniker=app-2}: 🎁 block size: 545, height: 7
2025-08-25T09:38:12.764720Z  INFO node{moniker=app-2}:node{moniker=app-2}: 👉 stats at height 7: #txs=0, txs/s=0.00, chain_bytes=3815, bytes/s=675.63
2025-08-25T09:38:12.764731Z DEBUG node{moniker=app-2}:node{moniker=app-2}: 🦄 Block at height 7 contains 0 transactions
2025-08-25T09:38:12.765583Z DEBUG node{moniker=app-2}:node{moniker=app-2}: 💡 New block added at height 7 with hash: 0xe6911bb839d4c004f30147e6b1a9c505d10be19ecf44db17eb190f713c014f6b
2025-08-25T09:38:12.765589Z DEBUG node{moniker=app-2}:node{moniker=app-2}: 🟠 set_latest_forkchoice_state: 0xe6911bb839d4c004f30147e6b1a9c505d10be19ecf44db17eb190f713c014f6b
2025-08-25T09:38:12.765992Z DEBUG node{moniker=app-2}:node{moniker=app-2}: ➡️ payload_status: PayloadStatus { status: Valid, latest_valid_hash: Some(0xe6911bb839d4c004f30147e6b1a9c505d10be19ecf44db17eb190f713c014f6b) }
2025-08-25T09:38:12.765998Z DEBUG node{moniker=app-2}:node{moniker=app-2}: 🚀 Forkchoice updated to height 7 for block hash=0xe6911bb839d4c004f30147e6b1a9c505d10be19ecf44db17eb190f713c014f6b and latest_valid_hash=0xe6911bb839d4c004f30147e6b1a9c505d10be19ecf44db17eb190f713c014f6b
2025-08-25T09:38:12.766000Z  INFO node{moniker=app-2}:node{moniker=app-2}: Looking for certificate height=7 round=0
2025-08-25T09:38:12.772668Z  INFO node{moniker=app-2}:node{moniker=app-2}: Committed block_data[0..32]: 8f1b5d06efc564d8b1dc31a9d232ebb6bf820a47b3fe5a270cd0483f986d04f0
2025-08-25T09:38:12.794953Z DEBUG node{moniker=app-2}:wal{height=8}: Reset WAL height=8
2025-08-25T09:38:12.795030Z DEBUG node{moniker=app-2}:consensus{height=8 round=0}: No WAL entries to replay height=8
2025-08-25T09:38:12.795084Z  INFO node{moniker=app-2}:consensus{height=8 round=0}: Starting new height height=8
2025-08-25T09:38:12.795089Z  INFO node{moniker=app-2}:consensus{height=8 round=0}: Starting new round height=8 round=0 proposer=815F9FA61D7C4F1E4A9E30D40DCA1115BB48F759 role=Validator
2025-08-25T09:38:12.795233Z DEBUG node{moniker=app-2}:sync{height.tip=6 height.sync=7}: Starting new height height.tip=7 height.sync=8 restart=false
2025-08-25T09:38:12.795240Z DEBUG node{moniker=app-2}:sync{height.tip=6 height.sync=7}: No peer to request sync from height.sync=8
2025-08-25T09:38:12.801489Z DEBUG node{moniker=app-2}:wal{height=8}: Flushed WAL to disk wal.entries=0 wal.size=12
2025-08-25T09:38:12.801649Z DEBUG node{moniker=app-2}:node{moniker=app-2}: metis-test:consensus-chan recv!!! msg:StartedRound { height: Height(8), round: Some(0), proposer: Address(815F9FA61D7C4F1E4A9E30D40DCA1115BB48F759), role: Validator, reply_value: Sender { inner: Some(Inner { state: State { is_complete: false, is_closed: false, is_rx_task_set: false, is_tx_task_set: false } }) } }
2025-08-25T09:38:12.801662Z  INFO node{moniker=app-2}:node{moniker=app-2}: 🟢🟢 Started round height=8 round=0 proposer=815F9FA61D7C4F1E4A9E30D40DCA1115BB48F759 role=Validator
2025-08-25T09:38:12.801674Z ERROR node{moniker=app-2}:consensus{height=8 round=0}: Error when processing effect: Messaging(RecvErr)
2025-08-25T09:38:12.801693Z DEBUG node{moniker=app-2}:consensus{height=8 round=0}: Transitioned to new step step.previous=Unstarted step.new=Propose
2025-08-25T09:38:12.801699Z  INFO node{moniker=app-2}:consensus{height=8 round=0}: Scheduling timeout round=0 step=Propose
2025-08-25T09:38:12.801707Z DEBUG node{moniker=app-2}:consensus{height=8 round=0}: Replaying inputs count=0
2025-08-25T09:38:12.813083Z DEBUG node{moniker=app-2}:node{moniker=app-2}: metis-test:consensus-chan recv!!! msg:ReceivedProposalPart { from: PeerId("12D3KooWD4wDmZaWggpGH9ACLhNztqnBvszLRcmBLzZdKwDiWmYh"), part: StreamMessage { stream_id: StreamId(b"\0\0\0\0\0\0\0\x08\0\0\0\0\0\0\0\x02"), sequence: 0, content: Data(Init(ProposalInit { height: Height(8), round: Some(0), proposer: Address(815F9FA61D7C4F1E4A9E30D40DCA1115BB48F759) })) }, reply: Sender { inner: Some(Inner { state: State { is_complete: false, is_closed: false, is_rx_task_set: true, is_tx_task_set: false } }) } }
2025-08-25T09:38:12.813118Z  INFO node{moniker=app-2}:node{moniker=app-2}: Received proposal part from=12D3KooWD4wDmZaWggpGH9ACLhNztqnBvszLRcmBLzZdKwDiWmYh part.sequence=0 part.type=init part.size=28
2025-08-25T09:38:12.813144Z DEBUG node{moniker=app-2}:node{moniker=app-2}: metis-test:consensus-chan recv!!! msg:ReceivedProposalPart { from: PeerId("12D3KooWD4wDmZaWggpGH9ACLhNztqnBvszLRcmBLzZdKwDiWmYh"), part: StreamMessage { stream_id: StreamId(b"\0\0\0\0\0\0\0\x08\0\0\0\0\0\0\0\x02"), sequence: 1, content: Data(Data(ProposalData { bytes: "<...>", len: 545 })) }, reply: Sender { inner: Some(Inner { state: State { is_complete: false, is_closed: false, is_rx_task_set: true, is_tx_task_set: false } }) } }
2025-08-25T09:38:12.813154Z  INFO node{moniker=app-2}:node{moniker=app-2}: Received proposal part from=12D3KooWD4wDmZaWggpGH9ACLhNztqnBvszLRcmBLzZdKwDiWmYh part.sequence=1 part.type=data part.size=551
2025-08-25T09:38:12.813165Z DEBUG node{moniker=app-2}:node{moniker=app-2}: metis-test:consensus-chan recv!!! msg:ReceivedProposalPart { from: PeerId("12D3KooWD4wDmZaWggpGH9ACLhNztqnBvszLRcmBLzZdKwDiWmYh"), part: StreamMessage { stream_id: StreamId(b"\0\0\0\0\0\0\0\x08\0\0\0\0\0\0\0\x02"), sequence: 2, content: Data(Fin(ProposalFin { signature: Signature(Signature { R_bytes: "0c84e07064441f19bbfecb4ea671c20d9b4ebff118dd07f0ebb0c2e59a1d0463", s_bytes: "cc347fe4ceaa5e482c3a66c9188ed9f7e6467e272ba8d2fe1aa54fd807a3590d" }) })) }, reply: Sender { inner: Some(Inner { state: State { is_complete: false, is_closed: false, is_rx_task_set: true, is_tx_task_set: false } }) } }
2025-08-25T09:38:12.813175Z  INFO node{moniker=app-2}:node{moniker=app-2}: Received proposal part from=12D3KooWD4wDmZaWggpGH9ACLhNztqnBvszLRcmBLzZdKwDiWmYh part.sequence=2 part.type=fin part.size=70
2025-08-25T09:38:12.813184Z DEBUG node{moniker=app-2}:node{moniker=app-2}: metis-test:consensus-chan recv!!! msg:ReceivedProposalPart { from: PeerId("12D3KooWD4wDmZaWggpGH9ACLhNztqnBvszLRcmBLzZdKwDiWmYh"), part: StreamMessage { stream_id: StreamId(b"\0\0\0\0\0\0\0\x08\0\0\0\0\0\0\0\x02"), sequence: 3, content: Fin }, reply: Sender { inner: Some(Inner { state: State { is_complete: false, is_closed: false, is_rx_task_set: true, is_tx_task_set: false } }) } }
2025-08-25T09:38:12.813191Z  INFO node{moniker=app-2}:node{moniker=app-2}: Received proposal part from=12D3KooWD4wDmZaWggpGH9ACLhNztqnBvszLRcmBLzZdKwDiWmYh part.sequence=3 part.type=end of stream part.size=0
2025-08-25T09:38:12.813336Z  INFO node{moniker=app-2}:node{moniker=app-2}: Proposal data[0..32]: e6911bb839d4c004f30147e6b1a9c505d10be19ecf44db17eb190f713c014f6b, total_size: 545 bytes, id: 2a853211129bcbdb
2025-08-25T09:38:12.817643Z  INFO node{moniker=app-2}:consensus{height=8 round=0}: Received vote height=8 vote_height=8 address=815F9FA61D7C4F1E4A9E30D40DCA1115BB48F759 Prevote(height: 8, round: 0, value: 2a853211129bcbdb, from: 815F9FA61D7C4F1E4A9E30D40DCA1115BB48F759)
2025-08-25T09:38:12.823359Z DEBUG node{moniker=app-2}:wal{height=8}: Wrote log entry type=Consensus(Vote) entry.size=117 
2025-08-25T09:38:12.823553Z  INFO node{moniker=app-2}:consensus{height=8 round=0}: Received proposal consensus.height=8 proposal.height=8 proposal.round=0 proposer=815F9FA61D7C4F1E4A9E30D40DCA1115BB48F759 Proposal(height: 8, round: 0, pol_round: -1, value: 2a853211129bcbdb, from: 815F9FA61D7C4F1E4A9E30D40DCA1115BB48F759)
2025-08-25T09:38:12.824751Z DEBUG node{moniker=app-2}:wal{height=8}: Wrote log entry type=Consensus(Proposal) entry.size=667 
2025-08-25T09:38:12.824745Z DEBUG node{moniker=app-2}:node{moniker=app-2}: ✅ Received complete proposal: ProposedValue { height: Height(8), round: Some(0), valid_round: Nil, proposer: Address(815F9FA61D7C4F1E4A9E30D40DCA1115BB48F759), value: Value { value: 3063910170403523547, extensions: b"\xe6\x91\x1b\xb89\xd4\xc0\x04\xf3\x01G\xe6\xb1\xa9\xc5\x05\xd1\x0b\xe1\x9e\xcfD\xdb\x17\xeb\x19\x0fq<\x01Ok********************\xec&\xdf\x94B\xc5\xd4\xa0\xa0\xccSH\xc9`\x11[C\xda\x08\xc7\xae\xf6\xbeNL\xcc_\x13l\xa8\x92\xa6V\xe8\x1f\x17\x1b\xccU\xa6\xff\x83E\xe6\x92\xc0\xf8n[H\xe0\x1b\x99l\xad\xc0\x01b/\xb5\xe3c\xb4!\0\0\0\0\0\0\0\0\0\0\0\0\0\0\0\0\0\0\0\0\0\0\0\0\0\0\0\0\0\0\0\0\0\0\0\0\0\0\0\0\0\0\0\0\0\0\0\0\0\0\0\0\0\0\0\0\0\0\0\0\0\0\0\0\0\0\0\0\0\0\0\0\0\0\0\0\0\0\0\0\0\0\0\0\0\0\0\0\0\0\0\0\0\0\0\0\0\0\0\0\0\0\0\0\0\0\0\0\0\0\0\0\0\0\0\0\0\0\0\0\0\0\0\0\0\0\0\0\0\0\0\0\0\0\0\0\0\0\0\0\0\0\0\0\0\0\0\0\0\0\0\0\0\0\0\0\0\0\0\0\0\0\0\0\0\0\0\0\0\0\0\0\0\0\0\0\0\0\0\0\0\0\0\0\0\0\0\0\0\0\0\0\0\0\0\0\0\0\0\0\0\0\0\0\0\0\0\0\0\0\0\0\0\0\0\0\0\0\0\0\0\0\0\0\0\0\0\0\0\0\0\0\0\0\0\0\0\0\0\0\0\0\0\0\0\0\0\0\0\0\0\0\0\0\0\0\0\0\0\0\0\0\0\0\0\0\0\0\0\0\0\0\0\0\0\0\0\0\0\0\0\0\0\0\0\0\0\0\x08\0\0\0\0\0\0\0\x1dZ\xcd\x01\0\0\0\0\0\0\0\0\0\0\0\0\x0b/\xach\0\0\0\0\x10\x02\0\0U\x0e{\x14\0\0\0\0\0\0\0\0\0\0\0\0\0\0\0\0\0\0\0\0\0\0\0\0\0\0\0\0\xc86v\x1f\x8e\xef\xbb}[(\x80(E\xe4l\x8a\xa0%9\x885\xdd\xe7x*\x95T\xd0&>&\xce!\x02\0\0!\x02\0\0\0\0\0\0\0\0\0\0\0\0\0\0\0\0\0\0reth/v1.4.1/linux" }, validity: Valid }
2025-08-25T09:38:12.824774Z DEBUG node{moniker=app-2}:consensus{height=8 round=0}: No full proposal for this round yet, stored proposal for later proposal.height=8 proposal.round=0
2025-08-25T09:38:12.824786Z DEBUG node{moniker=app-2}:consensus{height=8 round=0}: We have a full proposal for this round, checking... proposal.height=8 proposal.round=0
2025-08-25T09:38:12.824801Z DEBUG node{moniker=app-2}:consensus{height=8 round=0}: Transitioned to new step step.previous=Propose step.new=Prevote
2025-08-25T09:38:12.824817Z  INFO node{moniker=app-2}:consensus{height=8 round=0}: Voting vote_type=Prevote value=2a853211129bcbdb round=0
2025-08-25T09:38:12.824910Z  INFO node{moniker=app-2}:consensus{height=8 round=0}: Received vote height=8 vote_height=8 address=02CB1B49DA09615BD4A12212C39378556D990DFD Prevote(height: 8, round: 0, value: 2a853211129bcbdb, from: 02CB1B49DA09615BD4A12212C39378556D990DFD)
2025-08-25T09:38:12.824987Z DEBUG node{moniker=app-2}:wal{height=8}: Wrote log entry type=Consensus(Vote) entry.size=117 
2025-08-25T09:38:12.825012Z DEBUG node{moniker=app-2}:consensus{height=8 round=0}: Transitioned to new step step.previous=Prevote step.new=Precommit
2025-08-25T09:38:12.825015Z  INFO node{moniker=app-2}:consensus{height=8 round=0}: Voting vote_type=Precommit value=2a853211129bcbdb round=0
2025-08-25T09:38:12.825023Z DEBUG node{moniker=app-2}:node{moniker=app-2}: metis-test:consensus-chan recv!!! msg:ExtendVote { height: Height(8), round: Some(0), value_id: ValueId(3063910170403523547), reply: Sender { inner: Some(Inner { state: State { is_complete: false, is_closed: false, is_rx_task_set: true, is_tx_task_set: false } }) } }
2025-08-25T09:38:12.825094Z  INFO node{moniker=app-2}:consensus{height=8 round=0}: Received vote height=8 vote_height=8 address=02CB1B49DA09615BD4A12212C39378556D990DFD Precommit(height: 8, round: 0, value: 2a853211129bcbdb, from: 02CB1B49DA09615BD4A12212C39378556D990DFD)
2025-08-25T09:38:12.825127Z DEBUG node{moniker=app-2}:wal{height=8}: Wrote log entry type=Consensus(Vote) entry.size=119 
2025-08-25T09:38:12.827270Z DEBUG node{moniker=app-2}:wal{height=8}: Flushed WAL to disk wal.entries=4 wal.size=1084
2025-08-25T09:38:12.827398Z DEBUG node{moniker=app-2}:network: Published message channel=/consensus size=110
2025-08-25T09:38:12.830247Z DEBUG node{moniker=app-2}:wal{height=8}: Flushed WAL to disk wal.entries=4 wal.size=1084
2025-08-25T09:38:12.830503Z DEBUG node{moniker=app-2}:network: Published message channel=/consensus size=108
2025-08-25T09:38:12.843836Z  INFO node{moniker=app-2}:consensus{height=8 round=0}: Received vote height=8 vote_height=8 address=815F9FA61D7C4F1E4A9E30D40DCA1115BB48F759 Precommit(height: 8, round: 0, value: 2a853211129bcbdb, from: 815F9FA61D7C4F1E4A9E30D40DCA1115BB48F759)
2025-08-25T09:38:12.843997Z DEBUG node{moniker=app-2}:wal{height=8}: Wrote log entry type=Consensus(Vote) entry.size=119 
2025-08-25T09:38:12.844090Z DEBUG node{moniker=app-2}:consensus{height=8 round=0}: Transitioned to new step step.previous=Precommit step.new=Commit
2025-08-25T09:38:12.844099Z  INFO node{moniker=app-2}:consensus{height=8 round=0}: Decided round=0 height=8 value=2a853211129bcbdb
2025-08-25T09:38:12.851504Z DEBUG node{moniker=app-2}:wal{height=8}: Flushed WAL to disk wal.entries=5 wal.size=1216
2025-08-25T09:38:12.851694Z DEBUG node{moniker=app-2}:sync{height.tip=7 height.sync=8}: Updating request state height.tip=8
2025-08-25T09:38:12.851722Z DEBUG node{moniker=app-2}:node{moniker=app-2}: metis-test:consensus-chan recv!!! msg:Decided { certificate: CommitCertificate { height: Height(8), round: Some(0), value_id: ValueId(3063910170403523547), commit_signatures: [CommitSignature { address: Address(02CB1B49DA09615BD4A12212C39378556D990DFD), signature: Signature(Signature { R_bytes: "11c3840d9a9713ff4a7145c406c9baa83fa4dd69ec669aa7c50ae04d03e8cf5a", s_bytes: "1350d7870825bd042189b4249a8d858c709c179e3c3abe8a5a56d1d82856d403" }) }, CommitSignature { address: Address(815F9FA61D7C4F1E4A9E30D40DCA1115BB48F759), signature: Signature(Signature { R_bytes: "d542457cb85ce0a9126498d76502b476a2cde1b9fda284a2ae4ca0714b20fa36", s_bytes: "4458d6755f38b8d809039f9a1586ccbd9481c72b0a4789780edc56cdc08c7d0b" }) }] }, extensions: VoteExtensions { extensions: [] }, reply: Sender { inner: Some(Inner { state: State { is_complete: false, is_closed: false, is_rx_task_set: true, is_tx_task_set: false } }) } }
2025-08-25T09:38:12.851755Z  INFO node{moniker=app-2}:node{moniker=app-2}: 🟢🟢 Consensus has decided on value height=8 round=0 value=2a853211129bcbdb
2025-08-25T09:38:12.851853Z DEBUG node{moniker=app-2}:node{moniker=app-2}: 🎁 block size: 545, height: 8
2025-08-25T09:38:12.851869Z  INFO node{moniker=app-2}:node{moniker=app-2}: 👉 stats at height 8: #txs=0, txs/s=0.00, chain_bytes=4360, bytes/s=760.42
2025-08-25T09:38:12.851877Z DEBUG node{moniker=app-2}:node{moniker=app-2}: 🦄 Block at height 8 contains 0 transactions
2025-08-25T09:38:12.856113Z DEBUG node{moniker=app-2}:node{moniker=app-2}: 💡 New block added at height 8 with hash: 0xc836761f8eefbb7d5b28802845e46c8aa025398835dde7782a9554d0263e26ce
2025-08-25T09:38:12.856131Z DEBUG node{moniker=app-2}:node{moniker=app-2}: 🟠 set_latest_forkchoice_state: 0xc836761f8eefbb7d5b28802845e46c8aa025398835dde7782a9554d0263e26ce
2025-08-25T09:38:12.858737Z DEBUG node{moniker=app-2}:node{moniker=app-2}: ➡️ payload_status: PayloadStatus { status: Valid, latest_valid_hash: Some(0xc836761f8eefbb7d5b28802845e46c8aa025398835dde7782a9554d0263e26ce) }
2025-08-25T09:38:12.858754Z DEBUG node{moniker=app-2}:node{moniker=app-2}: 🚀 Forkchoice updated to height 8 for block hash=0xc836761f8eefbb7d5b28802845e46c8aa025398835dde7782a9554d0263e26ce and latest_valid_hash=0xc836761f8eefbb7d5b28802845e46c8aa025398835dde7782a9554d0263e26ce
2025-08-25T09:38:12.858757Z  INFO node{moniker=app-2}:node{moniker=app-2}: Looking for certificate height=8 round=0
2025-08-25T09:38:12.867450Z  INFO node{moniker=app-2}:node{moniker=app-2}: Committed block_data[0..32]: e6911bb839d4c004f30147e6b1a9c505d10be19ecf44db17eb190f713c014f6b
2025-08-25T09:38:12.886355Z DEBUG node{moniker=app-2}:wal{height=9}: Reset WAL height=9
2025-08-25T09:38:12.886581Z DEBUG node{moniker=app-2}:consensus{height=9 round=0}: No WAL entries to replay height=9
2025-08-25T09:38:12.886620Z  INFO node{moniker=app-2}:consensus{height=9 round=0}: Starting new height height=9
2025-08-25T09:38:12.886626Z  INFO node{moniker=app-2}:consensus{height=9 round=0}: Starting new round height=9 round=0 proposer=815F9FA61D7C4F1E4A9E30D40DCA1115BB48F759 role=None
2025-08-25T09:38:12.886656Z DEBUG node{moniker=app-2}:sync{height.tip=7 height.sync=8}: Starting new height height.tip=8 height.sync=9 restart=false
2025-08-25T09:38:12.886663Z DEBUG node{moniker=app-2}:sync{height.tip=7 height.sync=8}: No peer to request sync from height.sync=9
2025-08-25T09:38:12.889543Z DEBUG node{moniker=app-2}:wal{height=9}: Flushed WAL to disk wal.entries=0 wal.size=12
2025-08-25T09:38:12.889662Z DEBUG node{moniker=app-2}:node{moniker=app-2}: metis-test:consensus-chan recv!!! msg:StartedRound { height: Height(9), round: Some(0), proposer: Address(815F9FA61D7C4F1E4A9E30D40DCA1115BB48F759), role: None, reply_value: Sender { inner: Some(Inner { state: State { is_complete: false, is_closed: false, is_rx_task_set: false, is_tx_task_set: false } }) } }
2025-08-25T09:38:12.889686Z  INFO node{moniker=app-2}:node{moniker=app-2}: 🟢🟢 Started round height=9 round=0 proposer=815F9FA61D7C4F1E4A9E30D40DCA1115BB48F759 role=None
2025-08-25T09:38:12.889710Z ERROR node{moniker=app-2}:consensus{height=9 round=0}: Error when processing effect: Messaging(RecvErr)
2025-08-25T09:38:12.889736Z DEBUG node{moniker=app-2}:consensus{height=9 round=0}: Transitioned to new step step.previous=Unstarted step.new=Propose
2025-08-25T09:38:12.889747Z  INFO node{moniker=app-2}:consensus{height=9 round=0}: Scheduling timeout round=0 step=Propose
2025-08-25T09:38:12.889762Z DEBUG node{moniker=app-2}:consensus{height=9 round=0}: Replaying inputs count=0
2025-08-25T09:38:12.891144Z DEBUG node{moniker=app-2}:node{moniker=app-2}: metis-test:consensus-chan recv!!! msg:ReceivedProposalPart { from: PeerId("12D3KooWD4wDmZaWggpGH9ACLhNztqnBvszLRcmBLzZdKwDiWmYh"), part: StreamMessage { stream_id: StreamId(b"\0\0\0\0\0\0\0\t\0\0\0\0\0\0\0\x03"), sequence: 0, content: Data(Init(ProposalInit { height: Height(9), round: Some(0), proposer: Address(815F9FA61D7C4F1E4A9E30D40DCA1115BB48F759) })) }, reply: Sender { inner: Some(Inner { state: State { is_complete: false, is_closed: false, is_rx_task_set: true, is_tx_task_set: false } }) } }
2025-08-25T09:38:12.891174Z  INFO node{moniker=app-2}:node{moniker=app-2}: Received proposal part from=12D3KooWD4wDmZaWggpGH9ACLhNztqnBvszLRcmBLzZdKwDiWmYh part.sequence=0 part.type=init part.size=28
2025-08-25T09:38:12.891640Z DEBUG node{moniker=app-2}:node{moniker=app-2}: metis-test:consensus-chan recv!!! msg:ReceivedProposalPart { from: PeerId("12D3KooWD4wDmZaWggpGH9ACLhNztqnBvszLRcmBLzZdKwDiWmYh"), part: StreamMessage { stream_id: StreamId(b"\0\0\0\0\0\0\0\t\0\0\0\0\0\0\0\x03"), sequence: 1, content: Data(Data(ProposalData { bytes: "<...>", len: 545 })) }, reply: Sender { inner: Some(Inner { state: State { is_complete: false, is_closed: false, is_rx_task_set: true, is_tx_task_set: false } }) } }
2025-08-25T09:38:12.891659Z  INFO node{moniker=app-2}:node{moniker=app-2}: Received proposal part from=12D3KooWD4wDmZaWggpGH9ACLhNztqnBvszLRcmBLzZdKwDiWmYh part.sequence=1 part.type=data part.size=551
2025-08-25T09:38:12.892229Z DEBUG node{moniker=app-2}:node{moniker=app-2}: metis-test:consensus-chan recv!!! msg:ReceivedProposalPart { from: PeerId("12D3KooWD4wDmZaWggpGH9ACLhNztqnBvszLRcmBLzZdKwDiWmYh"), part: StreamMessage { stream_id: StreamId(b"\0\0\0\0\0\0\0\t\0\0\0\0\0\0\0\x03"), sequence: 2, content: Data(Fin(ProposalFin { signature: Signature(Signature { R_bytes: "b5b7eafb615904eb59b0638c705146d78f6c36aa30df2e335db084751a13d401", s_bytes: "b0d1215bf780aca0677751a5ef012c02aff6784cd53fc5013efdc421883e5b0d" }) })) }, reply: Sender { inner: Some(Inner { state: State { is_complete: false, is_closed: false, is_rx_task_set: true, is_tx_task_set: false } }) } }
2025-08-25T09:38:12.892248Z  INFO node{moniker=app-2}:node{moniker=app-2}: Received proposal part from=12D3KooWD4wDmZaWggpGH9ACLhNztqnBvszLRcmBLzZdKwDiWmYh part.sequence=2 part.type=fin part.size=70
2025-08-25T09:38:12.892263Z DEBUG node{moniker=app-2}:node{moniker=app-2}: metis-test:consensus-chan recv!!! msg:ReceivedProposalPart { from: PeerId("12D3KooWD4wDmZaWggpGH9ACLhNztqnBvszLRcmBLzZdKwDiWmYh"), part: StreamMessage { stream_id: StreamId(b"\0\0\0\0\0\0\0\t\0\0\0\0\0\0\0\x03"), sequence: 3, content: Fin }, reply: Sender { inner: Some(Inner { state: State { is_complete: false, is_closed: false, is_rx_task_set: true, is_tx_task_set: false } }) } }
2025-08-25T09:38:12.892273Z  INFO node{moniker=app-2}:node{moniker=app-2}: Received proposal part from=12D3KooWD4wDmZaWggpGH9ACLhNztqnBvszLRcmBLzZdKwDiWmYh part.sequence=3 part.type=end of stream part.size=0
2025-08-25T09:38:12.892496Z  INFO node{moniker=app-2}:node{moniker=app-2}: Proposal data[0..32]: c836761f8eefbb7d5b28802845e46c8aa025398835dde7782a9554d0263e26ce, total_size: 545 bytes, id: 17956f0587683bac
2025-08-25T09:38:12.902327Z DEBUG node{moniker=app-2}:node{moniker=app-2}: ✅ Received complete proposal: ProposedValue { height: Height(9), round: Some(0), valid_round: Nil, proposer: Address(815F9FA61D7C4F1E4A9E30D40DCA1115BB48F759), value: Value { value: 1699386503939505068, extensions: b"\xc86v\x1f\x8e\xef\xbb}[(\x80(E\xe4l\x8a\xa0%9\x885\xdd\xe7x*\x95T\xd0&>&\xce********************\xec&\xdf\x94B\xc5\xd4\xa0\xa0\xccSH\xc9`\x11[C\xda\x08\xc7\xae\xf6\xbeNL\xcc_\x13l\xa8\x92\xa6V\xe8\x1f\x17\x1b\xccU\xa6\xff\x83E\xe6\x92\xc0\xf8n[H\xe0\x1b\x99l\xad\xc0\x01b/\xb5\xe3c\xb4!\0\0\0\0\0\0\0\0\0\0\0\0\0\0\0\0\0\0\0\0\0\0\0\0\0\0\0\0\0\0\0\0\0\0\0\0\0\0\0\0\0\0\0\0\0\0\0\0\0\0\0\0\0\0\0\0\0\0\0\0\0\0\0\0\0\0\0\0\0\0\0\0\0\0\0\0\0\0\0\0\0\0\0\0\0\0\0\0\0\0\0\0\0\0\0\0\0\0\0\0\0\0\0\0\0\0\0\0\0\0\0\0\0\0\0\0\0\0\0\0\0\0\0\0\0\0\0\0\0\0\0\0\0\0\0\0\0\0\0\0\0\0\0\0\0\0\0\0\0\0\0\0\0\0\0\0\0\0\0\0\0\0\0\0\0\0\0\0\0\0\0\0\0\0\0\0\0\0\0\0\0\0\0\0\0\0\0\0\0\0\0\0\0\0\0\0\0\0\0\0\0\0\0\0\0\0\0\0\0\0\0\0\0\0\0\0\0\0\0\0\0\0\0\0\0\0\0\0\0\0\0\0\0\0\0\0\0\0\0\0\0\0\0\0\0\0\0\0\0\0\0\0\0\0\0\0\0\0\0\0\0\0\0\0\0\0\0\0\0\0\0\0\0\0\0\0\0\0\0\0\0\0\0\0\0\0\0\0\t\0\0\0\0\0\0\0r\xcd\xcd\x01\0\0\0\0\0\0\0\0\0\0\0\0\x0c/\xach\0\0\0\0\x10\x02\0\0\x8b\xac\xeb\x11\0\0\0\0\0\0\0\0\0\0\0\0\0\0\0\0\0\0\0\0\0\0\0\0\0\0\0\0\xdbC[\xb9&\rq>)\xf3\x12\x0f\x9c[4u\x1dbzT)Q\xc9\xd1\xf6\xf0{\xfc\x08/\x87\x17!\x02\0\0!\x02\0\0\0\0\0\0\0\0\0\0\0\0\0\0\0\0\0\0reth/v1.4.1/linux" }, validity: Valid }
2025-08-25T09:38:12.906255Z DEBUG node{moniker=app-2}:wal{height=9}: Wrote log entry type=LocallyProposedValue entry.size=598 
2025-08-25T09:38:12.911892Z  INFO node{moniker=app-2}:consensus{height=9 round=0}: Received vote height=9 vote_height=9 address=815F9FA61D7C4F1E4A9E30D40DCA1115BB48F759 Prevote(height: 9, round: 0, value: 17956f0587683bac, from: 815F9FA61D7C4F1E4A9E30D40DCA1115BB48F759)
2025-08-25T09:38:12.914089Z DEBUG node{moniker=app-2}:wal{height=9}: Wrote log entry type=Consensus(Vote) entry.size=117 
2025-08-25T09:38:12.914971Z  INFO node{moniker=app-2}:consensus{height=9 round=0}: Received proposal consensus.height=9 proposal.height=9 proposal.round=0 proposer=815F9FA61D7C4F1E4A9E30D40DCA1115BB48F759 Proposal(height: 9, round: 0, pol_round: -1, value: 17956f0587683bac, from: 815F9FA61D7C4F1E4A9E30D40DCA1115BB48F759)
2025-08-25T09:38:12.915119Z DEBUG node{moniker=app-2}:wal{height=9}: Wrote log entry type=Consensus(Proposal) entry.size=667 
2025-08-25T09:38:12.915272Z DEBUG node{moniker=app-2}:consensus{height=9 round=0}: Transitioned to new step step.previous=Propose step.new=Prevote
2025-08-25T09:38:12.920482Z  INFO node{moniker=app-2}:consensus{height=9 round=0}: Received vote height=9 vote_height=9 address=DE7BA2BE72D2225286133990FF5810B691A5261C Precommit(height: 9, round: 0, value: 17956f0587683bac, from: DE7BA2BE72D2225286133990FF5810B691A5261C)
2025-08-25T09:38:12.922320Z DEBUG node{moniker=app-2}:wal{height=9}: Wrote log entry type=Consensus(Vote) entry.size=119 
2025-08-25T09:38:12.923385Z  INFO node{moniker=app-2}:consensus{height=9 round=0}: Received vote height=9 vote_height=9 address=DE7BA2BE72D2225286133990FF5810B691A5261C Prevote(height: 9, round: 0, value: 17956f0587683bac, from: DE7BA2BE72D2225286133990FF5810B691A5261C)
2025-08-25T09:38:12.923497Z DEBUG node{moniker=app-2}:wal{height=9}: Wrote log entry type=Consensus(Vote) entry.size=117 
2025-08-25T09:38:12.923641Z DEBUG node{moniker=app-2}:consensus{height=9 round=0}: Transitioned to new step step.previous=Prevote step.new=Precommit
2025-08-25T09:38:12.931158Z  INFO node{moniker=app-2}:consensus{height=9 round=0}: Received vote height=9 vote_height=9 address=815F9FA61D7C4F1E4A9E30D40DCA1115BB48F759 Precommit(height: 9, round: 0, value: 17956f0587683bac, from: 815F9FA61D7C4F1E4A9E30D40DCA1115BB48F759)
2025-08-25T09:38:12.931359Z DEBUG node{moniker=app-2}:wal{height=9}: Wrote log entry type=Consensus(Vote) entry.size=119 
2025-08-25T09:38:12.931462Z DEBUG node{moniker=app-2}:consensus{height=9 round=0}: Transitioned to new step step.previous=Precommit step.new=Commit
2025-08-25T09:38:12.931471Z  INFO node{moniker=app-2}:consensus{height=9 round=0}: Decided round=0 height=9 value=17956f0587683bac
2025-08-25T09:38:12.939179Z DEBUG node{moniker=app-2}:wal{height=9}: Flushed WAL to disk wal.entries=6 wal.size=1827
2025-08-25T09:38:12.939423Z DEBUG node{moniker=app-2}:sync{height.tip=8 height.sync=9}: Updating request state height.tip=9
2025-08-25T09:38:12.939447Z DEBUG node{moniker=app-2}:node{moniker=app-2}: metis-test:consensus-chan recv!!! msg:Decided { certificate: CommitCertificate { height: Height(9), round: Some(0), value_id: ValueId(1699386503939505068), commit_signatures: [CommitSignature { address: Address(815F9FA61D7C4F1E4A9E30D40DCA1115BB48F759), signature: Signature(Signature { R_bytes: "960bcfcadbca5c637e6a55861b6d76c2dbc6bdb02b3137aed8a9f4003356fd91", s_bytes: "dfeb2d7d64049c268f15eef17a7a380aca42eb7b1e99741ac2464b4b7bf4ff00" }) }, CommitSignature { address: Address(DE7BA2BE72D2225286133990FF5810B691A5261C), signature: Signature(Signature { R_bytes: "0cc4a2afa45ddceb2c6e25107709af889c7293713df4eb45a05bef825c0cac12", s_bytes: "1f817f6bbdbd08e68e0aafa8cb80969704013eaa0cd208831f049ab3942cf400" }) }] }, extensions: VoteExtensions { extensions: [] }, reply: Sender { inner: Some(Inner { state: State { is_complete: false, is_closed: false, is_rx_task_set: true, is_tx_task_set: false } }) } }
2025-08-25T09:38:12.939470Z  INFO node{moniker=app-2}:node{moniker=app-2}: 🟢🟢 Consensus has decided on value height=9 round=0 value=17956f0587683bac
2025-08-25T09:38:12.939847Z DEBUG node{moniker=app-2}:node{moniker=app-2}: 🎁 block size: 545, height: 9
2025-08-25T09:38:12.939861Z  INFO node{moniker=app-2}:node{moniker=app-2}: 👉 stats at height 9: #txs=0, txs/s=0.00, chain_bytes=4905, bytes/s=842.54
2025-08-25T09:38:12.939867Z DEBUG node{moniker=app-2}:node{moniker=app-2}: 🦄 Block at height 9 contains 0 transactions
2025-08-25T09:38:12.940585Z DEBUG node{moniker=app-2}:node{moniker=app-2}: 💡 New block added at height 9 with hash: 0xdb435bb9260d713e29f3120f9c5b34751d627a542951c9d1f6f07bfc082f8717
2025-08-25T09:38:12.940591Z DEBUG node{moniker=app-2}:node{moniker=app-2}: 🟠 set_latest_forkchoice_state: 0xdb435bb9260d713e29f3120f9c5b34751d627a542951c9d1f6f07bfc082f8717
2025-08-25T09:38:12.941160Z DEBUG node{moniker=app-2}:node{moniker=app-2}: ➡️ payload_status: PayloadStatus { status: Valid, latest_valid_hash: Some(0xdb435bb9260d713e29f3120f9c5b34751d627a542951c9d1f6f07bfc082f8717) }
2025-08-25T09:38:12.941187Z DEBUG node{moniker=app-2}:node{moniker=app-2}: 🚀 Forkchoice updated to height 9 for block hash=0xdb435bb9260d713e29f3120f9c5b34751d627a542951c9d1f6f07bfc082f8717 and latest_valid_hash=0xdb435bb9260d713e29f3120f9c5b34751d627a542951c9d1f6f07bfc082f8717
2025-08-25T09:38:12.941190Z  INFO node{moniker=app-2}:node{moniker=app-2}: Looking for certificate height=9 round=0
2025-08-25T09:38:12.945630Z  INFO node{moniker=app-2}:node{moniker=app-2}: Committed block_data[0..32]: c836761f8eefbb7d5b28802845e46c8aa025398835dde7782a9554d0263e26ce
2025-08-25T09:38:12.975072Z DEBUG node{moniker=app-2}:wal{height=10}: Reset WAL height=10
2025-08-25T09:38:12.975327Z DEBUG node{moniker=app-2}:consensus{height=10 round=0}: No WAL entries to replay height=10
2025-08-25T09:38:12.975351Z  INFO node{moniker=app-2}:consensus{height=10 round=0}: Starting new height height=10
2025-08-25T09:38:12.975354Z  INFO node{moniker=app-2}:consensus{height=10 round=0}: Starting new round height=10 round=0 proposer=02CB1B49DA09615BD4A12212C39378556D990DFD role=Proposer
2025-08-25T09:38:12.975369Z DEBUG node{moniker=app-2}:sync{height.tip=8 height.sync=9}: Starting new height height.tip=9 height.sync=10 restart=false
2025-08-25T09:38:12.975372Z DEBUG node{moniker=app-2}:sync{height.tip=8 height.sync=9}: No peer to request sync from height.sync=10
2025-08-25T09:38:12.978994Z DEBUG node{moniker=app-2}:wal{height=10}: Flushed WAL to disk wal.entries=0 wal.size=12
2025-08-25T09:38:12.979076Z DEBUG node{moniker=app-2}:node{moniker=app-2}: metis-test:consensus-chan recv!!! msg:StartedRound { height: Height(10), round: Some(0), proposer: Address(02CB1B49DA09615BD4A12212C39378556D990DFD), role: Proposer, reply_value: Sender { inner: Some(Inner { state: State { is_complete: false, is_closed: false, is_rx_task_set: false, is_tx_task_set: false } }) } }
2025-08-25T09:38:12.979086Z  INFO node{moniker=app-2}:node{moniker=app-2}: 🟢🟢 Started round height=10 round=0 proposer=02CB1B49DA09615BD4A12212C39378556D990DFD role=Proposer
2025-08-25T09:38:12.979095Z ERROR node{moniker=app-2}:consensus{height=10 round=0}: Error when processing effect: Messaging(RecvErr)
2025-08-25T09:38:12.979111Z DEBUG node{moniker=app-2}:consensus{height=10 round=0}: Transitioned to new step step.previous=Unstarted step.new=Propose
2025-08-25T09:38:12.979115Z  INFO node{moniker=app-2}:consensus{height=10 round=0}: Scheduling timeout round=0 step=Propose
2025-08-25T09:38:12.979119Z  INFO node{moniker=app-2}:consensus{height=10 round=0}: Requesting value from application height=10 round=0
2025-08-25T09:38:12.979125Z DEBUG node{moniker=app-2}:consensus{height=10 round=0}: Replaying inputs count=0
2025-08-25T09:38:12.979142Z DEBUG node{moniker=app-2}:node{moniker=app-2}: metis-test:consensus-chan recv!!! msg:GetValue { height: Height(10), round: Some(0), timeout: 3s, reply: Sender { inner: Some(Inner { state: State { is_complete: false, is_closed: false, is_rx_task_set: true, is_tx_task_set: false } }) } }
2025-08-25T09:38:12.979145Z  INFO node{moniker=app-2}:node{moniker=app-2}: 🟢🟢 Consensus is requesting a value to propose height=10 round=0
2025-08-25T09:38:12.979147Z DEBUG node{moniker=app-2}:node{moniker=app-2}: 🟠 generate_block on top of ExecutionBlock { block_hash: 0xdb435bb9260d713e29f3120f9c5b34751d627a542951c9d1f6f07bfc082f8717, block_number: 9, parent_hash: 0xdb435bb9260d713e29f3120f9c5b34751d627a542951c9d1f6f07bfc082f8717, timestamp: 1756114700, prev_randao: 0x0000000000000000000000000000000000000000000000000000000000000000 }
2025-08-25T09:38:12.980662Z DEBUG node{moniker=app-2}:node{moniker=app-2}: 🌈 Got execution payload: ExecutionPayloadV3 { payload_inner: ExecutionPayloadV2 { payload_inner: ExecutionPayloadV1 { parent_hash: 0xdb435bb9260d713e29f3120f9c5b34751d627a542951c9d1f6f07bfc082f8717, fee_recipient: 0x2a2a2a2a2a2a2a2a2a2a2a2a2a2a2a2a2a2a2a2a, state_root: 0xec26df9442c5d4a0a0cc5348c960115b43da08c7aef6be4e4ccc5f136ca892a6, receipts_root: 0x56e81f171bcc55a6ff8345e692c0f86e5b48e01b996cadc001622fb5e363b421, logs_bloom: 0x00000000000000000000000000000000000000000000000000000000000000000000000000000000000000000000000000000000000000000000000000000000000000000000000000000000000000000000000000000000000000000000000000000000000000000000000000000000000000000000000000000000000000000000000000000000000000000000000000000000000000000000000000000000000000000000000000000000000000000000000000000000000000000000000000000000000000000000000000000000000000000000000000000000000000000000000000000000000000000000000000000000000000000000000000000000, prev_randao: 0x0000000000000000000000000000000000000000000000000000000000000000, block_number: 10, gas_limit: 30294244, gas_used: 0, timestamp: 1756114701, extra_data: 0x726574682f76312e342e312f6c696e7578, base_fee_per_gas: 263075578, block_hash: 0x2babb0b791a5773d8711a2c57c2c5a9a7d4cb85e1157781426d109d2a7a11763, transactions: [] }, withdrawals: [] }, blob_gas_used: 0, excess_blob_gas: 0 }
2025-08-25T09:38:12.980670Z DEBUG node{moniker=app-2}:node{moniker=app-2}: 🎁 block size: 545, height: 10
2025-08-25T09:38:12.984832Z  INFO node{moniker=app-2}:node{moniker=app-2}: Streaming proposal part: StreamMessage { stream_id: StreamId(b"\0\0\0\0\0\0\0\n\0\0\0\0\0\0\0\x03"), sequence: 0, content: Data(Init(ProposalInit { height: Height(10), round: Some(0), proposer: Address(02CB1B49DA09615BD4A12212C39378556D990DFD) })) } height=10 round=0
2025-08-25T09:38:12.984840Z  INFO node{moniker=app-2}:node{moniker=app-2}: Streaming proposal part: StreamMessage { stream_id: StreamId(b"\0\0\0\0\0\0\0\n\0\0\0\0\0\0\0\x03"), sequence: 1, content: Data(Data(ProposalData { bytes: "<...>", len: 545 })) } height=10 round=0
2025-08-25T09:38:12.984852Z  INFO node{moniker=app-2}:node{moniker=app-2}: Streaming proposal part: StreamMessage { stream_id: StreamId(b"\0\0\0\0\0\0\0\n\0\0\0\0\0\0\0\x03"), sequence: 2, content: Data(Fin(ProposalFin { signature: Signature(Signature { R_bytes: "3363f043a4af046400606a21cfda57aa7260e17948db22ee8373b80411f5b4f7", s_bytes: "9b0d0a3cdd8a15eefd443d57f873f0f0cca10a01d0b420f9564525b14489cc04" }) })) } height=10 round=0
2025-08-25T09:38:12.984947Z DEBUG node{moniker=app-2}:network: Published message channel=/proposal_parts size=48
2025-08-25T09:38:12.984965Z  INFO node{moniker=app-2}:node{moniker=app-2}: Streaming proposal part: StreamMessage { stream_id: StreamId(b"\0\0\0\0\0\0\0\n\0\0\0\0\0\0\0\x03"), sequence: 3, content: Fin } height=10 round=0
2025-08-25T09:38:12.985002Z DEBUG node{moniker=app-2}:wal{height=10}: Wrote log entry type=LocallyProposedValue entry.size=598 
2025-08-25T09:38:12.985094Z DEBUG node{moniker=app-2}:network: Published message channel=/proposal_parts size=574
2025-08-25T09:38:12.985129Z  INFO node{moniker=app-2}:consensus{height=10 round=0}: Proposing value id=6f12b29d2f99622a round=0
2025-08-25T09:38:12.985207Z  INFO node{moniker=app-2}:consensus{height=10 round=0}: Received proposal consensus.height=10 proposal.height=10 proposal.round=0 proposer=02CB1B49DA09615BD4A12212C39378556D990DFD Proposal(height: 10, round: 0, pol_round: -1, value: 6f12b29d2f99622a, from: 02CB1B49DA09615BD4A12212C39378556D990DFD)
2025-08-25T09:38:12.985227Z DEBUG node{moniker=app-2}:node{moniker=app-2}: ✅ Proposal sent height=10 round=0
2025-08-25T09:38:12.985301Z DEBUG node{moniker=app-2}:network: Published message channel=/proposal_parts size=92
2025-08-25T09:38:12.985355Z DEBUG node{moniker=app-2}:network: Published message channel=/proposal_parts size=22
2025-08-25T09:38:12.985425Z DEBUG node{moniker=app-2}:wal{height=10}: Wrote log entry type=Consensus(Proposal) entry.size=667 
2025-08-25T09:38:12.985469Z DEBUG node{moniker=app-2}:consensus{height=10 round=0}: Transitioned to new step step.previous=Propose step.new=Prevote
2025-08-25T09:38:12.985473Z  INFO node{moniker=app-2}:consensus{height=10 round=0}: Voting vote_type=Prevote value=6f12b29d2f99622a round=0
2025-08-25T09:38:12.985546Z  INFO node{moniker=app-2}:consensus{height=10 round=0}: Received vote height=10 vote_height=10 address=02CB1B49DA09615BD4A12212C39378556D990DFD Prevote(height: 10, round: 0, value: 6f12b29d2f99622a, from: 02CB1B49DA09615BD4A12212C39378556D990DFD)
2025-08-25T09:38:12.985571Z DEBUG node{moniker=app-2}:wal{height=10}: Wrote log entry type=Consensus(Vote) entry.size=117 
2025-08-25T09:38:12.988480Z DEBUG node{moniker=app-2}:wal{height=10}: Flushed WAL to disk wal.entries=3 wal.size=1433
2025-08-25T09:38:12.988568Z DEBUG node{moniker=app-2}:network: Published message channel=/consensus size=108
2025-08-25T09:38:12.991473Z DEBUG node{moniker=app-2}:wal{height=10}: Flushed WAL to disk wal.entries=3 wal.size=1433
2025-08-25T09:38:12.991550Z DEBUG node{moniker=app-2}:network: Published message channel=/consensus size=658
2025-08-25T09:38:13.004940Z  INFO node{moniker=app-2}:consensus{height=10 round=0}: Received vote height=10 vote_height=10 address=DE7BA2BE72D2225286133990FF5810B691A5261C Precommit(height: 10, round: 0, value: 6f12b29d2f99622a, from: DE7BA2BE72D2225286133990FF5810B691A5261C)
2025-08-25T09:38:13.005035Z DEBUG node{moniker=app-2}:wal{height=10}: Wrote log entry type=Consensus(Vote) entry.size=119 
2025-08-25T09:38:13.005182Z  INFO node{moniker=app-2}:consensus{height=10 round=0}: Received vote height=10 vote_height=10 address=DE7BA2BE72D2225286133990FF5810B691A5261C Prevote(height: 10, round: 0, value: 6f12b29d2f99622a, from: DE7BA2BE72D2225286133990FF5810B691A5261C)
2025-08-25T09:38:13.005237Z DEBUG node{moniker=app-2}:wal{height=10}: Wrote log entry type=Consensus(Vote) entry.size=117 
2025-08-25T09:38:13.005264Z DEBUG node{moniker=app-2}:consensus{height=10 round=0}: Transitioned to new step step.previous=Prevote step.new=Precommit
2025-08-25T09:38:13.005270Z  INFO node{moniker=app-2}:consensus{height=10 round=0}: Voting vote_type=Precommit value=6f12b29d2f99622a round=0
2025-08-25T09:38:13.005284Z DEBUG node{moniker=app-2}:node{moniker=app-2}: metis-test:consensus-chan recv!!! msg:ExtendVote { height: Height(10), round: Some(0), value_id: ValueId(8003655875968983594), reply: Sender { inner: Some(Inner { state: State { is_complete: false, is_closed: false, is_rx_task_set: true, is_tx_task_set: false } }) } }
2025-08-25T09:38:13.005449Z  INFO node{moniker=app-2}:consensus{height=10 round=0}: Received vote height=10 vote_height=10 address=02CB1B49DA09615BD4A12212C39378556D990DFD Precommit(height: 10, round: 0, value: 6f12b29d2f99622a, from: 02CB1B49DA09615BD4A12212C39378556D990DFD)
2025-08-25T09:38:13.005504Z DEBUG node{moniker=app-2}:wal{height=10}: Wrote log entry type=Consensus(Vote) entry.size=119 
2025-08-25T09:38:13.005524Z DEBUG node{moniker=app-2}:consensus{height=10 round=0}: Transitioned to new step step.previous=Precommit step.new=Commit
2025-08-25T09:38:13.005528Z  INFO node{moniker=app-2}:consensus{height=10 round=0}: Decided round=0 height=10 value=6f12b29d2f99622a
2025-08-25T09:38:13.008344Z DEBUG node{moniker=app-2}:wal{height=10}: Flushed WAL to disk wal.entries=6 wal.size=1827
2025-08-25T09:38:13.008476Z DEBUG node{moniker=app-2}:sync{height.tip=9 height.sync=10}: Updating request state height.tip=10
2025-08-25T09:38:13.008494Z DEBUG node{moniker=app-2}:node{moniker=app-2}: metis-test:consensus-chan recv!!! msg:Decided { certificate: CommitCertificate { height: Height(10), round: Some(0), value_id: ValueId(8003655875968983594), commit_signatures: [CommitSignature { address: Address(02CB1B49DA09615BD4A12212C39378556D990DFD), signature: Signature(Signature { R_bytes: "cd968155280e01be99f31900bd2e05c88ef6428a26e473191ff69ae8045b3d1d", s_bytes: "33cbf902f56ed1133ae8d709e099d10f3181b254ba12785238570e28e785ad0a" }) }, CommitSignature { address: Address(DE7BA2BE72D2225286133990FF5810B691A5261C), signature: Signature(Signature { R_bytes: "2913ba23971daa70a40d5a9720c35c9855b264873b078642d45fb9d8ded73018", s_bytes: "ac6f2f4c3f64d72f9332afbfbf9b480225c55d2c9305fe2fdda5cd651f73c00d" }) }] }, extensions: VoteExtensions { extensions: [] }, reply: Sender { inner: Some(Inner { state: State { is_complete: false, is_closed: false, is_rx_task_set: true, is_tx_task_set: false } }) } }
2025-08-25T09:38:13.008510Z  INFO node{moniker=app-2}:node{moniker=app-2}: 🟢🟢 Consensus has decided on value height=10 round=0 value=6f12b29d2f99622a
2025-08-25T09:38:13.008559Z DEBUG node{moniker=app-2}:node{moniker=app-2}: 🎁 block size: 545, height: 10
2025-08-25T09:38:13.008568Z  INFO node{moniker=app-2}:node{moniker=app-2}: 👉 stats at height 10: #txs=0, txs/s=0.00, chain_bytes=5450, bytes/s=925.24
2025-08-25T09:38:13.008571Z DEBUG node{moniker=app-2}:node{moniker=app-2}: 🦄 Block at height 10 contains 0 transactions
2025-08-25T09:38:13.010050Z DEBUG node{moniker=app-2}:wal{height=10}: Flushed WAL to disk wal.entries=6 wal.size=1827
2025-08-25T09:38:13.010410Z DEBUG node{moniker=app-2}:network: Published message channel=/consensus size=110
2025-08-25T09:38:13.012113Z DEBUG node{moniker=app-2}:node{moniker=app-2}: 💡 New block added at height 10 with hash: 0x2babb0b791a5773d8711a2c57c2c5a9a7d4cb85e1157781426d109d2a7a11763
2025-08-25T09:38:13.012120Z DEBUG node{moniker=app-2}:node{moniker=app-2}: 🟠 set_latest_forkchoice_state: 0x2babb0b791a5773d8711a2c57c2c5a9a7d4cb85e1157781426d109d2a7a11763
2025-08-25T09:38:13.013008Z DEBUG node{moniker=app-2}:node{moniker=app-2}: ➡️ payload_status: PayloadStatus { status: Valid, latest_valid_hash: Some(0x2babb0b791a5773d8711a2c57c2c5a9a7d4cb85e1157781426d109d2a7a11763) }
2025-08-25T09:38:13.013015Z DEBUG node{moniker=app-2}:node{moniker=app-2}: 🚀 Forkchoice updated to height 10 for block hash=0x2babb0b791a5773d8711a2c57c2c5a9a7d4cb85e1157781426d109d2a7a11763 and latest_valid_hash=0x2babb0b791a5773d8711a2c57c2c5a9a7d4cb85e1157781426d109d2a7a11763
2025-08-25T09:38:13.013018Z  INFO node{moniker=app-2}:node{moniker=app-2}: Looking for certificate height=10 round=0
2025-08-25T09:38:13.022445Z  INFO node{moniker=app-2}:node{moniker=app-2}: Committed block_data[0..32]: db435bb9260d713e29f3120f9c5b34751d627a542951c9d1f6f07bfc082f8717
2025-08-25T09:38:13.047424Z DEBUG node{moniker=app-2}:wal{height=11}: Reset WAL height=11
2025-08-25T09:38:13.048028Z DEBUG node{moniker=app-2}:consensus{height=11 round=0}: No WAL entries to replay height=11
2025-08-25T09:38:13.048070Z  INFO node{moniker=app-2}:consensus{height=11 round=0}: Starting new height height=11
2025-08-25T09:38:13.048077Z  INFO node{moniker=app-2}:consensus{height=11 round=0}: Starting new round height=11 round=0 proposer=02CB1B49DA09615BD4A12212C39378556D990DFD role=Proposer
2025-08-25T09:38:13.048105Z DEBUG node{moniker=app-2}:sync{height.tip=9 height.sync=10}: Starting new height height.tip=10 height.sync=11 restart=false
2025-08-25T09:38:13.048112Z DEBUG node{moniker=app-2}:sync{height.tip=9 height.sync=10}: No peer to request sync from height.sync=11
2025-08-25T09:38:13.052694Z DEBUG node{moniker=app-2}:wal{height=11}: Flushed WAL to disk wal.entries=0 wal.size=12
2025-08-25T09:38:13.053047Z DEBUG node{moniker=app-2}:node{moniker=app-2}: metis-test:consensus-chan recv!!! msg:StartedRound { height: Height(11), round: Some(0), proposer: Address(02CB1B49DA09615BD4A12212C39378556D990DFD), role: Proposer, reply_value: Sender { inner: Some(Inner { state: State { is_complete: false, is_closed: false, is_rx_task_set: false, is_tx_task_set: false } }) } }
2025-08-25T09:38:13.053066Z  INFO node{moniker=app-2}:node{moniker=app-2}: 🟢🟢 Started round height=11 round=0 proposer=02CB1B49DA09615BD4A12212C39378556D990DFD role=Proposer
2025-08-25T09:38:13.053083Z ERROR node{moniker=app-2}:consensus{height=11 round=0}: Error when processing effect: Messaging(RecvErr)
2025-08-25T09:38:13.053106Z DEBUG node{moniker=app-2}:consensus{height=11 round=0}: Transitioned to new step step.previous=Unstarted step.new=Propose
2025-08-25T09:38:13.053113Z  INFO node{moniker=app-2}:consensus{height=11 round=0}: Scheduling timeout round=0 step=Propose
2025-08-25T09:38:13.053121Z  INFO node{moniker=app-2}:consensus{height=11 round=0}: Requesting value from application height=11 round=0
2025-08-25T09:38:13.053132Z DEBUG node{moniker=app-2}:consensus{height=11 round=0}: Replaying inputs count=0
2025-08-25T09:38:13.053161Z DEBUG node{moniker=app-2}:node{moniker=app-2}: metis-test:consensus-chan recv!!! msg:GetValue { height: Height(11), round: Some(0), timeout: 3s, reply: Sender { inner: Some(Inner { state: State { is_complete: false, is_closed: false, is_rx_task_set: true, is_tx_task_set: false } }) } }
2025-08-25T09:38:13.053168Z  INFO node{moniker=app-2}:node{moniker=app-2}: 🟢🟢 Consensus is requesting a value to propose height=11 round=0
2025-08-25T09:38:13.053172Z DEBUG node{moniker=app-2}:node{moniker=app-2}: 🟠 generate_block on top of ExecutionBlock { block_hash: 0x2babb0b791a5773d8711a2c57c2c5a9a7d4cb85e1157781426d109d2a7a11763, block_number: 10, parent_hash: 0x2babb0b791a5773d8711a2c57c2c5a9a7d4cb85e1157781426d109d2a7a11763, timestamp: 1756114701, prev_randao: 0x0000000000000000000000000000000000000000000000000000000000000000 }
2025-08-25T09:38:13.054979Z DEBUG node{moniker=app-2}:node{moniker=app-2}: 🌈 Got execution payload: ExecutionPayloadV3 { payload_inner: ExecutionPayloadV2 { payload_inner: ExecutionPayloadV1 { parent_hash: 0x2babb0b791a5773d8711a2c57c2c5a9a7d4cb85e1157781426d109d2a7a11763, fee_recipient: 0x2a2a2a2a2a2a2a2a2a2a2a2a2a2a2a2a2a2a2a2a, state_root: 0xec26df9442c5d4a0a0cc5348c960115b43da08c7aef6be4e4ccc5f136ca892a6, receipts_root: 0x56e81f171bcc55a6ff8345e692c0f86e5b48e01b996cadc001622fb5e363b421, logs_bloom: 0x00000000000000000000000000000000000000000000000000000000000000000000000000000000000000000000000000000000000000000000000000000000000000000000000000000000000000000000000000000000000000000000000000000000000000000000000000000000000000000000000000000000000000000000000000000000000000000000000000000000000000000000000000000000000000000000000000000000000000000000000000000000000000000000000000000000000000000000000000000000000000000000000000000000000000000000000000000000000000000000000000000000000000000000000000000000, prev_randao: 0x0000000000000000000000000000000000000000000000000000000000000000, block_number: 11, gas_limit: 30323827, gas_used: 0, timestamp: 1756114702, extra_data: 0x726574682f76312e342e312f6c696e7578, base_fee_per_gas: 230191131, block_hash: 0x0f3a9b5f0645317f1acad7ec0827e15d3e7f63cf00160d7b1e1a3fa08f23e03c, transactions: [] }, withdrawals: [] }, blob_gas_used: 0, excess_blob_gas: 0 }
2025-08-25T09:38:13.054996Z DEBUG node{moniker=app-2}:node{moniker=app-2}: 🎁 block size: 545, height: 11
2025-08-25T09:38:13.060626Z  INFO node{moniker=app-2}:node{moniker=app-2}: Streaming proposal part: StreamMessage { stream_id: StreamId(b"\0\0\0\0\0\0\0\x0b\0\0\0\0\0\0\0\x04"), sequence: 0, content: Data(Init(ProposalInit { height: Height(11), round: Some(0), proposer: Address(02CB1B49DA09615BD4A12212C39378556D990DFD) })) } height=11 round=0
2025-08-25T09:38:13.060669Z  INFO node{moniker=app-2}:node{moniker=app-2}: Streaming proposal part: StreamMessage { stream_id: StreamId(b"\0\0\0\0\0\0\0\x0b\0\0\0\0\0\0\0\x04"), sequence: 1, content: Data(Data(ProposalData { bytes: "<...>", len: 545 })) } height=11 round=0
2025-08-25T09:38:13.060711Z  INFO node{moniker=app-2}:node{moniker=app-2}: Streaming proposal part: StreamMessage { stream_id: StreamId(b"\0\0\0\0\0\0\0\x0b\0\0\0\0\0\0\0\x04"), sequence: 2, content: Data(Fin(ProposalFin { signature: Signature(Signature { R_bytes: "c1fc696380716638681adc71471d841625f8515c142e064028ffab583a4ad109", s_bytes: "63c0ecb74aa2d364099255f766a27be52b992f9d0c2fcaae6069b2e1adfa4509" }) })) } height=11 round=0
2025-08-25T09:38:13.061058Z DEBUG node{moniker=app-2}:network: Published message channel=/proposal_parts size=48
2025-08-25T09:38:13.062509Z  INFO node{moniker=app-2}:node{moniker=app-2}: Streaming proposal part: StreamMessage { stream_id: StreamId(b"\0\0\0\0\0\0\0\x0b\0\0\0\0\0\0\0\x04"), sequence: 3, content: Fin } height=11 round=0
2025-08-25T09:38:13.062903Z DEBUG node{moniker=app-2}:wal{height=11}: Wrote log entry type=LocallyProposedValue entry.size=599 
2025-08-25T09:38:13.063103Z DEBUG node{moniker=app-2}:network: Published message channel=/proposal_parts size=574
2025-08-25T09:38:13.063242Z DEBUG node{moniker=app-2}:node{moniker=app-2}: ✅ Proposal sent height=11 round=0
2025-08-25T09:38:13.063348Z DEBUG node{moniker=app-2}:network: Published message channel=/proposal_parts size=92
2025-08-25T09:38:13.063472Z DEBUG node{moniker=app-2}:network: Published message channel=/proposal_parts size=22
2025-08-25T09:38:13.063554Z  INFO node{moniker=app-2}:consensus{height=11 round=0}: Proposing value id=9b8eb0bd159f6d3d round=0
2025-08-25T09:38:13.063719Z  INFO node{moniker=app-2}:consensus{height=11 round=0}: Received proposal consensus.height=11 proposal.height=11 proposal.round=0 proposer=02CB1B49DA09615BD4A12212C39378556D990DFD Proposal(height: 11, round: 0, pol_round: -1, value: 9b8eb0bd159f6d3d, from: 02CB1B49DA09615BD4A12212C39378556D990DFD)
2025-08-25T09:38:13.064919Z DEBUG node{moniker=app-2}:wal{height=11}: Wrote log entry type=Consensus(Proposal) entry.size=668 
2025-08-25T09:38:13.065159Z DEBUG node{moniker=app-2}:consensus{height=11 round=0}: Transitioned to new step step.previous=Propose step.new=Prevote
2025-08-25T09:38:13.065167Z  INFO node{moniker=app-2}:consensus{height=11 round=0}: Voting vote_type=Prevote value=9b8eb0bd159f6d3d round=0
2025-08-25T09:38:13.065321Z  INFO node{moniker=app-2}:consensus{height=11 round=0}: Received vote height=11 vote_height=11 address=02CB1B49DA09615BD4A12212C39378556D990DFD Prevote(height: 11, round: 0, value: 9b8eb0bd159f6d3d, from: 02CB1B49DA09615BD4A12212C39378556D990DFD)
2025-08-25T09:38:13.071201Z DEBUG node{moniker=app-2}:wal{height=11}: Wrote log entry type=Consensus(Vote) entry.size=118 
2025-08-25T09:38:13.079656Z DEBUG node{moniker=app-2}:wal{height=11}: Flushed WAL to disk wal.entries=3 wal.size=1436
2025-08-25T09:38:13.080171Z DEBUG node{moniker=app-2}:network: Published message channel=/consensus size=109
2025-08-25T09:38:13.083904Z DEBUG node{moniker=app-2}:wal{height=11}: Flushed WAL to disk wal.entries=3 wal.size=1436
2025-08-25T09:38:13.084342Z DEBUG node{moniker=app-2}:network: Published message channel=/consensus size=659
2025-08-25T09:38:13.091887Z  INFO node{moniker=app-2}:consensus{height=11 round=0}: Received vote height=11 vote_height=11 address=815F9FA61D7C4F1E4A9E30D40DCA1115BB48F759 Precommit(height: 11, round: 0, value: 9b8eb0bd159f6d3d, from: 815F9FA61D7C4F1E4A9E30D40DCA1115BB48F759)
2025-08-25T09:38:13.093658Z DEBUG node{moniker=app-2}:wal{height=11}: Wrote log entry type=Consensus(Vote) entry.size=120 
2025-08-25T09:38:13.095355Z  INFO node{moniker=app-2}:consensus{height=11 round=0}: Received vote height=11 vote_height=11 address=815F9FA61D7C4F1E4A9E30D40DCA1115BB48F759 Prevote(height: 11, round: 0, value: 9b8eb0bd159f6d3d, from: 815F9FA61D7C4F1E4A9E30D40DCA1115BB48F759)
2025-08-25T09:38:13.095929Z DEBUG node{moniker=app-2}:wal{height=11}: Wrote log entry type=Consensus(Vote) entry.size=118 
2025-08-25T09:38:13.096054Z DEBUG node{moniker=app-2}:consensus{height=11 round=0}: Transitioned to new step step.previous=Prevote step.new=Precommit
2025-08-25T09:38:13.096069Z  INFO node{moniker=app-2}:consensus{height=11 round=0}: Voting vote_type=Precommit value=9b8eb0bd159f6d3d round=0
2025-08-25T09:38:13.096099Z DEBUG node{moniker=app-2}:node{moniker=app-2}: metis-test:consensus-chan recv!!! msg:ExtendVote { height: Height(11), round: Some(0), value_id: ValueId(11209090848729820477), reply: Sender { inner: Some(Inner { state: State { is_complete: false, is_closed: false, is_rx_task_set: true, is_tx_task_set: false } }) } }
2025-08-25T09:38:13.096518Z  INFO node{moniker=app-2}:consensus{height=11 round=0}: Received vote height=11 vote_height=11 address=02CB1B49DA09615BD4A12212C39378556D990DFD Precommit(height: 11, round: 0, value: 9b8eb0bd159f6d3d, from: 02CB1B49DA09615BD4A12212C39378556D990DFD)
2025-08-25T09:38:13.096696Z DEBUG node{moniker=app-2}:wal{height=11}: Wrote log entry type=Consensus(Vote) entry.size=120 
2025-08-25T09:38:13.096816Z DEBUG node{moniker=app-2}:consensus{height=11 round=0}: Transitioned to new step step.previous=Precommit step.new=Commit
2025-08-25T09:38:13.096826Z  INFO node{moniker=app-2}:consensus{height=11 round=0}: Decided round=0 height=11 value=9b8eb0bd159f6d3d
2025-08-25T09:38:13.101523Z DEBUG node{moniker=app-2}:wal{height=11}: Flushed WAL to disk wal.entries=6 wal.size=1833
2025-08-25T09:38:13.101600Z DEBUG node{moniker=app-2}:sync{height.tip=10 height.sync=11}: Updating request state height.tip=11
2025-08-25T09:38:13.101621Z DEBUG node{moniker=app-2}:node{moniker=app-2}: metis-test:consensus-chan recv!!! msg:Decided { certificate: CommitCertificate { height: Height(11), round: Some(0), value_id: ValueId(11209090848729820477), commit_signatures: [CommitSignature { address: Address(02CB1B49DA09615BD4A12212C39378556D990DFD), signature: Signature(Signature { R_bytes: "17573a071c2888877d693d62128a4d48f249e7754a6c33f9c43fffe595dec5c5", s_bytes: "3214b8481d5bd24688f90ee0605ecb639edd254120646ff7d7aa425a8c7e8b02" }) }, CommitSignature { address: Address(815F9FA61D7C4F1E4A9E30D40DCA1115BB48F759), signature: Signature(Signature { R_bytes: "969ffdb40e1bbef159354127ee49731dc2013bbaab5cd26686295df1ccca62fc", s_bytes: "d984b38c668ca6b7611a8102006126f8686793c505279560299e3ab998c1c605" }) }] }, extensions: VoteExtensions { extensions: [] }, reply: Sender { inner: Some(Inner { state: State { is_complete: false, is_closed: false, is_rx_task_set: true, is_tx_task_set: false } }) } }
2025-08-25T09:38:13.101638Z  INFO node{moniker=app-2}:node{moniker=app-2}: 🟢🟢 Consensus has decided on value height=11 round=0 value=9b8eb0bd159f6d3d
2025-08-25T09:38:13.101683Z DEBUG node{moniker=app-2}:node{moniker=app-2}: 🎁 block size: 545, height: 11
2025-08-25T09:38:13.101691Z  INFO node{moniker=app-2}:node{moniker=app-2}: 👉 stats at height 11: #txs=0, txs/s=0.00, chain_bytes=5995, bytes/s=1001.92
2025-08-25T09:38:13.101695Z DEBUG node{moniker=app-2}:node{moniker=app-2}: 🦄 Block at height 11 contains 0 transactions
2025-08-25T09:38:13.103347Z DEBUG node{moniker=app-2}:wal{height=11}: Flushed WAL to disk wal.entries=6 wal.size=1833
2025-08-25T09:38:13.103550Z DEBUG node{moniker=app-2}:network: Published message channel=/consensus size=111
2025-08-25T09:38:13.103894Z DEBUG node{moniker=app-2}:node{moniker=app-2}: 💡 New block added at height 11 with hash: 0x0f3a9b5f0645317f1acad7ec0827e15d3e7f63cf00160d7b1e1a3fa08f23e03c
2025-08-25T09:38:13.103902Z DEBUG node{moniker=app-2}:node{moniker=app-2}: 🟠 set_latest_forkchoice_state: 0x0f3a9b5f0645317f1acad7ec0827e15d3e7f63cf00160d7b1e1a3fa08f23e03c
2025-08-25T09:38:13.104665Z DEBUG node{moniker=app-2}:node{moniker=app-2}: ➡️ payload_status: PayloadStatus { status: Valid, latest_valid_hash: Some(0x0f3a9b5f0645317f1acad7ec0827e15d3e7f63cf00160d7b1e1a3fa08f23e03c) }
2025-08-25T09:38:13.104673Z DEBUG node{moniker=app-2}:node{moniker=app-2}: 🚀 Forkchoice updated to height 11 for block hash=0x0f3a9b5f0645317f1acad7ec0827e15d3e7f63cf00160d7b1e1a3fa08f23e03c and latest_valid_hash=0x0f3a9b5f0645317f1acad7ec0827e15d3e7f63cf00160d7b1e1a3fa08f23e03c
2025-08-25T09:38:13.104676Z  INFO node{moniker=app-2}:node{moniker=app-2}: Looking for certificate height=11 round=0
2025-08-25T09:38:13.114558Z  INFO node{moniker=app-2}:node{moniker=app-2}: Committed block_data[0..32]: 2babb0b791a5773d8711a2c57c2c5a9a7d4cb85e1157781426d109d2a7a11763
2025-08-25T09:38:13.135141Z DEBUG node{moniker=app-2}:wal{height=12}: Reset WAL height=12
2025-08-25T09:38:13.135236Z DEBUG node{moniker=app-2}:consensus{height=12 round=0}: No WAL entries to replay height=12
2025-08-25T09:38:13.135273Z  INFO node{moniker=app-2}:consensus{height=12 round=0}: Starting new height height=12
2025-08-25T09:38:13.135279Z  INFO node{moniker=app-2}:consensus{height=12 round=0}: Starting new round height=12 round=0 proposer=DE7BA2BE72D2225286133990FF5810B691A5261C role=None
2025-08-25T09:38:13.135314Z DEBUG node{moniker=app-2}:sync{height.tip=10 height.sync=11}: Starting new height height.tip=11 height.sync=12 restart=false
2025-08-25T09:38:13.135319Z DEBUG node{moniker=app-2}:sync{height.tip=10 height.sync=11}: No peer to request sync from height.sync=12
2025-08-25T09:38:13.139758Z DEBUG node{moniker=app-2}:wal{height=12}: Flushed WAL to disk wal.entries=0 wal.size=12
2025-08-25T09:38:13.139940Z DEBUG node{moniker=app-2}:node{moniker=app-2}: metis-test:consensus-chan recv!!! msg:StartedRound { height: Height(12), round: Some(0), proposer: Address(DE7BA2BE72D2225286133990FF5810B691A5261C), role: None, reply_value: Sender { inner: Some(Inner { state: State { is_complete: false, is_closed: false, is_rx_task_set: false, is_tx_task_set: false } }) } }
2025-08-25T09:38:13.139958Z  INFO node{moniker=app-2}:node{moniker=app-2}: 🟢🟢 Started round height=12 round=0 proposer=DE7BA2BE72D2225286133990FF5810B691A5261C role=None
2025-08-25T09:38:13.139973Z ERROR node{moniker=app-2}:consensus{height=12 round=0}: Error when processing effect: Messaging(RecvErr)
2025-08-25T09:38:13.140636Z DEBUG node{moniker=app-2}:consensus{height=12 round=0}: Transitioned to new step step.previous=Unstarted step.new=Propose
2025-08-25T09:38:13.140651Z  INFO node{moniker=app-2}:consensus{height=12 round=0}: Scheduling timeout round=0 step=Propose
2025-08-25T09:38:13.140668Z DEBUG node{moniker=app-2}:consensus{height=12 round=0}: Replaying inputs count=0
2025-08-25T09:38:13.153532Z DEBUG node{moniker=app-2}:node{moniker=app-2}: metis-test:consensus-chan recv!!! msg:ReceivedProposalPart { from: PeerId("12D3KooWEFmACkQS9HNWY86xGVM3LS7fRpQ8saTb5VdfdYCzuUvE"), part: StreamMessage { stream_id: StreamId(b"\0\0\0\0\0\0\0\x0c\0\0\0\0\0\0\0\x03"), sequence: 0, content: Data(Init(ProposalInit { height: Height(12), round: Some(0), proposer: Address(DE7BA2BE72D2225286133990FF5810B691A5261C) })) }, reply: Sender { inner: Some(Inner { state: State { is_complete: false, is_closed: false, is_rx_task_set: true, is_tx_task_set: false } }) } }
2025-08-25T09:38:13.153567Z  INFO node{moniker=app-2}:node{moniker=app-2}: Received proposal part from=12D3KooWEFmACkQS9HNWY86xGVM3LS7fRpQ8saTb5VdfdYCzuUvE part.sequence=0 part.type=init part.size=28
2025-08-25T09:38:13.154121Z DEBUG node{moniker=app-2}:node{moniker=app-2}: metis-test:consensus-chan recv!!! msg:ReceivedProposalPart { from: PeerId("12D3KooWEFmACkQS9HNWY86xGVM3LS7fRpQ8saTb5VdfdYCzuUvE"), part: StreamMessage { stream_id: StreamId(b"\0\0\0\0\0\0\0\x0c\0\0\0\0\0\0\0\x03"), sequence: 1, content: Data(Data(ProposalData { bytes: "<...>", len: 545 })) }, reply: Sender { inner: Some(Inner { state: State { is_complete: false, is_closed: false, is_rx_task_set: true, is_tx_task_set: false } }) } }
2025-08-25T09:38:13.154137Z  INFO node{moniker=app-2}:node{moniker=app-2}: Received proposal part from=12D3KooWEFmACkQS9HNWY86xGVM3LS7fRpQ8saTb5VdfdYCzuUvE part.sequence=1 part.type=data part.size=551
2025-08-25T09:38:13.154153Z DEBUG node{moniker=app-2}:node{moniker=app-2}: metis-test:consensus-chan recv!!! msg:ReceivedProposalPart { from: PeerId("12D3KooWEFmACkQS9HNWY86xGVM3LS7fRpQ8saTb5VdfdYCzuUvE"), part: StreamMessage { stream_id: StreamId(b"\0\0\0\0\0\0\0\x0c\0\0\0\0\0\0\0\x03"), sequence: 2, content: Data(Fin(ProposalFin { signature: Signature(Signature { R_bytes: "fd97b74aa730127a419fcb9e449ccf971c79f57862ee101bb611ebccf6e33327", s_bytes: "3c337cc85ab7e7dca53e5ce0ed9e850ea981696ff4c2633211f543c84970e50f" }) })) }, reply: Sender { inner: Some(Inner { state: State { is_complete: false, is_closed: false, is_rx_task_set: true, is_tx_task_set: false } }) } }
2025-08-25T09:38:13.154166Z  INFO node{moniker=app-2}:node{moniker=app-2}: Received proposal part from=12D3KooWEFmACkQS9HNWY86xGVM3LS7fRpQ8saTb5VdfdYCzuUvE part.sequence=2 part.type=fin part.size=70
2025-08-25T09:38:13.154671Z DEBUG node{moniker=app-2}:node{moniker=app-2}: metis-test:consensus-chan recv!!! msg:ReceivedProposalPart { from: PeerId("12D3KooWEFmACkQS9HNWY86xGVM3LS7fRpQ8saTb5VdfdYCzuUvE"), part: StreamMessage { stream_id: StreamId(b"\0\0\0\0\0\0\0\x0c\0\0\0\0\0\0\0\x03"), sequence: 3, content: Fin }, reply: Sender { inner: Some(Inner { state: State { is_complete: false, is_closed: false, is_rx_task_set: true, is_tx_task_set: false } }) } }
2025-08-25T09:38:13.154681Z  INFO node{moniker=app-2}:node{moniker=app-2}: Received proposal part from=12D3KooWEFmACkQS9HNWY86xGVM3LS7fRpQ8saTb5VdfdYCzuUvE part.sequence=3 part.type=end of stream part.size=0
2025-08-25T09:38:13.154848Z  INFO node{moniker=app-2}:node{moniker=app-2}: Proposal data[0..32]: 0f3a9b5f0645317f1acad7ec0827e15d3e7f63cf00160d7b1e1a3fa08f23e03c, total_size: 545 bytes, id: 51ba4e4d64cadaa9
2025-08-25T09:38:13.158057Z  INFO node{moniker=app-2}:consensus{height=12 round=0}: Received vote height=12 vote_height=12 address=DE7BA2BE72D2225286133990FF5810B691A5261C Prevote(height: 12, round: 0, value: 51ba4e4d64cadaa9, from: DE7BA2BE72D2225286133990FF5810B691A5261C)
2025-08-25T09:38:13.160552Z DEBUG node{moniker=app-2}:wal{height=12}: Wrote log entry type=Consensus(Vote) entry.size=117 
2025-08-25T09:38:13.161356Z  INFO node{moniker=app-2}:consensus{height=12 round=0}: Received proposal consensus.height=12 proposal.height=12 proposal.round=0 proposer=DE7BA2BE72D2225286133990FF5810B691A5261C Proposal(height: 12, round: 0, pol_round: -1, value: 51ba4e4d64cadaa9, from: DE7BA2BE72D2225286133990FF5810B691A5261C)
2025-08-25T09:38:13.163556Z DEBUG node{moniker=app-2}:node{moniker=app-2}: ✅ Received complete proposal: ProposedValue { height: Height(12), round: Some(0), valid_round: Nil, proposer: Address(DE7BA2BE72D2225286133990FF5810B691A5261C), value: Value { value: 5889105557050809001, extensions: b"\x0f:\x9b_\x06E1\x7f\x1a\xca\xd7\xec\x08'\xe1]>\x7fc\xcf\0\x16\r{\x1e\x1a?\xa0\x8f#\xe0<********************\xec&\xdf\x94B\xc5\xd4\xa0\xa0\xccSH\xc9`\x11[C\xda\x08\xc7\xae\xf6\xbeNL\xcc_\x13l\xa8\x92\xa6V\xe8\x1f\x17\x1b\xccU\xa6\xff\x83E\xe6\x92\xc0\xf8n[H\xe0\x1b\x99l\xad\xc0\x01b/\xb5\xe3c\xb4!\0\0\0\0\0\0\0\0\0\0\0\0\0\0\0\0\0\0\0\0\0\0\0\0\0\0\0\0\0\0\0\0\0\0\0\0\0\0\0\0\0\0\0\0\0\0\0\0\0\0\0\0\0\0\0\0\0\0\0\0\0\0\0\0\0\0\0\0\0\0\0\0\0\0\0\0\0\0\0\0\0\0\0\0\0\0\0\0\0\0\0\0\0\0\0\0\0\0\0\0\0\0\0\0\0\0\0\0\0\0\0\0\0\0\0\0\0\0\0\0\0\0\0\0\0\0\0\0\0\0\0\0\0\0\0\0\0\0\0\0\0\0\0\0\0\0\0\0\0\0\0\0\0\0\0\0\0\0\0\0\0\0\0\0\0\0\0\0\0\0\0\0\0\0\0\0\0\0\0\0\0\0\0\0\0\0\0\0\0\0\0\0\0\0\0\0\0\0\0\0\0\0\0\0\0\0\0\0\0\0\0\0\0\0\0\0\0\0\0\0\0\0\0\0\0\0\0\0\0\0\0\0\0\0\0\0\0\0\0\0\0\0\0\0\0\0\0\0\0\0\0\0\0\0\0\0\0\0\0\0\0\0\0\0\0\0\0\0\0\0\0\0\0\0\0\0\0\0\0\0\0\0\0\0\0\0\0\0\x0c\0\0\0\0\0\0\0\x1f(\xcf\x01\0\0\0\0\0\0\0\0\0\0\0\0\x0f/\xach\0\0\0\0\x10\x02\0\0\x18b\x01\x0c\0\0\0\0\0\0\0\0\0\0\0\0\0\0\0\0\0\0\0\0\0\0\0\0\0\0\0\0\xc2h\x03\x8d\x9b\xdfr>vGx\xc3\x08lp\xc1\x82\xb8\x90]\x7fn\xfe\xfa\xeb3\xee\xef\xbax\xa2\x93!\x02\0\0!\x02\0\0\0\0\0\0\0\0\0\0\0\0\0\0\0\0\0\0reth/v1.4.1/linux" }, validity: Valid }
2025-08-25T09:38:13.163954Z DEBUG node{moniker=app-2}:wal{height=12}: Wrote log entry type=Consensus(Proposal) entry.size=667 
2025-08-25T09:38:13.163984Z DEBUG node{moniker=app-2}:consensus{height=12 round=0}: No full proposal for this round yet, stored proposal for later proposal.height=12 proposal.round=0
2025-08-25T09:38:13.164004Z DEBUG node{moniker=app-2}:consensus{height=12 round=0}: We have a full proposal for this round, checking... proposal.height=12 proposal.round=0
2025-08-25T09:38:13.164016Z DEBUG node{moniker=app-2}:consensus{height=12 round=0}: Transitioned to new step step.previous=Propose step.new=Prevote
2025-08-25T09:38:13.170417Z  INFO node{moniker=app-2}:consensus{height=12 round=0}: Received vote height=12 vote_height=12 address=815F9FA61D7C4F1E4A9E30D40DCA1115BB48F759 Precommit(height: 12, round: 0, value: 51ba4e4d64cadaa9, from: 815F9FA61D7C4F1E4A9E30D40DCA1115BB48F759)
2025-08-25T09:38:13.174503Z DEBUG node{moniker=app-2}:wal{height=12}: Wrote log entry type=Consensus(Vote) entry.size=119 
2025-08-25T09:38:13.175569Z  INFO node{moniker=app-2}:consensus{height=12 round=0}: Received vote height=12 vote_height=12 address=815F9FA61D7C4F1E4A9E30D40DCA1115BB48F759 Prevote(height: 12, round: 0, value: 51ba4e4d64cadaa9, from: 815F9FA61D7C4F1E4A9E30D40DCA1115BB48F759)
2025-08-25T09:38:13.175654Z DEBUG node{moniker=app-2}:wal{height=12}: Wrote log entry type=Consensus(Vote) entry.size=117 
2025-08-25T09:38:13.175777Z DEBUG node{moniker=app-2}:consensus{height=12 round=0}: Transitioned to new step step.previous=Prevote step.new=Precommit
2025-08-25T09:38:13.185047Z  INFO node{moniker=app-2}:consensus{height=12 round=0}: Received vote height=12 vote_height=12 address=DE7BA2BE72D2225286133990FF5810B691A5261C Precommit(height: 12, round: 0, value: 51ba4e4d64cadaa9, from: DE7BA2BE72D2225286133990FF5810B691A5261C)
2025-08-25T09:38:13.186331Z DEBUG node{moniker=app-2}:wal{height=12}: Wrote log entry type=Consensus(Vote) entry.size=119 
2025-08-25T09:38:13.186637Z DEBUG node{moniker=app-2}:consensus{height=12 round=0}: Transitioned to new step step.previous=Precommit step.new=Commit
2025-08-25T09:38:13.186651Z  INFO node{moniker=app-2}:consensus{height=12 round=0}: Decided round=0 height=12 value=51ba4e4d64cadaa9
2025-08-25T09:38:13.190209Z DEBUG node{moniker=app-2}:wal{height=12}: Flushed WAL to disk wal.entries=5 wal.size=1216
2025-08-25T09:38:13.190315Z DEBUG node{moniker=app-2}:sync{height.tip=11 height.sync=12}: Updating request state height.tip=12
2025-08-25T09:38:13.190331Z DEBUG node{moniker=app-2}:node{moniker=app-2}: metis-test:consensus-chan recv!!! msg:Decided { certificate: CommitCertificate { height: Height(12), round: Some(0), value_id: ValueId(5889105557050809001), commit_signatures: [CommitSignature { address: Address(815F9FA61D7C4F1E4A9E30D40DCA1115BB48F759), signature: Signature(Signature { R_bytes: "e158e3224c626ff1321759248250809ddf6a2575179e32a000c4a69065b70d64", s_bytes: "b0b52007b25f9df0f426526e3599d846ceafc642fed238e1c6a58a180a37660b" }) }, CommitSignature { address: Address(DE7BA2BE72D2225286133990FF5810B691A5261C), signature: Signature(Signature { R_bytes: "bb13cd2f5fa96dfc2cf91af36ad0c3e1da08c291831c18ab07d39562ba7671e9", s_bytes: "2462e87338a132e505b64e38d6c7050c9856639a31e170e5f8a85634b25c1703" }) }] }, extensions: VoteExtensions { extensions: [] }, reply: Sender { inner: Some(Inner { state: State { is_complete: false, is_closed: false, is_rx_task_set: true, is_tx_task_set: false } }) } }
2025-08-25T09:38:13.190352Z  INFO node{moniker=app-2}:node{moniker=app-2}: 🟢🟢 Consensus has decided on value height=12 round=0 value=51ba4e4d64cadaa9
2025-08-25T09:38:13.190421Z DEBUG node{moniker=app-2}:node{moniker=app-2}: 🎁 block size: 545, height: 12
2025-08-25T09:38:13.190431Z  INFO node{moniker=app-2}:node{moniker=app-2}: 👉 stats at height 12: #txs=0, txs/s=0.00, chain_bytes=6540, bytes/s=1077.03
2025-08-25T09:38:13.190436Z DEBUG node{moniker=app-2}:node{moniker=app-2}: 🦄 Block at height 12 contains 0 transactions
2025-08-25T09:38:13.191578Z DEBUG node{moniker=app-2}:node{moniker=app-2}: 💡 New block added at height 12 with hash: 0xc268038d9bdf723e764778c3086c70c182b8905d7f6efefaeb33eeefba78a293
2025-08-25T09:38:13.191585Z DEBUG node{moniker=app-2}:node{moniker=app-2}: 🟠 set_latest_forkchoice_state: 0xc268038d9bdf723e764778c3086c70c182b8905d7f6efefaeb33eeefba78a293
2025-08-25T09:38:13.192327Z DEBUG node{moniker=app-2}:node{moniker=app-2}: ➡️ payload_status: PayloadStatus { status: Valid, latest_valid_hash: Some(0xc268038d9bdf723e764778c3086c70c182b8905d7f6efefaeb33eeefba78a293) }
2025-08-25T09:38:13.192333Z DEBUG node{moniker=app-2}:node{moniker=app-2}: 🚀 Forkchoice updated to height 12 for block hash=0xc268038d9bdf723e764778c3086c70c182b8905d7f6efefaeb33eeefba78a293 and latest_valid_hash=0xc268038d9bdf723e764778c3086c70c182b8905d7f6efefaeb33eeefba78a293
2025-08-25T09:38:13.192335Z  INFO node{moniker=app-2}:node{moniker=app-2}: Looking for certificate height=12 round=0
2025-08-25T09:38:13.203229Z  INFO node{moniker=app-2}:node{moniker=app-2}: Committed block_data[0..32]: 0f3a9b5f0645317f1acad7ec0827e15d3e7f63cf00160d7b1e1a3fa08f23e03c
2025-08-25T09:38:13.220424Z DEBUG node{moniker=app-2}:wal{height=13}: Reset WAL height=13
2025-08-25T09:38:13.220493Z DEBUG node{moniker=app-2}:consensus{height=13 round=0}: No WAL entries to replay height=13
2025-08-25T09:38:13.220528Z  INFO node{moniker=app-2}:consensus{height=13 round=0}: Starting new height height=13
2025-08-25T09:38:13.220534Z  INFO node{moniker=app-2}:consensus{height=13 round=0}: Starting new round height=13 round=0 proposer=DE7BA2BE72D2225286133990FF5810B691A5261C role=Validator
2025-08-25T09:38:13.220560Z DEBUG node{moniker=app-2}:sync{height.tip=11 height.sync=12}: Starting new height height.tip=12 height.sync=13 restart=false
2025-08-25T09:38:13.220567Z DEBUG node{moniker=app-2}:sync{height.tip=11 height.sync=12}: No peer to request sync from height.sync=13
2025-08-25T09:38:13.223713Z DEBUG node{moniker=app-2}:wal{height=13}: Flushed WAL to disk wal.entries=0 wal.size=12
2025-08-25T09:38:13.223811Z DEBUG node{moniker=app-2}:node{moniker=app-2}: metis-test:consensus-chan recv!!! msg:StartedRound { height: Height(13), round: Some(0), proposer: Address(DE7BA2BE72D2225286133990FF5810B691A5261C), role: Validator, reply_value: Sender { inner: Some(Inner { state: State { is_complete: false, is_closed: false, is_rx_task_set: false, is_tx_task_set: false } }) } }
2025-08-25T09:38:13.223824Z  INFO node{moniker=app-2}:node{moniker=app-2}: 🟢🟢 Started round height=13 round=0 proposer=DE7BA2BE72D2225286133990FF5810B691A5261C role=Validator
2025-08-25T09:38:13.223837Z ERROR node{moniker=app-2}:consensus{height=13 round=0}: Error when processing effect: Messaging(RecvErr)
2025-08-25T09:38:13.223856Z DEBUG node{moniker=app-2}:consensus{height=13 round=0}: Transitioned to new step step.previous=Unstarted step.new=Propose
2025-08-25T09:38:13.223861Z  INFO node{moniker=app-2}:consensus{height=13 round=0}: Scheduling timeout round=0 step=Propose
2025-08-25T09:38:13.223870Z DEBUG node{moniker=app-2}:consensus{height=13 round=0}: Replaying inputs count=0
2025-08-25T09:38:13.231784Z DEBUG node{moniker=app-2}:node{moniker=app-2}: metis-test:consensus-chan recv!!! msg:ReceivedProposalPart { from: PeerId("12D3KooWEFmACkQS9HNWY86xGVM3LS7fRpQ8saTb5VdfdYCzuUvE"), part: StreamMessage { stream_id: StreamId(b"\0\0\0\0\0\0\0\r\0\0\0\0\0\0\0\x04"), sequence: 0, content: Data(Init(ProposalInit { height: Height(13), round: Some(0), proposer: Address(DE7BA2BE72D2225286133990FF5810B691A5261C) })) }, reply: Sender { inner: Some(Inner { state: State { is_complete: false, is_closed: false, is_rx_task_set: true, is_tx_task_set: false } }) } }
2025-08-25T09:38:13.231815Z  INFO node{moniker=app-2}:node{moniker=app-2}: Received proposal part from=12D3KooWEFmACkQS9HNWY86xGVM3LS7fRpQ8saTb5VdfdYCzuUvE part.sequence=0 part.type=init part.size=28
2025-08-25T09:38:13.232745Z DEBUG node{moniker=app-2}:node{moniker=app-2}: metis-test:consensus-chan recv!!! msg:ReceivedProposalPart { from: PeerId("12D3KooWEFmACkQS9HNWY86xGVM3LS7fRpQ8saTb5VdfdYCzuUvE"), part: StreamMessage { stream_id: StreamId(b"\0\0\0\0\0\0\0\r\0\0\0\0\0\0\0\x04"), sequence: 1, content: Data(Data(ProposalData { bytes: "<...>", len: 545 })) }, reply: Sender { inner: Some(Inner { state: State { is_complete: false, is_closed: false, is_rx_task_set: true, is_tx_task_set: false } }) } }
2025-08-25T09:38:13.232761Z  INFO node{moniker=app-2}:node{moniker=app-2}: Received proposal part from=12D3KooWEFmACkQS9HNWY86xGVM3LS7fRpQ8saTb5VdfdYCzuUvE part.sequence=1 part.type=data part.size=551
2025-08-25T09:38:13.232789Z DEBUG node{moniker=app-2}:node{moniker=app-2}: metis-test:consensus-chan recv!!! msg:ReceivedProposalPart { from: PeerId("12D3KooWEFmACkQS9HNWY86xGVM3LS7fRpQ8saTb5VdfdYCzuUvE"), part: StreamMessage { stream_id: StreamId(b"\0\0\0\0\0\0\0\r\0\0\0\0\0\0\0\x04"), sequence: 2, content: Data(Fin(ProposalFin { signature: Signature(Signature { R_bytes: "e6cfbfea7a71173da3fc8d207912a9dc494a25844feffa87cc04774176e6201e", s_bytes: "c55da0095ed78a4c32b8640114a4df2de3a6a6c207ffda9509c4cd6de2b60e01" }) })) }, reply: Sender { inner: Some(Inner { state: State { is_complete: false, is_closed: false, is_rx_task_set: true, is_tx_task_set: false } }) } }
2025-08-25T09:38:13.232801Z  INFO node{moniker=app-2}:node{moniker=app-2}: Received proposal part from=12D3KooWEFmACkQS9HNWY86xGVM3LS7fRpQ8saTb5VdfdYCzuUvE part.sequence=2 part.type=fin part.size=70
2025-08-25T09:38:13.232811Z DEBUG node{moniker=app-2}:node{moniker=app-2}: metis-test:consensus-chan recv!!! msg:ReceivedProposalPart { from: PeerId("12D3KooWEFmACkQS9HNWY86xGVM3LS7fRpQ8saTb5VdfdYCzuUvE"), part: StreamMessage { stream_id: StreamId(b"\0\0\0\0\0\0\0\r\0\0\0\0\0\0\0\x04"), sequence: 3, content: Fin }, reply: Sender { inner: Some(Inner { state: State { is_complete: false, is_closed: false, is_rx_task_set: true, is_tx_task_set: false } }) } }
2025-08-25T09:38:13.232818Z  INFO node{moniker=app-2}:node{moniker=app-2}: Received proposal part from=12D3KooWEFmACkQS9HNWY86xGVM3LS7fRpQ8saTb5VdfdYCzuUvE part.sequence=3 part.type=end of stream part.size=0
2025-08-25T09:38:13.232949Z  INFO node{moniker=app-2}:node{moniker=app-2}: Proposal data[0..32]: c268038d9bdf723e764778c3086c70c182b8905d7f6efefaeb33eeefba78a293, total_size: 545 bytes, id: e7b24396c0f7791b
2025-08-25T09:38:13.237024Z  INFO node{moniker=app-2}:consensus{height=13 round=0}: Received vote height=13 vote_height=13 address=DE7BA2BE72D2225286133990FF5810B691A5261C Prevote(height: 13, round: 0, value: e7b24396c0f7791b, from: DE7BA2BE72D2225286133990FF5810B691A5261C)
2025-08-25T09:38:13.242815Z DEBUG node{moniker=app-2}:wal{height=13}: Wrote log entry type=Consensus(Vote) entry.size=118 
2025-08-25T09:38:13.243121Z  INFO node{moniker=app-2}:consensus{height=13 round=0}: Received proposal consensus.height=13 proposal.height=13 proposal.round=0 proposer=DE7BA2BE72D2225286133990FF5810B691A5261C Proposal(height: 13, round: 0, pol_round: -1, value: e7b24396c0f7791b, from: DE7BA2BE72D2225286133990FF5810B691A5261C)
2025-08-25T09:38:13.245404Z DEBUG node{moniker=app-2}:wal{height=13}: Wrote log entry type=Consensus(Proposal) entry.size=668 
2025-08-25T09:38:13.245432Z DEBUG node{moniker=app-2}:node{moniker=app-2}: ✅ Received complete proposal: ProposedValue { height: Height(13), round: Some(0), valid_round: Nil, proposer: Address(DE7BA2BE72D2225286133990FF5810B691A5261C), value: Value { value: 16695481083377449243, extensions: b"\xc2h\x03\x8d\x9b\xdfr>vGx\xc3\x08lp\xc1\x82\xb8\x90]\x7fn\xfe\xfa\xeb3\xee\xef\xbax\xa2\x93********************\xec&\xdf\x94B\xc5\xd4\xa0\xa0\xccSH\xc9`\x11[C\xda\x08\xc7\xae\xf6\xbeNL\xcc_\x13l\xa8\x92\xa6V\xe8\x1f\x17\x1b\xccU\xa6\xff\x83E\xe6\x92\xc0\xf8n[H\xe0\x1b\x99l\xad\xc0\x01b/\xb5\xe3c\xb4!\0\0\0\0\0\0\0\0\0\0\0\0\0\0\0\0\0\0\0\0\0\0\0\0\0\0\0\0\0\0\0\0\0\0\0\0\0\0\0\0\0\0\0\0\0\0\0\0\0\0\0\0\0\0\0\0\0\0\0\0\0\0\0\0\0\0\0\0\0\0\0\0\0\0\0\0\0\0\0\0\0\0\0\0\0\0\0\0\0\0\0\0\0\0\0\0\0\0\0\0\0\0\0\0\0\0\0\0\0\0\0\0\0\0\0\0\0\0\0\0\0\0\0\0\0\0\0\0\0\0\0\0\0\0\0\0\0\0\0\0\0\0\0\0\0\0\0\0\0\0\0\0\0\0\0\0\0\0\0\0\0\0\0\0\0\0\0\0\0\0\0\0\0\0\0\0\0\0\0\0\0\0\0\0\0\0\0\0\0\0\0\0\0\0\0\0\0\0\0\0\0\0\0\0\0\0\0\0\0\0\0\0\0\0\0\0\0\0\0\0\0\0\0\0\0\0\0\0\0\0\0\0\0\0\0\0\0\0\0\0\0\0\0\0\0\0\0\0\0\0\0\0\0\0\0\0\0\0\0\0\0\0\0\0\0\0\0\0\0\0\0\0\0\0\0\0\0\0\0\0\0\0\0\0\0\0\0\0\r\0\0\0\0\0\0\0\xe8\x9b\xcf\x01\0\0\0\0\0\0\0\0\0\0\0\0\x10/\xach\0\0\0\0\x10\x02\0\0\xd55\x81\n\0\0\0\0\0\0\0\0\0\0\0\0\0\0\0\0\0\0\0\0\0\0\0\0\0\0\0\0\xec\x7f\x87q\x1eC\x9b\x91-\x92\xac:p\x05\xd3\x14\xa9`\xca\xfb+\xbed\xc48\xce\xc7\xc3\xf2\x06\xa6e!\x02\0\0!\x02\0\0\0\0\0\0\0\0\0\0\0\0\0\0\0\0\0\0reth/v1.4.1/linux" }, validity: Valid }
2025-08-25T09:38:13.245478Z DEBUG node{moniker=app-2}:consensus{height=13 round=0}: No full proposal for this round yet, stored proposal for later proposal.height=13 proposal.round=0
2025-08-25T09:38:13.245498Z DEBUG node{moniker=app-2}:consensus{height=13 round=0}: We have a full proposal for this round, checking... proposal.height=13 proposal.round=0
2025-08-25T09:38:13.245511Z DEBUG node{moniker=app-2}:consensus{height=13 round=0}: Transitioned to new step step.previous=Propose step.new=Prevote
2025-08-25T09:38:13.245519Z  INFO node{moniker=app-2}:consensus{height=13 round=0}: Voting vote_type=Prevote value=e7b24396c0f7791b round=0
2025-08-25T09:38:13.245686Z  INFO node{moniker=app-2}:consensus{height=13 round=0}: Received vote height=13 vote_height=13 address=02CB1B49DA09615BD4A12212C39378556D990DFD Prevote(height: 13, round: 0, value: e7b24396c0f7791b, from: 02CB1B49DA09615BD4A12212C39378556D990DFD)
2025-08-25T09:38:13.246029Z DEBUG node{moniker=app-2}:wal{height=13}: Wrote log entry type=Consensus(Vote) entry.size=118 
2025-08-25T09:38:13.246163Z DEBUG node{moniker=app-2}:consensus{height=13 round=0}: Transitioned to new step step.previous=Prevote step.new=Precommit
2025-08-25T09:38:13.246170Z  INFO node{moniker=app-2}:consensus{height=13 round=0}: Voting vote_type=Precommit value=e7b24396c0f7791b round=0
2025-08-25T09:38:13.246185Z DEBUG node{moniker=app-2}:node{moniker=app-2}: metis-test:consensus-chan recv!!! msg:ExtendVote { height: Height(13), round: Some(0), value_id: ValueId(16695481083377449243), reply: Sender { inner: Some(Inner { state: State { is_complete: false, is_closed: false, is_rx_task_set: true, is_tx_task_set: false } }) } }
2025-08-25T09:38:13.246376Z  INFO node{moniker=app-2}:consensus{height=13 round=0}: Received vote height=13 vote_height=13 address=02CB1B49DA09615BD4A12212C39378556D990DFD Precommit(height: 13, round: 0, value: e7b24396c0f7791b, from: 02CB1B49DA09615BD4A12212C39378556D990DFD)
2025-08-25T09:38:13.246531Z DEBUG node{moniker=app-2}:wal{height=13}: Wrote log entry type=Consensus(Vote) entry.size=120 
2025-08-25T09:38:13.249369Z DEBUG node{moniker=app-2}:wal{height=13}: Flushed WAL to disk wal.entries=4 wal.size=1088
2025-08-25T09:38:13.249658Z DEBUG node{moniker=app-2}:network: Published message channel=/consensus size=111
2025-08-25T09:38:13.251253Z DEBUG node{moniker=app-2}:wal{height=13}: Flushed WAL to disk wal.entries=4 wal.size=1088
2025-08-25T09:38:13.251496Z DEBUG node{moniker=app-2}:network: Published message channel=/consensus size=109
2025-08-25T09:38:13.261350Z  INFO node{moniker=app-2}:consensus{height=13 round=0}: Received vote height=13 vote_height=13 address=DE7BA2BE72D2225286133990FF5810B691A5261C Precommit(height: 13, round: 0, value: e7b24396c0f7791b, from: DE7BA2BE72D2225286133990FF5810B691A5261C)
2025-08-25T09:38:13.261464Z DEBUG node{moniker=app-2}:wal{height=13}: Wrote log entry type=Consensus(Vote) entry.size=120 
2025-08-25T09:38:13.261694Z DEBUG node{moniker=app-2}:consensus{height=13 round=0}: Transitioned to new step step.previous=Precommit step.new=Commit
2025-08-25T09:38:13.261704Z  INFO node{moniker=app-2}:consensus{height=13 round=0}: Decided round=0 height=13 value=e7b24396c0f7791b
2025-08-25T09:38:13.267240Z DEBUG node{moniker=app-2}:wal{height=13}: Flushed WAL to disk wal.entries=5 wal.size=1221
2025-08-25T09:38:13.267523Z DEBUG node{moniker=app-2}:sync{height.tip=12 height.sync=13}: Updating request state height.tip=13
2025-08-25T09:38:13.267565Z DEBUG node{moniker=app-2}:node{moniker=app-2}: metis-test:consensus-chan recv!!! msg:Decided { certificate: CommitCertificate { height: Height(13), round: Some(0), value_id: ValueId(16695481083377449243), commit_signatures: [CommitSignature { address: Address(02CB1B49DA09615BD4A12212C39378556D990DFD), signature: Signature(Signature { R_bytes: "b4ad75834b674abefad9129001b66326a5c7c7d1d858cab2180b390624050b18", s_bytes: "9ca87e34dcf6c1c93ef8059451f5bc5ec3e6ff41a0b86fd5e2591f88e849c00d" }) }, CommitSignature { address: Address(DE7BA2BE72D2225286133990FF5810B691A5261C), signature: Signature(Signature { R_bytes: "df7a8754dabc7f9316d79257165a59c76dd69bd5ff9431bf3e8af49d6a9a59f7", s_bytes: "181f3f086f0dfbd47668554d3f1a8a769db3da656c177b148c3169eb8ad47a03" }) }] }, extensions: VoteExtensions { extensions: [] }, reply: Sender { inner: Some(Inner { state: State { is_complete: false, is_closed: false, is_rx_task_set: true, is_tx_task_set: false } }) } }
2025-08-25T09:38:13.267600Z  INFO node{moniker=app-2}:node{moniker=app-2}: 🟢🟢 Consensus has decided on value height=13 round=0 value=e7b24396c0f7791b
2025-08-25T09:38:13.267774Z DEBUG node{moniker=app-2}:node{moniker=app-2}: 🎁 block size: 545, height: 13
2025-08-25T09:38:13.267785Z  INFO node{moniker=app-2}:node{moniker=app-2}: 👉 stats at height 13: #txs=0, txs/s=0.00, chain_bytes=7085, bytes/s=1152.11
2025-08-25T09:38:13.267789Z DEBUG node{moniker=app-2}:node{moniker=app-2}: 🦄 Block at height 13 contains 0 transactions
2025-08-25T09:38:13.281819Z DEBUG node{moniker=app-2}:node{moniker=app-2}: 💡 New block added at height 13 with hash: 0xec7f87711e439b912d92ac3a7005d314a960cafb2bbe64c438cec7c3f206a665
2025-08-25T09:38:13.281857Z DEBUG node{moniker=app-2}:node{moniker=app-2}: 🟠 set_latest_forkchoice_state: 0xec7f87711e439b912d92ac3a7005d314a960cafb2bbe64c438cec7c3f206a665
2025-08-25T09:38:13.284169Z DEBUG node{moniker=app-2}:node{moniker=app-2}: ➡️ payload_status: PayloadStatus { status: Valid, latest_valid_hash: Some(0xec7f87711e439b912d92ac3a7005d314a960cafb2bbe64c438cec7c3f206a665) }
2025-08-25T09:38:13.284323Z DEBUG node{moniker=app-2}:node{moniker=app-2}: 🚀 Forkchoice updated to height 13 for block hash=0xec7f87711e439b912d92ac3a7005d314a960cafb2bbe64c438cec7c3f206a665 and latest_valid_hash=0xec7f87711e439b912d92ac3a7005d314a960cafb2bbe64c438cec7c3f206a665
2025-08-25T09:38:13.284327Z  INFO node{moniker=app-2}:node{moniker=app-2}: Looking for certificate height=13 round=0
2025-08-25T09:38:13.288612Z  INFO node{moniker=app-2}:node{moniker=app-2}: Committed block_data[0..32]: c268038d9bdf723e764778c3086c70c182b8905d7f6efefaeb33eeefba78a293
2025-08-25T09:38:13.311137Z DEBUG node{moniker=app-2}:wal{height=14}: Reset WAL height=14
2025-08-25T09:38:13.311224Z DEBUG node{moniker=app-2}:consensus{height=14 round=0}: No WAL entries to replay height=14
2025-08-25T09:38:13.311271Z  INFO node{moniker=app-2}:consensus{height=14 round=0}: Starting new height height=14
2025-08-25T09:38:13.311281Z  INFO node{moniker=app-2}:consensus{height=14 round=0}: Starting new round height=14 round=0 proposer=815F9FA61D7C4F1E4A9E30D40DCA1115BB48F759 role=Validator
2025-08-25T09:38:13.311317Z DEBUG node{moniker=app-2}:sync{height.tip=12 height.sync=13}: Starting new height height.tip=13 height.sync=14 restart=false
2025-08-25T09:38:13.311327Z DEBUG node{moniker=app-2}:sync{height.tip=12 height.sync=13}: No peer to request sync from height.sync=14
2025-08-25T09:38:13.319240Z DEBUG node{moniker=app-2}:wal{height=14}: Flushed WAL to disk wal.entries=0 wal.size=12
2025-08-25T09:38:13.319504Z DEBUG node{moniker=app-2}:node{moniker=app-2}: metis-test:consensus-chan recv!!! msg:StartedRound { height: Height(14), round: Some(0), proposer: Address(815F9FA61D7C4F1E4A9E30D40DCA1115BB48F759), role: Validator, reply_value: Sender { inner: Some(Inner { state: State { is_complete: false, is_closed: false, is_rx_task_set: false, is_tx_task_set: false } }) } }
2025-08-25T09:38:13.319520Z  INFO node{moniker=app-2}:node{moniker=app-2}: 🟢🟢 Started round height=14 round=0 proposer=815F9FA61D7C4F1E4A9E30D40DCA1115BB48F759 role=Validator
2025-08-25T09:38:13.319534Z ERROR node{moniker=app-2}:consensus{height=14 round=0}: Error when processing effect: Messaging(RecvErr)
2025-08-25T09:38:13.319557Z DEBUG node{moniker=app-2}:consensus{height=14 round=0}: Transitioned to new step step.previous=Unstarted step.new=Propose
2025-08-25T09:38:13.319562Z  INFO node{moniker=app-2}:consensus{height=14 round=0}: Scheduling timeout round=0 step=Propose
2025-08-25T09:38:13.319572Z DEBUG node{moniker=app-2}:consensus{height=14 round=0}: Replaying inputs count=0
2025-08-25T09:38:13.328587Z DEBUG node{moniker=app-2}:node{moniker=app-2}: metis-test:consensus-chan recv!!! msg:ReceivedProposalPart { from: PeerId("12D3KooWD4wDmZaWggpGH9ACLhNztqnBvszLRcmBLzZdKwDiWmYh"), part: StreamMessage { stream_id: StreamId(b"\0\0\0\0\0\0\0\x0e\0\0\0\0\0\0\0\x04"), sequence: 0, content: Data(Init(ProposalInit { height: Height(14), round: Some(0), proposer: Address(815F9FA61D7C4F1E4A9E30D40DCA1115BB48F759) })) }, reply: Sender { inner: Some(Inner { state: State { is_complete: false, is_closed: false, is_rx_task_set: true, is_tx_task_set: false } }) } }
2025-08-25T09:38:13.328634Z  INFO node{moniker=app-2}:node{moniker=app-2}: Received proposal part from=12D3KooWD4wDmZaWggpGH9ACLhNztqnBvszLRcmBLzZdKwDiWmYh part.sequence=0 part.type=init part.size=28
2025-08-25T09:38:13.329811Z DEBUG node{moniker=app-2}:node{moniker=app-2}: metis-test:consensus-chan recv!!! msg:ReceivedProposalPart { from: PeerId("12D3KooWD4wDmZaWggpGH9ACLhNztqnBvszLRcmBLzZdKwDiWmYh"), part: StreamMessage { stream_id: StreamId(b"\0\0\0\0\0\0\0\x0e\0\0\0\0\0\0\0\x04"), sequence: 1, content: Data(Data(ProposalData { bytes: "<...>", len: 545 })) }, reply: Sender { inner: Some(Inner { state: State { is_complete: false, is_closed: false, is_rx_task_set: true, is_tx_task_set: false } }) } }
2025-08-25T09:38:13.329857Z  INFO node{moniker=app-2}:node{moniker=app-2}: Received proposal part from=12D3KooWD4wDmZaWggpGH9ACLhNztqnBvszLRcmBLzZdKwDiWmYh part.sequence=1 part.type=data part.size=551
2025-08-25T09:38:13.329887Z DEBUG node{moniker=app-2}:node{moniker=app-2}: metis-test:consensus-chan recv!!! msg:ReceivedProposalPart { from: PeerId("12D3KooWD4wDmZaWggpGH9ACLhNztqnBvszLRcmBLzZdKwDiWmYh"), part: StreamMessage { stream_id: StreamId(b"\0\0\0\0\0\0\0\x0e\0\0\0\0\0\0\0\x04"), sequence: 2, content: Data(Fin(ProposalFin { signature: Signature(Signature { R_bytes: "36e77fcc4646b2de08bdd8f8a73aeb86cc50e1c532ccf3eb583478295d9a0825", s_bytes: "1ac5796bc8319365fbd531841e371737038d084e7684bb81836912452cc1630c" }) })) }, reply: Sender { inner: Some(Inner { state: State { is_complete: false, is_closed: false, is_rx_task_set: true, is_tx_task_set: false } }) } }
2025-08-25T09:38:13.329908Z  INFO node{moniker=app-2}:node{moniker=app-2}: Received proposal part from=12D3KooWD4wDmZaWggpGH9ACLhNztqnBvszLRcmBLzZdKwDiWmYh part.sequence=2 part.type=fin part.size=70
2025-08-25T09:38:13.330957Z DEBUG node{moniker=app-2}:node{moniker=app-2}: metis-test:consensus-chan recv!!! msg:ReceivedProposalPart { from: PeerId("12D3KooWD4wDmZaWggpGH9ACLhNztqnBvszLRcmBLzZdKwDiWmYh"), part: StreamMessage { stream_id: StreamId(b"\0\0\0\0\0\0\0\x0e\0\0\0\0\0\0\0\x04"), sequence: 3, content: Fin }, reply: Sender { inner: Some(Inner { state: State { is_complete: false, is_closed: false, is_rx_task_set: true, is_tx_task_set: false } }) } }
2025-08-25T09:38:13.330980Z  INFO node{moniker=app-2}:node{moniker=app-2}: Received proposal part from=12D3KooWD4wDmZaWggpGH9ACLhNztqnBvszLRcmBLzZdKwDiWmYh part.sequence=3 part.type=end of stream part.size=0
2025-08-25T09:38:13.331219Z  INFO node{moniker=app-2}:node{moniker=app-2}: Proposal data[0..32]: ec7f87711e439b912d92ac3a7005d314a960cafb2bbe64c438cec7c3f206a665, total_size: 545 bytes, id: 907540771dfe8939
2025-08-25T09:38:13.332933Z  INFO node{moniker=app-2}:consensus{height=14 round=0}: Received vote height=14 vote_height=14 address=815F9FA61D7C4F1E4A9E30D40DCA1115BB48F759 Prevote(height: 14, round: 0, value: 907540771dfe8939, from: 815F9FA61D7C4F1E4A9E30D40DCA1115BB48F759)
2025-08-25T09:38:13.340915Z DEBUG node{moniker=app-2}:node{moniker=app-2}: ✅ Received complete proposal: ProposedValue { height: Height(14), round: Some(0), valid_round: Nil, proposer: Address(815F9FA61D7C4F1E4A9E30D40DCA1115BB48F759), value: Value { value: 10409296994085275961, extensions: b"\xec\x7f\x87q\x1eC\x9b\x91-\x92\xac:p\x05\xd3\x14\xa9`\xca\xfb+\xbed\xc48\xce\xc7\xc3\xf2\x06\xa6e********************\xec&\xdf\x94B\xc5\xd4\xa0\xa0\xccSH\xc9`\x11[C\xda\x08\xc7\xae\xf6\xbeNL\xcc_\x13l\xa8\x92\xa6V\xe8\x1f\x17\x1b\xccU\xa6\xff\x83E\xe6\x92\xc0\xf8n[H\xe0\x1b\x99l\xad\xc0\x01b/\xb5\xe3c\xb4!\0\0\0\0\0\0\0\0\0\0\0\0\0\0\0\0\0\0\0\0\0\0\0\0\0\0\0\0\0\0\0\0\0\0\0\0\0\0\0\0\0\0\0\0\0\0\0\0\0\0\0\0\0\0\0\0\0\0\0\0\0\0\0\0\0\0\0\0\0\0\0\0\0\0\0\0\0\0\0\0\0\0\0\0\0\0\0\0\0\0\0\0\0\0\0\0\0\0\0\0\0\0\0\0\0\0\0\0\0\0\0\0\0\0\0\0\0\0\0\0\0\0\0\0\0\0\0\0\0\0\0\0\0\0\0\0\0\0\0\0\0\0\0\0\0\0\0\0\0\0\0\0\0\0\0\0\0\0\0\0\0\0\0\0\0\0\0\0\0\0\0\0\0\0\0\0\0\0\0\0\0\0\0\0\0\0\0\0\0\0\0\0\0\0\0\0\0\0\0\0\0\0\0\0\0\0\0\0\0\0\0\0\0\0\0\0\0\0\0\0\0\0\0\0\0\0\0\0\0\0\0\0\0\0\0\0\0\0\0\0\0\0\0\0\0\0\0\0\0\0\0\0\0\0\0\0\0\0\0\0\0\0\0\0\0\0\0\0\0\0\0\0\0\0\0\0\0\0\0\0\0\0\0\0\0\0\0\0\x0e\0\0\0\0\0\0\0\xcd\x0f\xd0\x01\0\0\0\0\0\0\0\0\0\0\0\0\x11/\xach\0\0\0\0\x10\x02\0\0\x1b\x0f1\t\0\0\0\0\0\0\0\0\0\0\0\0\0\0\0\0\0\0\0\0\0\0\0\0\0\0\0\0\xca\xb8\xa3\xdb/mv\xfc\xfe\x98*5\xd0\xc8H\xf0J\xf2\x03\x87Z.\x1ep\x92\xe9\0\x173\x9d\xe2Z!\x02\0\0!\x02\0\0\0\0\0\0\0\0\0\0\0\0\0\0\0\0\0\0reth/v1.4.1/linux" }, validity: Valid }
2025-08-25T09:38:13.341319Z DEBUG node{moniker=app-2}:wal{height=14}: Wrote log entry type=Consensus(Vote) entry.size=118 
2025-08-25T09:38:13.341674Z  INFO node{moniker=app-2}:consensus{height=14 round=0}: Received proposal consensus.height=14 proposal.height=14 proposal.round=0 proposer=815F9FA61D7C4F1E4A9E30D40DCA1115BB48F759 Proposal(height: 14, round: 0, pol_round: -1, value: 907540771dfe8939, from: 815F9FA61D7C4F1E4A9E30D40DCA1115BB48F759)
2025-08-25T09:38:13.344644Z DEBUG node{moniker=app-2}:wal{height=14}: Wrote log entry type=Consensus(Proposal) entry.size=668 
2025-08-25T09:38:13.344861Z DEBUG node{moniker=app-2}:consensus{height=14 round=0}: No full proposal for this round yet, stored proposal for later proposal.height=14 proposal.round=0
2025-08-25T09:38:13.344904Z DEBUG node{moniker=app-2}:consensus{height=14 round=0}: We have a full proposal for this round, checking... proposal.height=14 proposal.round=0
2025-08-25T09:38:13.345149Z DEBUG node{moniker=app-2}:consensus{height=14 round=0}: Transitioned to new step step.previous=Propose step.new=Prevote
2025-08-25T09:38:13.345159Z  INFO node{moniker=app-2}:consensus{height=14 round=0}: Voting vote_type=Prevote value=907540771dfe8939 round=0
2025-08-25T09:38:13.345379Z  INFO node{moniker=app-2}:consensus{height=14 round=0}: Received vote height=14 vote_height=14 address=02CB1B49DA09615BD4A12212C39378556D990DFD Prevote(height: 14, round: 0, value: 907540771dfe8939, from: 02CB1B49DA09615BD4A12212C39378556D990DFD)
2025-08-25T09:38:13.345532Z DEBUG node{moniker=app-2}:wal{height=14}: Wrote log entry type=Consensus(Vote) entry.size=118 
2025-08-25T09:38:13.345562Z DEBUG node{moniker=app-2}:consensus{height=14 round=0}: Transitioned to new step step.previous=Prevote step.new=Precommit
2025-08-25T09:38:13.345567Z  INFO node{moniker=app-2}:consensus{height=14 round=0}: Voting vote_type=Precommit value=907540771dfe8939 round=0
2025-08-25T09:38:13.345583Z DEBUG node{moniker=app-2}:node{moniker=app-2}: metis-test:consensus-chan recv!!! msg:ExtendVote { height: Height(14), round: Some(0), value_id: ValueId(10409296994085275961), reply: Sender { inner: Some(Inner { state: State { is_complete: false, is_closed: false, is_rx_task_set: true, is_tx_task_set: false } }) } }
2025-08-25T09:38:13.346255Z  INFO node{moniker=app-2}:consensus{height=14 round=0}: Received vote height=14 vote_height=14 address=02CB1B49DA09615BD4A12212C39378556D990DFD Precommit(height: 14, round: 0, value: 907540771dfe8939, from: 02CB1B49DA09615BD4A12212C39378556D990DFD)
2025-08-25T09:38:13.346549Z DEBUG node{moniker=app-2}:wal{height=14}: Wrote log entry type=Consensus(Vote) entry.size=120 
2025-08-25T09:38:13.351461Z DEBUG node{moniker=app-2}:wal{height=14}: Flushed WAL to disk wal.entries=4 wal.size=1088
2025-08-25T09:38:13.351766Z DEBUG node{moniker=app-2}:network: Published message channel=/consensus size=111
2025-08-25T09:38:13.357094Z DEBUG node{moniker=app-2}:wal{height=14}: Flushed WAL to disk wal.entries=4 wal.size=1088
2025-08-25T09:38:13.357338Z DEBUG node{moniker=app-2}:network: Published message channel=/consensus size=109
2025-08-25T09:38:13.365769Z  INFO node{moniker=app-2}:consensus{height=14 round=0}: Received vote height=14 vote_height=14 address=815F9FA61D7C4F1E4A9E30D40DCA1115BB48F759 Precommit(height: 14, round: 0, value: 907540771dfe8939, from: 815F9FA61D7C4F1E4A9E30D40DCA1115BB48F759)
2025-08-25T09:38:13.365858Z DEBUG node{moniker=app-2}:wal{height=14}: Wrote log entry type=Consensus(Vote) entry.size=120 
2025-08-25T09:38:13.365904Z DEBUG node{moniker=app-2}:consensus{height=14 round=0}: Transitioned to new step step.previous=Precommit step.new=Commit
2025-08-25T09:38:13.365909Z  INFO node{moniker=app-2}:consensus{height=14 round=0}: Decided round=0 height=14 value=907540771dfe8939
2025-08-25T09:38:13.372604Z DEBUG node{moniker=app-2}:wal{height=14}: Flushed WAL to disk wal.entries=5 wal.size=1221
2025-08-25T09:38:13.372671Z DEBUG node{moniker=app-2}:sync{height.tip=13 height.sync=14}: Updating request state height.tip=14
2025-08-25T09:38:13.372681Z DEBUG node{moniker=app-2}:node{moniker=app-2}: metis-test:consensus-chan recv!!! msg:Decided { certificate: CommitCertificate { height: Height(14), round: Some(0), value_id: ValueId(10409296994085275961), commit_signatures: [CommitSignature { address: Address(02CB1B49DA09615BD4A12212C39378556D990DFD), signature: Signature(Signature { R_bytes: "70ef8c837a98e03f500be8866e75b922d373322640a0961988b5586c63452c73", s_bytes: "6757d1a746889563c4f02f39b75b40731df6835c7745d6963041e683bec36403" }) }, CommitSignature { address: Address(815F9FA61D7C4F1E4A9E30D40DCA1115BB48F759), signature: Signature(Signature { R_bytes: "7a3aa66612684d62aa9a4236d5f3103e1ba5d2f6c606959a6d3b2494bdd82553", s_bytes: "bf9feadda3508607e25d68264634d091888c4452f90daf38b82c9710a897da0a" }) }] }, extensions: VoteExtensions { extensions: [] }, reply: Sender { inner: Some(Inner { state: State { is_complete: false, is_closed: false, is_rx_task_set: true, is_tx_task_set: false } }) } }
2025-08-25T09:38:13.372694Z  INFO node{moniker=app-2}:node{moniker=app-2}: 🟢🟢 Consensus has decided on value height=14 round=0 value=907540771dfe8939
2025-08-25T09:38:13.372734Z DEBUG node{moniker=app-2}:node{moniker=app-2}: 🎁 block size: 545, height: 14
2025-08-25T09:38:13.372742Z  INFO node{moniker=app-2}:node{moniker=app-2}: 👉 stats at height 14: #txs=0, txs/s=0.00, chain_bytes=7630, bytes/s=1219.91
2025-08-25T09:38:13.372744Z DEBUG node{moniker=app-2}:node{moniker=app-2}: 🦄 Block at height 14 contains 0 transactions
2025-08-25T09:38:13.373399Z DEBUG node{moniker=app-2}:node{moniker=app-2}: 💡 New block added at height 14 with hash: 0xcab8a3db2f6d76fcfe982a35d0c848f04af203875a2e1e7092e90017339de25a
2025-08-25T09:38:13.373402Z DEBUG node{moniker=app-2}:node{moniker=app-2}: 🟠 set_latest_forkchoice_state: 0xcab8a3db2f6d76fcfe982a35d0c848f04af203875a2e1e7092e90017339de25a
2025-08-25T09:38:13.373788Z DEBUG node{moniker=app-2}:node{moniker=app-2}: ➡️ payload_status: PayloadStatus { status: Valid, latest_valid_hash: Some(0xcab8a3db2f6d76fcfe982a35d0c848f04af203875a2e1e7092e90017339de25a) }
2025-08-25T09:38:13.373790Z DEBUG node{moniker=app-2}:node{moniker=app-2}: 🚀 Forkchoice updated to height 14 for block hash=0xcab8a3db2f6d76fcfe982a35d0c848f04af203875a2e1e7092e90017339de25a and latest_valid_hash=0xcab8a3db2f6d76fcfe982a35d0c848f04af203875a2e1e7092e90017339de25a
2025-08-25T09:38:13.373792Z  INFO node{moniker=app-2}:node{moniker=app-2}: Looking for certificate height=14 round=0
2025-08-25T09:38:13.385396Z  INFO node{moniker=app-2}:node{moniker=app-2}: Committed block_data[0..32]: ec7f87711e439b912d92ac3a7005d314a960cafb2bbe64c438cec7c3f206a665
2025-08-25T09:38:13.404206Z DEBUG node{moniker=app-2}:wal{height=15}: Reset WAL height=15
2025-08-25T09:38:13.404230Z DEBUG node{moniker=app-2}:consensus{height=15 round=0}: No WAL entries to replay height=15
2025-08-25T09:38:13.404248Z  INFO node{moniker=app-2}:consensus{height=15 round=0}: Starting new height height=15
2025-08-25T09:38:13.404250Z  INFO node{moniker=app-2}:consensus{height=15 round=0}: Starting new round height=15 round=0 proposer=815F9FA61D7C4F1E4A9E30D40DCA1115BB48F759 role=None
2025-08-25T09:38:13.404260Z DEBUG node{moniker=app-2}:sync{height.tip=13 height.sync=14}: Starting new height height.tip=14 height.sync=15 restart=false
2025-08-25T09:38:13.404263Z DEBUG node{moniker=app-2}:sync{height.tip=13 height.sync=14}: No peer to request sync from height.sync=15
2025-08-25T09:38:13.407215Z DEBUG node{moniker=app-2}:wal{height=15}: Flushed WAL to disk wal.entries=0 wal.size=12
2025-08-25T09:38:13.407283Z DEBUG node{moniker=app-2}:node{moniker=app-2}: metis-test:consensus-chan recv!!! msg:StartedRound { height: Height(15), round: Some(0), proposer: Address(815F9FA61D7C4F1E4A9E30D40DCA1115BB48F759), role: None, reply_value: Sender { inner: Some(Inner { state: State { is_complete: false, is_closed: false, is_rx_task_set: false, is_tx_task_set: false } }) } }
2025-08-25T09:38:13.407315Z  INFO node{moniker=app-2}:node{moniker=app-2}: 🟢🟢 Started round height=15 round=0 proposer=815F9FA61D7C4F1E4A9E30D40DCA1115BB48F759 role=None
2025-08-25T09:38:13.407344Z ERROR node{moniker=app-2}:consensus{height=15 round=0}: Error when processing effect: Messaging(RecvErr)
2025-08-25T09:38:13.407363Z DEBUG node{moniker=app-2}:consensus{height=15 round=0}: Transitioned to new step step.previous=Unstarted step.new=Propose
2025-08-25T09:38:13.407372Z  INFO node{moniker=app-2}:consensus{height=15 round=0}: Scheduling timeout round=0 step=Propose
2025-08-25T09:38:13.407380Z DEBUG node{moniker=app-2}:consensus{height=15 round=0}: Replaying inputs count=0
2025-08-25T09:38:13.410914Z DEBUG node{moniker=app-2}:node{moniker=app-2}: metis-test:consensus-chan recv!!! msg:ReceivedProposalPart { from: PeerId("12D3KooWD4wDmZaWggpGH9ACLhNztqnBvszLRcmBLzZdKwDiWmYh"), part: StreamMessage { stream_id: StreamId(b"\0\0\0\0\0\0\0\x0f\0\0\0\0\0\0\0\x05"), sequence: 0, content: Data(Init(ProposalInit { height: Height(15), round: Some(0), proposer: Address(815F9FA61D7C4F1E4A9E30D40DCA1115BB48F759) })) }, reply: Sender { inner: Some(Inner { state: State { is_complete: false, is_closed: false, is_rx_task_set: true, is_tx_task_set: false } }) } }
2025-08-25T09:38:13.410938Z  INFO node{moniker=app-2}:node{moniker=app-2}: Received proposal part from=12D3KooWD4wDmZaWggpGH9ACLhNztqnBvszLRcmBLzZdKwDiWmYh part.sequence=0 part.type=init part.size=28
2025-08-25T09:38:13.411323Z DEBUG node{moniker=app-2}:node{moniker=app-2}: metis-test:consensus-chan recv!!! msg:ReceivedProposalPart { from: PeerId("12D3KooWD4wDmZaWggpGH9ACLhNztqnBvszLRcmBLzZdKwDiWmYh"), part: StreamMessage { stream_id: StreamId(b"\0\0\0\0\0\0\0\x0f\0\0\0\0\0\0\0\x05"), sequence: 1, content: Data(Data(ProposalData { bytes: "<...>", len: 545 })) }, reply: Sender { inner: Some(Inner { state: State { is_complete: false, is_closed: false, is_rx_task_set: true, is_tx_task_set: false } }) } }
2025-08-25T09:38:13.411333Z  INFO node{moniker=app-2}:node{moniker=app-2}: Received proposal part from=12D3KooWD4wDmZaWggpGH9ACLhNztqnBvszLRcmBLzZdKwDiWmYh part.sequence=1 part.type=data part.size=551
2025-08-25T09:38:13.411654Z DEBUG node{moniker=app-2}:node{moniker=app-2}: metis-test:consensus-chan recv!!! msg:ReceivedProposalPart { from: PeerId("12D3KooWD4wDmZaWggpGH9ACLhNztqnBvszLRcmBLzZdKwDiWmYh"), part: StreamMessage { stream_id: StreamId(b"\0\0\0\0\0\0\0\x0f\0\0\0\0\0\0\0\x05"), sequence: 2, content: Data(Fin(ProposalFin { signature: Signature(Signature { R_bytes: "cd597dad51dead3b111117cdaa119e318cb11883fd093706b7baa9c47c0c66a8", s_bytes: "e05c4b15fbc4c20565703f38eaab8cae0cf1883edb575150530472220dbaa70e" }) })) }, reply: Sender { inner: Some(Inner { state: State { is_complete: false, is_closed: false, is_rx_task_set: true, is_tx_task_set: false } }) } }
2025-08-25T09:38:13.411662Z  INFO node{moniker=app-2}:node{moniker=app-2}: Received proposal part from=12D3KooWD4wDmZaWggpGH9ACLhNztqnBvszLRcmBLzZdKwDiWmYh part.sequence=2 part.type=fin part.size=70
2025-08-25T09:38:13.411668Z DEBUG node{moniker=app-2}:node{moniker=app-2}: metis-test:consensus-chan recv!!! msg:ReceivedProposalPart { from: PeerId("12D3KooWD4wDmZaWggpGH9ACLhNztqnBvszLRcmBLzZdKwDiWmYh"), part: StreamMessage { stream_id: StreamId(b"\0\0\0\0\0\0\0\x0f\0\0\0\0\0\0\0\x05"), sequence: 3, content: Fin }, reply: Sender { inner: Some(Inner { state: State { is_complete: false, is_closed: false, is_rx_task_set: true, is_tx_task_set: false } }) } }
2025-08-25T09:38:13.411672Z  INFO node{moniker=app-2}:node{moniker=app-2}: Received proposal part from=12D3KooWD4wDmZaWggpGH9ACLhNztqnBvszLRcmBLzZdKwDiWmYh part.sequence=3 part.type=end of stream part.size=0
2025-08-25T09:38:13.411737Z  INFO node{moniker=app-2}:node{moniker=app-2}: Proposal data[0..32]: cab8a3db2f6d76fcfe982a35d0c848f04af203875a2e1e7092e90017339de25a, total_size: 545 bytes, id: a5a16cd71c31447e
2025-08-25T09:38:13.413949Z  INFO node{moniker=app-2}:consensus{height=15 round=0}: Received vote height=15 vote_height=15 address=815F9FA61D7C4F1E4A9E30D40DCA1115BB48F759 Prevote(height: 15, round: 0, value: a5a16cd71c31447e, from: 815F9FA61D7C4F1E4A9E30D40DCA1115BB48F759)
2025-08-25T09:38:13.414098Z DEBUG node{moniker=app-2}:wal{height=15}: Wrote log entry type=Consensus(Vote) entry.size=118 
2025-08-25T09:38:13.417164Z  INFO node{moniker=app-2}:consensus{height=15 round=0}: Received proposal consensus.height=15 proposal.height=15 proposal.round=0 proposer=815F9FA61D7C4F1E4A9E30D40DCA1115BB48F759 Proposal(height: 15, round: 0, pol_round: -1, value: a5a16cd71c31447e, from: 815F9FA61D7C4F1E4A9E30D40DCA1115BB48F759)
2025-08-25T09:38:13.420569Z DEBUG node{moniker=app-2}:node{moniker=app-2}: ✅ Received complete proposal: ProposedValue { height: Height(15), round: Some(0), valid_round: Nil, proposer: Address(815F9FA61D7C4F1E4A9E30D40DCA1115BB48F759), value: Value { value: 11934940158655284350, extensions: b"\xca\xb8\xa3\xdb/mv\xfc\xfe\x98*5\xd0\xc8H\xf0J\xf2\x03\x87Z.\x1ep\x92\xe9\0\x173\x9d\xe2Z********************\xec&\xdf\x94B\xc5\xd4\xa0\xa0\xccSH\xc9`\x11[C\xda\x08\xc7\xae\xf6\xbeNL\xcc_\x13l\xa8\x92\xa6V\xe8\x1f\x17\x1b\xccU\xa6\xff\x83E\xe6\x92\xc0\xf8n[H\xe0\x1b\x99l\xad\xc0\x01b/\xb5\xe3c\xb4!\0\0\0\0\0\0\0\0\0\0\0\0\0\0\0\0\0\0\0\0\0\0\0\0\0\0\0\0\0\0\0\0\0\0\0\0\0\0\0\0\0\0\0\0\0\0\0\0\0\0\0\0\0\0\0\0\0\0\0\0\0\0\0\0\0\0\0\0\0\0\0\0\0\0\0\0\0\0\0\0\0\0\0\0\0\0\0\0\0\0\0\0\0\0\0\0\0\0\0\0\0\0\0\0\0\0\0\0\0\0\0\0\0\0\0\0\0\0\0\0\0\0\0\0\0\0\0\0\0\0\0\0\0\0\0\0\0\0\0\0\0\0\0\0\0\0\0\0\0\0\0\0\0\0\0\0\0\0\0\0\0\0\0\0\0\0\0\0\0\0\0\0\0\0\0\0\0\0\0\0\0\0\0\0\0\0\0\0\0\0\0\0\0\0\0\0\0\0\0\0\0\0\0\0\0\0\0\0\0\0\0\0\0\0\0\0\0\0\0\0\0\0\0\0\0\0\0\0\0\0\0\0\0\0\0\0\0\0\0\0\0\0\0\0\0\0\0\0\0\0\0\0\0\0\0\0\0\0\0\0\0\0\0\0\0\0\0\0\0\0\0\0\0\0\0\0\0\0\0\0\0\0\0\0\0\0\0\0\x0f\0\0\0\0\0\0\0\xcf\x83\xd0\x01\0\0\0\0\0\0\0\0\0\0\0\0\x12/\xach\0\0\0\0\x10\x02\0\08\xed\n\x08\0\0\0\0\0\0\0\0\0\0\0\0\0\0\0\0\0\0\0\0\0\0\0\0\0\0\0\0mJu\xdf\xe6G\x14t\xb0\x8f\x07>\x88\xf7\xc5z4\x95\n\x1d\xd4\xbe\xcf\xb8\xef\x9b\xa5\x81.\xc6\xe9Z!\x02\0\0!\x02\0\0\0\0\0\0\0\0\0\0\0\0\0\0\0\0\0\0reth/v1.4.1/linux" }, validity: Valid }
2025-08-25T09:38:13.420916Z DEBUG node{moniker=app-2}:wal{height=15}: Wrote log entry type=Consensus(Proposal) entry.size=668 
2025-08-25T09:38:13.420933Z DEBUG node{moniker=app-2}:consensus{height=15 round=0}: No full proposal for this round yet, stored proposal for later proposal.height=15 proposal.round=0
2025-08-25T09:38:13.420945Z DEBUG node{moniker=app-2}:consensus{height=15 round=0}: We have a full proposal for this round, checking... proposal.height=15 proposal.round=0
2025-08-25T09:38:13.420952Z DEBUG node{moniker=app-2}:consensus{height=15 round=0}: Transitioned to new step step.previous=Propose step.new=Prevote
2025-08-25T09:38:13.426846Z  INFO node{moniker=app-2}:consensus{height=15 round=0}: Received vote height=15 vote_height=15 address=DE7BA2BE72D2225286133990FF5810B691A5261C Precommit(height: 15, round: 0, value: a5a16cd71c31447e, from: DE7BA2BE72D2225286133990FF5810B691A5261C)
2025-08-25T09:38:13.426917Z DEBUG node{moniker=app-2}:wal{height=15}: Wrote log entry type=Consensus(Vote) entry.size=120 
2025-08-25T09:38:13.429800Z  INFO node{moniker=app-2}:consensus{height=15 round=0}: Received vote height=15 vote_height=15 address=DE7BA2BE72D2225286133990FF5810B691A5261C Prevote(height: 15, round: 0, value: a5a16cd71c31447e, from: DE7BA2BE72D2225286133990FF5810B691A5261C)
2025-08-25T09:38:13.429862Z DEBUG node{moniker=app-2}:wal{height=15}: Wrote log entry type=Consensus(Vote) entry.size=118 
2025-08-25T09:38:13.429887Z DEBUG node{moniker=app-2}:consensus{height=15 round=0}: Transitioned to new step step.previous=Prevote step.new=Precommit
2025-08-25T09:38:13.436900Z  INFO node{moniker=app-2}:consensus{height=15 round=0}: Received vote height=15 vote_height=15 address=815F9FA61D7C4F1E4A9E30D40DCA1115BB48F759 Precommit(height: 15, round: 0, value: a5a16cd71c31447e, from: 815F9FA61D7C4F1E4A9E30D40DCA1115BB48F759)
2025-08-25T09:38:13.437169Z DEBUG node{moniker=app-2}:wal{height=15}: Wrote log entry type=Consensus(Vote) entry.size=120 
2025-08-25T09:38:13.437186Z DEBUG node{moniker=app-2}:consensus{height=15 round=0}: Transitioned to new step step.previous=Precommit step.new=Commit
2025-08-25T09:38:13.437189Z  INFO node{moniker=app-2}:consensus{height=15 round=0}: Decided round=0 height=15 value=a5a16cd71c31447e
2025-08-25T09:38:13.441615Z DEBUG node{moniker=app-2}:wal{height=15}: Flushed WAL to disk wal.entries=5 wal.size=1221
2025-08-25T09:38:13.441662Z DEBUG node{moniker=app-2}:sync{height.tip=14 height.sync=15}: Updating request state height.tip=15
2025-08-25T09:38:13.441668Z DEBUG node{moniker=app-2}:node{moniker=app-2}: metis-test:consensus-chan recv!!! msg:Decided { certificate: CommitCertificate { height: Height(15), round: Some(0), value_id: ValueId(11934940158655284350), commit_signatures: [CommitSignature { address: Address(815F9FA61D7C4F1E4A9E30D40DCA1115BB48F759), signature: Signature(Signature { R_bytes: "56afe2a9a47876f691f014496167d71ad40cff63caae013a80ae73a049b7347e", s_bytes: "257c1009699621bf28762b019d29d4cd18f2760b0f829f2e265e4fd6d0b64e04" }) }, CommitSignature { address: Address(DE7BA2BE72D2225286133990FF5810B691A5261C), signature: Signature(Signature { R_bytes: "ef5053a9757eebf129671987f7cbf3681af307611c913bad6bdcef136d151be1", s_bytes: "55ed67e54ecc70adf77c87d9af68556b2218ef82b298002907be775b6fbb9c09" }) }] }, extensions: VoteExtensions { extensions: [] }, reply: Sender { inner: Some(Inner { state: State { is_complete: false, is_closed: false, is_rx_task_set: true, is_tx_task_set: false } }) } }
2025-08-25T09:38:13.441678Z  INFO node{moniker=app-2}:node{moniker=app-2}: 🟢🟢 Consensus has decided on value height=15 round=0 value=a5a16cd71c31447e
2025-08-25T09:38:13.441706Z DEBUG node{moniker=app-2}:node{moniker=app-2}: 🎁 block size: 545, height: 15
2025-08-25T09:38:13.441711Z  INFO node{moniker=app-2}:node{moniker=app-2}: 👉 stats at height 15: #txs=0, txs/s=0.00, chain_bytes=8175, bytes/s=1292.79
2025-08-25T09:38:13.441713Z DEBUG node{moniker=app-2}:node{moniker=app-2}: 🦄 Block at height 15 contains 0 transactions
2025-08-25T09:38:13.442494Z DEBUG node{moniker=app-2}:node{moniker=app-2}: 💡 New block added at height 15 with hash: 0x6d4a75dfe6471474b08f073e88f7c57a34950a1dd4becfb8ef9ba5812ec6e95a
2025-08-25T09:38:13.442498Z DEBUG node{moniker=app-2}:node{moniker=app-2}: 🟠 set_latest_forkchoice_state: 0x6d4a75dfe6471474b08f073e88f7c57a34950a1dd4becfb8ef9ba5812ec6e95a
2025-08-25T09:38:13.442871Z DEBUG node{moniker=app-2}:node{moniker=app-2}: ➡️ payload_status: PayloadStatus { status: Valid, latest_valid_hash: Some(0x6d4a75dfe6471474b08f073e88f7c57a34950a1dd4becfb8ef9ba5812ec6e95a) }
2025-08-25T09:38:13.442873Z DEBUG node{moniker=app-2}:node{moniker=app-2}: 🚀 Forkchoice updated to height 15 for block hash=0x6d4a75dfe6471474b08f073e88f7c57a34950a1dd4becfb8ef9ba5812ec6e95a and latest_valid_hash=0x6d4a75dfe6471474b08f073e88f7c57a34950a1dd4becfb8ef9ba5812ec6e95a
2025-08-25T09:38:13.442875Z  INFO node{moniker=app-2}:node{moniker=app-2}: Looking for certificate height=15 round=0
2025-08-25T09:38:13.446433Z  INFO node{moniker=app-2}:node{moniker=app-2}: Committed block_data[0..32]: cab8a3db2f6d76fcfe982a35d0c848f04af203875a2e1e7092e90017339de25a
2025-08-25T09:38:13.469340Z DEBUG node{moniker=app-2}:wal{height=16}: Reset WAL height=16
2025-08-25T09:38:13.469417Z DEBUG node{moniker=app-2}:consensus{height=16 round=0}: No WAL entries to replay height=16
2025-08-25T09:38:13.469429Z  INFO node{moniker=app-2}:consensus{height=16 round=0}: Starting new height height=16
2025-08-25T09:38:13.469432Z  INFO node{moniker=app-2}:consensus{height=16 round=0}: Starting new round height=16 round=0 proposer=02CB1B49DA09615BD4A12212C39378556D990DFD role=Proposer
2025-08-25T09:38:13.469440Z DEBUG node{moniker=app-2}:sync{height.tip=14 height.sync=15}: Starting new height height.tip=15 height.sync=16 restart=false
2025-08-25T09:38:13.469442Z DEBUG node{moniker=app-2}:sync{height.tip=14 height.sync=15}: No peer to request sync from height.sync=16
2025-08-25T09:38:13.472569Z DEBUG node{moniker=app-2}:wal{height=16}: Flushed WAL to disk wal.entries=0 wal.size=12
2025-08-25T09:38:13.472608Z DEBUG node{moniker=app-2}:node{moniker=app-2}: metis-test:consensus-chan recv!!! msg:StartedRound { height: Height(16), round: Some(0), proposer: Address(02CB1B49DA09615BD4A12212C39378556D990DFD), role: Proposer, reply_value: Sender { inner: Some(Inner { state: State { is_complete: false, is_closed: false, is_rx_task_set: false, is_tx_task_set: false } }) } }
2025-08-25T09:38:13.472615Z  INFO node{moniker=app-2}:node{moniker=app-2}: 🟢🟢 Started round height=16 round=0 proposer=02CB1B49DA09615BD4A12212C39378556D990DFD role=Proposer
2025-08-25T09:38:13.472621Z ERROR node{moniker=app-2}:consensus{height=16 round=0}: Error when processing effect: Messaging(RecvErr)
2025-08-25T09:38:13.472630Z DEBUG node{moniker=app-2}:consensus{height=16 round=0}: Transitioned to new step step.previous=Unstarted step.new=Propose
2025-08-25T09:38:13.472632Z  INFO node{moniker=app-2}:consensus{height=16 round=0}: Scheduling timeout round=0 step=Propose
2025-08-25T09:38:13.472635Z  INFO node{moniker=app-2}:consensus{height=16 round=0}: Requesting value from application height=16 round=0
2025-08-25T09:38:13.472640Z DEBUG node{moniker=app-2}:consensus{height=16 round=0}: Replaying inputs count=0
2025-08-25T09:38:13.472648Z DEBUG node{moniker=app-2}:node{moniker=app-2}: metis-test:consensus-chan recv!!! msg:GetValue { height: Height(16), round: Some(0), timeout: 3s, reply: Sender { inner: Some(Inner { state: State { is_complete: false, is_closed: false, is_rx_task_set: true, is_tx_task_set: false } }) } }
2025-08-25T09:38:13.472652Z  INFO node{moniker=app-2}:node{moniker=app-2}: 🟢🟢 Consensus is requesting a value to propose height=16 round=0
2025-08-25T09:38:13.472653Z DEBUG node{moniker=app-2}:node{moniker=app-2}: 🟠 generate_block on top of ExecutionBlock { block_hash: 0x6d4a75dfe6471474b08f073e88f7c57a34950a1dd4becfb8ef9ba5812ec6e95a, block_number: 15, parent_hash: 0x6d4a75dfe6471474b08f073e88f7c57a34950a1dd4becfb8ef9ba5812ec6e95a, timestamp: 1756114706, prev_randao: 0x0000000000000000000000000000000000000000000000000000000000000000 }
2025-08-25T09:38:13.489284Z DEBUG node{moniker=app-2}:node{moniker=app-2}: 🌈 Got execution payload: ExecutionPayloadV3 { payload_inner: ExecutionPayloadV2 { payload_inner: ExecutionPayloadV1 { parent_hash: 0x6d4a75dfe6471474b08f073e88f7c57a34950a1dd4becfb8ef9ba5812ec6e95a, fee_recipient: 0x2a2a2a2a2a2a2a2a2a2a2a2a2a2a2a2a2a2a2a2a, state_root: 0xec26df9442c5d4a0a0cc5348c960115b43da08c7aef6be4e4ccc5f136ca892a6, receipts_root: 0x56e81f171bcc55a6ff8345e692c0f86e5b48e01b996cadc001622fb5e363b421, logs_bloom: 0x00000000000000000000000000000000000000000000000000000000000000000000000000000000000000000000000000000000000000000000000000000000000000000000000000000000000000000000000000000000000000000000000000000000000000000000000000000000000000000000000000000000000000000000000000000000000000000000000000000000000000000000000000000000000000000000000000000000000000000000000000000000000000000000000000000000000000000000000000000000000000000000000000000000000000000000000000000000000000000000000000000000000000000000000000000000, prev_randao: 0x0000000000000000000000000000000000000000000000000000000000000000, block_number: 16, gas_limit: 30472174, gas_used: 0, timestamp: 1756114707, extra_data: 0x726574682f76312e342e312f6c696e7578, base_fee_per_gas: 118067089, block_hash: 0x59706f4d89d06a87a4a7038882ee34f0f481b135d2cfd1fa7eda87f185adc74d, transactions: [] }, withdrawals: [] }, blob_gas_used: 0, excess_blob_gas: 0 }
2025-08-25T09:38:13.489299Z DEBUG node{moniker=app-2}:node{moniker=app-2}: 🎁 block size: 545, height: 16
2025-08-25T09:38:13.494702Z  INFO node{moniker=app-2}:node{moniker=app-2}: Streaming proposal part: StreamMessage { stream_id: StreamId(b"\0\0\0\0\0\0\0\x10\0\0\0\0\0\0\0\x05"), sequence: 0, content: Data(Init(ProposalInit { height: Height(16), round: Some(0), proposer: Address(02CB1B49DA09615BD4A12212C39378556D990DFD) })) } height=16 round=0
2025-08-25T09:38:13.494718Z  INFO node{moniker=app-2}:node{moniker=app-2}: Streaming proposal part: StreamMessage { stream_id: StreamId(b"\0\0\0\0\0\0\0\x10\0\0\0\0\0\0\0\x05"), sequence: 1, content: Data(Data(ProposalData { bytes: "<...>", len: 545 })) } height=16 round=0
2025-08-25T09:38:13.494741Z  INFO node{moniker=app-2}:node{moniker=app-2}: Streaming proposal part: StreamMessage { stream_id: StreamId(b"\0\0\0\0\0\0\0\x10\0\0\0\0\0\0\0\x05"), sequence: 2, content: Data(Fin(ProposalFin { signature: Signature(Signature { R_bytes: "b0c9b03e41a74283906505e0e961edd8d0946f51f8fcda5dcab8ff0294d23666", s_bytes: "567f45d8fbfbdfc0ecef955c9cf31fea0daceb9f0d9cf87d525a43dc13be930c" }) })) } height=16 round=0
2025-08-25T09:38:13.494842Z DEBUG node{moniker=app-2}:network: Published message channel=/proposal_parts size=48
2025-08-25T09:38:13.494862Z  INFO node{moniker=app-2}:node{moniker=app-2}: Streaming proposal part: StreamMessage { stream_id: StreamId(b"\0\0\0\0\0\0\0\x10\0\0\0\0\0\0\0\x05"), sequence: 3, content: Fin } height=16 round=0
2025-08-25T09:38:13.494947Z DEBUG node{moniker=app-2}:wal{height=16}: Wrote log entry type=LocallyProposedValue entry.size=598 
2025-08-25T09:38:13.494965Z DEBUG node{moniker=app-2}:network: Published message channel=/proposal_parts size=574
2025-08-25T09:38:13.494996Z DEBUG node{moniker=app-2}:node{moniker=app-2}: ✅ Proposal sent height=16 round=0
2025-08-25T09:38:13.495041Z DEBUG node{moniker=app-2}:network: Published message channel=/proposal_parts size=92
2025-08-25T09:38:13.495111Z DEBUG node{moniker=app-2}:network: Published message channel=/proposal_parts size=22
2025-08-25T09:38:13.495166Z  INFO node{moniker=app-2}:consensus{height=16 round=0}: Proposing value id=40744c0a1d06a1ab round=0
2025-08-25T09:38:13.495245Z  INFO node{moniker=app-2}:consensus{height=16 round=0}: Received proposal consensus.height=16 proposal.height=16 proposal.round=0 proposer=02CB1B49DA09615BD4A12212C39378556D990DFD Proposal(height: 16, round: 0, pol_round: -1, value: 40744c0a1d06a1ab, from: 02CB1B49DA09615BD4A12212C39378556D990DFD)
2025-08-25T09:38:13.495354Z DEBUG node{moniker=app-2}:wal{height=16}: Wrote log entry type=Consensus(Proposal) entry.size=667 
2025-08-25T09:38:13.495381Z DEBUG node{moniker=app-2}:consensus{height=16 round=0}: Transitioned to new step step.previous=Propose step.new=Prevote
2025-08-25T09:38:13.495385Z  INFO node{moniker=app-2}:consensus{height=16 round=0}: Voting vote_type=Prevote value=40744c0a1d06a1ab round=0
2025-08-25T09:38:13.495456Z  INFO node{moniker=app-2}:consensus{height=16 round=0}: Received vote height=16 vote_height=16 address=02CB1B49DA09615BD4A12212C39378556D990DFD Prevote(height: 16, round: 0, value: 40744c0a1d06a1ab, from: 02CB1B49DA09615BD4A12212C39378556D990DFD)
2025-08-25T09:38:13.495509Z DEBUG node{moniker=app-2}:wal{height=16}: Wrote log entry type=Consensus(Vote) entry.size=117 
2025-08-25T09:38:13.498325Z DEBUG node{moniker=app-2}:wal{height=16}: Flushed WAL to disk wal.entries=3 wal.size=1433
2025-08-25T09:38:13.498436Z DEBUG node{moniker=app-2}:network: Published message channel=/consensus size=108
2025-08-25T09:38:13.500445Z DEBUG node{moniker=app-2}:wal{height=16}: Flushed WAL to disk wal.entries=3 wal.size=1433
2025-08-25T09:38:13.500553Z DEBUG node{moniker=app-2}:network: Published message channel=/consensus size=658
2025-08-25T09:38:13.518599Z  INFO node{moniker=app-2}:consensus{height=16 round=0}: Received vote height=16 vote_height=16 address=DE7BA2BE72D2225286133990FF5810B691A5261C Precommit(height: 16, round: 0, value: 40744c0a1d06a1ab, from: DE7BA2BE72D2225286133990FF5810B691A5261C)
2025-08-25T09:38:13.521289Z DEBUG node{moniker=app-2}:wal{height=16}: Wrote log entry type=Consensus(Vote) entry.size=119 
2025-08-25T09:38:13.521687Z  INFO node{moniker=app-2}:consensus{height=16 round=0}: Received vote height=16 vote_height=16 address=DE7BA2BE72D2225286133990FF5810B691A5261C Prevote(height: 16, round: 0, value: 40744c0a1d06a1ab, from: DE7BA2BE72D2225286133990FF5810B691A5261C)
2025-08-25T09:38:13.521729Z DEBUG node{moniker=app-2}:wal{height=16}: Wrote log entry type=Consensus(Vote) entry.size=117 
2025-08-25T09:38:13.521830Z DEBUG node{moniker=app-2}:consensus{height=16 round=0}: Transitioned to new step step.previous=Prevote step.new=Precommit
2025-08-25T09:38:13.521835Z  INFO node{moniker=app-2}:consensus{height=16 round=0}: Voting vote_type=Precommit value=40744c0a1d06a1ab round=0
2025-08-25T09:38:13.521848Z DEBUG node{moniker=app-2}:node{moniker=app-2}: metis-test:consensus-chan recv!!! msg:ExtendVote { height: Height(16), round: Some(0), value_id: ValueId(4644420722046181803), reply: Sender { inner: Some(Inner { state: State { is_complete: false, is_closed: false, is_rx_task_set: true, is_tx_task_set: false } }) } }
2025-08-25T09:38:13.521926Z  INFO node{moniker=app-2}:consensus{height=16 round=0}: Received vote height=16 vote_height=16 address=02CB1B49DA09615BD4A12212C39378556D990DFD Precommit(height: 16, round: 0, value: 40744c0a1d06a1ab, from: 02CB1B49DA09615BD4A12212C39378556D990DFD)
2025-08-25T09:38:13.521969Z DEBUG node{moniker=app-2}:wal{height=16}: Wrote log entry type=Consensus(Vote) entry.size=119 
2025-08-25T09:38:13.521997Z DEBUG node{moniker=app-2}:consensus{height=16 round=0}: Transitioned to new step step.previous=Precommit step.new=Commit
2025-08-25T09:38:13.522001Z  INFO node{moniker=app-2}:consensus{height=16 round=0}: Decided round=0 height=16 value=40744c0a1d06a1ab
2025-08-25T09:38:13.523661Z DEBUG node{moniker=app-2}:wal{height=16}: Flushed WAL to disk wal.entries=6 wal.size=1827
2025-08-25T09:38:13.523700Z DEBUG node{moniker=app-2}:sync{height.tip=15 height.sync=16}: Updating request state height.tip=16
2025-08-25T09:38:13.523710Z DEBUG node{moniker=app-2}:node{moniker=app-2}: metis-test:consensus-chan recv!!! msg:Decided { certificate: CommitCertificate { height: Height(16), round: Some(0), value_id: ValueId(4644420722046181803), commit_signatures: [CommitSignature { address: Address(02CB1B49DA09615BD4A12212C39378556D990DFD), signature: Signature(Signature { R_bytes: "91eaaa4cbf55ec406f7e5184c0f28c80dbcc20832675ab5b4d63feecd6aff11b", s_bytes: "d54450f02367932bbe00c51192870865aa4d898aa39c97fa60d1fce6f9fb540a" }) }, CommitSignature { address: Address(DE7BA2BE72D2225286133990FF5810B691A5261C), signature: Signature(Signature { R_bytes: "04f676a3b179f2ea884cee3f1db7e466178e06523cd5e4b4e1ff29b97525cdb5", s_bytes: "a120f5025dce088d445e06499381ad7d0ed5bee97ab8e69bb16bdfcbf692d20b" }) }] }, extensions: VoteExtensions { extensions: [] }, reply: Sender { inner: Some(Inner { state: State { is_complete: false, is_closed: false, is_rx_task_set: true, is_tx_task_set: false } }) } }
2025-08-25T09:38:13.523721Z  INFO node{moniker=app-2}:node{moniker=app-2}: 🟢🟢 Consensus has decided on value height=16 round=0 value=40744c0a1d06a1ab
2025-08-25T09:38:13.523757Z DEBUG node{moniker=app-2}:node{moniker=app-2}: 🎁 block size: 545, height: 16
2025-08-25T09:38:13.523764Z  INFO node{moniker=app-2}:node{moniker=app-2}: 👉 stats at height 16: #txs=0, txs/s=0.00, chain_bytes=8720, bytes/s=1361.31
2025-08-25T09:38:13.523767Z DEBUG node{moniker=app-2}:node{moniker=app-2}: 🦄 Block at height 16 contains 0 transactions
2025-08-25T09:38:13.525253Z DEBUG node{moniker=app-2}:wal{height=16}: Flushed WAL to disk wal.entries=6 wal.size=1827
2025-08-25T09:38:13.525347Z DEBUG node{moniker=app-2}:network: Published message channel=/consensus size=110
2025-08-25T09:38:13.525965Z DEBUG node{moniker=app-2}:node{moniker=app-2}: 💡 New block added at height 16 with hash: 0x59706f4d89d06a87a4a7038882ee34f0f481b135d2cfd1fa7eda87f185adc74d
2025-08-25T09:38:13.525969Z DEBUG node{moniker=app-2}:node{moniker=app-2}: 🟠 set_latest_forkchoice_state: 0x59706f4d89d06a87a4a7038882ee34f0f481b135d2cfd1fa7eda87f185adc74d
2025-08-25T09:38:13.526634Z DEBUG node{moniker=app-2}:node{moniker=app-2}: ➡️ payload_status: PayloadStatus { status: Valid, latest_valid_hash: Some(0x59706f4d89d06a87a4a7038882ee34f0f481b135d2cfd1fa7eda87f185adc74d) }
2025-08-25T09:38:13.526637Z DEBUG node{moniker=app-2}:node{moniker=app-2}: 🚀 Forkchoice updated to height 16 for block hash=0x59706f4d89d06a87a4a7038882ee34f0f481b135d2cfd1fa7eda87f185adc74d and latest_valid_hash=0x59706f4d89d06a87a4a7038882ee34f0f481b135d2cfd1fa7eda87f185adc74d
2025-08-25T09:38:13.526638Z  INFO node{moniker=app-2}:node{moniker=app-2}: Looking for certificate height=16 round=0
2025-08-25T09:38:13.534487Z  INFO node{moniker=app-2}:node{moniker=app-2}: Committed block_data[0..32]: 6d4a75dfe6471474b08f073e88f7c57a34950a1dd4becfb8ef9ba5812ec6e95a
2025-08-25T09:38:13.552213Z DEBUG node{moniker=app-2}:wal{height=17}: Reset WAL height=17
2025-08-25T09:38:13.552263Z DEBUG node{moniker=app-2}:consensus{height=17 round=0}: No WAL entries to replay height=17
2025-08-25T09:38:13.552284Z  INFO node{moniker=app-2}:consensus{height=17 round=0}: Starting new height height=17
2025-08-25T09:38:13.552288Z  INFO node{moniker=app-2}:consensus{height=17 round=0}: Starting new round height=17 round=0 proposer=02CB1B49DA09615BD4A12212C39378556D990DFD role=Proposer
2025-08-25T09:38:13.552302Z DEBUG node{moniker=app-2}:sync{height.tip=15 height.sync=16}: Starting new height height.tip=16 height.sync=17 restart=false
2025-08-25T09:38:13.552305Z DEBUG node{moniker=app-2}:sync{height.tip=15 height.sync=16}: No peer to request sync from height.sync=17
2025-08-25T09:38:13.553552Z DEBUG node{moniker=app-2}:wal{height=17}: Flushed WAL to disk wal.entries=0 wal.size=12
2025-08-25T09:38:13.553617Z DEBUG node{moniker=app-2}:node{moniker=app-2}: metis-test:consensus-chan recv!!! msg:StartedRound { height: Height(17), round: Some(0), proposer: Address(02CB1B49DA09615BD4A12212C39378556D990DFD), role: Proposer, reply_value: Sender { inner: Some(Inner { state: State { is_complete: false, is_closed: false, is_rx_task_set: false, is_tx_task_set: false } }) } }
2025-08-25T09:38:13.553634Z  INFO node{moniker=app-2}:node{moniker=app-2}: 🟢🟢 Started round height=17 round=0 proposer=02CB1B49DA09615BD4A12212C39378556D990DFD role=Proposer
2025-08-25T09:38:13.553661Z ERROR node{moniker=app-2}:consensus{height=17 round=0}: Error when processing effect: Messaging(RecvErr)
2025-08-25T09:38:13.553674Z DEBUG node{moniker=app-2}:consensus{height=17 round=0}: Transitioned to new step step.previous=Unstarted step.new=Propose
2025-08-25T09:38:13.553677Z  INFO node{moniker=app-2}:consensus{height=17 round=0}: Scheduling timeout round=0 step=Propose
2025-08-25T09:38:13.553681Z  INFO node{moniker=app-2}:consensus{height=17 round=0}: Requesting value from application height=17 round=0
2025-08-25T09:38:13.553687Z DEBUG node{moniker=app-2}:consensus{height=17 round=0}: Replaying inputs count=0
2025-08-25T09:38:13.553700Z DEBUG node{moniker=app-2}:node{moniker=app-2}: metis-test:consensus-chan recv!!! msg:GetValue { height: Height(17), round: Some(0), timeout: 3s, reply: Sender { inner: Some(Inner { state: State { is_complete: false, is_closed: false, is_rx_task_set: true, is_tx_task_set: false } }) } }
2025-08-25T09:38:13.553704Z  INFO node{moniker=app-2}:node{moniker=app-2}: 🟢🟢 Consensus is requesting a value to propose height=17 round=0
2025-08-25T09:38:13.553705Z DEBUG node{moniker=app-2}:node{moniker=app-2}: 🟠 generate_block on top of ExecutionBlock { block_hash: 0x59706f4d89d06a87a4a7038882ee34f0f481b135d2cfd1fa7eda87f185adc74d, block_number: 16, parent_hash: 0x59706f4d89d06a87a4a7038882ee34f0f481b135d2cfd1fa7eda87f185adc74d, timestamp: 1756114707, prev_randao: 0x0000000000000000000000000000000000000000000000000000000000000000 }
2025-08-25T09:38:13.555095Z DEBUG node{moniker=app-2}:node{moniker=app-2}: 🌈 Got execution payload: ExecutionPayloadV3 { payload_inner: ExecutionPayloadV2 { payload_inner: ExecutionPayloadV1 { parent_hash: 0x59706f4d89d06a87a4a7038882ee34f0f481b135d2cfd1fa7eda87f185adc74d, fee_recipient: 0x2a2a2a2a2a2a2a2a2a2a2a2a2a2a2a2a2a2a2a2a, state_root: 0xec26df9442c5d4a0a0cc5348c960115b43da08c7aef6be4e4ccc5f136ca892a6, receipts_root: 0x56e81f171bcc55a6ff8345e692c0f86e5b48e01b996cadc001622fb5e363b421, logs_bloom: 0x00000000000000000000000000000000000000000000000000000000000000000000000000000000000000000000000000000000000000000000000000000000000000000000000000000000000000000000000000000000000000000000000000000000000000000000000000000000000000000000000000000000000000000000000000000000000000000000000000000000000000000000000000000000000000000000000000000000000000000000000000000000000000000000000000000000000000000000000000000000000000000000000000000000000000000000000000000000000000000000000000000000000000000000000000000000, prev_randao: 0x0000000000000000000000000000000000000000000000000000000000000000, block_number: 17, gas_limit: 30501930, gas_used: 0, timestamp: 1756114708, extra_data: 0x726574682f76312e342e312f6c696e7578, base_fee_per_gas: 103308703, block_hash: 0x8458c8f56e66663c54cf6998a8e4497f541e229eb6f34e14069a178ea3588f34, transactions: [] }, withdrawals: [] }, blob_gas_used: 0, excess_blob_gas: 0 }
2025-08-25T09:38:13.555104Z DEBUG node{moniker=app-2}:node{moniker=app-2}: 🎁 block size: 545, height: 17
2025-08-25T09:38:13.564256Z  INFO node{moniker=app-2}:node{moniker=app-2}: Streaming proposal part: StreamMessage { stream_id: StreamId(b"\0\0\0\0\0\0\0\x11\0\0\0\0\0\0\0\x06"), sequence: 0, content: Data(Init(ProposalInit { height: Height(17), round: Some(0), proposer: Address(02CB1B49DA09615BD4A12212C39378556D990DFD) })) } height=17 round=0
2025-08-25T09:38:13.564268Z  INFO node{moniker=app-2}:node{moniker=app-2}: Streaming proposal part: StreamMessage { stream_id: StreamId(b"\0\0\0\0\0\0\0\x11\0\0\0\0\0\0\0\x06"), sequence: 1, content: Data(Data(ProposalData { bytes: "<...>", len: 545 })) } height=17 round=0
2025-08-25T09:38:13.564294Z  INFO node{moniker=app-2}:node{moniker=app-2}: Streaming proposal part: StreamMessage { stream_id: StreamId(b"\0\0\0\0\0\0\0\x11\0\0\0\0\0\0\0\x06"), sequence: 2, content: Data(Fin(ProposalFin { signature: Signature(Signature { R_bytes: "76564b7f4aec60531757e4723bd1fd3a40e7176d2932b41e96b124672d1ec772", s_bytes: "0921e07849ac41040891121d949c41434dc998358962e273db1434913c9b6f0d" }) })) } height=17 round=0
2025-08-25T09:38:13.564390Z DEBUG node{moniker=app-2}:network: Published message channel=/proposal_parts size=48
2025-08-25T09:38:13.564403Z  INFO node{moniker=app-2}:node{moniker=app-2}: Streaming proposal part: StreamMessage { stream_id: StreamId(b"\0\0\0\0\0\0\0\x11\0\0\0\0\0\0\0\x06"), sequence: 3, content: Fin } height=17 round=0
2025-08-25T09:38:13.564505Z DEBUG node{moniker=app-2}:wal{height=17}: Wrote log entry type=LocallyProposedValue entry.size=599 
2025-08-25T09:38:13.564555Z DEBUG node{moniker=app-2}:network: Published message channel=/proposal_parts size=574
2025-08-25T09:38:13.564585Z DEBUG node{moniker=app-2}:node{moniker=app-2}: ✅ Proposal sent height=17 round=0
2025-08-25T09:38:13.564631Z DEBUG node{moniker=app-2}:network: Published message channel=/proposal_parts size=92
2025-08-25T09:38:13.564695Z DEBUG node{moniker=app-2}:network: Published message channel=/proposal_parts size=22
2025-08-25T09:38:13.564739Z  INFO node{moniker=app-2}:consensus{height=17 round=0}: Proposing value id=b98acea53dd0e24f round=0
2025-08-25T09:38:13.564821Z  INFO node{moniker=app-2}:consensus{height=17 round=0}: Received proposal consensus.height=17 proposal.height=17 proposal.round=0 proposer=02CB1B49DA09615BD4A12212C39378556D990DFD Proposal(height: 17, round: 0, pol_round: -1, value: b98acea53dd0e24f, from: 02CB1B49DA09615BD4A12212C39378556D990DFD)
2025-08-25T09:38:13.564892Z DEBUG node{moniker=app-2}:wal{height=17}: Wrote log entry type=Consensus(Proposal) entry.size=668 
2025-08-25T09:38:13.564947Z DEBUG node{moniker=app-2}:consensus{height=17 round=0}: Transitioned to new step step.previous=Propose step.new=Prevote
2025-08-25T09:38:13.564952Z  INFO node{moniker=app-2}:consensus{height=17 round=0}: Voting vote_type=Prevote value=b98acea53dd0e24f round=0
2025-08-25T09:38:13.565023Z  INFO node{moniker=app-2}:consensus{height=17 round=0}: Received vote height=17 vote_height=17 address=02CB1B49DA09615BD4A12212C39378556D990DFD Prevote(height: 17, round: 0, value: b98acea53dd0e24f, from: 02CB1B49DA09615BD4A12212C39378556D990DFD)
2025-08-25T09:38:13.565085Z DEBUG node{moniker=app-2}:wal{height=17}: Wrote log entry type=Consensus(Vote) entry.size=118 
2025-08-25T09:38:13.568261Z DEBUG node{moniker=app-2}:wal{height=17}: Flushed WAL to disk wal.entries=3 wal.size=1436
2025-08-25T09:38:13.568354Z DEBUG node{moniker=app-2}:network: Published message channel=/consensus size=109
2025-08-25T09:38:13.571267Z DEBUG node{moniker=app-2}:wal{height=17}: Flushed WAL to disk wal.entries=3 wal.size=1436
2025-08-25T09:38:13.571327Z DEBUG node{moniker=app-2}:network: Published message channel=/consensus size=659
2025-08-25T09:38:13.582154Z  INFO node{moniker=app-2}:consensus{height=17 round=0}: Received vote height=17 vote_height=17 address=815F9FA61D7C4F1E4A9E30D40DCA1115BB48F759 Precommit(height: 17, round: 0, value: b98acea53dd0e24f, from: 815F9FA61D7C4F1E4A9E30D40DCA1115BB48F759)
2025-08-25T09:38:13.583335Z DEBUG node{moniker=app-2}:wal{height=17}: Wrote log entry type=Consensus(Vote) entry.size=120 
2025-08-25T09:38:13.583638Z  INFO node{moniker=app-2}:consensus{height=17 round=0}: Received vote height=17 vote_height=17 address=815F9FA61D7C4F1E4A9E30D40DCA1115BB48F759 Prevote(height: 17, round: 0, value: b98acea53dd0e24f, from: 815F9FA61D7C4F1E4A9E30D40DCA1115BB48F759)
2025-08-25T09:38:13.583682Z DEBUG node{moniker=app-2}:wal{height=17}: Wrote log entry type=Consensus(Vote) entry.size=118 
2025-08-25T09:38:13.583729Z DEBUG node{moniker=app-2}:consensus{height=17 round=0}: Transitioned to new step step.previous=Prevote step.new=Precommit
2025-08-25T09:38:13.583734Z  INFO node{moniker=app-2}:consensus{height=17 round=0}: Voting vote_type=Precommit value=b98acea53dd0e24f round=0
2025-08-25T09:38:13.583745Z DEBUG node{moniker=app-2}:node{moniker=app-2}: metis-test:consensus-chan recv!!! msg:ExtendVote { height: Height(17), round: Some(0), value_id: ValueId(13369725652904763983), reply: Sender { inner: Some(Inner { state: State { is_complete: false, is_closed: false, is_rx_task_set: true, is_tx_task_set: false } }) } }
2025-08-25T09:38:13.583823Z  INFO node{moniker=app-2}:consensus{height=17 round=0}: Received vote height=17 vote_height=17 address=02CB1B49DA09615BD4A12212C39378556D990DFD Precommit(height: 17, round: 0, value: b98acea53dd0e24f, from: 02CB1B49DA09615BD4A12212C39378556D990DFD)
2025-08-25T09:38:13.583862Z DEBUG node{moniker=app-2}:wal{height=17}: Wrote log entry type=Consensus(Vote) entry.size=120 
2025-08-25T09:38:13.583876Z DEBUG node{moniker=app-2}:consensus{height=17 round=0}: Transitioned to new step step.previous=Precommit step.new=Commit
2025-08-25T09:38:13.583878Z  INFO node{moniker=app-2}:consensus{height=17 round=0}: Decided round=0 height=17 value=b98acea53dd0e24f
2025-08-25T09:38:13.585716Z DEBUG node{moniker=app-2}:wal{height=17}: Flushed WAL to disk wal.entries=6 wal.size=1833
2025-08-25T09:38:13.585766Z DEBUG node{moniker=app-2}:sync{height.tip=16 height.sync=17}: Updating request state height.tip=17
2025-08-25T09:38:13.585780Z DEBUG node{moniker=app-2}:node{moniker=app-2}: metis-test:consensus-chan recv!!! msg:Decided { certificate: CommitCertificate { height: Height(17), round: Some(0), value_id: ValueId(13369725652904763983), commit_signatures: [CommitSignature { address: Address(02CB1B49DA09615BD4A12212C39378556D990DFD), signature: Signature(Signature { R_bytes: "0bc5a7917d26822b83df55f42a3199c5365ce8b268846b7a588e99cffdbf950c", s_bytes: "194cac1510906c3c0f17fc530c3758e03d83d50692956e9456549a5118d6be0f" }) }, CommitSignature { address: Address(815F9FA61D7C4F1E4A9E30D40DCA1115BB48F759), signature: Signature(Signature { R_bytes: "31d83d1c3f123c14f66778d915d9a70a60ca748ce3d7ae51d93b3cd14c1cc975", s_bytes: "22f3085225dd20f80ef65e865ebb3c1ce2e2c79753670ced67c5c647c9e31e04" }) }] }, extensions: VoteExtensions { extensions: [] }, reply: Sender { inner: Some(Inner { state: State { is_complete: false, is_closed: false, is_rx_task_set: true, is_tx_task_set: false } }) } }
2025-08-25T09:38:13.585792Z  INFO node{moniker=app-2}:node{moniker=app-2}: 🟢🟢 Consensus has decided on value height=17 round=0 value=b98acea53dd0e24f
2025-08-25T09:38:13.585850Z DEBUG node{moniker=app-2}:node{moniker=app-2}: 🎁 block size: 545, height: 17
2025-08-25T09:38:13.585866Z  INFO node{moniker=app-2}:node{moniker=app-2}: 👉 stats at height 17: #txs=0, txs/s=0.00, chain_bytes=9265, bytes/s=1432.51
2025-08-25T09:38:13.585871Z DEBUG node{moniker=app-2}:node{moniker=app-2}: 🦄 Block at height 17 contains 0 transactions
2025-08-25T09:38:13.589617Z DEBUG node{moniker=app-2}:wal{height=17}: Flushed WAL to disk wal.entries=6 wal.size=1833
2025-08-25T09:38:13.589707Z DEBUG node{moniker=app-2}:network: Published message channel=/consensus size=111
2025-08-25T09:38:13.590927Z DEBUG node{moniker=app-2}:node{moniker=app-2}: 💡 New block added at height 17 with hash: 0x8458c8f56e66663c54cf6998a8e4497f541e229eb6f34e14069a178ea3588f34
2025-08-25T09:38:13.590933Z DEBUG node{moniker=app-2}:node{moniker=app-2}: 🟠 set_latest_forkchoice_state: 0x8458c8f56e66663c54cf6998a8e4497f541e229eb6f34e14069a178ea3588f34
2025-08-25T09:38:13.591543Z DEBUG node{moniker=app-2}:node{moniker=app-2}: ➡️ payload_status: PayloadStatus { status: Valid, latest_valid_hash: Some(0x8458c8f56e66663c54cf6998a8e4497f541e229eb6f34e14069a178ea3588f34) }
2025-08-25T09:38:13.591547Z DEBUG node{moniker=app-2}:node{moniker=app-2}: 🚀 Forkchoice updated to height 17 for block hash=0x8458c8f56e66663c54cf6998a8e4497f541e229eb6f34e14069a178ea3588f34 and latest_valid_hash=0x8458c8f56e66663c54cf6998a8e4497f541e229eb6f34e14069a178ea3588f34
2025-08-25T09:38:13.591548Z  INFO node{moniker=app-2}:node{moniker=app-2}: Looking for certificate height=17 round=0
2025-08-25T09:38:13.596698Z  INFO node{moniker=app-2}:node{moniker=app-2}: Committed block_data[0..32]: 59706f4d89d06a87a4a7038882ee34f0f481b135d2cfd1fa7eda87f185adc74d
2025-08-25T09:38:13.610735Z DEBUG node{moniker=app-2}:wal{height=18}: Reset WAL height=18
2025-08-25T09:38:13.610771Z DEBUG node{moniker=app-2}:consensus{height=18 round=0}: No WAL entries to replay height=18
2025-08-25T09:38:13.610789Z  INFO node{moniker=app-2}:consensus{height=18 round=0}: Starting new height height=18
2025-08-25T09:38:13.610793Z  INFO node{moniker=app-2}:consensus{height=18 round=0}: Starting new round height=18 round=0 proposer=DE7BA2BE72D2225286133990FF5810B691A5261C role=None
2025-08-25T09:38:13.610812Z DEBUG node{moniker=app-2}:sync{height.tip=16 height.sync=17}: Starting new height height.tip=17 height.sync=18 restart=false
2025-08-25T09:38:13.610816Z DEBUG node{moniker=app-2}:sync{height.tip=16 height.sync=17}: No peer to request sync from height.sync=18
2025-08-25T09:38:13.613436Z DEBUG node{moniker=app-2}:wal{height=18}: Flushed WAL to disk wal.entries=0 wal.size=12
2025-08-25T09:38:13.613469Z DEBUG node{moniker=app-2}:node{moniker=app-2}: metis-test:consensus-chan recv!!! msg:StartedRound { height: Height(18), round: Some(0), proposer: Address(DE7BA2BE72D2225286133990FF5810B691A5261C), role: None, reply_value: Sender { inner: Some(Inner { state: State { is_complete: false, is_closed: false, is_rx_task_set: false, is_tx_task_set: false } }) } }
2025-08-25T09:38:13.613475Z  INFO node{moniker=app-2}:node{moniker=app-2}: 🟢🟢 Started round height=18 round=0 proposer=DE7BA2BE72D2225286133990FF5810B691A5261C role=None
2025-08-25T09:38:13.613489Z ERROR node{moniker=app-2}:consensus{height=18 round=0}: Error when processing effect: Messaging(RecvErr)
2025-08-25T09:38:13.613512Z DEBUG node{moniker=app-2}:consensus{height=18 round=0}: Transitioned to new step step.previous=Unstarted step.new=Propose
2025-08-25T09:38:13.613526Z  INFO node{moniker=app-2}:consensus{height=18 round=0}: Scheduling timeout round=0 step=Propose
2025-08-25T09:38:13.613544Z DEBUG node{moniker=app-2}:consensus{height=18 round=0}: Replaying inputs count=0
2025-08-25T09:38:13.622198Z DEBUG node{moniker=app-2}:node{moniker=app-2}: metis-test:consensus-chan recv!!! msg:ReceivedProposalPart { from: PeerId("12D3KooWEFmACkQS9HNWY86xGVM3LS7fRpQ8saTb5VdfdYCzuUvE"), part: StreamMessage { stream_id: StreamId(b"\0\0\0\0\0\0\0\x12\0\0\0\0\0\0\0\x05"), sequence: 0, content: Data(Init(ProposalInit { height: Height(18), round: Some(0), proposer: Address(DE7BA2BE72D2225286133990FF5810B691A5261C) })) }, reply: Sender { inner: Some(Inner { state: State { is_complete: false, is_closed: false, is_rx_task_set: true, is_tx_task_set: false } }) } }
2025-08-25T09:38:13.622217Z  INFO node{moniker=app-2}:node{moniker=app-2}: Received proposal part from=12D3KooWEFmACkQS9HNWY86xGVM3LS7fRpQ8saTb5VdfdYCzuUvE part.sequence=0 part.type=init part.size=28
2025-08-25T09:38:13.622543Z DEBUG node{moniker=app-2}:node{moniker=app-2}: metis-test:consensus-chan recv!!! msg:ReceivedProposalPart { from: PeerId("12D3KooWEFmACkQS9HNWY86xGVM3LS7fRpQ8saTb5VdfdYCzuUvE"), part: StreamMessage { stream_id: StreamId(b"\0\0\0\0\0\0\0\x12\0\0\0\0\0\0\0\x05"), sequence: 1, content: Data(Data(ProposalData { bytes: "<...>", len: 545 })) }, reply: Sender { inner: Some(Inner { state: State { is_complete: false, is_closed: false, is_rx_task_set: true, is_tx_task_set: false } }) } }
2025-08-25T09:38:13.622551Z  INFO node{moniker=app-2}:node{moniker=app-2}: Received proposal part from=12D3KooWEFmACkQS9HNWY86xGVM3LS7fRpQ8saTb5VdfdYCzuUvE part.sequence=1 part.type=data part.size=551
2025-08-25T09:38:13.622560Z DEBUG node{moniker=app-2}:node{moniker=app-2}: metis-test:consensus-chan recv!!! msg:ReceivedProposalPart { from: PeerId("12D3KooWEFmACkQS9HNWY86xGVM3LS7fRpQ8saTb5VdfdYCzuUvE"), part: StreamMessage { stream_id: StreamId(b"\0\0\0\0\0\0\0\x12\0\0\0\0\0\0\0\x05"), sequence: 2, content: Data(Fin(ProposalFin { signature: Signature(Signature { R_bytes: "886a0a2d816b3f96e7ab68c86a9713cc7fa0ebd51ffb57fcc4c0ba471d112d0d", s_bytes: "d7f389cee3a57a6a7eb2676b92f421d8258015cbf310e1579f5ed9beb803ee05" }) })) }, reply: Sender { inner: Some(Inner { state: State { is_complete: false, is_closed: false, is_rx_task_set: true, is_tx_task_set: false } }) } }
2025-08-25T09:38:13.622567Z  INFO node{moniker=app-2}:node{moniker=app-2}: Received proposal part from=12D3KooWEFmACkQS9HNWY86xGVM3LS7fRpQ8saTb5VdfdYCzuUvE part.sequence=2 part.type=fin part.size=70
2025-08-25T09:38:13.622693Z DEBUG node{moniker=app-2}:node{moniker=app-2}: metis-test:consensus-chan recv!!! msg:ReceivedProposalPart { from: PeerId("12D3KooWEFmACkQS9HNWY86xGVM3LS7fRpQ8saTb5VdfdYCzuUvE"), part: StreamMessage { stream_id: StreamId(b"\0\0\0\0\0\0\0\x12\0\0\0\0\0\0\0\x05"), sequence: 3, content: Fin }, reply: Sender { inner: Some(Inner { state: State { is_complete: false, is_closed: false, is_rx_task_set: true, is_tx_task_set: false } }) } }
2025-08-25T09:38:13.622697Z  INFO node{moniker=app-2}:node{moniker=app-2}: Received proposal part from=12D3KooWEFmACkQS9HNWY86xGVM3LS7fRpQ8saTb5VdfdYCzuUvE part.sequence=3 part.type=end of stream part.size=0
2025-08-25T09:38:13.622758Z  INFO node{moniker=app-2}:node{moniker=app-2}: Proposal data[0..32]: 8458c8f56e66663c54cf6998a8e4497f541e229eb6f34e14069a178ea3588f34, total_size: 545 bytes, id: 78cf0ecc3144bc7e
2025-08-25T09:38:13.630852Z  INFO node{moniker=app-2}:consensus{height=18 round=0}: Received vote height=18 vote_height=18 address=DE7BA2BE72D2225286133990FF5810B691A5261C Prevote(height: 18, round: 0, value: 78cf0ecc3144bc7e, from: DE7BA2BE72D2225286133990FF5810B691A5261C)
2025-08-25T09:38:13.632029Z DEBUG node{moniker=app-2}:wal{height=18}: Wrote log entry type=Consensus(Vote) entry.size=117 
2025-08-25T09:38:13.632120Z DEBUG node{moniker=app-2}:node{moniker=app-2}: ✅ Received complete proposal: ProposedValue { height: Height(18), round: Some(0), valid_round: Nil, proposer: Address(DE7BA2BE72D2225286133990FF5810B691A5261C), value: Value { value: 8705192874893163646, extensions: b"\x84X\xc8\xf5nff<T\xcfi\x98\xa8\xe4I\x7fT\x1e\"\x9e\xb6\xf3N\x14\x06\x9a\x17\x8e\xa3X\x8f4********************\xec&\xdf\x94B\xc5\xd4\xa0\xa0\xccSH\xc9`\x11[C\xda\x08\xc7\xae\xf6\xbeNL\xcc_\x13l\xa8\x92\xa6V\xe8\x1f\x17\x1b\xccU\xa6\xff\x83E\xe6\x92\xc0\xf8n[H\xe0\x1b\x99l\xad\xc0\x01b/\xb5\xe3c\xb4!\0\0\0\0\0\0\0\0\0\0\0\0\0\0\0\0\0\0\0\0\0\0\0\0\0\0\0\0\0\0\0\0\0\0\0\0\0\0\0\0\0\0\0\0\0\0\0\0\0\0\0\0\0\0\0\0\0\0\0\0\0\0\0\0\0\0\0\0\0\0\0\0\0\0\0\0\0\0\0\0\0\0\0\0\0\0\0\0\0\0\0\0\0\0\0\0\0\0\0\0\0\0\0\0\0\0\0\0\0\0\0\0\0\0\0\0\0\0\0\0\0\0\0\0\0\0\0\0\0\0\0\0\0\0\0\0\0\0\0\0\0\0\0\0\0\0\0\0\0\0\0\0\0\0\0\0\0\0\0\0\0\0\0\0\0\0\0\0\0\0\0\0\0\0\0\0\0\0\0\0\0\0\0\0\0\0\0\0\0\0\0\0\0\0\0\0\0\0\0\0\0\0\0\0\0\0\0\0\0\0\0\0\0\0\0\0\0\0\0\0\0\0\0\0\0\0\0\0\0\0\0\0\0\0\0\0\0\0\0\0\0\0\0\0\0\0\0\0\0\0\0\0\0\0\0\0\0\0\0\0\0\0\0\0\0\0\0\0\0\0\0\0\0\0\0\0\0\0\0\0\0\0\0\0\0\0\0\0\x12\0\0\0\0\0\0\0\x84\xe0\xd1\x01\0\0\0\0\0\0\0\0\0\0\0\0\x15/\xach\0\0\0\0\x10\x02\0\0\xecQc\x05\0\0\0\0\0\0\0\0\0\0\0\0\0\0\0\0\0\0\0\0\0\0\0\0\0\0\0\0`?S\x14\0_\x1d%BG=\xd69\nn\xba\x0e\xd6r\xb2\xa7\xd1.\xd7\xc25\x95\xd7(G\x8b\xde!\x02\0\0!\x02\0\0\0\0\0\0\0\0\0\0\0\0\0\0\0\0\0\0reth/v1.4.1/linux" }, validity: Valid }
2025-08-25T09:38:13.632673Z DEBUG node{moniker=app-2}:wal{height=18}: Wrote log entry type=LocallyProposedValue entry.size=598 
2025-08-25T09:38:13.633045Z  INFO node{moniker=app-2}:consensus{height=18 round=0}: Received proposal consensus.height=18 proposal.height=18 proposal.round=0 proposer=DE7BA2BE72D2225286133990FF5810B691A5261C Proposal(height: 18, round: 0, pol_round: -1, value: 78cf0ecc3144bc7e, from: DE7BA2BE72D2225286133990FF5810B691A5261C)
2025-08-25T09:38:13.635251Z DEBUG node{moniker=app-2}:wal{height=18}: Wrote log entry type=Consensus(Proposal) entry.size=667 
2025-08-25T09:38:13.635282Z DEBUG node{moniker=app-2}:consensus{height=18 round=0}: Transitioned to new step step.previous=Propose step.new=Prevote
2025-08-25T09:38:13.638887Z  INFO node{moniker=app-2}:consensus{height=18 round=0}: Received vote height=18 vote_height=18 address=815F9FA61D7C4F1E4A9E30D40DCA1115BB48F759 Precommit(height: 18, round: 0, value: 78cf0ecc3144bc7e, from: 815F9FA61D7C4F1E4A9E30D40DCA1115BB48F759)
2025-08-25T09:38:13.641193Z DEBUG node{moniker=app-2}:wal{height=18}: Wrote log entry type=Consensus(Vote) entry.size=119 
2025-08-25T09:38:13.641510Z  INFO node{moniker=app-2}:consensus{height=18 round=0}: Received vote height=18 vote_height=18 address=815F9FA61D7C4F1E4A9E30D40DCA1115BB48F759 Prevote(height: 18, round: 0, value: 78cf0ecc3144bc7e, from: 815F9FA61D7C4F1E4A9E30D40DCA1115BB48F759)
2025-08-25T09:38:13.641549Z DEBUG node{moniker=app-2}:wal{height=18}: Wrote log entry type=Consensus(Vote) entry.size=117 
2025-08-25T09:38:13.641605Z DEBUG node{moniker=app-2}:consensus{height=18 round=0}: Transitioned to new step step.previous=Prevote step.new=Precommit
2025-08-25T09:38:13.647185Z  INFO node{moniker=app-2}:consensus{height=18 round=0}: Received vote height=18 vote_height=18 address=DE7BA2BE72D2225286133990FF5810B691A5261C Precommit(height: 18, round: 0, value: 78cf0ecc3144bc7e, from: DE7BA2BE72D2225286133990FF5810B691A5261C)
2025-08-25T09:38:13.647246Z DEBUG node{moniker=app-2}:wal{height=18}: Wrote log entry type=Consensus(Vote) entry.size=119 
2025-08-25T09:38:13.647279Z DEBUG node{moniker=app-2}:consensus{height=18 round=0}: Transitioned to new step step.previous=Precommit step.new=Commit
2025-08-25T09:38:13.647282Z  INFO node{moniker=app-2}:consensus{height=18 round=0}: Decided round=0 height=18 value=78cf0ecc3144bc7e
2025-08-25T09:38:13.650202Z DEBUG node{moniker=app-2}:wal{height=18}: Flushed WAL to disk wal.entries=6 wal.size=1827
2025-08-25T09:38:13.650243Z DEBUG node{moniker=app-2}:sync{height.tip=17 height.sync=18}: Updating request state height.tip=18
2025-08-25T09:38:13.650249Z DEBUG node{moniker=app-2}:node{moniker=app-2}: metis-test:consensus-chan recv!!! msg:Decided { certificate: CommitCertificate { height: Height(18), round: Some(0), value_id: ValueId(8705192874893163646), commit_signatures: [CommitSignature { address: Address(815F9FA61D7C4F1E4A9E30D40DCA1115BB48F759), signature: Signature(Signature { R_bytes: "62a72e61d3184492cff61ea20b00fe258638e042f3f74b971067ae2a110154a5", s_bytes: "899779ddebfb20d75719566e082f1f1a366a7c6b7ca23ee47a8326c346f3df01" }) }, CommitSignature { address: Address(DE7BA2BE72D2225286133990FF5810B691A5261C), signature: Signature(Signature { R_bytes: "1cc3a45c70ef21887cf4549cc6f3283732830e27c754868f65ecd5ac739fcce7", s_bytes: "ad0a717cb5a522e0872d82592d67a3e2b8cd3403a3523608524eca773f191109" }) }] }, extensions: VoteExtensions { extensions: [] }, reply: Sender { inner: Some(Inner { state: State { is_complete: false, is_closed: false, is_rx_task_set: true, is_tx_task_set: false } }) } }
2025-08-25T09:38:13.650259Z  INFO node{moniker=app-2}:node{moniker=app-2}: 🟢🟢 Consensus has decided on value height=18 round=0 value=78cf0ecc3144bc7e
2025-08-25T09:38:13.650291Z DEBUG node{moniker=app-2}:node{moniker=app-2}: 🎁 block size: 545, height: 18
2025-08-25T09:38:13.650296Z  INFO node{moniker=app-2}:node{moniker=app-2}: 👉 stats at height 18: #txs=0, txs/s=0.00, chain_bytes=9810, bytes/s=1501.81
2025-08-25T09:38:13.650299Z DEBUG node{moniker=app-2}:node{moniker=app-2}: 🦄 Block at height 18 contains 0 transactions
2025-08-25T09:38:13.651793Z DEBUG node{moniker=app-2}:node{moniker=app-2}: 💡 New block added at height 18 with hash: 0x603f5314005f1d2542473dd6390a6eba0ed672b2a7d12ed7c23595d728478bde
2025-08-25T09:38:13.651796Z DEBUG node{moniker=app-2}:node{moniker=app-2}: 🟠 set_latest_forkchoice_state: 0x603f5314005f1d2542473dd6390a6eba0ed672b2a7d12ed7c23595d728478bde
2025-08-25T09:38:13.652522Z DEBUG node{moniker=app-2}:node{moniker=app-2}: ➡️ payload_status: PayloadStatus { status: Valid, latest_valid_hash: Some(0x603f5314005f1d2542473dd6390a6eba0ed672b2a7d12ed7c23595d728478bde) }
2025-08-25T09:38:13.652524Z DEBUG node{moniker=app-2}:node{moniker=app-2}: 🚀 Forkchoice updated to height 18 for block hash=0x603f5314005f1d2542473dd6390a6eba0ed672b2a7d12ed7c23595d728478bde and latest_valid_hash=0x603f5314005f1d2542473dd6390a6eba0ed672b2a7d12ed7c23595d728478bde
2025-08-25T09:38:13.652525Z  INFO node{moniker=app-2}:node{moniker=app-2}: Looking for certificate height=18 round=0
2025-08-25T09:38:13.658442Z  INFO node{moniker=app-2}:node{moniker=app-2}: Committed block_data[0..32]: 8458c8f56e66663c54cf6998a8e4497f541e229eb6f34e14069a178ea3588f34
2025-08-25T09:38:13.696193Z DEBUG node{moniker=app-2}:wal{height=19}: Reset WAL height=19
2025-08-25T09:38:13.696240Z DEBUG node{moniker=app-2}:consensus{height=19 round=0}: No WAL entries to replay height=19
2025-08-25T09:38:13.696286Z  INFO node{moniker=app-2}:consensus{height=19 round=0}: Starting new height height=19
2025-08-25T09:38:13.696305Z  INFO node{moniker=app-2}:consensus{height=19 round=0}: Starting new round height=19 round=0 proposer=DE7BA2BE72D2225286133990FF5810B691A5261C role=Validator
2025-08-25T09:38:13.696321Z DEBUG node{moniker=app-2}:sync{height.tip=17 height.sync=18}: Starting new height height.tip=18 height.sync=19 restart=false
2025-08-25T09:38:13.696325Z DEBUG node{moniker=app-2}:sync{height.tip=17 height.sync=18}: No peer to request sync from height.sync=19
2025-08-25T09:38:13.699645Z DEBUG node{moniker=app-2}:wal{height=19}: Flushed WAL to disk wal.entries=0 wal.size=12
2025-08-25T09:38:13.699684Z DEBUG node{moniker=app-2}:node{moniker=app-2}: metis-test:consensus-chan recv!!! msg:StartedRound { height: Height(19), round: Some(0), proposer: Address(DE7BA2BE72D2225286133990FF5810B691A5261C), role: Validator, reply_value: Sender { inner: Some(Inner { state: State { is_complete: false, is_closed: false, is_rx_task_set: false, is_tx_task_set: false } }) } }
2025-08-25T09:38:13.699690Z  INFO node{moniker=app-2}:node{moniker=app-2}: 🟢🟢 Started round height=19 round=0 proposer=DE7BA2BE72D2225286133990FF5810B691A5261C role=Validator
2025-08-25T09:38:13.699696Z ERROR node{moniker=app-2}:consensus{height=19 round=0}: Error when processing effect: Messaging(RecvErr)
2025-08-25T09:38:13.699707Z DEBUG node{moniker=app-2}:consensus{height=19 round=0}: Transitioned to new step step.previous=Unstarted step.new=Propose
2025-08-25T09:38:13.699709Z  INFO node{moniker=app-2}:consensus{height=19 round=0}: Scheduling timeout round=0 step=Propose
2025-08-25T09:38:13.699714Z DEBUG node{moniker=app-2}:consensus{height=19 round=0}: Replaying inputs count=0
2025-08-25T09:38:13.706192Z DEBUG node{moniker=app-2}:node{moniker=app-2}: metis-test:consensus-chan recv!!! msg:ReceivedProposalPart { from: PeerId("12D3KooWEFmACkQS9HNWY86xGVM3LS7fRpQ8saTb5VdfdYCzuUvE"), part: StreamMessage { stream_id: StreamId(b"\0\0\0\0\0\0\0\x13\0\0\0\0\0\0\0\x06"), sequence: 0, content: Data(Init(ProposalInit { height: Height(19), round: Some(0), proposer: Address(DE7BA2BE72D2225286133990FF5810B691A5261C) })) }, reply: Sender { inner: Some(Inner { state: State { is_complete: false, is_closed: false, is_rx_task_set: true, is_tx_task_set: false } }) } }
2025-08-25T09:38:13.706208Z  INFO node{moniker=app-2}:node{moniker=app-2}: Received proposal part from=12D3KooWEFmACkQS9HNWY86xGVM3LS7fRpQ8saTb5VdfdYCzuUvE part.sequence=0 part.type=init part.size=28
2025-08-25T09:38:13.706537Z DEBUG node{moniker=app-2}:node{moniker=app-2}: metis-test:consensus-chan recv!!! msg:ReceivedProposalPart { from: PeerId("12D3KooWEFmACkQS9HNWY86xGVM3LS7fRpQ8saTb5VdfdYCzuUvE"), part: StreamMessage { stream_id: StreamId(b"\0\0\0\0\0\0\0\x13\0\0\0\0\0\0\0\x06"), sequence: 1, content: Data(Data(ProposalData { bytes: "<...>", len: 545 })) }, reply: Sender { inner: Some(Inner { state: State { is_complete: false, is_closed: false, is_rx_task_set: true, is_tx_task_set: false } }) } }
2025-08-25T09:38:13.706546Z  INFO node{moniker=app-2}:node{moniker=app-2}: Received proposal part from=12D3KooWEFmACkQS9HNWY86xGVM3LS7fRpQ8saTb5VdfdYCzuUvE part.sequence=1 part.type=data part.size=551
2025-08-25T09:38:13.706554Z DEBUG node{moniker=app-2}:node{moniker=app-2}: metis-test:consensus-chan recv!!! msg:ReceivedProposalPart { from: PeerId("12D3KooWEFmACkQS9HNWY86xGVM3LS7fRpQ8saTb5VdfdYCzuUvE"), part: StreamMessage { stream_id: StreamId(b"\0\0\0\0\0\0\0\x13\0\0\0\0\0\0\0\x06"), sequence: 2, content: Data(Fin(ProposalFin { signature: Signature(Signature { R_bytes: "ba0e0f0ad01c0fc5ff7961af5fe1c6cd867969ae88c43dca89153b49719616ee", s_bytes: "0f4014d0b2665a51d9825b10afbc3ef0fe2b359a98f2f86edad57f89200ee300" }) })) }, reply: Sender { inner: Some(Inner { state: State { is_complete: false, is_closed: false, is_rx_task_set: true, is_tx_task_set: false } }) } }
2025-08-25T09:38:13.706561Z  INFO node{moniker=app-2}:node{moniker=app-2}: Received proposal part from=12D3KooWEFmACkQS9HNWY86xGVM3LS7fRpQ8saTb5VdfdYCzuUvE part.sequence=2 part.type=fin part.size=70
2025-08-25T09:38:13.707069Z DEBUG node{moniker=app-2}:node{moniker=app-2}: metis-test:consensus-chan recv!!! msg:ReceivedProposalPart { from: PeerId("12D3KooWEFmACkQS9HNWY86xGVM3LS7fRpQ8saTb5VdfdYCzuUvE"), part: StreamMessage { stream_id: StreamId(b"\0\0\0\0\0\0\0\x13\0\0\0\0\0\0\0\x06"), sequence: 3, content: Fin }, reply: Sender { inner: Some(Inner { state: State { is_complete: false, is_closed: false, is_rx_task_set: true, is_tx_task_set: false } }) } }
2025-08-25T09:38:13.707074Z  INFO node{moniker=app-2}:node{moniker=app-2}: Received proposal part from=12D3KooWEFmACkQS9HNWY86xGVM3LS7fRpQ8saTb5VdfdYCzuUvE part.sequence=3 part.type=end of stream part.size=0
2025-08-25T09:38:13.707135Z  INFO node{moniker=app-2}:node{moniker=app-2}: Proposal data[0..32]: 603f5314005f1d2542473dd6390a6eba0ed672b2a7d12ed7c23595d728478bde, total_size: 545 bytes, id: 75673974a618c3f3
2025-08-25T09:38:13.710562Z  INFO node{moniker=app-2}:consensus{height=19 round=0}: Received vote height=19 vote_height=19 address=DE7BA2BE72D2225286133990FF5810B691A5261C Prevote(height: 19, round: 0, value: 75673974a618c3f3, from: DE7BA2BE72D2225286133990FF5810B691A5261C)
2025-08-25T09:38:13.718114Z DEBUG node{moniker=app-2}:wal{height=19}: Wrote log entry type=Consensus(Vote) entry.size=117 
2025-08-25T09:38:13.718962Z  INFO node{moniker=app-2}:consensus{height=19 round=0}: Received proposal consensus.height=19 proposal.height=19 proposal.round=0 proposer=DE7BA2BE72D2225286133990FF5810B691A5261C Proposal(height: 19, round: 0, pol_round: -1, value: 75673974a618c3f3, from: DE7BA2BE72D2225286133990FF5810B691A5261C)
2025-08-25T09:38:13.721231Z DEBUG node{moniker=app-2}:wal{height=19}: Wrote log entry type=Consensus(Proposal) entry.size=667 
2025-08-25T09:38:13.721258Z DEBUG node{moniker=app-2}:consensus{height=19 round=0}: No full proposal for this round yet, stored proposal for later proposal.height=19 proposal.round=0
2025-08-25T09:38:13.721266Z DEBUG node{moniker=app-2}:node{moniker=app-2}: ✅ Received complete proposal: ProposedValue { height: Height(19), round: Some(0), valid_round: Nil, proposer: Address(DE7BA2BE72D2225286133990FF5810B691A5261C), value: Value { value: 8459793598204396531, extensions: b"`?S\x14\0_\x1d%BG=\xd69\nn\xba\x0e\xd6r\xb2\xa7\xd1.\xd7\xc25\x95\xd7(G\x8b\xde********************\xec&\xdf\x94B\xc5\xd4\xa0\xa0\xccSH\xc9`\x11[C\xda\x08\xc7\xae\xf6\xbeNL\xcc_\x13l\xa8\x92\xa6V\xe8\x1f\x17\x1b\xccU\xa6\xff\x83E\xe6\x92\xc0\xf8n[H\xe0\x1b\x99l\xad\xc0\x01b/\xb5\xe3c\xb4!\0\0\0\0\0\0\0\0\0\0\0\0\0\0\0\0\0\0\0\0\0\0\0\0\0\0\0\0\0\0\0\0\0\0\0\0\0\0\0\0\0\0\0\0\0\0\0\0\0\0\0\0\0\0\0\0\0\0\0\0\0\0\0\0\0\0\0\0\0\0\0\0\0\0\0\0\0\0\0\0\0\0\0\0\0\0\0\0\0\0\0\0\0\0\0\0\0\0\0\0\0\0\0\0\0\0\0\0\0\0\0\0\0\0\0\0\0\0\0\0\0\0\0\0\0\0\0\0\0\0\0\0\0\0\0\0\0\0\0\0\0\0\0\0\0\0\0\0\0\0\0\0\0\0\0\0\0\0\0\0\0\0\0\0\0\0\0\0\0\0\0\0\0\0\0\0\0\0\0\0\0\0\0\0\0\0\0\0\0\0\0\0\0\0\0\0\0\0\0\0\0\0\0\0\0\0\0\0\0\0\0\0\0\0\0\0\0\0\0\0\0\0\0\0\0\0\0\0\0\0\0\0\0\0\0\0\0\0\0\0\0\0\0\0\0\0\0\0\0\0\0\0\0\0\0\0\0\0\0\0\0\0\0\0\0\0\0\0\0\0\0\0\0\0\0\0\0\0\0\0\0\0\0\0\0\0\0\0\x13\0\0\0\0\0\0\0\xfbT\xd2\x01\0\0\0\0\0\0\0\0\0\0\0\0\x16/\xach\0\0\0\0\x10\x02\0\0\xaf\xe7\xb6\x04\0\0\0\0\0\0\0\0\0\0\0\0\0\0\0\0\0\0\0\0\0\0\0\0\0\0\0\0B\x0c\0\xfb&\xa3\x07\x1b\x86\xd9oc9\xd8\xda\"\xba1\x85\x8b\xb9G>\xdfq\x88\xb6\x1e_\xec\xfb\xe3!\x02\0\0!\x02\0\0\0\0\0\0\0\0\0\0\0\0\0\0\0\0\0\0reth/v1.4.1/linux" }, validity: Valid }
2025-08-25T09:38:13.721299Z DEBUG node{moniker=app-2}:consensus{height=19 round=0}: We have a full proposal for this round, checking... proposal.height=19 proposal.round=0
2025-08-25T09:38:13.721307Z DEBUG node{moniker=app-2}:consensus{height=19 round=0}: Transitioned to new step step.previous=Propose step.new=Prevote
2025-08-25T09:38:13.721314Z  INFO node{moniker=app-2}:consensus{height=19 round=0}: Voting vote_type=Prevote value=75673974a618c3f3 round=0
2025-08-25T09:38:13.721391Z  INFO node{moniker=app-2}:consensus{height=19 round=0}: Received vote height=19 vote_height=19 address=02CB1B49DA09615BD4A12212C39378556D990DFD Prevote(height: 19, round: 0, value: 75673974a618c3f3, from: 02CB1B49DA09615BD4A12212C39378556D990DFD)
2025-08-25T09:38:13.721436Z DEBUG node{moniker=app-2}:wal{height=19}: Wrote log entry type=Consensus(Vote) entry.size=117 
2025-08-25T09:38:13.721454Z DEBUG node{moniker=app-2}:consensus{height=19 round=0}: Transitioned to new step step.previous=Prevote step.new=Precommit
2025-08-25T09:38:13.721456Z  INFO node{moniker=app-2}:consensus{height=19 round=0}: Voting vote_type=Precommit value=75673974a618c3f3 round=0
2025-08-25T09:38:13.721463Z DEBUG node{moniker=app-2}:node{moniker=app-2}: metis-test:consensus-chan recv!!! msg:ExtendVote { height: Height(19), round: Some(0), value_id: ValueId(8459793598204396531), reply: Sender { inner: Some(Inner { state: State { is_complete: false, is_closed: false, is_rx_task_set: true, is_tx_task_set: false } }) } }
2025-08-25T09:38:13.721532Z  INFO node{moniker=app-2}:consensus{height=19 round=0}: Received vote height=19 vote_height=19 address=02CB1B49DA09615BD4A12212C39378556D990DFD Precommit(height: 19, round: 0, value: 75673974a618c3f3, from: 02CB1B49DA09615BD4A12212C39378556D990DFD)
2025-08-25T09:38:13.721566Z DEBUG node{moniker=app-2}:wal{height=19}: Wrote log entry type=Consensus(Vote) entry.size=119 
2025-08-25T09:38:13.724226Z DEBUG node{moniker=app-2}:wal{height=19}: Flushed WAL to disk wal.entries=4 wal.size=1084
2025-08-25T09:38:13.724362Z DEBUG node{moniker=app-2}:network: Published message channel=/consensus size=110
2025-08-25T09:38:13.726664Z DEBUG node{moniker=app-2}:wal{height=19}: Flushed WAL to disk wal.entries=4 wal.size=1084
2025-08-25T09:38:13.727607Z DEBUG node{moniker=app-2}:network: Published message channel=/consensus size=108
2025-08-25T09:38:13.742737Z  INFO node{moniker=app-2}:consensus{height=19 round=0}: Received vote height=19 vote_height=19 address=DE7BA2BE72D2225286133990FF5810B691A5261C Precommit(height: 19, round: 0, value: 75673974a618c3f3, from: DE7BA2BE72D2225286133990FF5810B691A5261C)
2025-08-25T09:38:13.743169Z DEBUG node{moniker=app-2}:wal{height=19}: Wrote log entry type=Consensus(Vote) entry.size=119 
2025-08-25T09:38:13.743256Z DEBUG node{moniker=app-2}:consensus{height=19 round=0}: Transitioned to new step step.previous=Precommit step.new=Commit
2025-08-25T09:38:13.743266Z  INFO node{moniker=app-2}:consensus{height=19 round=0}: Decided round=0 height=19 value=75673974a618c3f3
2025-08-25T09:38:13.750187Z DEBUG node{moniker=app-2}:wal{height=19}: Flushed WAL to disk wal.entries=5 wal.size=1216
2025-08-25T09:38:13.750275Z DEBUG node{moniker=app-2}:sync{height.tip=18 height.sync=19}: Updating request state height.tip=19
2025-08-25T09:38:13.750282Z DEBUG node{moniker=app-2}:node{moniker=app-2}: metis-test:consensus-chan recv!!! msg:Decided { certificate: CommitCertificate { height: Height(19), round: Some(0), value_id: ValueId(8459793598204396531), commit_signatures: [CommitSignature { address: Address(02CB1B49DA09615BD4A12212C39378556D990DFD), signature: Signature(Signature { R_bytes: "da4535350798abca5e7cb573f463ecf6a23ba6e244948ee6c1e7a9555d76aca1", s_bytes: "3e3c795c61e45854b273f0b7c4f0db66633d27f23956b701e8ccea823f904405" }) }, CommitSignature { address: Address(DE7BA2BE72D2225286133990FF5810B691A5261C), signature: Signature(Signature { R_bytes: "6027ea47961aef0580f2c68961f0595030463bdd7a3e5b92e4470818bec8947c", s_bytes: "90b4570c080cb32a7da814b2b87b12ce92f47418ff30f73aa1bb344ca8d84c04" }) }] }, extensions: VoteExtensions { extensions: [] }, reply: Sender { inner: Some(Inner { state: State { is_complete: false, is_closed: false, is_rx_task_set: true, is_tx_task_set: false } }) } }
2025-08-25T09:38:13.750294Z  INFO node{moniker=app-2}:node{moniker=app-2}: 🟢🟢 Consensus has decided on value height=19 round=0 value=75673974a618c3f3
2025-08-25T09:38:13.750327Z DEBUG node{moniker=app-2}:node{moniker=app-2}: 🎁 block size: 545, height: 19
2025-08-25T09:38:13.750331Z  INFO node{moniker=app-2}:node{moniker=app-2}: 👉 stats at height 19: #txs=0, txs/s=0.00, chain_bytes=10355, bytes/s=1561.34
2025-08-25T09:38:13.750334Z DEBUG node{moniker=app-2}:node{moniker=app-2}: 🦄 Block at height 19 contains 0 transactions
2025-08-25T09:38:13.753604Z DEBUG node{moniker=app-2}:node{moniker=app-2}: 💡 New block added at height 19 with hash: 0x420c00fb26a3071b86d96f6339d8da22ba31858bb9473edf7188b61e5fecfbe3
2025-08-25T09:38:13.753610Z DEBUG node{moniker=app-2}:node{moniker=app-2}: 🟠 set_latest_forkchoice_state: 0x420c00fb26a3071b86d96f6339d8da22ba31858bb9473edf7188b61e5fecfbe3
2025-08-25T09:38:13.756996Z DEBUG node{moniker=app-2}:node{moniker=app-2}: ➡️ payload_status: PayloadStatus { status: Valid, latest_valid_hash: Some(0x420c00fb26a3071b86d96f6339d8da22ba31858bb9473edf7188b61e5fecfbe3) }
2025-08-25T09:38:13.757004Z DEBUG node{moniker=app-2}:node{moniker=app-2}: 🚀 Forkchoice updated to height 19 for block hash=0x420c00fb26a3071b86d96f6339d8da22ba31858bb9473edf7188b61e5fecfbe3 and latest_valid_hash=0x420c00fb26a3071b86d96f6339d8da22ba31858bb9473edf7188b61e5fecfbe3
2025-08-25T09:38:13.757006Z  INFO node{moniker=app-2}:node{moniker=app-2}: Looking for certificate height=19 round=0
2025-08-25T09:38:13.763183Z  INFO node{moniker=app-2}:node{moniker=app-2}: Committed block_data[0..32]: 603f5314005f1d2542473dd6390a6eba0ed672b2a7d12ed7c23595d728478bde
2025-08-25T09:38:13.781485Z DEBUG node{moniker=app-2}:wal{height=20}: Reset WAL height=20
2025-08-25T09:38:13.781546Z DEBUG node{moniker=app-2}:consensus{height=20 round=0}: No WAL entries to replay height=20
2025-08-25T09:38:13.781696Z  INFO node{moniker=app-2}:consensus{height=20 round=0}: Starting new height height=20
2025-08-25T09:38:13.781709Z  INFO node{moniker=app-2}:consensus{height=20 round=0}: Starting new round height=20 round=0 proposer=815F9FA61D7C4F1E4A9E30D40DCA1115BB48F759 role=Validator
2025-08-25T09:38:13.781752Z DEBUG node{moniker=app-2}:sync{height.tip=18 height.sync=19}: Starting new height height.tip=19 height.sync=20 restart=false
2025-08-25T09:38:13.781760Z DEBUG node{moniker=app-2}:sync{height.tip=18 height.sync=19}: No peer to request sync from height.sync=20
2025-08-25T09:38:13.790751Z DEBUG node{moniker=app-2}:wal{height=20}: Flushed WAL to disk wal.entries=0 wal.size=12
2025-08-25T09:38:13.790828Z DEBUG node{moniker=app-2}:node{moniker=app-2}: metis-test:consensus-chan recv!!! msg:StartedRound { height: Height(20), round: Some(0), proposer: Address(815F9FA61D7C4F1E4A9E30D40DCA1115BB48F759), role: Validator, reply_value: Sender { inner: Some(Inner { state: State { is_complete: false, is_closed: false, is_rx_task_set: false, is_tx_task_set: false } }) } }
2025-08-25T09:38:13.790842Z  INFO node{moniker=app-2}:node{moniker=app-2}: 🟢🟢 Started round height=20 round=0 proposer=815F9FA61D7C4F1E4A9E30D40DCA1115BB48F759 role=Validator
2025-08-25T09:38:13.790855Z ERROR node{moniker=app-2}:consensus{height=20 round=0}: Error when processing effect: Messaging(RecvErr)
2025-08-25T09:38:13.790875Z DEBUG node{moniker=app-2}:consensus{height=20 round=0}: Transitioned to new step step.previous=Unstarted step.new=Propose
2025-08-25T09:38:13.790880Z  INFO node{moniker=app-2}:consensus{height=20 round=0}: Scheduling timeout round=0 step=Propose
2025-08-25T09:38:13.790889Z DEBUG node{moniker=app-2}:consensus{height=20 round=0}: Replaying inputs count=0
2025-08-25T09:38:13.797854Z DEBUG node{moniker=app-2}:node{moniker=app-2}: metis-test:consensus-chan recv!!! msg:ReceivedProposalPart { from: PeerId("12D3KooWD4wDmZaWggpGH9ACLhNztqnBvszLRcmBLzZdKwDiWmYh"), part: StreamMessage { stream_id: StreamId(b"\0\0\0\0\0\0\0\x14\0\0\0\0\0\0\0\x06"), sequence: 0, content: Data(Init(ProposalInit { height: Height(20), round: Some(0), proposer: Address(815F9FA61D7C4F1E4A9E30D40DCA1115BB48F759) })) }, reply: Sender { inner: Some(Inner { state: State { is_complete: false, is_closed: false, is_rx_task_set: true, is_tx_task_set: false } }) } }
2025-08-25T09:38:13.797902Z  INFO node{moniker=app-2}:node{moniker=app-2}: Received proposal part from=12D3KooWD4wDmZaWggpGH9ACLhNztqnBvszLRcmBLzZdKwDiWmYh part.sequence=0 part.type=init part.size=28
2025-08-25T09:38:13.799051Z DEBUG node{moniker=app-2}:node{moniker=app-2}: metis-test:consensus-chan recv!!! msg:ReceivedProposalPart { from: PeerId("12D3KooWD4wDmZaWggpGH9ACLhNztqnBvszLRcmBLzZdKwDiWmYh"), part: StreamMessage { stream_id: StreamId(b"\0\0\0\0\0\0\0\x14\0\0\0\0\0\0\0\x06"), sequence: 1, content: Data(Data(ProposalData { bytes: "<...>", len: 545 })) }, reply: Sender { inner: Some(Inner { state: State { is_complete: false, is_closed: false, is_rx_task_set: true, is_tx_task_set: false } }) } }
2025-08-25T09:38:13.799070Z  INFO node{moniker=app-2}:node{moniker=app-2}: Received proposal part from=12D3KooWD4wDmZaWggpGH9ACLhNztqnBvszLRcmBLzZdKwDiWmYh part.sequence=1 part.type=data part.size=551
2025-08-25T09:38:13.799104Z DEBUG node{moniker=app-2}:node{moniker=app-2}: metis-test:consensus-chan recv!!! msg:ReceivedProposalPart { from: PeerId("12D3KooWD4wDmZaWggpGH9ACLhNztqnBvszLRcmBLzZdKwDiWmYh"), part: StreamMessage { stream_id: StreamId(b"\0\0\0\0\0\0\0\x14\0\0\0\0\0\0\0\x06"), sequence: 2, content: Data(Fin(ProposalFin { signature: Signature(Signature { R_bytes: "07b1b63858fef170082f9c20c1df67665b00b1f9b8ce07e5187c548b7c3cf868", s_bytes: "c6ea6f5945ee5a045ffbb08c65c232079f108f19c90d5bed25356d9d327da405" }) })) }, reply: Sender { inner: Some(Inner { state: State { is_complete: false, is_closed: false, is_rx_task_set: true, is_tx_task_set: false } }) } }
2025-08-25T09:38:13.799119Z  INFO node{moniker=app-2}:node{moniker=app-2}: Received proposal part from=12D3KooWD4wDmZaWggpGH9ACLhNztqnBvszLRcmBLzZdKwDiWmYh part.sequence=2 part.type=fin part.size=70
2025-08-25T09:38:13.799131Z DEBUG node{moniker=app-2}:node{moniker=app-2}: metis-test:consensus-chan recv!!! msg:ReceivedProposalPart { from: PeerId("12D3KooWD4wDmZaWggpGH9ACLhNztqnBvszLRcmBLzZdKwDiWmYh"), part: StreamMessage { stream_id: StreamId(b"\0\0\0\0\0\0\0\x14\0\0\0\0\0\0\0\x06"), sequence: 3, content: Fin }, reply: Sender { inner: Some(Inner { state: State { is_complete: false, is_closed: false, is_rx_task_set: true, is_tx_task_set: false } }) } }
2025-08-25T09:38:13.799139Z  INFO node{moniker=app-2}:node{moniker=app-2}: Received proposal part from=12D3KooWD4wDmZaWggpGH9ACLhNztqnBvszLRcmBLzZdKwDiWmYh part.sequence=3 part.type=end of stream part.size=0
2025-08-25T09:38:13.799318Z  INFO node{moniker=app-2}:node{moniker=app-2}: Proposal data[0..32]: 420c00fb26a3071b86d96f6339d8da22ba31858bb9473edf7188b61e5fecfbe3, total_size: 545 bytes, id: fd4aa447130a9c
2025-08-25T09:38:13.802822Z  INFO node{moniker=app-2}:consensus{height=20 round=0}: Received vote height=20 vote_height=20 address=815F9FA61D7C4F1E4A9E30D40DCA1115BB48F759 Prevote(height: 20, round: 0, value: fd4aa447130a9c, from: 815F9FA61D7C4F1E4A9E30D40DCA1115BB48F759)
2025-08-25T09:38:13.809973Z DEBUG node{moniker=app-2}:wal{height=20}: Wrote log entry type=Consensus(Vote) entry.size=116 
2025-08-25T09:38:13.810429Z  INFO node{moniker=app-2}:consensus{height=20 round=0}: Received proposal consensus.height=20 proposal.height=20 proposal.round=0 proposer=815F9FA61D7C4F1E4A9E30D40DCA1115BB48F759 Proposal(height: 20, round: 0, pol_round: -1, value: fd4aa447130a9c, from: 815F9FA61D7C4F1E4A9E30D40DCA1115BB48F759)
2025-08-25T09:38:13.811527Z DEBUG node{moniker=app-2}:wal{height=20}: Wrote log entry type=Consensus(Proposal) entry.size=666 
2025-08-25T09:38:13.811571Z DEBUG node{moniker=app-2}:node{moniker=app-2}: ✅ Received complete proposal: ProposedValue { height: Height(20), round: Some(0), valid_round: Nil, proposer: Address(815F9FA61D7C4F1E4A9E30D40DCA1115BB48F759), value: Value { value: 71295238535318172, extensions: b"B\x0c\0\xfb&\xa3\x07\x1b\x86\xd9oc9\xd8\xda\"\xba1\x85\x8b\xb9G>\xdfq\x88\xb6\x1e_\xec\xfb\xe3********************\xec&\xdf\x94B\xc5\xd4\xa0\xa0\xccSH\xc9`\x11[C\xda\x08\xc7\xae\xf6\xbeNL\xcc_\x13l\xa8\x92\xa6V\xe8\x1f\x17\x1b\xccU\xa6\xff\x83E\xe6\x92\xc0\xf8n[H\xe0\x1b\x99l\xad\xc0\x01b/\xb5\xe3c\xb4!\0\0\0\0\0\0\0\0\0\0\0\0\0\0\0\0\0\0\0\0\0\0\0\0\0\0\0\0\0\0\0\0\0\0\0\0\0\0\0\0\0\0\0\0\0\0\0\0\0\0\0\0\0\0\0\0\0\0\0\0\0\0\0\0\0\0\0\0\0\0\0\0\0\0\0\0\0\0\0\0\0\0\0\0\0\0\0\0\0\0\0\0\0\0\0\0\0\0\0\0\0\0\0\0\0\0\0\0\0\0\0\0\0\0\0\0\0\0\0\0\0\0\0\0\0\0\0\0\0\0\0\0\0\0\0\0\0\0\0\0\0\0\0\0\0\0\0\0\0\0\0\0\0\0\0\0\0\0\0\0\0\0\0\0\0\0\0\0\0\0\0\0\0\0\0\0\0\0\0\0\0\0\0\0\0\0\0\0\0\0\0\0\0\0\0\0\0\0\0\0\0\0\0\0\0\0\0\0\0\0\0\0\0\0\0\0\0\0\0\0\0\0\0\0\0\0\0\0\0\0\0\0\0\0\0\0\0\0\0\0\0\0\0\0\0\0\0\0\0\0\0\0\0\0\0\0\0\0\0\0\0\0\0\0\0\0\0\0\0\0\0\0\0\0\0\0\0\0\0\0\0\0\0\0\0\0\0\0\x14\0\0\0\0\0\0\0\x8f\xc9\xd2\x01\0\0\0\0\0\0\0\0\0\0\0\0\x17/\xach\0\0\0\0\x10\x02\0\0\xba\n \x04\0\0\0\0\0\0\0\0\0\0\0\0\0\0\0\0\0\0\0\0\0\0\0\0\0\0\0\0\xc5\xda\xc4\xbfs\x87 \xe1O\xef\x9e\x1b\x9b;1l\x1d}\x1dD\xf5\xea\xacJfl\xe0%\x02\xf3oe!\x02\0\0!\x02\0\0\0\0\0\0\0\0\0\0\0\0\0\0\0\0\0\0reth/v1.4.1/linux" }, validity: Valid }
2025-08-25T09:38:13.811617Z DEBUG node{moniker=app-2}:consensus{height=20 round=0}: No full proposal for this round yet, stored proposal for later proposal.height=20 proposal.round=0
2025-08-25T09:38:13.811636Z DEBUG node{moniker=app-2}:consensus{height=20 round=0}: We have a full proposal for this round, checking... proposal.height=20 proposal.round=0
2025-08-25T09:38:13.811649Z DEBUG node{moniker=app-2}:consensus{height=20 round=0}: Transitioned to new step step.previous=Propose step.new=Prevote
2025-08-25T09:38:13.811658Z  INFO node{moniker=app-2}:consensus{height=20 round=0}: Voting vote_type=Prevote value=fd4aa447130a9c round=0
2025-08-25T09:38:13.811819Z  INFO node{moniker=app-2}:consensus{height=20 round=0}: Received vote height=20 vote_height=20 address=02CB1B49DA09615BD4A12212C39378556D990DFD Prevote(height: 20, round: 0, value: fd4aa447130a9c, from: 02CB1B49DA09615BD4A12212C39378556D990DFD)
2025-08-25T09:38:13.811898Z DEBUG node{moniker=app-2}:wal{height=20}: Wrote log entry type=Consensus(Vote) entry.size=116 
2025-08-25T09:38:13.811934Z DEBUG node{moniker=app-2}:consensus{height=20 round=0}: Transitioned to new step step.previous=Prevote step.new=Precommit
2025-08-25T09:38:13.811940Z  INFO node{moniker=app-2}:consensus{height=20 round=0}: Voting vote_type=Precommit value=fd4aa447130a9c round=0
2025-08-25T09:38:13.811954Z DEBUG node{moniker=app-2}:node{moniker=app-2}: metis-test:consensus-chan recv!!! msg:ExtendVote { height: Height(20), round: Some(0), value_id: ValueId(71295238535318172), reply: Sender { inner: Some(Inner { state: State { is_complete: false, is_closed: false, is_rx_task_set: true, is_tx_task_set: false } }) } }
2025-08-25T09:38:13.812113Z  INFO node{moniker=app-2}:consensus{height=20 round=0}: Received vote height=20 vote_height=20 address=02CB1B49DA09615BD4A12212C39378556D990DFD Precommit(height: 20, round: 0, value: fd4aa447130a9c, from: 02CB1B49DA09615BD4A12212C39378556D990DFD)
2025-08-25T09:38:13.812175Z DEBUG node{moniker=app-2}:wal{height=20}: Wrote log entry type=Consensus(Vote) entry.size=118 
2025-08-25T09:38:13.814049Z DEBUG node{moniker=app-2}:wal{height=20}: Flushed WAL to disk wal.entries=4 wal.size=1080
2025-08-25T09:38:13.814253Z DEBUG node{moniker=app-2}:network: Published message channel=/consensus size=109
2025-08-25T09:38:13.815877Z DEBUG node{moniker=app-2}:wal{height=20}: Flushed WAL to disk wal.entries=4 wal.size=1080
2025-08-25T09:38:13.816028Z DEBUG node{moniker=app-2}:network: Published message channel=/consensus size=107
2025-08-25T09:38:13.823809Z  INFO node{moniker=app-2}:consensus{height=20 round=0}: Received vote height=20 vote_height=20 address=815F9FA61D7C4F1E4A9E30D40DCA1115BB48F759 Precommit(height: 20, round: 0, value: fd4aa447130a9c, from: 815F9FA61D7C4F1E4A9E30D40DCA1115BB48F759)
2025-08-25T09:38:13.824030Z DEBUG node{moniker=app-2}:wal{height=20}: Wrote log entry type=Consensus(Vote) entry.size=118 
2025-08-25T09:38:13.824133Z DEBUG node{moniker=app-2}:consensus{height=20 round=0}: Transitioned to new step step.previous=Precommit step.new=Commit
2025-08-25T09:38:13.824143Z  INFO node{moniker=app-2}:consensus{height=20 round=0}: Decided round=0 height=20 value=fd4aa447130a9c
2025-08-25T09:38:13.827592Z DEBUG node{moniker=app-2}:wal{height=20}: Flushed WAL to disk wal.entries=5 wal.size=1211
2025-08-25T09:38:13.827674Z DEBUG node{moniker=app-2}:sync{height.tip=19 height.sync=20}: Updating request state height.tip=20
2025-08-25T09:38:13.827687Z DEBUG node{moniker=app-2}:node{moniker=app-2}: metis-test:consensus-chan recv!!! msg:Decided { certificate: CommitCertificate { height: Height(20), round: Some(0), value_id: ValueId(71295238535318172), commit_signatures: [CommitSignature { address: Address(02CB1B49DA09615BD4A12212C39378556D990DFD), signature: Signature(Signature { R_bytes: "0a3cf9886c2acb11642796a8e9e80d0c556f82c2476242a94ef2652fcbc347ba", s_bytes: "0b0bd03f6ad98066872ce644a6b08c61e4acd0c2178af61988a9aeb67e20d50e" }) }, CommitSignature { address: Address(815F9FA61D7C4F1E4A9E30D40DCA1115BB48F759), signature: Signature(Signature { R_bytes: "ae95a4ff4cec07a97cf66294003fbe15282516ec8c371f391850ab43cf22a272", s_bytes: "a31427538bb8a51a817af0280b9c6b6e2ba32ebeaef4656344412ba07d953801" }) }] }, extensions: VoteExtensions { extensions: [] }, reply: Sender { inner: Some(Inner { state: State { is_complete: false, is_closed: false, is_rx_task_set: true, is_tx_task_set: false } }) } }
2025-08-25T09:38:13.827708Z  INFO node{moniker=app-2}:node{moniker=app-2}: 🟢🟢 Consensus has decided on value height=20 round=0 value=fd4aa447130a9c
2025-08-25T09:38:13.827769Z DEBUG node{moniker=app-2}:node{moniker=app-2}: 🎁 block size: 545, height: 20
2025-08-25T09:38:13.827781Z  INFO node{moniker=app-2}:node{moniker=app-2}: 👉 stats at height 20: #txs=0, txs/s=0.00, chain_bytes=10900, bytes/s=1624.54
2025-08-25T09:38:13.827787Z DEBUG node{moniker=app-2}:node{moniker=app-2}: 🦄 Block at height 20 contains 0 transactions
2025-08-25T09:38:13.831827Z DEBUG node{moniker=app-2}:node{moniker=app-2}: 💡 New block added at height 20 with hash: 0xc5dac4bf738720e14fef9e1b9b3b316c1d7d1d44f5eaac4a666ce02502f36f65
2025-08-25T09:38:13.831840Z DEBUG node{moniker=app-2}:node{moniker=app-2}: 🟠 set_latest_forkchoice_state: 0xc5dac4bf738720e14fef9e1b9b3b316c1d7d1d44f5eaac4a666ce02502f36f65
2025-08-25T09:38:13.832782Z DEBUG node{moniker=app-2}:node{moniker=app-2}: ➡️ payload_status: PayloadStatus { status: Valid, latest_valid_hash: Some(0xc5dac4bf738720e14fef9e1b9b3b316c1d7d1d44f5eaac4a666ce02502f36f65) }
2025-08-25T09:38:13.832788Z DEBUG node{moniker=app-2}:node{moniker=app-2}: 🚀 Forkchoice updated to height 20 for block hash=0xc5dac4bf738720e14fef9e1b9b3b316c1d7d1d44f5eaac4a666ce02502f36f65 and latest_valid_hash=0xc5dac4bf738720e14fef9e1b9b3b316c1d7d1d44f5eaac4a666ce02502f36f65
2025-08-25T09:38:13.832790Z  INFO node{moniker=app-2}:node{moniker=app-2}: Looking for certificate height=20 round=0
2025-08-25T09:38:13.837722Z  INFO node{moniker=app-2}:node{moniker=app-2}: Committed block_data[0..32]: 420c00fb26a3071b86d96f6339d8da22ba31858bb9473edf7188b61e5fecfbe3
2025-08-25T09:38:13.866256Z DEBUG node{moniker=app-2}:wal{height=21}: Reset WAL height=21
2025-08-25T09:38:13.866577Z DEBUG node{moniker=app-2}:consensus{height=21 round=0}: No WAL entries to replay height=21
2025-08-25T09:38:13.866622Z  INFO node{moniker=app-2}:consensus{height=21 round=0}: Starting new height height=21
2025-08-25T09:38:13.866628Z  INFO node{moniker=app-2}:consensus{height=21 round=0}: Starting new round height=21 round=0 proposer=815F9FA61D7C4F1E4A9E30D40DCA1115BB48F759 role=None
2025-08-25T09:38:13.866659Z DEBUG node{moniker=app-2}:sync{height.tip=19 height.sync=20}: Starting new height height.tip=20 height.sync=21 restart=false
2025-08-25T09:38:13.866667Z DEBUG node{moniker=app-2}:sync{height.tip=19 height.sync=20}: No peer to request sync from height.sync=21
2025-08-25T09:38:13.874439Z DEBUG node{moniker=app-2}:wal{height=21}: Flushed WAL to disk wal.entries=0 wal.size=12
2025-08-25T09:38:13.874521Z DEBUG node{moniker=app-2}:node{moniker=app-2}: metis-test:consensus-chan recv!!! msg:StartedRound { height: Height(21), round: Some(0), proposer: Address(815F9FA61D7C4F1E4A9E30D40DCA1115BB48F759), role: None, reply_value: Sender { inner: Some(Inner { state: State { is_complete: false, is_closed: false, is_rx_task_set: false, is_tx_task_set: false } }) } }
2025-08-25T09:38:13.874545Z  INFO node{moniker=app-2}:node{moniker=app-2}: 🟢🟢 Started round height=21 round=0 proposer=815F9FA61D7C4F1E4A9E30D40DCA1115BB48F759 role=None
2025-08-25T09:38:13.874559Z ERROR node{moniker=app-2}:consensus{height=21 round=0}: Error when processing effect: Messaging(RecvErr)
2025-08-25T09:38:13.874577Z DEBUG node{moniker=app-2}:consensus{height=21 round=0}: Transitioned to new step step.previous=Unstarted step.new=Propose
2025-08-25T09:38:13.874583Z  INFO node{moniker=app-2}:consensus{height=21 round=0}: Scheduling timeout round=0 step=Propose
2025-08-25T09:38:13.874591Z DEBUG node{moniker=app-2}:consensus{height=21 round=0}: Replaying inputs count=0
2025-08-25T09:38:13.880620Z DEBUG node{moniker=app-2}:node{moniker=app-2}: metis-test:consensus-chan recv!!! msg:ReceivedProposalPart { from: PeerId("12D3KooWD4wDmZaWggpGH9ACLhNztqnBvszLRcmBLzZdKwDiWmYh"), part: StreamMessage { stream_id: StreamId(b"\0\0\0\0\0\0\0\x15\0\0\0\0\0\0\0\x07"), sequence: 0, content: Data(Init(ProposalInit { height: Height(21), round: Some(0), proposer: Address(815F9FA61D7C4F1E4A9E30D40DCA1115BB48F759) })) }, reply: Sender { inner: Some(Inner { state: State { is_complete: false, is_closed: false, is_rx_task_set: true, is_tx_task_set: false } }) } }
2025-08-25T09:38:13.880661Z  INFO node{moniker=app-2}:node{moniker=app-2}: Received proposal part from=12D3KooWD4wDmZaWggpGH9ACLhNztqnBvszLRcmBLzZdKwDiWmYh part.sequence=0 part.type=init part.size=28
2025-08-25T09:38:13.881246Z DEBUG node{moniker=app-2}:node{moniker=app-2}: metis-test:consensus-chan recv!!! msg:ReceivedProposalPart { from: PeerId("12D3KooWD4wDmZaWggpGH9ACLhNztqnBvszLRcmBLzZdKwDiWmYh"), part: StreamMessage { stream_id: StreamId(b"\0\0\0\0\0\0\0\x15\0\0\0\0\0\0\0\x07"), sequence: 1, content: Data(Data(ProposalData { bytes: "<...>", len: 545 })) }, reply: Sender { inner: Some(Inner { state: State { is_complete: false, is_closed: false, is_rx_task_set: true, is_tx_task_set: false } }) } }
2025-08-25T09:38:13.881266Z  INFO node{moniker=app-2}:node{moniker=app-2}: Received proposal part from=12D3KooWD4wDmZaWggpGH9ACLhNztqnBvszLRcmBLzZdKwDiWmYh part.sequence=1 part.type=data part.size=551
2025-08-25T09:38:13.882595Z DEBUG node{moniker=app-2}:node{moniker=app-2}: metis-test:consensus-chan recv!!! msg:ReceivedProposalPart { from: PeerId("12D3KooWD4wDmZaWggpGH9ACLhNztqnBvszLRcmBLzZdKwDiWmYh"), part: StreamMessage { stream_id: StreamId(b"\0\0\0\0\0\0\0\x15\0\0\0\0\0\0\0\x07"), sequence: 2, content: Data(Fin(ProposalFin { signature: Signature(Signature { R_bytes: "e6cc0347d4c48def1159b79317899cd3d96c444f188a08d96aba3e878182a924", s_bytes: "f77eb3e4e17aa023ee828b67da7563a572c09323e373e7c7619e1f5c8c15520e" }) })) }, reply: Sender { inner: Some(Inner { state: State { is_complete: false, is_closed: false, is_rx_task_set: true, is_tx_task_set: false } }) } }
2025-08-25T09:38:13.882626Z  INFO node{moniker=app-2}:node{moniker=app-2}: Received proposal part from=12D3KooWD4wDmZaWggpGH9ACLhNztqnBvszLRcmBLzZdKwDiWmYh part.sequence=2 part.type=fin part.size=70
2025-08-25T09:38:13.882648Z DEBUG node{moniker=app-2}:node{moniker=app-2}: metis-test:consensus-chan recv!!! msg:ReceivedProposalPart { from: PeerId("12D3KooWD4wDmZaWggpGH9ACLhNztqnBvszLRcmBLzZdKwDiWmYh"), part: StreamMessage { stream_id: StreamId(b"\0\0\0\0\0\0\0\x15\0\0\0\0\0\0\0\x07"), sequence: 3, content: Fin }, reply: Sender { inner: Some(Inner { state: State { is_complete: false, is_closed: false, is_rx_task_set: true, is_tx_task_set: false } }) } }
2025-08-25T09:38:13.882656Z  INFO node{moniker=app-2}:node{moniker=app-2}: Received proposal part from=12D3KooWD4wDmZaWggpGH9ACLhNztqnBvszLRcmBLzZdKwDiWmYh part.sequence=3 part.type=end of stream part.size=0
2025-08-25T09:38:13.882799Z  INFO node{moniker=app-2}:node{moniker=app-2}: Proposal data[0..32]: c5dac4bf738720e14fef9e1b9b3b316c1d7d1d44f5eaac4a666ce02502f36f65, total_size: 545 bytes, id: 1ea1d29d5e2d56d5
2025-08-25T09:38:13.884744Z  INFO node{moniker=app-2}:consensus{height=21 round=0}: Received vote height=21 vote_height=21 address=815F9FA61D7C4F1E4A9E30D40DCA1115BB48F759 Prevote(height: 21, round: 0, value: 1ea1d29d5e2d56d5, from: 815F9FA61D7C4F1E4A9E30D40DCA1115BB48F759)
2025-08-25T09:38:13.887629Z DEBUG node{moniker=app-2}:wal{height=21}: Wrote log entry type=Consensus(Vote) entry.size=117 
2025-08-25T09:38:13.888712Z  INFO node{moniker=app-2}:consensus{height=21 round=0}: Received proposal consensus.height=21 proposal.height=21 proposal.round=0 proposer=815F9FA61D7C4F1E4A9E30D40DCA1115BB48F759 Proposal(height: 21, round: 0, pol_round: -1, value: 1ea1d29d5e2d56d5, from: 815F9FA61D7C4F1E4A9E30D40DCA1115BB48F759)
2025-08-25T09:38:13.894214Z DEBUG node{moniker=app-2}:node{moniker=app-2}: ✅ Received complete proposal: ProposedValue { height: Height(21), round: Some(0), valid_round: Nil, proposer: Address(815F9FA61D7C4F1E4A9E30D40DCA1115BB48F759), value: Value { value: 2207276865719981781, extensions: b"\xc5\xda\xc4\xbfs\x87 \xe1O\xef\x9e\x1b\x9b;1l\x1d}\x1dD\xf5\xea\xacJfl\xe0%\x02\xf3oe********************\xec&\xdf\x94B\xc5\xd4\xa0\xa0\xccSH\xc9`\x11[C\xda\x08\xc7\xae\xf6\xbeNL\xcc_\x13l\xa8\x92\xa6V\xe8\x1f\x17\x1b\xccU\xa6\xff\x83E\xe6\x92\xc0\xf8n[H\xe0\x1b\x99l\xad\xc0\x01b/\xb5\xe3c\xb4!\0\0\0\0\0\0\0\0\0\0\0\0\0\0\0\0\0\0\0\0\0\0\0\0\0\0\0\0\0\0\0\0\0\0\0\0\0\0\0\0\0\0\0\0\0\0\0\0\0\0\0\0\0\0\0\0\0\0\0\0\0\0\0\0\0\0\0\0\0\0\0\0\0\0\0\0\0\0\0\0\0\0\0\0\0\0\0\0\0\0\0\0\0\0\0\0\0\0\0\0\0\0\0\0\0\0\0\0\0\0\0\0\0\0\0\0\0\0\0\0\0\0\0\0\0\0\0\0\0\0\0\0\0\0\0\0\0\0\0\0\0\0\0\0\0\0\0\0\0\0\0\0\0\0\0\0\0\0\0\0\0\0\0\0\0\0\0\0\0\0\0\0\0\0\0\0\0\0\0\0\0\0\0\0\0\0\0\0\0\0\0\0\0\0\0\0\0\0\0\0\0\0\0\0\0\0\0\0\0\0\0\0\0\0\0\0\0\0\0\0\0\0\0\0\0\0\0\0\0\0\0\0\0\0\0\0\0\0\0\0\0\0\0\0\0\0\0\0\0\0\0\0\0\0\0\0\0\0\0\0\0\0\0\0\0\0\0\0\0\0\0\0\0\0\0\0\0\0\0\0\0\0\0\0\0\0\0\0\x15\0\0\0\0\0\0\0@>\xd3\x01\0\0\0\0\0\0\0\0\0\0\0\0\x18/\xach\0\0\0\0\x10\x02\0\0c\t\x9c\x03\0\0\0\0\0\0\0\0\0\0\0\0\0\0\0\0\0\0\0\0\0\0\0\0\0\0\0\0\xa8\x19;\x92t\xef\xf6[(#\xeb\xc0z\xb1$U\x80T\xfd\xf1|'s\xee\xae \xae\xba\x0fX\xf2\x84!\x02\0\0!\x02\0\0\0\0\0\0\0\0\0\0\0\0\0\0\0\0\0\0reth/v1.4.1/linux" }, validity: Valid }
2025-08-25T09:38:13.894728Z DEBUG node{moniker=app-2}:wal{height=21}: Wrote log entry type=Consensus(Proposal) entry.size=667 
2025-08-25T09:38:13.894770Z DEBUG node{moniker=app-2}:consensus{height=21 round=0}: No full proposal for this round yet, stored proposal for later proposal.height=21 proposal.round=0
2025-08-25T09:38:13.894795Z DEBUG node{moniker=app-2}:consensus{height=21 round=0}: We have a full proposal for this round, checking... proposal.height=21 proposal.round=0
2025-08-25T09:38:13.894817Z DEBUG node{moniker=app-2}:consensus{height=21 round=0}: Transitioned to new step step.previous=Propose step.new=Prevote
2025-08-25T09:38:13.904872Z  INFO node{moniker=app-2}:consensus{height=21 round=0}: Received vote height=21 vote_height=21 address=DE7BA2BE72D2225286133990FF5810B691A5261C Precommit(height: 21, round: 0, value: 1ea1d29d5e2d56d5, from: DE7BA2BE72D2225286133990FF5810B691A5261C)
2025-08-25T09:38:13.906426Z DEBUG node{moniker=app-2}:wal{height=21}: Wrote log entry type=Consensus(Vote) entry.size=119 
2025-08-25T09:38:13.907398Z  INFO node{moniker=app-2}:consensus{height=21 round=0}: Received vote height=21 vote_height=21 address=DE7BA2BE72D2225286133990FF5810B691A5261C Prevote(height: 21, round: 0, value: 1ea1d29d5e2d56d5, from: DE7BA2BE72D2225286133990FF5810B691A5261C)
2025-08-25T09:38:13.907506Z DEBUG node{moniker=app-2}:wal{height=21}: Wrote log entry type=Consensus(Vote) entry.size=117 
2025-08-25T09:38:13.907693Z DEBUG node{moniker=app-2}:consensus{height=21 round=0}: Transitioned to new step step.previous=Prevote step.new=Precommit
2025-08-25T09:38:13.916661Z  INFO node{moniker=app-2}:consensus{height=21 round=0}: Received vote height=21 vote_height=21 address=815F9FA61D7C4F1E4A9E30D40DCA1115BB48F759 Precommit(height: 21, round: 0, value: 1ea1d29d5e2d56d5, from: 815F9FA61D7C4F1E4A9E30D40DCA1115BB48F759)
2025-08-25T09:38:13.918628Z DEBUG node{moniker=app-2}:wal{height=21}: Wrote log entry type=Consensus(Vote) entry.size=119 
2025-08-25T09:38:13.918737Z DEBUG node{moniker=app-2}:consensus{height=21 round=0}: Transitioned to new step step.previous=Precommit step.new=Commit
2025-08-25T09:38:13.918747Z  INFO node{moniker=app-2}:consensus{height=21 round=0}: Decided round=0 height=21 value=1ea1d29d5e2d56d5
2025-08-25T09:38:13.925241Z DEBUG node{moniker=app-2}:wal{height=21}: Flushed WAL to disk wal.entries=5 wal.size=1216
2025-08-25T09:38:13.925326Z DEBUG node{moniker=app-2}:sync{height.tip=20 height.sync=21}: Updating request state height.tip=21
2025-08-25T09:38:13.925340Z DEBUG node{moniker=app-2}:node{moniker=app-2}: metis-test:consensus-chan recv!!! msg:Decided { certificate: CommitCertificate { height: Height(21), round: Some(0), value_id: ValueId(2207276865719981781), commit_signatures: [CommitSignature { address: Address(815F9FA61D7C4F1E4A9E30D40DCA1115BB48F759), signature: Signature(Signature { R_bytes: "f928c998aebc644d3c6885519fccd4ebb2aa00b2fd4ccdc09c0821cb92e69ec9", s_bytes: "705eae10d6d66b0fc5578a09068419b1c277d146a15ef528619038e713310104" }) }, CommitSignature { address: Address(DE7BA2BE72D2225286133990FF5810B691A5261C), signature: Signature(Signature { R_bytes: "74d76885e00a4593c40796ef6a0c9f5ea92039093971ef7767c11783fe64fb16", s_bytes: "3cf7573ad6561f407d77f074d90963e26b03d0078cf36eaafba8ea52db77f201" }) }] }, extensions: VoteExtensions { extensions: [] }, reply: Sender { inner: Some(Inner { state: State { is_complete: false, is_closed: false, is_rx_task_set: true, is_tx_task_set: false } }) } }
2025-08-25T09:38:13.925361Z  INFO node{moniker=app-2}:node{moniker=app-2}: 🟢🟢 Consensus has decided on value height=21 round=0 value=1ea1d29d5e2d56d5
2025-08-25T09:38:13.925426Z DEBUG node{moniker=app-2}:node{moniker=app-2}: 🎁 block size: 545, height: 21
2025-08-25T09:38:13.925440Z  INFO node{moniker=app-2}:node{moniker=app-2}: 👉 stats at height 21: #txs=0, txs/s=0.00, chain_bytes=11445, bytes/s=1681.30
2025-08-25T09:38:13.925445Z DEBUG node{moniker=app-2}:node{moniker=app-2}: 🦄 Block at height 21 contains 0 transactions
2025-08-25T09:38:13.926365Z DEBUG node{moniker=app-2}:node{moniker=app-2}: 💡 New block added at height 21 with hash: 0xa8193b9274eff65b2823ebc07ab124558054fdf17c2773eeae20aeba0f58f284
2025-08-25T09:38:13.926373Z DEBUG node{moniker=app-2}:node{moniker=app-2}: 🟠 set_latest_forkchoice_state: 0xa8193b9274eff65b2823ebc07ab124558054fdf17c2773eeae20aeba0f58f284
2025-08-25T09:38:13.926911Z DEBUG node{moniker=app-2}:node{moniker=app-2}: ➡️ payload_status: PayloadStatus { status: Valid, latest_valid_hash: Some(0xa8193b9274eff65b2823ebc07ab124558054fdf17c2773eeae20aeba0f58f284) }
2025-08-25T09:38:13.926916Z DEBUG node{moniker=app-2}:node{moniker=app-2}: 🚀 Forkchoice updated to height 21 for block hash=0xa8193b9274eff65b2823ebc07ab124558054fdf17c2773eeae20aeba0f58f284 and latest_valid_hash=0xa8193b9274eff65b2823ebc07ab124558054fdf17c2773eeae20aeba0f58f284
2025-08-25T09:38:13.926919Z  INFO node{moniker=app-2}:node{moniker=app-2}: Looking for certificate height=21 round=0
2025-08-25T09:38:13.931240Z  INFO node{moniker=app-2}:node{moniker=app-2}: Committed block_data[0..32]: c5dac4bf738720e14fef9e1b9b3b316c1d7d1d44f5eaac4a666ce02502f36f65
2025-08-25T09:38:13.951077Z DEBUG node{moniker=app-2}:wal{height=22}: Reset WAL height=22
2025-08-25T09:38:13.951191Z DEBUG node{moniker=app-2}:consensus{height=22 round=0}: No WAL entries to replay height=22
2025-08-25T09:38:13.951237Z  INFO node{moniker=app-2}:consensus{height=22 round=0}: Starting new height height=22
2025-08-25T09:38:13.951242Z  INFO node{moniker=app-2}:consensus{height=22 round=0}: Starting new round height=22 round=0 proposer=02CB1B49DA09615BD4A12212C39378556D990DFD role=Proposer
2025-08-25T09:38:13.951278Z DEBUG node{moniker=app-2}:sync{height.tip=20 height.sync=21}: Starting new height height.tip=21 height.sync=22 restart=false
2025-08-25T09:38:13.951283Z DEBUG node{moniker=app-2}:sync{height.tip=20 height.sync=21}: No peer to request sync from height.sync=22
2025-08-25T09:38:13.956750Z DEBUG node{moniker=app-2}:wal{height=22}: Flushed WAL to disk wal.entries=0 wal.size=12
2025-08-25T09:38:13.956842Z DEBUG node{moniker=app-2}:node{moniker=app-2}: metis-test:consensus-chan recv!!! msg:StartedRound { height: Height(22), round: Some(0), proposer: Address(02CB1B49DA09615BD4A12212C39378556D990DFD), role: Proposer, reply_value: Sender { inner: Some(Inner { state: State { is_complete: false, is_closed: false, is_rx_task_set: false, is_tx_task_set: false } }) } }
2025-08-25T09:38:13.956867Z  INFO node{moniker=app-2}:node{moniker=app-2}: 🟢🟢 Started round height=22 round=0 proposer=02CB1B49DA09615BD4A12212C39378556D990DFD role=Proposer
2025-08-25T09:38:13.956881Z ERROR node{moniker=app-2}:consensus{height=22 round=0}: Error when processing effect: Messaging(RecvErr)
2025-08-25T09:38:13.956909Z DEBUG node{moniker=app-2}:consensus{height=22 round=0}: Transitioned to new step step.previous=Unstarted step.new=Propose
2025-08-25T09:38:13.956914Z  INFO node{moniker=app-2}:consensus{height=22 round=0}: Scheduling timeout round=0 step=Propose
2025-08-25T09:38:13.956921Z  INFO node{moniker=app-2}:consensus{height=22 round=0}: Requesting value from application height=22 round=0
2025-08-25T09:38:13.956930Z DEBUG node{moniker=app-2}:consensus{height=22 round=0}: Replaying inputs count=0
2025-08-25T09:38:13.956956Z DEBUG node{moniker=app-2}:node{moniker=app-2}: metis-test:consensus-chan recv!!! msg:GetValue { height: Height(22), round: Some(0), timeout: 3s, reply: Sender { inner: Some(Inner { state: State { is_complete: false, is_closed: false, is_rx_task_set: true, is_tx_task_set: false } }) } }
2025-08-25T09:38:13.956962Z  INFO node{moniker=app-2}:node{moniker=app-2}: 🟢🟢 Consensus is requesting a value to propose height=22 round=0
2025-08-25T09:38:13.956965Z DEBUG node{moniker=app-2}:node{moniker=app-2}: 🟠 generate_block on top of ExecutionBlock { block_hash: 0xa8193b9274eff65b2823ebc07ab124558054fdf17c2773eeae20aeba0f58f284, block_number: 21, parent_hash: 0xa8193b9274eff65b2823ebc07ab124558054fdf17c2773eeae20aeba0f58f284, timestamp: 1756114712, prev_randao: 0x0000000000000000000000000000000000000000000000000000000000000000 }
2025-08-25T09:38:13.959206Z DEBUG node{moniker=app-2}:node{moniker=app-2}: 🌈 Got execution payload: ExecutionPayloadV3 { payload_inner: ExecutionPayloadV2 { payload_inner: ExecutionPayloadV1 { parent_hash: 0xa8193b9274eff65b2823ebc07ab124558054fdf17c2773eeae20aeba0f58f284, fee_recipient: 0x2a2a2a2a2a2a2a2a2a2a2a2a2a2a2a2a2a2a2a2a, state_root: 0xec26df9442c5d4a0a0cc5348c960115b43da08c7aef6be4e4ccc5f136ca892a6, receipts_root: 0x56e81f171bcc55a6ff8345e692c0f86e5b48e01b996cadc001622fb5e363b421, logs_bloom: 0x00000000000000000000000000000000000000000000000000000000000000000000000000000000000000000000000000000000000000000000000000000000000000000000000000000000000000000000000000000000000000000000000000000000000000000000000000000000000000000000000000000000000000000000000000000000000000000000000000000000000000000000000000000000000000000000000000000000000000000000000000000000000000000000000000000000000000000000000000000000000000000000000000000000000000000000000000000000000000000000000000000000000000000000000000000000, prev_randao: 0x0000000000000000000000000000000000000000000000000000000000000000, block_number: 22, gas_limit: 30651150, gas_used: 0, timestamp: 1756114713, extra_data: 0x726574682f76312e342e312f6c696e7578, base_fee_per_gas: 52987959, block_hash: 0x916d10c023ca0af3c616140b3eb3a25a0b68dfb85a1b39f98b5d0148dfae1e04, transactions: [] }, withdrawals: [] }, blob_gas_used: 0, excess_blob_gas: 0 }
2025-08-25T09:38:13.959227Z DEBUG node{moniker=app-2}:node{moniker=app-2}: 🎁 block size: 545, height: 22
2025-08-25T09:38:13.966850Z  INFO node{moniker=app-2}:node{moniker=app-2}: Streaming proposal part: StreamMessage { stream_id: StreamId(b"\0\0\0\0\0\0\0\x16\0\0\0\0\0\0\0\x07"), sequence: 0, content: Data(Init(ProposalInit { height: Height(22), round: Some(0), proposer: Address(02CB1B49DA09615BD4A12212C39378556D990DFD) })) } height=22 round=0
2025-08-25T09:38:13.966876Z  INFO node{moniker=app-2}:node{moniker=app-2}: Streaming proposal part: StreamMessage { stream_id: StreamId(b"\0\0\0\0\0\0\0\x16\0\0\0\0\0\0\0\x07"), sequence: 1, content: Data(Data(ProposalData { bytes: "<...>", len: 545 })) } height=22 round=0
2025-08-25T09:38:13.966905Z  INFO node{moniker=app-2}:node{moniker=app-2}: Streaming proposal part: StreamMessage { stream_id: StreamId(b"\0\0\0\0\0\0\0\x16\0\0\0\0\0\0\0\x07"), sequence: 2, content: Data(Fin(ProposalFin { signature: Signature(Signature { R_bytes: "4c62f3489d224a22d473a5d538f9428fd85e06ddf55a3c703e12b9a90a7ba48b", s_bytes: "12440c2d943538e0d2648916adce43119220995f35accc2d56827c15a36ddf04" }) })) } height=22 round=0
2025-08-25T09:38:13.967052Z DEBUG node{moniker=app-2}:network: Published message channel=/proposal_parts size=48
2025-08-25T09:38:13.967089Z  INFO node{moniker=app-2}:node{moniker=app-2}: Streaming proposal part: StreamMessage { stream_id: StreamId(b"\0\0\0\0\0\0\0\x16\0\0\0\0\0\0\0\x07"), sequence: 3, content: Fin } height=22 round=0
2025-08-25T09:38:13.967156Z DEBUG node{moniker=app-2}:wal{height=22}: Wrote log entry type=LocallyProposedValue entry.size=598 
2025-08-25T09:38:13.967460Z DEBUG node{moniker=app-2}:network: Published message channel=/proposal_parts size=574
2025-08-25T09:38:13.967605Z DEBUG node{moniker=app-2}:node{moniker=app-2}: ✅ Proposal sent height=22 round=0
2025-08-25T09:38:13.967690Z  INFO node{moniker=app-2}:consensus{height=22 round=0}: Proposing value id=5b4c8f4c9bdc727c round=0
2025-08-25T09:38:13.968111Z  INFO node{moniker=app-2}:consensus{height=22 round=0}: Received proposal consensus.height=22 proposal.height=22 proposal.round=0 proposer=02CB1B49DA09615BD4A12212C39378556D990DFD Proposal(height: 22, round: 0, pol_round: -1, value: 5b4c8f4c9bdc727c, from: 02CB1B49DA09615BD4A12212C39378556D990DFD)
2025-08-25T09:38:13.968319Z DEBUG node{moniker=app-2}:network: Published message channel=/proposal_parts size=92
2025-08-25T09:38:13.968580Z DEBUG node{moniker=app-2}:wal{height=22}: Wrote log entry type=Consensus(Proposal) entry.size=667 
2025-08-25T09:38:13.968627Z DEBUG node{moniker=app-2}:network: Published message channel=/proposal_parts size=22
2025-08-25T09:38:13.968798Z DEBUG node{moniker=app-2}:consensus{height=22 round=0}: Transitioned to new step step.previous=Propose step.new=Prevote
2025-08-25T09:38:13.968811Z  INFO node{moniker=app-2}:consensus{height=22 round=0}: Voting vote_type=Prevote value=5b4c8f4c9bdc727c round=0
2025-08-25T09:38:13.969199Z  INFO node{moniker=app-2}:consensus{height=22 round=0}: Received vote height=22 vote_height=22 address=02CB1B49DA09615BD4A12212C39378556D990DFD Prevote(height: 22, round: 0, value: 5b4c8f4c9bdc727c, from: 02CB1B49DA09615BD4A12212C39378556D990DFD)
2025-08-25T09:38:13.969409Z DEBUG node{moniker=app-2}:wal{height=22}: Wrote log entry type=Consensus(Vote) entry.size=117 
2025-08-25T09:38:13.973260Z DEBUG node{moniker=app-2}:wal{height=22}: Flushed WAL to disk wal.entries=3 wal.size=1433
2025-08-25T09:38:13.973501Z DEBUG node{moniker=app-2}:network: Published message channel=/consensus size=108
2025-08-25T09:38:13.977156Z DEBUG node{moniker=app-2}:wal{height=22}: Flushed WAL to disk wal.entries=3 wal.size=1433
2025-08-25T09:38:13.977360Z DEBUG node{moniker=app-2}:network: Published message channel=/consensus size=658
2025-08-25T09:38:13.986265Z  INFO node{moniker=app-2}:consensus{height=22 round=0}: Received vote height=22 vote_height=22 address=DE7BA2BE72D2225286133990FF5810B691A5261C Precommit(height: 22, round: 0, value: 5b4c8f4c9bdc727c, from: DE7BA2BE72D2225286133990FF5810B691A5261C)
2025-08-25T09:38:13.988339Z DEBUG node{moniker=app-2}:wal{height=22}: Wrote log entry type=Consensus(Vote) entry.size=119 
2025-08-25T09:38:13.989231Z  INFO node{moniker=app-2}:consensus{height=22 round=0}: Received vote height=22 vote_height=22 address=DE7BA2BE72D2225286133990FF5810B691A5261C Prevote(height: 22, round: 0, value: 5b4c8f4c9bdc727c, from: DE7BA2BE72D2225286133990FF5810B691A5261C)
2025-08-25T09:38:13.989319Z DEBUG node{moniker=app-2}:wal{height=22}: Wrote log entry type=Consensus(Vote) entry.size=117 
2025-08-25T09:38:13.989436Z DEBUG node{moniker=app-2}:consensus{height=22 round=0}: Transitioned to new step step.previous=Prevote step.new=Precommit
2025-08-25T09:38:13.989443Z  INFO node{moniker=app-2}:consensus{height=22 round=0}: Voting vote_type=Precommit value=5b4c8f4c9bdc727c round=0
2025-08-25T09:38:13.989460Z DEBUG node{moniker=app-2}:node{moniker=app-2}: metis-test:consensus-chan recv!!! msg:ExtendVote { height: Height(22), round: Some(0), value_id: ValueId(6578790714876654204), reply: Sender { inner: Some(Inner { state: State { is_complete: false, is_closed: false, is_rx_task_set: true, is_tx_task_set: false } }) } }
2025-08-25T09:38:13.989625Z  INFO node{moniker=app-2}:consensus{height=22 round=0}: Received vote height=22 vote_height=22 address=02CB1B49DA09615BD4A12212C39378556D990DFD Precommit(height: 22, round: 0, value: 5b4c8f4c9bdc727c, from: 02CB1B49DA09615BD4A12212C39378556D990DFD)
2025-08-25T09:38:13.989677Z DEBUG node{moniker=app-2}:wal{height=22}: Wrote log entry type=Consensus(Vote) entry.size=119 
2025-08-25T09:38:13.989697Z DEBUG node{moniker=app-2}:consensus{height=22 round=0}: Transitioned to new step step.previous=Precommit step.new=Commit
2025-08-25T09:38:13.989701Z  INFO node{moniker=app-2}:consensus{height=22 round=0}: Decided round=0 height=22 value=5b4c8f4c9bdc727c
2025-08-25T09:38:13.992212Z DEBUG node{moniker=app-2}:wal{height=22}: Flushed WAL to disk wal.entries=6 wal.size=1827
2025-08-25T09:38:13.992281Z DEBUG node{moniker=app-2}:sync{height.tip=21 height.sync=22}: Updating request state height.tip=22
2025-08-25T09:38:13.992300Z DEBUG node{moniker=app-2}:node{moniker=app-2}: metis-test:consensus-chan recv!!! msg:Decided { certificate: CommitCertificate { height: Height(22), round: Some(0), value_id: ValueId(6578790714876654204), commit_signatures: [CommitSignature { address: Address(02CB1B49DA09615BD4A12212C39378556D990DFD), signature: Signature(Signature { R_bytes: "69134229da782bcf1420114a5fe74eac3d68f3c3345dfebcbe477db4a5755ff4", s_bytes: "de8b38c8c85c704e157156f41a40b36c85d4fcedf520eb2077f2e414758e6803" }) }, CommitSignature { address: Address(DE7BA2BE72D2225286133990FF5810B691A5261C), signature: Signature(Signature { R_bytes: "531586b620c4c77c66854e0a03b4639767d48f9b72d7f7f385acdef163b7ac68", s_bytes: "5bd2132ca5a37fbcda53a717f51e6818755f1fefdc0ebf4262c7c7ec39d9e800" }) }] }, extensions: VoteExtensions { extensions: [] }, reply: Sender { inner: Some(Inner { state: State { is_complete: false, is_closed: false, is_rx_task_set: true, is_tx_task_set: false } }) } }
2025-08-25T09:38:13.992316Z  INFO node{moniker=app-2}:node{moniker=app-2}: 🟢🟢 Consensus has decided on value height=22 round=0 value=5b4c8f4c9bdc727c
2025-08-25T09:38:13.992513Z DEBUG node{moniker=app-2}:node{moniker=app-2}: 🎁 block size: 545, height: 22
2025-08-25T09:38:13.992523Z  INFO node{moniker=app-2}:node{moniker=app-2}: 👉 stats at height 22: #txs=0, txs/s=0.00, chain_bytes=11990, bytes/s=1744.17
2025-08-25T09:38:13.992527Z DEBUG node{moniker=app-2}:node{moniker=app-2}: 🦄 Block at height 22 contains 0 transactions
2025-08-25T09:38:13.996127Z DEBUG node{moniker=app-2}:wal{height=22}: Flushed WAL to disk wal.entries=6 wal.size=1827
2025-08-25T09:38:13.996311Z DEBUG node{moniker=app-2}:network: Published message channel=/consensus size=110
2025-08-25T09:38:13.996637Z DEBUG node{moniker=app-2}:node{moniker=app-2}: 💡 New block added at height 22 with hash: 0x916d10c023ca0af3c616140b3eb3a25a0b68dfb85a1b39f98b5d0148dfae1e04
2025-08-25T09:38:13.996644Z DEBUG node{moniker=app-2}:node{moniker=app-2}: 🟠 set_latest_forkchoice_state: 0x916d10c023ca0af3c616140b3eb3a25a0b68dfb85a1b39f98b5d0148dfae1e04
2025-08-25T09:38:13.997350Z DEBUG node{moniker=app-2}:node{moniker=app-2}: ➡️ payload_status: PayloadStatus { status: Valid, latest_valid_hash: Some(0x916d10c023ca0af3c616140b3eb3a25a0b68dfb85a1b39f98b5d0148dfae1e04) }
2025-08-25T09:38:13.997359Z DEBUG node{moniker=app-2}:node{moniker=app-2}: 🚀 Forkchoice updated to height 22 for block hash=0x916d10c023ca0af3c616140b3eb3a25a0b68dfb85a1b39f98b5d0148dfae1e04 and latest_valid_hash=0x916d10c023ca0af3c616140b3eb3a25a0b68dfb85a1b39f98b5d0148dfae1e04
2025-08-25T09:38:13.997362Z  INFO node{moniker=app-2}:node{moniker=app-2}: Looking for certificate height=22 round=0
2025-08-25T09:38:14.004797Z  INFO node{moniker=app-2}:node{moniker=app-2}: Committed block_data[0..32]: a8193b9274eff65b2823ebc07ab124558054fdf17c2773eeae20aeba0f58f284
2025-08-25T09:38:14.035679Z DEBUG node{moniker=app-2}:wal{height=23}: Reset WAL height=23
2025-08-25T09:38:14.035774Z DEBUG node{moniker=app-2}:consensus{height=23 round=0}: No WAL entries to replay height=23
2025-08-25T09:38:14.035805Z  INFO node{moniker=app-2}:consensus{height=23 round=0}: Starting new height height=23
2025-08-25T09:38:14.035812Z  INFO node{moniker=app-2}:consensus{height=23 round=0}: Starting new round height=23 round=0 proposer=02CB1B49DA09615BD4A12212C39378556D990DFD role=Proposer
2025-08-25T09:38:14.035841Z DEBUG node{moniker=app-2}:sync{height.tip=21 height.sync=22}: Starting new height height.tip=22 height.sync=23 restart=false
2025-08-25T09:38:14.035847Z DEBUG node{moniker=app-2}:sync{height.tip=21 height.sync=22}: No peer to request sync from height.sync=23
2025-08-25T09:38:14.038511Z DEBUG node{moniker=app-2}:wal{height=23}: Flushed WAL to disk wal.entries=0 wal.size=12
2025-08-25T09:38:14.038593Z DEBUG node{moniker=app-2}:node{moniker=app-2}: metis-test:consensus-chan recv!!! msg:StartedRound { height: Height(23), round: Some(0), proposer: Address(02CB1B49DA09615BD4A12212C39378556D990DFD), role: Proposer, reply_value: Sender { inner: Some(Inner { state: State { is_complete: false, is_closed: false, is_rx_task_set: false, is_tx_task_set: false } }) } }
2025-08-25T09:38:14.038605Z  INFO node{moniker=app-2}:node{moniker=app-2}: 🟢🟢 Started round height=23 round=0 proposer=02CB1B49DA09615BD4A12212C39378556D990DFD role=Proposer
2025-08-25T09:38:14.038618Z ERROR node{moniker=app-2}:consensus{height=23 round=0}: Error when processing effect: Messaging(RecvErr)
2025-08-25T09:38:14.038636Z DEBUG node{moniker=app-2}:consensus{height=23 round=0}: Transitioned to new step step.previous=Unstarted step.new=Propose
2025-08-25T09:38:14.038641Z  INFO node{moniker=app-2}:consensus{height=23 round=0}: Scheduling timeout round=0 step=Propose
2025-08-25T09:38:14.038647Z  INFO node{moniker=app-2}:consensus{height=23 round=0}: Requesting value from application height=23 round=0
2025-08-25T09:38:14.038656Z DEBUG node{moniker=app-2}:consensus{height=23 round=0}: Replaying inputs count=0
2025-08-25T09:38:14.038678Z DEBUG node{moniker=app-2}:node{moniker=app-2}: metis-test:consensus-chan recv!!! msg:GetValue { height: Height(23), round: Some(0), timeout: 3s, reply: Sender { inner: Some(Inner { state: State { is_complete: false, is_closed: false, is_rx_task_set: true, is_tx_task_set: false } }) } }
2025-08-25T09:38:14.038684Z  INFO node{moniker=app-2}:node{moniker=app-2}: 🟢🟢 Consensus is requesting a value to propose height=23 round=0
2025-08-25T09:38:14.038688Z DEBUG node{moniker=app-2}:node{moniker=app-2}: 🟠 generate_block on top of ExecutionBlock { block_hash: 0x916d10c023ca0af3c616140b3eb3a25a0b68dfb85a1b39f98b5d0148dfae1e04, block_number: 22, parent_hash: 0x916d10c023ca0af3c616140b3eb3a25a0b68dfb85a1b39f98b5d0148dfae1e04, timestamp: 1756114713, prev_randao: 0x0000000000000000000000000000000000000000000000000000000000000000 }
2025-08-25T09:38:14.042306Z DEBUG node{moniker=app-2}:node{moniker=app-2}: 🌈 Got execution payload: ExecutionPayloadV3 { payload_inner: ExecutionPayloadV2 { payload_inner: ExecutionPayloadV1 { parent_hash: 0x916d10c023ca0af3c616140b3eb3a25a0b68dfb85a1b39f98b5d0148dfae1e04, fee_recipient: 0x2a2a2a2a2a2a2a2a2a2a2a2a2a2a2a2a2a2a2a2a, state_root: 0xec26df9442c5d4a0a0cc5348c960115b43da08c7aef6be4e4ccc5f136ca892a6, receipts_root: 0x56e81f171bcc55a6ff8345e692c0f86e5b48e01b996cadc001622fb5e363b421, logs_bloom: 0x00000000000000000000000000000000000000000000000000000000000000000000000000000000000000000000000000000000000000000000000000000000000000000000000000000000000000000000000000000000000000000000000000000000000000000000000000000000000000000000000000000000000000000000000000000000000000000000000000000000000000000000000000000000000000000000000000000000000000000000000000000000000000000000000000000000000000000000000000000000000000000000000000000000000000000000000000000000000000000000000000000000000000000000000000000000, prev_randao: 0x0000000000000000000000000000000000000000000000000000000000000000, block_number: 23, gas_limit: 30681081, gas_used: 0, timestamp: 1756114714, extra_data: 0x726574682f76312e342e312f6c696e7578, base_fee_per_gas: 46364465, block_hash: 0xba3fa62dfd576f344a1a6be59dd5cc97701b33e3ca4f4a27c98b70b1a910a362, transactions: [] }, withdrawals: [] }, blob_gas_used: 0, excess_blob_gas: 0 }
2025-08-25T09:38:14.042341Z DEBUG node{moniker=app-2}:node{moniker=app-2}: 🎁 block size: 545, height: 23
2025-08-25T09:38:14.051949Z  INFO node{moniker=app-2}:node{moniker=app-2}: Streaming proposal part: StreamMessage { stream_id: StreamId(b"\0\0\0\0\0\0\0\x17\0\0\0\0\0\0\0\x08"), sequence: 0, content: Data(Init(ProposalInit { height: Height(23), round: Some(0), proposer: Address(02CB1B49DA09615BD4A12212C39378556D990DFD) })) } height=23 round=0
2025-08-25T09:38:14.052022Z  INFO node{moniker=app-2}:node{moniker=app-2}: Streaming proposal part: StreamMessage { stream_id: StreamId(b"\0\0\0\0\0\0\0\x17\0\0\0\0\0\0\0\x08"), sequence: 1, content: Data(Data(ProposalData { bytes: "<...>", len: 545 })) } height=23 round=0
2025-08-25T09:38:14.052074Z  INFO node{moniker=app-2}:node{moniker=app-2}: Streaming proposal part: StreamMessage { stream_id: StreamId(b"\0\0\0\0\0\0\0\x17\0\0\0\0\0\0\0\x08"), sequence: 2, content: Data(Fin(ProposalFin { signature: Signature(Signature { R_bytes: "fa7bfda5390af618ec64abf1bd552983d24b52c917df24135d8bf98022cd606c", s_bytes: "e6f0d191bed9b0e46c402d6ae952a0442645c1b8f56e8a1d54a0f2899ac24f0b" }) })) } height=23 round=0
2025-08-25T09:38:14.052346Z DEBUG node{moniker=app-2}:network: Published message channel=/proposal_parts size=48
2025-08-25T09:38:14.052393Z  INFO node{moniker=app-2}:node{moniker=app-2}: Streaming proposal part: StreamMessage { stream_id: StreamId(b"\0\0\0\0\0\0\0\x17\0\0\0\0\0\0\0\x08"), sequence: 3, content: Fin } height=23 round=0
2025-08-25T09:38:14.052529Z DEBUG node{moniker=app-2}:wal{height=23}: Wrote log entry type=LocallyProposedValue entry.size=598 
2025-08-25T09:38:14.052647Z DEBUG node{moniker=app-2}:network: Published message channel=/proposal_parts size=574
2025-08-25T09:38:14.052707Z DEBUG node{moniker=app-2}:node{moniker=app-2}: ✅ Proposal sent height=23 round=0
2025-08-25T09:38:14.052873Z DEBUG node{moniker=app-2}:network: Published message channel=/proposal_parts size=92
2025-08-25T09:38:14.052905Z  INFO node{moniker=app-2}:consensus{height=23 round=0}: Proposing value id=94a870922b0dd28 round=0
2025-08-25T09:38:14.053075Z  INFO node{moniker=app-2}:consensus{height=23 round=0}: Received proposal consensus.height=23 proposal.height=23 proposal.round=0 proposer=02CB1B49DA09615BD4A12212C39378556D990DFD Proposal(height: 23, round: 0, pol_round: -1, value: 94a870922b0dd28, from: 02CB1B49DA09615BD4A12212C39378556D990DFD)
2025-08-25T09:38:14.053262Z DEBUG node{moniker=app-2}:network: Published message channel=/proposal_parts size=22
2025-08-25T09:38:14.053402Z DEBUG node{moniker=app-2}:wal{height=23}: Wrote log entry type=Consensus(Proposal) entry.size=667 
2025-08-25T09:38:14.053435Z DEBUG node{moniker=app-2}:consensus{height=23 round=0}: Transitioned to new step step.previous=Propose step.new=Prevote
2025-08-25T09:38:14.053442Z  INFO node{moniker=app-2}:consensus{height=23 round=0}: Voting vote_type=Prevote value=94a870922b0dd28 round=0
2025-08-25T09:38:14.053615Z  INFO node{moniker=app-2}:consensus{height=23 round=0}: Received vote height=23 vote_height=23 address=02CB1B49DA09615BD4A12212C39378556D990DFD Prevote(height: 23, round: 0, value: 94a870922b0dd28, from: 02CB1B49DA09615BD4A12212C39378556D990DFD)
2025-08-25T09:38:14.053685Z DEBUG node{moniker=app-2}:wal{height=23}: Wrote log entry type=Consensus(Vote) entry.size=117 
2025-08-25T09:38:14.057296Z DEBUG node{moniker=app-2}:wal{height=23}: Flushed WAL to disk wal.entries=3 wal.size=1433
2025-08-25T09:38:14.057563Z DEBUG node{moniker=app-2}:network: Published message channel=/consensus size=108
2025-08-25T09:38:14.061364Z DEBUG node{moniker=app-2}:wal{height=23}: Flushed WAL to disk wal.entries=3 wal.size=1433
2025-08-25T09:38:14.061663Z DEBUG node{moniker=app-2}:network: Published message channel=/consensus size=658
2025-08-25T09:38:14.078548Z  INFO node{moniker=app-2}:consensus{height=23 round=0}: Received vote height=23 vote_height=23 address=815F9FA61D7C4F1E4A9E30D40DCA1115BB48F759 Precommit(height: 23, round: 0, value: 94a870922b0dd28, from: 815F9FA61D7C4F1E4A9E30D40DCA1115BB48F759)
2025-08-25T09:38:14.080702Z DEBUG node{moniker=app-2}:wal{height=23}: Wrote log entry type=Consensus(Vote) entry.size=119 
2025-08-25T09:38:14.081691Z  INFO node{moniker=app-2}:consensus{height=23 round=0}: Received vote height=23 vote_height=23 address=815F9FA61D7C4F1E4A9E30D40DCA1115BB48F759 Prevote(height: 23, round: 0, value: 94a870922b0dd28, from: 815F9FA61D7C4F1E4A9E30D40DCA1115BB48F759)
2025-08-25T09:38:14.081880Z DEBUG node{moniker=app-2}:wal{height=23}: Wrote log entry type=Consensus(Vote) entry.size=117 
2025-08-25T09:38:14.081951Z DEBUG node{moniker=app-2}:consensus{height=23 round=0}: Transitioned to new step step.previous=Prevote step.new=Precommit
2025-08-25T09:38:14.081961Z  INFO node{moniker=app-2}:consensus{height=23 round=0}: Voting vote_type=Precommit value=94a870922b0dd28 round=0
2025-08-25T09:38:14.081987Z DEBUG node{moniker=app-2}:node{moniker=app-2}: metis-test:consensus-chan recv!!! msg:ExtendVote { height: Height(23), round: Some(0), value_id: ValueId(669495967924411688), reply: Sender { inner: Some(Inner { state: State { is_complete: false, is_closed: false, is_rx_task_set: true, is_tx_task_set: false } }) } }
2025-08-25T09:38:14.082155Z  INFO node{moniker=app-2}:consensus{height=23 round=0}: Received vote height=23 vote_height=23 address=02CB1B49DA09615BD4A12212C39378556D990DFD Precommit(height: 23, round: 0, value: 94a870922b0dd28, from: 02CB1B49DA09615BD4A12212C39378556D990DFD)
2025-08-25T09:38:14.082216Z DEBUG node{moniker=app-2}:wal{height=23}: Wrote log entry type=Consensus(Vote) entry.size=119 
2025-08-25T09:38:14.082238Z DEBUG node{moniker=app-2}:consensus{height=23 round=0}: Transitioned to new step step.previous=Precommit step.new=Commit
2025-08-25T09:38:14.082246Z  INFO node{moniker=app-2}:consensus{height=23 round=0}: Decided round=0 height=23 value=94a870922b0dd28
2025-08-25T09:38:14.109403Z DEBUG node{moniker=app-2}:wal{height=23}: Flushed WAL to disk wal.entries=6 wal.size=1827
2025-08-25T09:38:14.109564Z DEBUG node{moniker=app-2}:sync{height.tip=22 height.sync=23}: Updating request state height.tip=23
2025-08-25T09:38:14.109610Z DEBUG node{moniker=app-2}:node{moniker=app-2}: metis-test:consensus-chan recv!!! msg:Decided { certificate: CommitCertificate { height: Height(23), round: Some(0), value_id: ValueId(669495967924411688), commit_signatures: [CommitSignature { address: Address(02CB1B49DA09615BD4A12212C39378556D990DFD), signature: Signature(Signature { R_bytes: "0f9e9864627e5d62a4dfa08c050a57fb0086cd93225a581ddce884e73dd37f66", s_bytes: "165d912ae296674fd3ad75e1c669ce6726f3617d1c8d4690a9cbb58bcce35703" }) }, CommitSignature { address: Address(815F9FA61D7C4F1E4A9E30D40DCA1115BB48F759), signature: Signature(Signature { R_bytes: "614ad1f4b285284f79c5808ceb2afa95f2ff888fca50895a664046debc68e87c", s_bytes: "ac44e5fe35f02c2189b963eaf5ebd146d2a8616767db13c7eab1c0ac7668610b" }) }] }, extensions: VoteExtensions { extensions: [] }, reply: Sender { inner: Some(Inner { state: State { is_complete: false, is_closed: false, is_rx_task_set: true, is_tx_task_set: false } }) } }
2025-08-25T09:38:14.109630Z  INFO node{moniker=app-2}:node{moniker=app-2}: 🟢🟢 Consensus has decided on value height=23 round=0 value=94a870922b0dd28
2025-08-25T09:38:14.109694Z DEBUG node{moniker=app-2}:node{moniker=app-2}: 🎁 block size: 545, height: 23
2025-08-25T09:38:14.109704Z  INFO node{moniker=app-2}:node{moniker=app-2}: 👉 stats at height 23: #txs=0, txs/s=0.00, chain_bytes=12535, bytes/s=1792.89
2025-08-25T09:38:14.109708Z DEBUG node{moniker=app-2}:node{moniker=app-2}: 🦄 Block at height 23 contains 0 transactions
2025-08-25T09:38:14.114540Z DEBUG node{moniker=app-2}:node{moniker=app-2}: 💡 New block added at height 23 with hash: 0xba3fa62dfd576f344a1a6be59dd5cc97701b33e3ca4f4a27c98b70b1a910a362
2025-08-25T09:38:14.114555Z DEBUG node{moniker=app-2}:node{moniker=app-2}: 🟠 set_latest_forkchoice_state: 0xba3fa62dfd576f344a1a6be59dd5cc97701b33e3ca4f4a27c98b70b1a910a362
2025-08-25T09:38:14.115461Z DEBUG node{moniker=app-2}:node{moniker=app-2}: ➡️ payload_status: PayloadStatus { status: Valid, latest_valid_hash: Some(0xba3fa62dfd576f344a1a6be59dd5cc97701b33e3ca4f4a27c98b70b1a910a362) }
2025-08-25T09:38:14.115485Z DEBUG node{moniker=app-2}:node{moniker=app-2}: 🚀 Forkchoice updated to height 23 for block hash=0xba3fa62dfd576f344a1a6be59dd5cc97701b33e3ca4f4a27c98b70b1a910a362 and latest_valid_hash=0xba3fa62dfd576f344a1a6be59dd5cc97701b33e3ca4f4a27c98b70b1a910a362
2025-08-25T09:38:14.115492Z  INFO node{moniker=app-2}:node{moniker=app-2}: Looking for certificate height=23 round=0
2025-08-25T09:38:14.171103Z DEBUG node{moniker=app-2}:wal{height=23}: Flushed WAL to disk wal.entries=6 wal.size=1827
2025-08-25T09:38:14.171496Z DEBUG node{moniker=app-2}:network: Published message channel=/consensus size=110
2025-08-25T09:38:14.182821Z  INFO node{moniker=app-2}:node{moniker=app-2}: Committed block_data[0..32]: 916d10c023ca0af3c616140b3eb3a25a0b68dfb85a1b39f98b5d0148dfae1e04
2025-08-25T09:38:14.208994Z DEBUG node{moniker=app-2}:wal{height=24}: Reset WAL height=24
2025-08-25T09:38:14.209042Z DEBUG node{moniker=app-2}:consensus{height=24 round=0}: No WAL entries to replay height=24
2025-08-25T09:38:14.209070Z  INFO node{moniker=app-2}:consensus{height=24 round=0}: Starting new height height=24
2025-08-25T09:38:14.209075Z  INFO node{moniker=app-2}:consensus{height=24 round=0}: Starting new round height=24 round=0 proposer=DE7BA2BE72D2225286133990FF5810B691A5261C role=None
2025-08-25T09:38:14.209096Z DEBUG node{moniker=app-2}:sync{height.tip=22 height.sync=23}: Starting new height height.tip=23 height.sync=24 restart=false
2025-08-25T09:38:14.209102Z DEBUG node{moniker=app-2}:sync{height.tip=22 height.sync=23}: No peer to request sync from height.sync=24
2025-08-25T09:38:14.212636Z DEBUG node{moniker=app-2}:wal{height=24}: Flushed WAL to disk wal.entries=0 wal.size=12
2025-08-25T09:38:14.212696Z DEBUG node{moniker=app-2}:node{moniker=app-2}: metis-test:consensus-chan recv!!! msg:StartedRound { height: Height(24), round: Some(0), proposer: Address(DE7BA2BE72D2225286133990FF5810B691A5261C), role: None, reply_value: Sender { inner: Some(Inner { state: State { is_complete: false, is_closed: false, is_rx_task_set: false, is_tx_task_set: false } }) } }
2025-08-25T09:38:14.212710Z  INFO node{moniker=app-2}:node{moniker=app-2}: 🟢🟢 Started round height=24 round=0 proposer=DE7BA2BE72D2225286133990FF5810B691A5261C role=None
2025-08-25T09:38:14.212723Z ERROR node{moniker=app-2}:consensus{height=24 round=0}: Error when processing effect: Messaging(RecvErr)
2025-08-25T09:38:14.212739Z DEBUG node{moniker=app-2}:consensus{height=24 round=0}: Transitioned to new step step.previous=Unstarted step.new=Propose
2025-08-25T09:38:14.212744Z  INFO node{moniker=app-2}:consensus{height=24 round=0}: Scheduling timeout round=0 step=Propose
2025-08-25T09:38:14.212753Z DEBUG node{moniker=app-2}:consensus{height=24 round=0}: Replaying inputs count=0
2025-08-25T09:38:14.229799Z DEBUG node{moniker=app-2}:node{moniker=app-2}: metis-test:consensus-chan recv!!! msg:ReceivedProposalPart { from: PeerId("12D3KooWEFmACkQS9HNWY86xGVM3LS7fRpQ8saTb5VdfdYCzuUvE"), part: StreamMessage { stream_id: StreamId(b"\0\0\0\0\0\0\0\x18\0\0\0\0\0\0\0\x07"), sequence: 0, content: Data(Init(ProposalInit { height: Height(24), round: Some(0), proposer: Address(DE7BA2BE72D2225286133990FF5810B691A5261C) })) }, reply: Sender { inner: Some(Inner { state: State { is_complete: false, is_closed: false, is_rx_task_set: true, is_tx_task_set: false } }) } }
2025-08-25T09:38:14.229832Z  INFO node{moniker=app-2}:node{moniker=app-2}: Received proposal part from=12D3KooWEFmACkQS9HNWY86xGVM3LS7fRpQ8saTb5VdfdYCzuUvE part.sequence=0 part.type=init part.size=28
2025-08-25T09:38:14.229856Z DEBUG node{moniker=app-2}:node{moniker=app-2}: metis-test:consensus-chan recv!!! msg:ReceivedProposalPart { from: PeerId("12D3KooWEFmACkQS9HNWY86xGVM3LS7fRpQ8saTb5VdfdYCzuUvE"), part: StreamMessage { stream_id: StreamId(b"\0\0\0\0\0\0\0\x18\0\0\0\0\0\0\0\x07"), sequence: 1, content: Data(Data(ProposalData { bytes: "<...>", len: 545 })) }, reply: Sender { inner: Some(Inner { state: State { is_complete: false, is_closed: false, is_rx_task_set: true, is_tx_task_set: false } }) } }
2025-08-25T09:38:14.229866Z  INFO node{moniker=app-2}:node{moniker=app-2}: Received proposal part from=12D3KooWEFmACkQS9HNWY86xGVM3LS7fRpQ8saTb5VdfdYCzuUvE part.sequence=1 part.type=data part.size=551
2025-08-25T09:38:14.230313Z DEBUG node{moniker=app-2}:node{moniker=app-2}: metis-test:consensus-chan recv!!! msg:ReceivedProposalPart { from: PeerId("12D3KooWEFmACkQS9HNWY86xGVM3LS7fRpQ8saTb5VdfdYCzuUvE"), part: StreamMessage { stream_id: StreamId(b"\0\0\0\0\0\0\0\x18\0\0\0\0\0\0\0\x07"), sequence: 2, content: Data(Fin(ProposalFin { signature: Signature(Signature { R_bytes: "b3fb637ea285f2726cbcea8b9e506a3173f4bb843a8e62f18c93a3d65bb83ca7", s_bytes: "d4a2460d5015e5e5a5bfcc768fad00dd2fe68d5f58a9c706495d636e892e7304" }) })) }, reply: Sender { inner: Some(Inner { state: State { is_complete: false, is_closed: false, is_rx_task_set: true, is_tx_task_set: false } }) } }
2025-08-25T09:38:14.230330Z  INFO node{moniker=app-2}:node{moniker=app-2}: Received proposal part from=12D3KooWEFmACkQS9HNWY86xGVM3LS7fRpQ8saTb5VdfdYCzuUvE part.sequence=2 part.type=fin part.size=70
2025-08-25T09:38:14.230345Z DEBUG node{moniker=app-2}:node{moniker=app-2}: metis-test:consensus-chan recv!!! msg:ReceivedProposalPart { from: PeerId("12D3KooWEFmACkQS9HNWY86xGVM3LS7fRpQ8saTb5VdfdYCzuUvE"), part: StreamMessage { stream_id: StreamId(b"\0\0\0\0\0\0\0\x18\0\0\0\0\0\0\0\x07"), sequence: 3, content: Fin }, reply: Sender { inner: Some(Inner { state: State { is_complete: false, is_closed: false, is_rx_task_set: true, is_tx_task_set: false } }) } }
2025-08-25T09:38:14.230361Z  INFO node{moniker=app-2}:node{moniker=app-2}: Received proposal part from=12D3KooWEFmACkQS9HNWY86xGVM3LS7fRpQ8saTb5VdfdYCzuUvE part.sequence=3 part.type=end of stream part.size=0
2025-08-25T09:38:14.230544Z  INFO node{moniker=app-2}:node{moniker=app-2}: Proposal data[0..32]: ba3fa62dfd576f344a1a6be59dd5cc97701b33e3ca4f4a27c98b70b1a910a362, total_size: 545 bytes, id: 848bfbae96f4d4cb
2025-08-25T09:38:14.234402Z  INFO node{moniker=app-2}:consensus{height=24 round=0}: Received vote height=24 vote_height=24 address=DE7BA2BE72D2225286133990FF5810B691A5261C Prevote(height: 24, round: 0, value: 848bfbae96f4d4cb, from: DE7BA2BE72D2225286133990FF5810B691A5261C)
2025-08-25T09:38:14.237327Z DEBUG node{moniker=app-2}:wal{height=24}: Wrote log entry type=Consensus(Vote) entry.size=118 
2025-08-25T09:38:14.240992Z  INFO node{moniker=app-2}:consensus{height=24 round=0}: Received proposal consensus.height=24 proposal.height=24 proposal.round=0 proposer=DE7BA2BE72D2225286133990FF5810B691A5261C Proposal(height: 24, round: 0, pol_round: -1, value: 848bfbae96f4d4cb, from: DE7BA2BE72D2225286133990FF5810B691A5261C)
2025-08-25T09:38:14.242316Z DEBUG node{moniker=app-2}:wal{height=24}: Wrote log entry type=Consensus(Proposal) entry.size=668 
2025-08-25T09:38:14.242456Z DEBUG node{moniker=app-2}:consensus{height=24 round=0}: No full proposal for this round yet, stored proposal for later proposal.height=24 proposal.round=0
2025-08-25T09:38:14.249844Z DEBUG node{moniker=app-2}:node{moniker=app-2}: ✅ Received complete proposal: ProposedValue { height: Height(24), round: Some(0), valid_round: Nil, proposer: Address(DE7BA2BE72D2225286133990FF5810B691A5261C), value: Value { value: 9551004162044777675, extensions: b"\xba?\xa6-\xfdWo4J\x1ak\xe5\x9d\xd5\xcc\x97p\x1b3\xe3\xcaOJ'\xc9\x8bp\xb1\xa9\x10\xa3b********************\xec&\xdf\x94B\xc5\xd4\xa0\xa0\xccSH\xc9`\x11[C\xda\x08\xc7\xae\xf6\xbeNL\xcc_\x13l\xa8\x92\xa6V\xe8\x1f\x17\x1b\xccU\xa6\xff\x83E\xe6\x92\xc0\xf8n[H\xe0\x1b\x99l\xad\xc0\x01b/\xb5\xe3c\xb4!\0\0\0\0\0\0\0\0\0\0\0\0\0\0\0\0\0\0\0\0\0\0\0\0\0\0\0\0\0\0\0\0\0\0\0\0\0\0\0\0\0\0\0\0\0\0\0\0\0\0\0\0\0\0\0\0\0\0\0\0\0\0\0\0\0\0\0\0\0\0\0\0\0\0\0\0\0\0\0\0\0\0\0\0\0\0\0\0\0\0\0\0\0\0\0\0\0\0\0\0\0\0\0\0\0\0\0\0\0\0\0\0\0\0\0\0\0\0\0\0\0\0\0\0\0\0\0\0\0\0\0\0\0\0\0\0\0\0\0\0\0\0\0\0\0\0\0\0\0\0\0\0\0\0\0\0\0\0\0\0\0\0\0\0\0\0\0\0\0\0\0\0\0\0\0\0\0\0\0\0\0\0\0\0\0\0\0\0\0\0\0\0\0\0\0\0\0\0\0\0\0\0\0\0\0\0\0\0\0\0\0\0\0\0\0\0\0\0\0\0\0\0\0\0\0\0\0\0\0\0\0\0\0\0\0\0\0\0\0\0\0\0\0\0\0\0\0\0\0\0\0\0\0\0\0\0\0\0\0\0\0\0\0\0\0\0\0\0\0\0\0\0\0\0\0\0\0\0\0\0\0\0\0\0\0\0\0\0\x18\0\0\0\0\0\0\0\x01\x9d\xd4\x01\0\0\0\0\0\0\0\0\0\0\0\0\x1b/\xach\0\0\0\0\x10\x02\0\0K\x08k\x02\0\0\0\0\0\0\0\0\0\0\0\0\0\0\0\0\0\0\0\0\0\0\0\0\0\0\0\0\xa8\x1f\x8e\xdc\xe6\x0f\x96\xcd\xcd\x047\xef0\xd32\xafz\xe7\xc6\xb4(\xf4\xe8[\xf3\xc0\x08o(2`\x0f!\x02\0\0!\x02\0\0\0\0\0\0\0\0\0\0\0\0\0\0\0\0\0\0reth/v1.4.1/linux" }, validity: Valid }
2025-08-25T09:38:14.249902Z DEBUG node{moniker=app-2}:consensus{height=24 round=0}: We have a full proposal for this round, checking... proposal.height=24 proposal.round=0
2025-08-25T09:38:14.249969Z DEBUG node{moniker=app-2}:consensus{height=24 round=0}: Transitioned to new step step.previous=Propose step.new=Prevote
2025-08-25T09:38:14.276222Z  INFO node{moniker=app-2}:consensus{height=24 round=0}: Received vote height=24 vote_height=24 address=815F9FA61D7C4F1E4A9E30D40DCA1115BB48F759 Precommit(height: 24, round: 0, value: 848bfbae96f4d4cb, from: 815F9FA61D7C4F1E4A9E30D40DCA1115BB48F759)
2025-08-25T09:38:14.313328Z DEBUG node{moniker=app-2}:wal{height=24}: Wrote log entry type=Consensus(Vote) entry.size=120 
2025-08-25T09:38:14.315857Z  INFO node{moniker=app-2}:consensus{height=24 round=0}: Received vote height=24 vote_height=24 address=815F9FA61D7C4F1E4A9E30D40DCA1115BB48F759 Prevote(height: 24, round: 0, value: 848bfbae96f4d4cb, from: 815F9FA61D7C4F1E4A9E30D40DCA1115BB48F759)
2025-08-25T09:38:14.326530Z DEBUG node{moniker=app-2}:wal{height=24}: Wrote log entry type=Consensus(Vote) entry.size=118 
2025-08-25T09:38:14.326744Z DEBUG node{moniker=app-2}:consensus{height=24 round=0}: Transitioned to new step step.previous=Prevote step.new=Precommit
2025-08-25T09:38:14.329498Z  INFO node{moniker=app-2}:consensus{height=24 round=0}: Received vote height=24 vote_height=24 address=DE7BA2BE72D2225286133990FF5810B691A5261C Precommit(height: 24, round: 0, value: 848bfbae96f4d4cb, from: DE7BA2BE72D2225286133990FF5810B691A5261C)
2025-08-25T09:38:14.329607Z DEBUG node{moniker=app-2}:wal{height=24}: Wrote log entry type=Consensus(Vote) entry.size=120 
2025-08-25T09:38:14.329745Z DEBUG node{moniker=app-2}:consensus{height=24 round=0}: Transitioned to new step step.previous=Precommit step.new=Commit
2025-08-25T09:38:14.329755Z  INFO node{moniker=app-2}:consensus{height=24 round=0}: Decided round=0 height=24 value=848bfbae96f4d4cb
2025-08-25T09:38:14.333365Z DEBUG node{moniker=app-2}:wal{height=24}: Flushed WAL to disk wal.entries=5 wal.size=1221
2025-08-25T09:38:14.333453Z DEBUG node{moniker=app-2}:sync{height.tip=23 height.sync=24}: Updating request state height.tip=24
2025-08-25T09:38:14.333465Z DEBUG node{moniker=app-2}:node{moniker=app-2}: metis-test:consensus-chan recv!!! msg:Decided { certificate: CommitCertificate { height: Height(24), round: Some(0), value_id: ValueId(9551004162044777675), commit_signatures: [CommitSignature { address: Address(815F9FA61D7C4F1E4A9E30D40DCA1115BB48F759), signature: Signature(Signature { R_bytes: "6fe17f3798dec0c3f15fd72dc82cf56f3808c8c7f4374821356d349089c7e3df", s_bytes: "a38d0cdf36267931a6c331a40f7ccbd3b7c7de951cf74d8ff251d405f2d55909" }) }, CommitSignature { address: Address(DE7BA2BE72D2225286133990FF5810B691A5261C), signature: Signature(Signature { R_bytes: "fba18cd5cbd2672439b61b59e53f3b6f370617d7fcdf0476e03da278dd9c6886", s_bytes: "070551ee3037672e34465630fe82c2389ab2cd056390d5a69926cc2ba3e44609" }) }] }, extensions: VoteExtensions { extensions: [] }, reply: Sender { inner: Some(Inner { state: State { is_complete: false, is_closed: false, is_rx_task_set: true, is_tx_task_set: false } }) } }
2025-08-25T09:38:14.333484Z  INFO node{moniker=app-2}:node{moniker=app-2}: 🟢🟢 Consensus has decided on value height=24 round=0 value=848bfbae96f4d4cb
2025-08-25T09:38:14.333600Z DEBUG node{moniker=app-2}:node{moniker=app-2}: 🎁 block size: 545, height: 24
2025-08-25T09:38:14.333609Z  INFO node{moniker=app-2}:node{moniker=app-2}: 👉 stats at height 24: #txs=0, txs/s=0.00, chain_bytes=13080, bytes/s=1812.79
2025-08-25T09:38:14.333613Z DEBUG node{moniker=app-2}:node{moniker=app-2}: 🦄 Block at height 24 contains 0 transactions
2025-08-25T09:38:14.336852Z DEBUG node{moniker=app-2}:node{moniker=app-2}: 💡 New block added at height 24 with hash: 0xa81f8edce60f96cdcd0437ef30d332af7ae7c6b428f4e85bf3c0086f2832600f
2025-08-25T09:38:14.336866Z DEBUG node{moniker=app-2}:node{moniker=app-2}: 🟠 set_latest_forkchoice_state: 0xa81f8edce60f96cdcd0437ef30d332af7ae7c6b428f4e85bf3c0086f2832600f
2025-08-25T09:38:14.338125Z DEBUG node{moniker=app-2}:node{moniker=app-2}: ➡️ payload_status: PayloadStatus { status: Valid, latest_valid_hash: Some(0xa81f8edce60f96cdcd0437ef30d332af7ae7c6b428f4e85bf3c0086f2832600f) }
2025-08-25T09:38:14.338141Z DEBUG node{moniker=app-2}:node{moniker=app-2}: 🚀 Forkchoice updated to height 24 for block hash=0xa81f8edce60f96cdcd0437ef30d332af7ae7c6b428f4e85bf3c0086f2832600f and latest_valid_hash=0xa81f8edce60f96cdcd0437ef30d332af7ae7c6b428f4e85bf3c0086f2832600f
2025-08-25T09:38:14.338145Z  INFO node{moniker=app-2}:node{moniker=app-2}: Looking for certificate height=24 round=0
2025-08-25T09:38:14.350354Z  INFO node{moniker=app-2}:node{moniker=app-2}: Committed block_data[0..32]: ba3fa62dfd576f344a1a6be59dd5cc97701b33e3ca4f4a27c98b70b1a910a362
2025-08-25T09:38:14.372255Z DEBUG node{moniker=app-2}:wal{height=25}: Reset WAL height=25
2025-08-25T09:38:14.372340Z DEBUG node{moniker=app-2}:consensus{height=25 round=0}: No WAL entries to replay height=25
2025-08-25T09:38:14.372375Z  INFO node{moniker=app-2}:consensus{height=25 round=0}: Starting new height height=25
2025-08-25T09:38:14.372382Z  INFO node{moniker=app-2}:consensus{height=25 round=0}: Starting new round height=25 round=0 proposer=DE7BA2BE72D2225286133990FF5810B691A5261C role=Validator
2025-08-25T09:38:14.372410Z DEBUG node{moniker=app-2}:sync{height.tip=23 height.sync=24}: Starting new height height.tip=24 height.sync=25 restart=false
2025-08-25T09:38:14.372416Z DEBUG node{moniker=app-2}:sync{height.tip=23 height.sync=24}: No peer to request sync from height.sync=25
2025-08-25T09:38:14.375751Z DEBUG node{moniker=app-2}:wal{height=25}: Flushed WAL to disk wal.entries=0 wal.size=12
2025-08-25T09:38:14.375848Z DEBUG node{moniker=app-2}:node{moniker=app-2}: metis-test:consensus-chan recv!!! msg:StartedRound { height: Height(25), round: Some(0), proposer: Address(DE7BA2BE72D2225286133990FF5810B691A5261C), role: Validator, reply_value: Sender { inner: Some(Inner { state: State { is_complete: false, is_closed: false, is_rx_task_set: false, is_tx_task_set: false } }) } }
2025-08-25T09:38:14.375866Z  INFO node{moniker=app-2}:node{moniker=app-2}: 🟢🟢 Started round height=25 round=0 proposer=DE7BA2BE72D2225286133990FF5810B691A5261C role=Validator
2025-08-25T09:38:14.375887Z ERROR node{moniker=app-2}:consensus{height=25 round=0}: Error when processing effect: Messaging(RecvErr)
2025-08-25T09:38:14.375913Z DEBUG node{moniker=app-2}:consensus{height=25 round=0}: Transitioned to new step step.previous=Unstarted step.new=Propose
2025-08-25T09:38:14.375922Z  INFO node{moniker=app-2}:consensus{height=25 round=0}: Scheduling timeout round=0 step=Propose
2025-08-25T09:38:14.375955Z DEBUG node{moniker=app-2}:consensus{height=25 round=0}: Replaying inputs count=0
2025-08-25T09:38:14.388764Z DEBUG node{moniker=app-2}:node{moniker=app-2}: metis-test:consensus-chan recv!!! msg:ReceivedProposalPart { from: PeerId("12D3KooWEFmACkQS9HNWY86xGVM3LS7fRpQ8saTb5VdfdYCzuUvE"), part: StreamMessage { stream_id: StreamId(b"\0\0\0\0\0\0\0\x19\0\0\0\0\0\0\0\x08"), sequence: 0, content: Data(Init(ProposalInit { height: Height(25), round: Some(0), proposer: Address(DE7BA2BE72D2225286133990FF5810B691A5261C) })) }, reply: Sender { inner: Some(Inner { state: State { is_complete: false, is_closed: false, is_rx_task_set: true, is_tx_task_set: false } }) } }
2025-08-25T09:38:14.388810Z  INFO node{moniker=app-2}:node{moniker=app-2}: Received proposal part from=12D3KooWEFmACkQS9HNWY86xGVM3LS7fRpQ8saTb5VdfdYCzuUvE part.sequence=0 part.type=init part.size=28
2025-08-25T09:38:14.389719Z DEBUG node{moniker=app-2}:node{moniker=app-2}: metis-test:consensus-chan recv!!! msg:ReceivedProposalPart { from: PeerId("12D3KooWEFmACkQS9HNWY86xGVM3LS7fRpQ8saTb5VdfdYCzuUvE"), part: StreamMessage { stream_id: StreamId(b"\0\0\0\0\0\0\0\x19\0\0\0\0\0\0\0\x08"), sequence: 1, content: Data(Data(ProposalData { bytes: "<...>", len: 545 })) }, reply: Sender { inner: Some(Inner { state: State { is_complete: false, is_closed: false, is_rx_task_set: true, is_tx_task_set: false } }) } }
2025-08-25T09:38:14.389739Z  INFO node{moniker=app-2}:node{moniker=app-2}: Received proposal part from=12D3KooWEFmACkQS9HNWY86xGVM3LS7fRpQ8saTb5VdfdYCzuUvE part.sequence=1 part.type=data part.size=551
2025-08-25T09:38:14.389755Z DEBUG node{moniker=app-2}:node{moniker=app-2}: metis-test:consensus-chan recv!!! msg:ReceivedProposalPart { from: PeerId("12D3KooWEFmACkQS9HNWY86xGVM3LS7fRpQ8saTb5VdfdYCzuUvE"), part: StreamMessage { stream_id: StreamId(b"\0\0\0\0\0\0\0\x19\0\0\0\0\0\0\0\x08"), sequence: 2, content: Data(Fin(ProposalFin { signature: Signature(Signature { R_bytes: "b72017b0e8b8e52d731bda391e9b2eb934c784fd62f3c065ab2a13fc0d2c7908", s_bytes: "00d6e1f1961c1f24feef887dbd3aa35f3a16eea9c82bc385df59e4d2ded4410b" }) })) }, reply: Sender { inner: Some(Inner { state: State { is_complete: false, is_closed: false, is_rx_task_set: true, is_tx_task_set: false } }) } }
2025-08-25T09:38:14.389767Z  INFO node{moniker=app-2}:node{moniker=app-2}: Received proposal part from=12D3KooWEFmACkQS9HNWY86xGVM3LS7fRpQ8saTb5VdfdYCzuUvE part.sequence=2 part.type=fin part.size=70
2025-08-25T09:38:14.389787Z DEBUG node{moniker=app-2}:node{moniker=app-2}: metis-test:consensus-chan recv!!! msg:ReceivedProposalPart { from: PeerId("12D3KooWEFmACkQS9HNWY86xGVM3LS7fRpQ8saTb5VdfdYCzuUvE"), part: StreamMessage { stream_id: StreamId(b"\0\0\0\0\0\0\0\x19\0\0\0\0\0\0\0\x08"), sequence: 3, content: Fin }, reply: Sender { inner: Some(Inner { state: State { is_complete: false, is_closed: false, is_rx_task_set: true, is_tx_task_set: false } }) } }
2025-08-25T09:38:14.389794Z  INFO node{moniker=app-2}:node{moniker=app-2}: Received proposal part from=12D3KooWEFmACkQS9HNWY86xGVM3LS7fRpQ8saTb5VdfdYCzuUvE part.sequence=3 part.type=end of stream part.size=0
2025-08-25T09:38:14.389940Z  INFO node{moniker=app-2}:node{moniker=app-2}: Proposal data[0..32]: a81f8edce60f96cdcd0437ef30d332af7ae7c6b428f4e85bf3c0086f2832600f, total_size: 545 bytes, id: 4633cec99b55ddfe
2025-08-25T09:38:14.393393Z  INFO node{moniker=app-2}:consensus{height=25 round=0}: Received vote height=25 vote_height=25 address=DE7BA2BE72D2225286133990FF5810B691A5261C Prevote(height: 25, round: 0, value: 4633cec99b55ddfe, from: DE7BA2BE72D2225286133990FF5810B691A5261C)
2025-08-25T09:38:14.395495Z DEBUG node{moniker=app-2}:wal{height=25}: Wrote log entry type=Consensus(Vote) entry.size=117 
2025-08-25T09:38:14.396728Z  INFO node{moniker=app-2}:consensus{height=25 round=0}: Received proposal consensus.height=25 proposal.height=25 proposal.round=0 proposer=DE7BA2BE72D2225286133990FF5810B691A5261C Proposal(height: 25, round: 0, pol_round: -1, value: 4633cec99b55ddfe, from: DE7BA2BE72D2225286133990FF5810B691A5261C)
2025-08-25T09:38:14.399633Z DEBUG node{moniker=app-2}:node{moniker=app-2}: ✅ Received complete proposal: ProposedValue { height: Height(25), round: Some(0), valid_round: Nil, proposer: Address(DE7BA2BE72D2225286133990FF5810B691A5261C), value: Value { value: 5058614171757043198, extensions: b"\xa8\x1f\x8e\xdc\xe6\x0f\x96\xcd\xcd\x047\xef0\xd32\xafz\xe7\xc6\xb4(\xf4\xe8[\xf3\xc0\x08o(2`\x0f********************\xec&\xdf\x94B\xc5\xd4\xa0\xa0\xccSH\xc9`\x11[C\xda\x08\xc7\xae\xf6\xbeNL\xcc_\x13l\xa8\x92\xa6V\xe8\x1f\x17\x1b\xccU\xa6\xff\x83E\xe6\x92\xc0\xf8n[H\xe0\x1b\x99l\xad\xc0\x01b/\xb5\xe3c\xb4!\0\0\0\0\0\0\0\0\0\0\0\0\0\0\0\0\0\0\0\0\0\0\0\0\0\0\0\0\0\0\0\0\0\0\0\0\0\0\0\0\0\0\0\0\0\0\0\0\0\0\0\0\0\0\0\0\0\0\0\0\0\0\0\0\0\0\0\0\0\0\0\0\0\0\0\0\0\0\0\0\0\0\0\0\0\0\0\0\0\0\0\0\0\0\0\0\0\0\0\0\0\0\0\0\0\0\0\0\0\0\0\0\0\0\0\0\0\0\0\0\0\0\0\0\0\0\0\0\0\0\0\0\0\0\0\0\0\0\0\0\0\0\0\0\0\0\0\0\0\0\0\0\0\0\0\0\0\0\0\0\0\0\0\0\0\0\0\0\0\0\0\0\0\0\0\0\0\0\0\0\0\0\0\0\0\0\0\0\0\0\0\0\0\0\0\0\0\0\0\0\0\0\0\0\0\0\0\0\0\0\0\0\0\0\0\0\0\0\0\0\0\0\0\0\0\0\0\0\0\0\0\0\0\0\0\0\0\0\0\0\0\0\0\0\0\0\0\0\0\0\0\0\0\0\0\0\0\0\0\0\0\0\0\0\0\0\0\0\0\0\0\0\0\0\0\0\0\0\0\0\0\0\0\0\0\0\0\0\x19\0\0\0\0\0\0\0'\x12\xd5\x01\0\0\0\0\0\0\0\0\0\0\0\0\x1c/\xach\0\0\0\0\x10\x02\0\0B\xa7\x1d\x02\0\0\0\0\0\0\0\0\0\0\0\0\0\0\0\0\0\0\0\0\0\0\0\0\0\0\0\0w\x14EX\xce\x9b;\xd5\x0cY:T\xeeQ\x8a1\xec\xee[\xde\xbf\x01&\xe5D\xb2\xf4\x88\xa6\xacO\xed!\x02\0\0!\x02\0\0\0\0\0\0\0\0\0\0\0\0\0\0\0\0\0\0reth/v1.4.1/linux" }, validity: Valid }
2025-08-25T09:38:14.399964Z DEBUG node{moniker=app-2}:wal{height=25}: Wrote log entry type=Consensus(Proposal) entry.size=667 
2025-08-25T09:38:14.400033Z DEBUG node{moniker=app-2}:consensus{height=25 round=0}: No full proposal for this round yet, stored proposal for later proposal.height=25 proposal.round=0
2025-08-25T09:38:14.400064Z DEBUG node{moniker=app-2}:consensus{height=25 round=0}: We have a full proposal for this round, checking... proposal.height=25 proposal.round=0
2025-08-25T09:38:14.400077Z DEBUG node{moniker=app-2}:consensus{height=25 round=0}: Transitioned to new step step.previous=Propose step.new=Prevote
2025-08-25T09:38:14.400086Z  INFO node{moniker=app-2}:consensus{height=25 round=0}: Voting vote_type=Prevote value=4633cec99b55ddfe round=0
2025-08-25T09:38:14.400408Z  INFO node{moniker=app-2}:consensus{height=25 round=0}: Received vote height=25 vote_height=25 address=02CB1B49DA09615BD4A12212C39378556D990DFD Prevote(height: 25, round: 0, value: 4633cec99b55ddfe, from: 02CB1B49DA09615BD4A12212C39378556D990DFD)
2025-08-25T09:38:14.402254Z DEBUG node{moniker=app-2}:wal{height=25}: Wrote log entry type=Consensus(Vote) entry.size=117 
2025-08-25T09:38:14.402301Z DEBUG node{moniker=app-2}:consensus{height=25 round=0}: Transitioned to new step step.previous=Prevote step.new=Precommit
2025-08-25T09:38:14.402308Z  INFO node{moniker=app-2}:consensus{height=25 round=0}: Voting vote_type=Precommit value=4633cec99b55ddfe round=0
2025-08-25T09:38:14.402325Z DEBUG node{moniker=app-2}:node{moniker=app-2}: metis-test:consensus-chan recv!!! msg:ExtendVote { height: Height(25), round: Some(0), value_id: ValueId(5058614171757043198), reply: Sender { inner: Some(Inner { state: State { is_complete: false, is_closed: false, is_rx_task_set: true, is_tx_task_set: false } }) } }
2025-08-25T09:38:14.402490Z  INFO node{moniker=app-2}:consensus{height=25 round=0}: Received vote height=25 vote_height=25 address=02CB1B49DA09615BD4A12212C39378556D990DFD Precommit(height: 25, round: 0, value: 4633cec99b55ddfe, from: 02CB1B49DA09615BD4A12212C39378556D990DFD)
2025-08-25T09:38:14.402595Z DEBUG node{moniker=app-2}:wal{height=25}: Wrote log entry type=Consensus(Vote) entry.size=119 
2025-08-25T09:38:14.405564Z DEBUG node{moniker=app-2}:wal{height=25}: Flushed WAL to disk wal.entries=4 wal.size=1084
2025-08-25T09:38:14.405779Z DEBUG node{moniker=app-2}:network: Published message channel=/consensus size=110
2025-08-25T09:38:14.408947Z DEBUG node{moniker=app-2}:wal{height=25}: Flushed WAL to disk wal.entries=4 wal.size=1084
2025-08-25T09:38:14.409490Z DEBUG node{moniker=app-2}:network: Published message channel=/consensus size=108
2025-08-25T09:38:14.417352Z  INFO node{moniker=app-2}:consensus{height=25 round=0}: Received vote height=25 vote_height=25 address=DE7BA2BE72D2225286133990FF5810B691A5261C Precommit(height: 25, round: 0, value: 4633cec99b55ddfe, from: DE7BA2BE72D2225286133990FF5810B691A5261C)
2025-08-25T09:38:14.420940Z DEBUG node{moniker=app-2}:wal{height=25}: Wrote log entry type=Consensus(Vote) entry.size=119 
2025-08-25T09:38:14.421044Z DEBUG node{moniker=app-2}:consensus{height=25 round=0}: Transitioned to new step step.previous=Precommit step.new=Commit
2025-08-25T09:38:14.421054Z  INFO node{moniker=app-2}:consensus{height=25 round=0}: Decided round=0 height=25 value=4633cec99b55ddfe
2025-08-25T09:38:14.430491Z DEBUG node{moniker=app-2}:wal{height=25}: Flushed WAL to disk wal.entries=5 wal.size=1216
2025-08-25T09:38:14.430606Z DEBUG node{moniker=app-2}:sync{height.tip=24 height.sync=25}: Updating request state height.tip=25
2025-08-25T09:38:14.430622Z DEBUG node{moniker=app-2}:node{moniker=app-2}: metis-test:consensus-chan recv!!! msg:Decided { certificate: CommitCertificate { height: Height(25), round: Some(0), value_id: ValueId(5058614171757043198), commit_signatures: [CommitSignature { address: Address(02CB1B49DA09615BD4A12212C39378556D990DFD), signature: Signature(Signature { R_bytes: "9cca119736ffc0bc914075ecacd255f78c2b1283bc3e1b2b31cdf0fa6d544ecb", s_bytes: "4b1d6b2c7e7eeba7ca2847ae4f6dc0c0087a284df3a2c888bd16b13ed3246a01" }) }, CommitSignature { address: Address(DE7BA2BE72D2225286133990FF5810B691A5261C), signature: Signature(Signature { R_bytes: "378d8b5998aa62c02d829b8d3ff7a98e24d1f602fd867de90283f6c6cec26e2e", s_bytes: "65f260a22a4becc6b3c7f8bc1d2a1f46c66ea2b2a0b2497eb5c04ab77efe5e0d" }) }] }, extensions: VoteExtensions { extensions: [] }, reply: Sender { inner: Some(Inner { state: State { is_complete: false, is_closed: false, is_rx_task_set: true, is_tx_task_set: false } }) } }
2025-08-25T09:38:14.430643Z  INFO node{moniker=app-2}:node{moniker=app-2}: 🟢🟢 Consensus has decided on value height=25 round=0 value=4633cec99b55ddfe
2025-08-25T09:38:14.430704Z DEBUG node{moniker=app-2}:node{moniker=app-2}: 🎁 block size: 545, height: 25
2025-08-25T09:38:14.430714Z  INFO node{moniker=app-2}:node{moniker=app-2}: 👉 stats at height 25: #txs=0, txs/s=0.00, chain_bytes=13625, bytes/s=1863.24
2025-08-25T09:38:14.430721Z DEBUG node{moniker=app-2}:node{moniker=app-2}: 🦄 Block at height 25 contains 0 transactions
2025-08-25T09:38:14.431389Z DEBUG node{moniker=app-2}:node{moniker=app-2}: 💡 New block added at height 25 with hash: 0x77144558ce9b3bd50c593a54ee518a31ecee5bdebf0126e544b2f488a6ac4fed
2025-08-25T09:38:14.431395Z DEBUG node{moniker=app-2}:node{moniker=app-2}: 🟠 set_latest_forkchoice_state: 0x77144558ce9b3bd50c593a54ee518a31ecee5bdebf0126e544b2f488a6ac4fed
2025-08-25T09:38:14.431885Z DEBUG node{moniker=app-2}:node{moniker=app-2}: ➡️ payload_status: PayloadStatus { status: Valid, latest_valid_hash: Some(0x77144558ce9b3bd50c593a54ee518a31ecee5bdebf0126e544b2f488a6ac4fed) }
2025-08-25T09:38:14.431891Z DEBUG node{moniker=app-2}:node{moniker=app-2}: 🚀 Forkchoice updated to height 25 for block hash=0x77144558ce9b3bd50c593a54ee518a31ecee5bdebf0126e544b2f488a6ac4fed and latest_valid_hash=0x77144558ce9b3bd50c593a54ee518a31ecee5bdebf0126e544b2f488a6ac4fed
2025-08-25T09:38:14.431893Z  INFO node{moniker=app-2}:node{moniker=app-2}: Looking for certificate height=25 round=0
2025-08-25T09:38:14.439419Z  INFO node{moniker=app-2}:node{moniker=app-2}: Committed block_data[0..32]: a81f8edce60f96cdcd0437ef30d332af7ae7c6b428f4e85bf3c0086f2832600f
2025-08-25T09:38:14.462570Z DEBUG node{moniker=app-2}:wal{height=26}: Reset WAL height=26
2025-08-25T09:38:14.462663Z DEBUG node{moniker=app-2}:consensus{height=26 round=0}: No WAL entries to replay height=26
2025-08-25T09:38:14.462702Z  INFO node{moniker=app-2}:consensus{height=26 round=0}: Starting new height height=26
2025-08-25T09:38:14.462709Z  INFO node{moniker=app-2}:consensus{height=26 round=0}: Starting new round height=26 round=0 proposer=815F9FA61D7C4F1E4A9E30D40DCA1115BB48F759 role=Validator
2025-08-25T09:38:14.462746Z DEBUG node{moniker=app-2}:sync{height.tip=24 height.sync=25}: Starting new height height.tip=25 height.sync=26 restart=false
2025-08-25T09:38:14.462753Z DEBUG node{moniker=app-2}:sync{height.tip=24 height.sync=25}: No peer to request sync from height.sync=26
2025-08-25T09:38:14.476682Z DEBUG node{moniker=app-2}:wal{height=26}: Flushed WAL to disk wal.entries=0 wal.size=12
2025-08-25T09:38:14.476812Z DEBUG node{moniker=app-2}:node{moniker=app-2}: metis-test:consensus-chan recv!!! msg:StartedRound { height: Height(26), round: Some(0), proposer: Address(815F9FA61D7C4F1E4A9E30D40DCA1115BB48F759), role: Validator, reply_value: Sender { inner: Some(Inner { state: State { is_complete: false, is_closed: false, is_rx_task_set: false, is_tx_task_set: false } }) } }
2025-08-25T09:38:14.476827Z  INFO node{moniker=app-2}:node{moniker=app-2}: 🟢🟢 Started round height=26 round=0 proposer=815F9FA61D7C4F1E4A9E30D40DCA1115BB48F759 role=Validator
2025-08-25T09:38:14.476842Z ERROR node{moniker=app-2}:consensus{height=26 round=0}: Error when processing effect: Messaging(RecvErr)
2025-08-25T09:38:14.476862Z DEBUG node{moniker=app-2}:consensus{height=26 round=0}: Transitioned to new step step.previous=Unstarted step.new=Propose
2025-08-25T09:38:14.476868Z  INFO node{moniker=app-2}:consensus{height=26 round=0}: Scheduling timeout round=0 step=Propose
2025-08-25T09:38:14.476876Z DEBUG node{moniker=app-2}:consensus{height=26 round=0}: Replaying inputs count=0
2025-08-25T09:38:14.588136Z DEBUG node{moniker=app-2}:node{moniker=app-2}: metis-test:consensus-chan recv!!! msg:ReceivedProposalPart { from: PeerId("12D3KooWD4wDmZaWggpGH9ACLhNztqnBvszLRcmBLzZdKwDiWmYh"), part: StreamMessage { stream_id: StreamId(b"\0\0\0\0\0\0\0\x1a\0\0\0\0\0\0\0\x08"), sequence: 0, content: Data(Init(ProposalInit { height: Height(26), round: Some(0), proposer: Address(815F9FA61D7C4F1E4A9E30D40DCA1115BB48F759) })) }, reply: Sender { inner: Some(Inner { state: State { is_complete: false, is_closed: false, is_rx_task_set: true, is_tx_task_set: false } }) } }
2025-08-25T09:38:14.588185Z  INFO node{moniker=app-2}:node{moniker=app-2}: Received proposal part from=12D3KooWD4wDmZaWggpGH9ACLhNztqnBvszLRcmBLzZdKwDiWmYh part.sequence=0 part.type=init part.size=28
2025-08-25T09:38:14.590048Z DEBUG node{moniker=app-2}:node{moniker=app-2}: metis-test:consensus-chan recv!!! msg:ReceivedProposalPart { from: PeerId("12D3KooWD4wDmZaWggpGH9ACLhNztqnBvszLRcmBLzZdKwDiWmYh"), part: StreamMessage { stream_id: StreamId(b"\0\0\0\0\0\0\0\x1a\0\0\0\0\0\0\0\x08"), sequence: 1, content: Data(Data(ProposalData { bytes: "<...>", len: 545 })) }, reply: Sender { inner: Some(Inner { state: State { is_complete: false, is_closed: false, is_rx_task_set: true, is_tx_task_set: false } }) } }
2025-08-25T09:38:14.590086Z  INFO node{moniker=app-2}:node{moniker=app-2}: Received proposal part from=12D3KooWD4wDmZaWggpGH9ACLhNztqnBvszLRcmBLzZdKwDiWmYh part.sequence=1 part.type=data part.size=551
2025-08-25T09:38:14.590117Z DEBUG node{moniker=app-2}:node{moniker=app-2}: metis-test:consensus-chan recv!!! msg:ReceivedProposalPart { from: PeerId("12D3KooWD4wDmZaWggpGH9ACLhNztqnBvszLRcmBLzZdKwDiWmYh"), part: StreamMessage { stream_id: StreamId(b"\0\0\0\0\0\0\0\x1a\0\0\0\0\0\0\0\x08"), sequence: 2, content: Data(Fin(ProposalFin { signature: Signature(Signature { R_bytes: "4f73e101c7214004402f9fb2760398563153078ae2d7431b9d8dcd52d8c47f49", s_bytes: "1a542cb223b58b6bbb7622d67f7bd36beae154bc1b2b6b89fa9d5cc288d00b0b" }) })) }, reply: Sender { inner: Some(Inner { state: State { is_complete: false, is_closed: false, is_rx_task_set: true, is_tx_task_set: false } }) } }
2025-08-25T09:38:14.590176Z  INFO node{moniker=app-2}:node{moniker=app-2}: Received proposal part from=12D3KooWD4wDmZaWggpGH9ACLhNztqnBvszLRcmBLzZdKwDiWmYh part.sequence=2 part.type=fin part.size=70
2025-08-25T09:38:14.590200Z DEBUG node{moniker=app-2}:node{moniker=app-2}: metis-test:consensus-chan recv!!! msg:ReceivedProposalPart { from: PeerId("12D3KooWD4wDmZaWggpGH9ACLhNztqnBvszLRcmBLzZdKwDiWmYh"), part: StreamMessage { stream_id: StreamId(b"\0\0\0\0\0\0\0\x1a\0\0\0\0\0\0\0\x08"), sequence: 3, content: Fin }, reply: Sender { inner: Some(Inner { state: State { is_complete: false, is_closed: false, is_rx_task_set: true, is_tx_task_set: false } }) } }
2025-08-25T09:38:14.590210Z  INFO node{moniker=app-2}:node{moniker=app-2}: Received proposal part from=12D3KooWD4wDmZaWggpGH9ACLhNztqnBvszLRcmBLzZdKwDiWmYh part.sequence=3 part.type=end of stream part.size=0
2025-08-25T09:38:14.590399Z  INFO node{moniker=app-2}:node{moniker=app-2}: Proposal data[0..32]: 77144558ce9b3bd50c593a54ee518a31ecee5bdebf0126e544b2f488a6ac4fed, total_size: 545 bytes, id: 8769f0ca7106e3c2
2025-08-25T09:38:14.594662Z  INFO node{moniker=app-2}:consensus{height=26 round=0}: Received vote height=26 vote_height=26 address=815F9FA61D7C4F1E4A9E30D40DCA1115BB48F759 Prevote(height: 26, round: 0, value: 8769f0ca7106e3c2, from: 815F9FA61D7C4F1E4A9E30D40DCA1115BB48F759)
2025-08-25T09:38:14.596595Z DEBUG node{moniker=app-2}:wal{height=26}: Wrote log entry type=Consensus(Vote) entry.size=118 
2025-08-25T09:38:14.597710Z  INFO node{moniker=app-2}:consensus{height=26 round=0}: Received proposal consensus.height=26 proposal.height=26 proposal.round=0 proposer=815F9FA61D7C4F1E4A9E30D40DCA1115BB48F759 Proposal(height: 26, round: 0, pol_round: -1, value: 8769f0ca7106e3c2, from: 815F9FA61D7C4F1E4A9E30D40DCA1115BB48F759)
2025-08-25T09:38:14.604860Z DEBUG node{moniker=app-2}:wal{height=26}: Wrote log entry type=Consensus(Proposal) entry.size=668 
2025-08-25T09:38:14.604886Z DEBUG node{moniker=app-2}:node{moniker=app-2}: ✅ Received complete proposal: ProposedValue { height: Height(26), round: Some(0), valid_round: Nil, proposer: Address(815F9FA61D7C4F1E4A9E30D40DCA1115BB48F759), value: Value { value: 9757594819945227202, extensions: b"w\x14EX\xce\x9b;\xd5\x0cY:T\xeeQ\x8a1\xec\xee[\xde\xbf\x01&\xe5D\xb2\xf4\x88\xa6\xacO\xed********************\xec&\xdf\x94B\xc5\xd4\xa0\xa0\xccSH\xc9`\x11[C\xda\x08\xc7\xae\xf6\xbeNL\xcc_\x13l\xa8\x92\xa6V\xe8\x1f\x17\x1b\xccU\xa6\xff\x83E\xe6\x92\xc0\xf8n[H\xe0\x1b\x99l\xad\xc0\x01b/\xb5\xe3c\xb4!\0\0\0\0\0\0\0\0\0\0\0\0\0\0\0\0\0\0\0\0\0\0\0\0\0\0\0\0\0\0\0\0\0\0\0\0\0\0\0\0\0\0\0\0\0\0\0\0\0\0\0\0\0\0\0\0\0\0\0\0\0\0\0\0\0\0\0\0\0\0\0\0\0\0\0\0\0\0\0\0\0\0\0\0\0\0\0\0\0\0\0\0\0\0\0\0\0\0\0\0\0\0\0\0\0\0\0\0\0\0\0\0\0\0\0\0\0\0\0\0\0\0\0\0\0\0\0\0\0\0\0\0\0\0\0\0\0\0\0\0\0\0\0\0\0\0\0\0\0\0\0\0\0\0\0\0\0\0\0\0\0\0\0\0\0\0\0\0\0\0\0\0\0\0\0\0\0\0\0\0\0\0\0\0\0\0\0\0\0\0\0\0\0\0\0\0\0\0\0\0\0\0\0\0\0\0\0\0\0\0\0\0\0\0\0\0\0\0\0\0\0\0\0\0\0\0\0\0\0\0\0\0\0\0\0\0\0\0\0\0\0\0\0\0\0\0\0\0\0\0\0\0\0\0\0\0\0\0\0\0\0\0\0\0\0\0\0\0\0\0\0\0\0\0\0\0\0\0\0\0\0\0\0\0\0\0\0\0\x1a\0\0\0\0\0\0\0j\x87\xd5\x01\0\0\0\0\0\0\0\0\0\0\0\0\x1d/\xach\0\0\0\0\x10\x02\0\0Z\xf2\xd9\x01\0\0\0\0\0\0\0\0\0\0\0\0\0\0\0\0\0\0\0\0\0\0\0\0\0\0\0\0\xcb\xf5\x89\xd1\x8eXq\xa2\x862\x96\xb5\xc7\xc4\xbc\t\xe4\xbf\x16\xe4\xb8\xdf\xb55g\xd6\xbc\x1e\t\xca\x9d'!\x02\0\0!\x02\0\0\0\0\0\0\0\0\0\0\0\0\0\0\0\0\0\0reth/v1.4.1/linux" }, validity: Valid }
2025-08-25T09:38:14.604958Z DEBUG node{moniker=app-2}:consensus{height=26 round=0}: No full proposal for this round yet, stored proposal for later proposal.height=26 proposal.round=0
2025-08-25T09:38:14.604999Z DEBUG node{moniker=app-2}:consensus{height=26 round=0}: We have a full proposal for this round, checking... proposal.height=26 proposal.round=0
2025-08-25T09:38:14.605014Z DEBUG node{moniker=app-2}:consensus{height=26 round=0}: Transitioned to new step step.previous=Propose step.new=Prevote
2025-08-25T09:38:14.605025Z  INFO node{moniker=app-2}:consensus{height=26 round=0}: Voting vote_type=Prevote value=8769f0ca7106e3c2 round=0
2025-08-25T09:38:14.605256Z  INFO node{moniker=app-2}:consensus{height=26 round=0}: Received vote height=26 vote_height=26 address=02CB1B49DA09615BD4A12212C39378556D990DFD Prevote(height: 26, round: 0, value: 8769f0ca7106e3c2, from: 02CB1B49DA09615BD4A12212C39378556D990DFD)
2025-08-25T09:38:14.605374Z DEBUG node{moniker=app-2}:wal{height=26}: Wrote log entry type=Consensus(Vote) entry.size=118 
2025-08-25T09:38:14.605497Z DEBUG node{moniker=app-2}:consensus{height=26 round=0}: Transitioned to new step step.previous=Prevote step.new=Precommit
2025-08-25T09:38:14.605509Z  INFO node{moniker=app-2}:consensus{height=26 round=0}: Voting vote_type=Precommit value=8769f0ca7106e3c2 round=0
2025-08-25T09:38:14.605536Z DEBUG node{moniker=app-2}:node{moniker=app-2}: metis-test:consensus-chan recv!!! msg:ExtendVote { height: Height(26), round: Some(0), value_id: ValueId(9757594819945227202), reply: Sender { inner: Some(Inner { state: State { is_complete: false, is_closed: false, is_rx_task_set: true, is_tx_task_set: false } }) } }
2025-08-25T09:38:14.605766Z  INFO node{moniker=app-2}:consensus{height=26 round=0}: Received vote height=26 vote_height=26 address=02CB1B49DA09615BD4A12212C39378556D990DFD Precommit(height: 26, round: 0, value: 8769f0ca7106e3c2, from: 02CB1B49DA09615BD4A12212C39378556D990DFD)
2025-08-25T09:38:14.605874Z DEBUG node{moniker=app-2}:wal{height=26}: Wrote log entry type=Consensus(Vote) entry.size=120 
2025-08-25T09:38:14.608587Z DEBUG node{moniker=app-2}:wal{height=26}: Flushed WAL to disk wal.entries=4 wal.size=1088
2025-08-25T09:38:14.608817Z DEBUG node{moniker=app-2}:network: Published message channel=/consensus size=111
2025-08-25T09:38:14.611886Z DEBUG node{moniker=app-2}:wal{height=26}: Flushed WAL to disk wal.entries=4 wal.size=1088
2025-08-25T09:38:14.612119Z DEBUG node{moniker=app-2}:network: Published message channel=/consensus size=109
2025-08-25T09:38:14.625494Z  INFO node{moniker=app-2}:consensus{height=26 round=0}: Received vote height=26 vote_height=26 address=815F9FA61D7C4F1E4A9E30D40DCA1115BB48F759 Precommit(height: 26, round: 0, value: 8769f0ca7106e3c2, from: 815F9FA61D7C4F1E4A9E30D40DCA1115BB48F759)
2025-08-25T09:38:14.625656Z DEBUG node{moniker=app-2}:wal{height=26}: Wrote log entry type=Consensus(Vote) entry.size=120 
2025-08-25T09:38:14.625777Z DEBUG node{moniker=app-2}:consensus{height=26 round=0}: Transitioned to new step step.previous=Precommit step.new=Commit
2025-08-25T09:38:14.625787Z  INFO node{moniker=app-2}:consensus{height=26 round=0}: Decided round=0 height=26 value=8769f0ca7106e3c2
2025-08-25T09:38:14.633670Z DEBUG node{moniker=app-2}:wal{height=26}: Flushed WAL to disk wal.entries=5 wal.size=1221
2025-08-25T09:38:14.633829Z DEBUG node{moniker=app-2}:sync{height.tip=25 height.sync=26}: Updating request state height.tip=26
2025-08-25T09:38:14.633854Z DEBUG node{moniker=app-2}:node{moniker=app-2}: metis-test:consensus-chan recv!!! msg:Decided { certificate: CommitCertificate { height: Height(26), round: Some(0), value_id: ValueId(9757594819945227202), commit_signatures: [CommitSignature { address: Address(02CB1B49DA09615BD4A12212C39378556D990DFD), signature: Signature(Signature { R_bytes: "dce23e3045508e204edf9f3b08ce1eab9f20e1612c8781a876355171aea57f3c", s_bytes: "dce7f48886ac4a0058b5d975c6407ebaf18bdfcda41dbe5f3c5f9d83f505db09" }) }, CommitSignature { address: Address(815F9FA61D7C4F1E4A9E30D40DCA1115BB48F759), signature: Signature(Signature { R_bytes: "c7b00c317b8081ea329d5c1c0704ceec96c9fc9e7d1b853c183132e589d61141", s_bytes: "0c0a5fe3eeeee28c623ed464df342fa8becd34063a7533489b13e806cdb4710d" }) }] }, extensions: VoteExtensions { extensions: [] }, reply: Sender { inner: Some(Inner { state: State { is_complete: false, is_closed: false, is_rx_task_set: true, is_tx_task_set: false } }) } }
2025-08-25T09:38:14.633894Z  INFO node{moniker=app-2}:node{moniker=app-2}: 🟢🟢 Consensus has decided on value height=26 round=0 value=8769f0ca7106e3c2
2025-08-25T09:38:14.634000Z DEBUG node{moniker=app-2}:node{moniker=app-2}: 🎁 block size: 545, height: 26
2025-08-25T09:38:14.634017Z  INFO node{moniker=app-2}:node{moniker=app-2}: 👉 stats at height 26: #txs=0, txs/s=0.00, chain_bytes=14170, bytes/s=1885.36
2025-08-25T09:38:14.634055Z DEBUG node{moniker=app-2}:node{moniker=app-2}: 🦄 Block at height 26 contains 0 transactions
2025-08-25T09:38:14.635234Z DEBUG node{moniker=app-2}:node{moniker=app-2}: 💡 New block added at height 26 with hash: 0xcbf589d18e5871a2863296b5c7c4bc09e4bf16e4b8dfb53567d6bc1e09ca9d27
2025-08-25T09:38:14.635241Z DEBUG node{moniker=app-2}:node{moniker=app-2}: 🟠 set_latest_forkchoice_state: 0xcbf589d18e5871a2863296b5c7c4bc09e4bf16e4b8dfb53567d6bc1e09ca9d27
2025-08-25T09:38:14.635811Z DEBUG node{moniker=app-2}:node{moniker=app-2}: ➡️ payload_status: PayloadStatus { status: Valid, latest_valid_hash: Some(0xcbf589d18e5871a2863296b5c7c4bc09e4bf16e4b8dfb53567d6bc1e09ca9d27) }
2025-08-25T09:38:14.635818Z DEBUG node{moniker=app-2}:node{moniker=app-2}: 🚀 Forkchoice updated to height 26 for block hash=0xcbf589d18e5871a2863296b5c7c4bc09e4bf16e4b8dfb53567d6bc1e09ca9d27 and latest_valid_hash=0xcbf589d18e5871a2863296b5c7c4bc09e4bf16e4b8dfb53567d6bc1e09ca9d27
2025-08-25T09:38:14.635821Z  INFO node{moniker=app-2}:node{moniker=app-2}: Looking for certificate height=26 round=0
2025-08-25T09:38:14.646516Z  INFO node{moniker=app-2}:node{moniker=app-2}: Committed block_data[0..32]: 77144558ce9b3bd50c593a54ee518a31ecee5bdebf0126e544b2f488a6ac4fed
2025-08-25T09:38:14.686874Z DEBUG node{moniker=app-2}:wal{height=27}: Reset WAL height=27
2025-08-25T09:38:14.686965Z DEBUG node{moniker=app-2}:consensus{height=27 round=0}: No WAL entries to replay height=27
2025-08-25T09:38:14.687004Z  INFO node{moniker=app-2}:consensus{height=27 round=0}: Starting new height height=27
2025-08-25T09:38:14.687010Z  INFO node{moniker=app-2}:consensus{height=27 round=0}: Starting new round height=27 round=0 proposer=815F9FA61D7C4F1E4A9E30D40DCA1115BB48F759 role=None
2025-08-25T09:38:14.687042Z DEBUG node{moniker=app-2}:sync{height.tip=25 height.sync=26}: Starting new height height.tip=26 height.sync=27 restart=false
2025-08-25T09:38:14.687049Z DEBUG node{moniker=app-2}:sync{height.tip=25 height.sync=26}: No peer to request sync from height.sync=27
2025-08-25T09:38:14.690301Z DEBUG node{moniker=app-2}:wal{height=27}: Flushed WAL to disk wal.entries=0 wal.size=12
2025-08-25T09:38:14.690348Z DEBUG node{moniker=app-2}:node{moniker=app-2}: metis-test:consensus-chan recv!!! msg:StartedRound { height: Height(27), round: Some(0), proposer: Address(815F9FA61D7C4F1E4A9E30D40DCA1115BB48F759), role: None, reply_value: Sender { inner: Some(Inner { state: State { is_complete: false, is_closed: false, is_rx_task_set: false, is_tx_task_set: false } }) } }
2025-08-25T09:38:14.690358Z  INFO node{moniker=app-2}:node{moniker=app-2}: 🟢🟢 Started round height=27 round=0 proposer=815F9FA61D7C4F1E4A9E30D40DCA1115BB48F759 role=None
2025-08-25T09:38:14.690369Z ERROR node{moniker=app-2}:consensus{height=27 round=0}: Error when processing effect: Messaging(RecvErr)
2025-08-25T09:38:14.690384Z DEBUG node{moniker=app-2}:consensus{height=27 round=0}: Transitioned to new step step.previous=Unstarted step.new=Propose
2025-08-25T09:38:14.690393Z  INFO node{moniker=app-2}:consensus{height=27 round=0}: Scheduling timeout round=0 step=Propose
2025-08-25T09:38:14.690407Z DEBUG node{moniker=app-2}:consensus{height=27 round=0}: Replaying inputs count=0
2025-08-25T09:38:14.693374Z DEBUG node{moniker=app-2}:node{moniker=app-2}: metis-test:consensus-chan recv!!! msg:ReceivedProposalPart { from: PeerId("12D3KooWD4wDmZaWggpGH9ACLhNztqnBvszLRcmBLzZdKwDiWmYh"), part: StreamMessage { stream_id: StreamId(b"\0\0\0\0\0\0\0\x1b\0\0\0\0\0\0\0\t"), sequence: 0, content: Data(Init(ProposalInit { height: Height(27), round: Some(0), proposer: Address(815F9FA61D7C4F1E4A9E30D40DCA1115BB48F759) })) }, reply: Sender { inner: Some(Inner { state: State { is_complete: false, is_closed: false, is_rx_task_set: true, is_tx_task_set: false } }) } }
2025-08-25T09:38:14.693406Z  INFO node{moniker=app-2}:node{moniker=app-2}: Received proposal part from=12D3KooWD4wDmZaWggpGH9ACLhNztqnBvszLRcmBLzZdKwDiWmYh part.sequence=0 part.type=init part.size=28
2025-08-25T09:38:14.694538Z DEBUG node{moniker=app-2}:node{moniker=app-2}: metis-test:consensus-chan recv!!! msg:ReceivedProposalPart { from: PeerId("12D3KooWD4wDmZaWggpGH9ACLhNztqnBvszLRcmBLzZdKwDiWmYh"), part: StreamMessage { stream_id: StreamId(b"\0\0\0\0\0\0\0\x1b\0\0\0\0\0\0\0\t"), sequence: 1, content: Data(Data(ProposalData { bytes: "<...>", len: 545 })) }, reply: Sender { inner: Some(Inner { state: State { is_complete: false, is_closed: false, is_rx_task_set: true, is_tx_task_set: false } }) } }
2025-08-25T09:38:14.694569Z  INFO node{moniker=app-2}:node{moniker=app-2}: Received proposal part from=12D3KooWD4wDmZaWggpGH9ACLhNztqnBvszLRcmBLzZdKwDiWmYh part.sequence=1 part.type=data part.size=551
2025-08-25T09:38:14.695673Z DEBUG node{moniker=app-2}:node{moniker=app-2}: metis-test:consensus-chan recv!!! msg:ReceivedProposalPart { from: PeerId("12D3KooWD4wDmZaWggpGH9ACLhNztqnBvszLRcmBLzZdKwDiWmYh"), part: StreamMessage { stream_id: StreamId(b"\0\0\0\0\0\0\0\x1b\0\0\0\0\0\0\0\t"), sequence: 2, content: Data(Fin(ProposalFin { signature: Signature(Signature { R_bytes: "b71ea21ebc1ed91a424dbe8a9b8cce32be053399b2bfa4028a0e878737fd2b6d", s_bytes: "63a8e1cacf00141cd74fcd47f01cdc296cb9b9a147abdfec89e1c5a67f865a0f" }) })) }, reply: Sender { inner: Some(Inner { state: State { is_complete: false, is_closed: false, is_rx_task_set: true, is_tx_task_set: false } }) } }
2025-08-25T09:38:14.695695Z  INFO node{moniker=app-2}:node{moniker=app-2}: Received proposal part from=12D3KooWD4wDmZaWggpGH9ACLhNztqnBvszLRcmBLzZdKwDiWmYh part.sequence=2 part.type=fin part.size=70
2025-08-25T09:38:14.695714Z DEBUG node{moniker=app-2}:node{moniker=app-2}: metis-test:consensus-chan recv!!! msg:ReceivedProposalPart { from: PeerId("12D3KooWD4wDmZaWggpGH9ACLhNztqnBvszLRcmBLzZdKwDiWmYh"), part: StreamMessage { stream_id: StreamId(b"\0\0\0\0\0\0\0\x1b\0\0\0\0\0\0\0\t"), sequence: 3, content: Fin }, reply: Sender { inner: Some(Inner { state: State { is_complete: false, is_closed: false, is_rx_task_set: true, is_tx_task_set: false } }) } }
2025-08-25T09:38:14.695724Z  INFO node{moniker=app-2}:node{moniker=app-2}: Received proposal part from=12D3KooWD4wDmZaWggpGH9ACLhNztqnBvszLRcmBLzZdKwDiWmYh part.sequence=3 part.type=end of stream part.size=0
2025-08-25T09:38:14.695948Z  INFO node{moniker=app-2}:node{moniker=app-2}: Proposal data[0..32]: cbf589d18e5871a2863296b5c7c4bc09e4bf16e4b8dfb53567d6bc1e09ca9d27, total_size: 545 bytes, id: 1ff0453b0b5e850a
2025-08-25T09:38:14.700630Z  INFO node{moniker=app-2}:consensus{height=27 round=0}: Received vote height=27 vote_height=27 address=815F9FA61D7C4F1E4A9E30D40DCA1115BB48F759 Prevote(height: 27, round: 0, value: 1ff0453b0b5e850a, from: 815F9FA61D7C4F1E4A9E30D40DCA1115BB48F759)
2025-08-25T09:38:14.704045Z DEBUG node{moniker=app-2}:wal{height=27}: Wrote log entry type=Consensus(Vote) entry.size=117 
2025-08-25T09:38:14.705763Z  INFO node{moniker=app-2}:consensus{height=27 round=0}: Received proposal consensus.height=27 proposal.height=27 proposal.round=0 proposer=815F9FA61D7C4F1E4A9E30D40DCA1115BB48F759 Proposal(height: 27, round: 0, pol_round: -1, value: 1ff0453b0b5e850a, from: 815F9FA61D7C4F1E4A9E30D40DCA1115BB48F759)
2025-08-25T09:38:14.708488Z DEBUG node{moniker=app-2}:node{moniker=app-2}: ✅ Received complete proposal: ProposedValue { height: Height(27), round: Some(0), valid_round: Nil, proposer: Address(815F9FA61D7C4F1E4A9E30D40DCA1115BB48F759), value: Value { value: 2301415529482454282, extensions: b"\xcb\xf5\x89\xd1\x8eXq\xa2\x862\x96\xb5\xc7\xc4\xbc\t\xe4\xbf\x16\xe4\xb8\xdf\xb55g\xd6\xbc\x1e\t\xca\x9d'********************\xec&\xdf\x94B\xc5\xd4\xa0\xa0\xccSH\xc9`\x11[C\xda\x08\xc7\xae\xf6\xbeNL\xcc_\x13l\xa8\x92\xa6V\xe8\x1f\x17\x1b\xccU\xa6\xff\x83E\xe6\x92\xc0\xf8n[H\xe0\x1b\x99l\xad\xc0\x01b/\xb5\xe3c\xb4!\0\0\0\0\0\0\0\0\0\0\0\0\0\0\0\0\0\0\0\0\0\0\0\0\0\0\0\0\0\0\0\0\0\0\0\0\0\0\0\0\0\0\0\0\0\0\0\0\0\0\0\0\0\0\0\0\0\0\0\0\0\0\0\0\0\0\0\0\0\0\0\0\0\0\0\0\0\0\0\0\0\0\0\0\0\0\0\0\0\0\0\0\0\0\0\0\0\0\0\0\0\0\0\0\0\0\0\0\0\0\0\0\0\0\0\0\0\0\0\0\0\0\0\0\0\0\0\0\0\0\0\0\0\0\0\0\0\0\0\0\0\0\0\0\0\0\0\0\0\0\0\0\0\0\0\0\0\0\0\0\0\0\0\0\0\0\0\0\0\0\0\0\0\0\0\0\0\0\0\0\0\0\0\0\0\0\0\0\0\0\0\0\0\0\0\0\0\0\0\0\0\0\0\0\0\0\0\0\0\0\0\0\0\0\0\0\0\0\0\0\0\0\0\0\0\0\0\0\0\0\0\0\0\0\0\0\0\0\0\0\0\0\0\0\0\0\0\0\0\0\0\0\0\0\0\0\0\0\0\0\0\0\0\0\0\0\0\0\0\0\0\0\0\0\0\0\0\0\0\0\0\0\0\0\0\0\0\0\x1b\0\0\0\0\0\0\0\xca\xfc\xd5\x01\0\0\0\0\0\0\0\0\0\0\0\0\x1e/\xach\0\0\0\0\x10\x02\0\0\x0f\xb4\x9e\x01\0\0\0\0\0\0\0\0\0\0\0\0\0\0\0\0\0\0\0\0\0\0\0\0\0\0\0\0\xc8\xd2_[\x17\x8b\xfab\xf1Y\xcd\x1ecH\x98\xcc`6\x9a^\x02;y\x82}#\xa8G\x1aL\x19^!\x02\0\0!\x02\0\0\0\0\0\0\0\0\0\0\0\0\0\0\0\0\0\0reth/v1.4.1/linux" }, validity: Valid }
2025-08-25T09:38:14.708754Z DEBUG node{moniker=app-2}:wal{height=27}: Wrote log entry type=Consensus(Proposal) entry.size=667 
2025-08-25T09:38:14.708822Z DEBUG node{moniker=app-2}:consensus{height=27 round=0}: No full proposal for this round yet, stored proposal for later proposal.height=27 proposal.round=0
2025-08-25T09:38:14.708881Z DEBUG node{moniker=app-2}:consensus{height=27 round=0}: We have a full proposal for this round, checking... proposal.height=27 proposal.round=0
2025-08-25T09:38:14.708896Z DEBUG node{moniker=app-2}:consensus{height=27 round=0}: Transitioned to new step step.previous=Propose step.new=Prevote
2025-08-25T09:38:14.719684Z  INFO node{moniker=app-2}:consensus{height=27 round=0}: Received vote height=27 vote_height=27 address=DE7BA2BE72D2225286133990FF5810B691A5261C Precommit(height: 27, round: 0, value: 1ff0453b0b5e850a, from: DE7BA2BE72D2225286133990FF5810B691A5261C)
2025-08-25T09:38:14.729828Z DEBUG node{moniker=app-2}:wal{height=27}: Wrote log entry type=Consensus(Vote) entry.size=119 
2025-08-25T09:38:14.731301Z  INFO node{moniker=app-2}:consensus{height=27 round=0}: Received vote height=27 vote_height=27 address=DE7BA2BE72D2225286133990FF5810B691A5261C Prevote(height: 27, round: 0, value: 1ff0453b0b5e850a, from: DE7BA2BE72D2225286133990FF5810B691A5261C)
2025-08-25T09:38:14.731734Z DEBUG node{moniker=app-2}:wal{height=27}: Wrote log entry type=Consensus(Vote) entry.size=117 
2025-08-25T09:38:14.731805Z DEBUG node{moniker=app-2}:consensus{height=27 round=0}: Transitioned to new step step.previous=Prevote step.new=Precommit
2025-08-25T09:38:14.749794Z  INFO node{moniker=app-2}:consensus{height=27 round=0}: Received vote height=27 vote_height=27 address=815F9FA61D7C4F1E4A9E30D40DCA1115BB48F759 Precommit(height: 27, round: 0, value: 1ff0453b0b5e850a, from: 815F9FA61D7C4F1E4A9E30D40DCA1115BB48F759)
2025-08-25T09:38:14.750388Z DEBUG node{moniker=app-2}:wal{height=27}: Wrote log entry type=Consensus(Vote) entry.size=119 
2025-08-25T09:38:14.753414Z DEBUG node{moniker=app-2}:consensus{height=27 round=0}: Transitioned to new step step.previous=Precommit step.new=Commit
2025-08-25T09:38:14.753433Z  INFO node{moniker=app-2}:consensus{height=27 round=0}: Decided round=0 height=27 value=1ff0453b0b5e850a
2025-08-25T09:38:14.777720Z DEBUG node{moniker=app-2}:wal{height=27}: Flushed WAL to disk wal.entries=5 wal.size=1216
2025-08-25T09:38:14.777899Z DEBUG node{moniker=app-2}:sync{height.tip=26 height.sync=27}: Updating request state height.tip=27
2025-08-25T09:38:14.777915Z DEBUG node{moniker=app-2}:node{moniker=app-2}: metis-test:consensus-chan recv!!! msg:Decided { certificate: CommitCertificate { height: Height(27), round: Some(0), value_id: ValueId(2301415529482454282), commit_signatures: [CommitSignature { address: Address(815F9FA61D7C4F1E4A9E30D40DCA1115BB48F759), signature: Signature(Signature { R_bytes: "74d7cd0c397048c3b3f87118b7d7d113756a122814c46ea742206290406b942b", s_bytes: "ed3a9c559d97f755cee4e58d193a96d17169c1ed501289867f298ae72a3eb204" }) }, CommitSignature { address: Address(DE7BA2BE72D2225286133990FF5810B691A5261C), signature: Signature(Signature { R_bytes: "ace43a7b64821c6e36a96f4a623d95304dcfdfad1388a51fe479b33240150343", s_bytes: "8fbb05ddf2033f7fc16d8f01d7cb7d08c6597ab026c84e89dd9f9755482b5a05" }) }] }, extensions: VoteExtensions { extensions: [] }, reply: Sender { inner: Some(Inner { state: State { is_complete: false, is_closed: false, is_rx_task_set: true, is_tx_task_set: false } }) } }
2025-08-25T09:38:14.777934Z  INFO node{moniker=app-2}:node{moniker=app-2}: 🟢🟢 Consensus has decided on value height=27 round=0 value=1ff0453b0b5e850a
2025-08-25T09:38:14.778007Z DEBUG node{moniker=app-2}:node{moniker=app-2}: 🎁 block size: 545, height: 27
2025-08-25T09:38:14.778018Z  INFO node{moniker=app-2}:node{moniker=app-2}: 👉 stats at height 27: #txs=0, txs/s=0.00, chain_bytes=14715, bytes/s=1921.07
2025-08-25T09:38:14.778023Z DEBUG node{moniker=app-2}:node{moniker=app-2}: 🦄 Block at height 27 contains 0 transactions
2025-08-25T09:38:14.781226Z DEBUG node{moniker=app-2}:node{moniker=app-2}: 💡 New block added at height 27 with hash: 0xc8d25f5b178bfa62f159cd1e634898cc60369a5e023b79827d23a8471a4c195e
2025-08-25T09:38:14.781240Z DEBUG node{moniker=app-2}:node{moniker=app-2}: 🟠 set_latest_forkchoice_state: 0xc8d25f5b178bfa62f159cd1e634898cc60369a5e023b79827d23a8471a4c195e
2025-08-25T09:38:14.782088Z DEBUG node{moniker=app-2}:node{moniker=app-2}: ➡️ payload_status: PayloadStatus { status: Valid, latest_valid_hash: Some(0xc8d25f5b178bfa62f159cd1e634898cc60369a5e023b79827d23a8471a4c195e) }
2025-08-25T09:38:14.782096Z DEBUG node{moniker=app-2}:node{moniker=app-2}: 🚀 Forkchoice updated to height 27 for block hash=0xc8d25f5b178bfa62f159cd1e634898cc60369a5e023b79827d23a8471a4c195e and latest_valid_hash=0xc8d25f5b178bfa62f159cd1e634898cc60369a5e023b79827d23a8471a4c195e
2025-08-25T09:38:14.782099Z  INFO node{moniker=app-2}:node{moniker=app-2}: Looking for certificate height=27 round=0
2025-08-25T09:38:14.804056Z  INFO node{moniker=app-2}:node{moniker=app-2}: Committed block_data[0..32]: cbf589d18e5871a2863296b5c7c4bc09e4bf16e4b8dfb53567d6bc1e09ca9d27
2025-08-25T09:38:14.888541Z DEBUG node{moniker=app-2}:wal{height=28}: Reset WAL height=28
2025-08-25T09:38:14.888872Z DEBUG node{moniker=app-2}:consensus{height=28 round=0}: No WAL entries to replay height=28
2025-08-25T09:38:14.888971Z  INFO node{moniker=app-2}:consensus{height=28 round=0}: Starting new height height=28
2025-08-25T09:38:14.888982Z  INFO node{moniker=app-2}:consensus{height=28 round=0}: Starting new round height=28 round=0 proposer=02CB1B49DA09615BD4A12212C39378556D990DFD role=Proposer
2025-08-25T09:38:14.889024Z DEBUG node{moniker=app-2}:sync{height.tip=26 height.sync=27}: Starting new height height.tip=27 height.sync=28 restart=false
2025-08-25T09:38:14.889032Z DEBUG node{moniker=app-2}:sync{height.tip=26 height.sync=27}: No peer to request sync from height.sync=28
2025-08-25T09:38:14.896135Z DEBUG node{moniker=app-2}:wal{height=28}: Flushed WAL to disk wal.entries=0 wal.size=12
2025-08-25T09:38:14.896412Z DEBUG node{moniker=app-2}:node{moniker=app-2}: metis-test:consensus-chan recv!!! msg:StartedRound { height: Height(28), round: Some(0), proposer: Address(02CB1B49DA09615BD4A12212C39378556D990DFD), role: Proposer, reply_value: Sender { inner: Some(Inner { state: State { is_complete: false, is_closed: false, is_rx_task_set: false, is_tx_task_set: false } }) } }
2025-08-25T09:38:14.896430Z  INFO node{moniker=app-2}:node{moniker=app-2}: 🟢🟢 Started round height=28 round=0 proposer=02CB1B49DA09615BD4A12212C39378556D990DFD role=Proposer
2025-08-25T09:38:14.896447Z ERROR node{moniker=app-2}:consensus{height=28 round=0}: Error when processing effect: Messaging(RecvErr)
2025-08-25T09:38:14.896470Z DEBUG node{moniker=app-2}:consensus{height=28 round=0}: Transitioned to new step step.previous=Unstarted step.new=Propose
2025-08-25T09:38:14.896476Z  INFO node{moniker=app-2}:consensus{height=28 round=0}: Scheduling timeout round=0 step=Propose
2025-08-25T09:38:14.896484Z  INFO node{moniker=app-2}:consensus{height=28 round=0}: Requesting value from application height=28 round=0
2025-08-25T09:38:14.896496Z DEBUG node{moniker=app-2}:consensus{height=28 round=0}: Replaying inputs count=0
2025-08-25T09:38:14.896523Z DEBUG node{moniker=app-2}:node{moniker=app-2}: metis-test:consensus-chan recv!!! msg:GetValue { height: Height(28), round: Some(0), timeout: 3s, reply: Sender { inner: Some(Inner { state: State { is_complete: false, is_closed: false, is_rx_task_set: true, is_tx_task_set: false } }) } }
2025-08-25T09:38:14.896531Z  INFO node{moniker=app-2}:node{moniker=app-2}: 🟢🟢 Consensus is requesting a value to propose height=28 round=0
2025-08-25T09:38:14.896535Z DEBUG node{moniker=app-2}:node{moniker=app-2}: 🟠 generate_block on top of ExecutionBlock { block_hash: 0xc8d25f5b178bfa62f159cd1e634898cc60369a5e023b79827d23a8471a4c195e, block_number: 27, parent_hash: 0xc8d25f5b178bfa62f159cd1e634898cc60369a5e023b79827d23a8471a4c195e, timestamp: 1756114718, prev_randao: 0x0000000000000000000000000000000000000000000000000000000000000000 }
2025-08-25T09:38:14.903844Z DEBUG node{moniker=app-2}:node{moniker=app-2}: 🌈 Got execution payload: ExecutionPayloadV3 { payload_inner: ExecutionPayloadV2 { payload_inner: ExecutionPayloadV1 { parent_hash: 0xc8d25f5b178bfa62f159cd1e634898cc60369a5e023b79827d23a8471a4c195e, fee_recipient: 0x2a2a2a2a2a2a2a2a2a2a2a2a2a2a2a2a2a2a2a2a, state_root: 0xec26df9442c5d4a0a0cc5348c960115b43da08c7aef6be4e4ccc5f136ca892a6, receipts_root: 0x56e81f171bcc55a6ff8345e692c0f86e5b48e01b996cadc001622fb5e363b421, logs_bloom: 0x00000000000000000000000000000000000000000000000000000000000000000000000000000000000000000000000000000000000000000000000000000000000000000000000000000000000000000000000000000000000000000000000000000000000000000000000000000000000000000000000000000000000000000000000000000000000000000000000000000000000000000000000000000000000000000000000000000000000000000000000000000000000000000000000000000000000000000000000000000000000000000000000000000000000000000000000000000000000000000000000000000000000000000000000000000000, prev_randao: 0x0000000000000000000000000000000000000000000000000000000000000000, block_number: 28, gas_limit: 30831176, gas_used: 0, timestamp: 1756114719, extra_data: 0x726574682f76312e342e312f6c696e7578, base_fee_per_gas: 23780750, block_hash: 0xb7067824786b23ba025050a359ac69db542c2a0e1b413cd3986226293822afba, transactions: [] }, withdrawals: [] }, blob_gas_used: 0, excess_blob_gas: 0 }
2025-08-25T09:38:14.903870Z DEBUG node{moniker=app-2}:node{moniker=app-2}: 🎁 block size: 545, height: 28
2025-08-25T09:38:14.911099Z  INFO node{moniker=app-2}:node{moniker=app-2}: Streaming proposal part: StreamMessage { stream_id: StreamId(b"\0\0\0\0\0\0\0\x1c\0\0\0\0\0\0\0\t"), sequence: 0, content: Data(Init(ProposalInit { height: Height(28), round: Some(0), proposer: Address(02CB1B49DA09615BD4A12212C39378556D990DFD) })) } height=28 round=0
2025-08-25T09:38:14.911127Z  INFO node{moniker=app-2}:node{moniker=app-2}: Streaming proposal part: StreamMessage { stream_id: StreamId(b"\0\0\0\0\0\0\0\x1c\0\0\0\0\0\0\0\t"), sequence: 1, content: Data(Data(ProposalData { bytes: "<...>", len: 545 })) } height=28 round=0
2025-08-25T09:38:14.911156Z  INFO node{moniker=app-2}:node{moniker=app-2}: Streaming proposal part: StreamMessage { stream_id: StreamId(b"\0\0\0\0\0\0\0\x1c\0\0\0\0\0\0\0\t"), sequence: 2, content: Data(Fin(ProposalFin { signature: Signature(Signature { R_bytes: "8dfd46ebc8af9a3633b22701bfd851249c94e016da5a27b36a2ed1668e978676", s_bytes: "115e2f69a98cfbfc48369ea091330f5e1ccc803977b8f62e7099c2ea33f01601" }) })) } height=28 round=0
2025-08-25T09:38:14.911517Z DEBUG node{moniker=app-2}:network: Published message channel=/proposal_parts size=48
2025-08-25T09:38:14.911590Z  INFO node{moniker=app-2}:node{moniker=app-2}: Streaming proposal part: StreamMessage { stream_id: StreamId(b"\0\0\0\0\0\0\0\x1c\0\0\0\0\0\0\0\t"), sequence: 3, content: Fin } height=28 round=0
2025-08-25T09:38:14.911907Z DEBUG node{moniker=app-2}:network: Published message channel=/proposal_parts size=574
2025-08-25T09:38:14.912014Z DEBUG node{moniker=app-2}:node{moniker=app-2}: ✅ Proposal sent height=28 round=0
2025-08-25T09:38:14.912157Z DEBUG node{moniker=app-2}:network: Published message channel=/proposal_parts size=92
2025-08-25T09:38:14.912320Z DEBUG node{moniker=app-2}:network: Published message channel=/proposal_parts size=22
2025-08-25T09:38:14.912804Z DEBUG node{moniker=app-2}:wal{height=28}: Wrote log entry type=LocallyProposedValue entry.size=598 
2025-08-25T09:38:14.913719Z  INFO node{moniker=app-2}:consensus{height=28 round=0}: Proposing value id=1af80494cf98ebb8 round=0
2025-08-25T09:38:14.914039Z  INFO node{moniker=app-2}:consensus{height=28 round=0}: Received proposal consensus.height=28 proposal.height=28 proposal.round=0 proposer=02CB1B49DA09615BD4A12212C39378556D990DFD Proposal(height: 28, round: 0, pol_round: -1, value: 1af80494cf98ebb8, from: 02CB1B49DA09615BD4A12212C39378556D990DFD)
2025-08-25T09:38:14.914231Z DEBUG node{moniker=app-2}:wal{height=28}: Wrote log entry type=Consensus(Proposal) entry.size=667 
2025-08-25T09:38:14.914727Z DEBUG node{moniker=app-2}:consensus{height=28 round=0}: Transitioned to new step step.previous=Propose step.new=Prevote
2025-08-25T09:38:14.914736Z  INFO node{moniker=app-2}:consensus{height=28 round=0}: Voting vote_type=Prevote value=1af80494cf98ebb8 round=0
2025-08-25T09:38:14.914902Z  INFO node{moniker=app-2}:consensus{height=28 round=0}: Received vote height=28 vote_height=28 address=02CB1B49DA09615BD4A12212C39378556D990DFD Prevote(height: 28, round: 0, value: 1af80494cf98ebb8, from: 02CB1B49DA09615BD4A12212C39378556D990DFD)
2025-08-25T09:38:14.923848Z DEBUG node{moniker=app-2}:wal{height=28}: Wrote log entry type=Consensus(Vote) entry.size=117 
2025-08-25T09:38:14.931638Z DEBUG node{moniker=app-2}:wal{height=28}: Flushed WAL to disk wal.entries=3 wal.size=1433
2025-08-25T09:38:14.931966Z DEBUG node{moniker=app-2}:network: Published message channel=/consensus size=108
2025-08-25T09:38:14.935574Z DEBUG node{moniker=app-2}:wal{height=28}: Flushed WAL to disk wal.entries=3 wal.size=1433
2025-08-25T09:38:14.936119Z DEBUG node{moniker=app-2}:network: Published message channel=/consensus size=658
2025-08-25T09:38:14.942854Z  INFO node{moniker=app-2}:consensus{height=28 round=0}: Received vote height=28 vote_height=28 address=DE7BA2BE72D2225286133990FF5810B691A5261C Precommit(height: 28, round: 0, value: 1af80494cf98ebb8, from: DE7BA2BE72D2225286133990FF5810B691A5261C)
2025-08-25T09:38:14.945513Z DEBUG node{moniker=app-2}:wal{height=28}: Wrote log entry type=Consensus(Vote) entry.size=119 
2025-08-25T09:38:14.946758Z  INFO node{moniker=app-2}:consensus{height=28 round=0}: Received vote height=28 vote_height=28 address=DE7BA2BE72D2225286133990FF5810B691A5261C Prevote(height: 28, round: 0, value: 1af80494cf98ebb8, from: DE7BA2BE72D2225286133990FF5810B691A5261C)
2025-08-25T09:38:14.946976Z DEBUG node{moniker=app-2}:wal{height=28}: Wrote log entry type=Consensus(Vote) entry.size=117 
2025-08-25T09:38:14.947122Z DEBUG node{moniker=app-2}:consensus{height=28 round=0}: Transitioned to new step step.previous=Prevote step.new=Precommit
2025-08-25T09:38:14.947133Z  INFO node{moniker=app-2}:consensus{height=28 round=0}: Voting vote_type=Precommit value=1af80494cf98ebb8 round=0
2025-08-25T09:38:14.947169Z DEBUG node{moniker=app-2}:node{moniker=app-2}: metis-test:consensus-chan recv!!! msg:ExtendVote { height: Height(28), round: Some(0), value_id: ValueId(1943308276394945464), reply: Sender { inner: Some(Inner { state: State { is_complete: false, is_closed: false, is_rx_task_set: true, is_tx_task_set: false } }) } }
2025-08-25T09:38:14.947455Z  INFO node{moniker=app-2}:consensus{height=28 round=0}: Received vote height=28 vote_height=28 address=02CB1B49DA09615BD4A12212C39378556D990DFD Precommit(height: 28, round: 0, value: 1af80494cf98ebb8, from: 02CB1B49DA09615BD4A12212C39378556D990DFD)
2025-08-25T09:38:14.947639Z DEBUG node{moniker=app-2}:wal{height=28}: Wrote log entry type=Consensus(Vote) entry.size=119 
2025-08-25T09:38:14.947699Z DEBUG node{moniker=app-2}:consensus{height=28 round=0}: Transitioned to new step step.previous=Precommit step.new=Commit
2025-08-25T09:38:14.947705Z  INFO node{moniker=app-2}:consensus{height=28 round=0}: Decided round=0 height=28 value=1af80494cf98ebb8
2025-08-25T09:38:14.949681Z DEBUG node{moniker=app-2}:wal{height=28}: Flushed WAL to disk wal.entries=6 wal.size=1827
2025-08-25T09:38:14.949804Z DEBUG node{moniker=app-2}:sync{height.tip=27 height.sync=28}: Updating request state height.tip=28
2025-08-25T09:38:14.951546Z DEBUG node{moniker=app-2}:node{moniker=app-2}: metis-test:consensus-chan recv!!! msg:Decided { certificate: CommitCertificate { height: Height(28), round: Some(0), value_id: ValueId(1943308276394945464), commit_signatures: [CommitSignature { address: Address(02CB1B49DA09615BD4A12212C39378556D990DFD), signature: Signature(Signature { R_bytes: "bfef8f06bd83ef6f1a6544c922f1c48fb640721ea0ed000be0969b756058b303", s_bytes: "f7c8f40577e5e09200cd83c261431cbb751da0802a16a3ace2c2e888e13eeb0a" }) }, CommitSignature { address: Address(DE7BA2BE72D2225286133990FF5810B691A5261C), signature: Signature(Signature { R_bytes: "afc15ecc9e1ab6de742793449e7c6b1ac993c1d0915bc0527bcd4bfecabfea6c", s_bytes: "03f829b49be9a88d00fefe4621fad443172d2b74aad55a2ec2d85252680f3b03" }) }] }, extensions: VoteExtensions { extensions: [] }, reply: Sender { inner: Some(Inner { state: State { is_complete: false, is_closed: false, is_rx_task_set: true, is_tx_task_set: false } }) } }
2025-08-25T09:38:14.951568Z  INFO node{moniker=app-2}:node{moniker=app-2}: 🟢🟢 Consensus has decided on value height=28 round=0 value=1af80494cf98ebb8
2025-08-25T09:38:14.951897Z DEBUG node{moniker=app-2}:node{moniker=app-2}: 🎁 block size: 545, height: 28
2025-08-25T09:38:14.951907Z  INFO node{moniker=app-2}:node{moniker=app-2}: 👉 stats at height 28: #txs=0, txs/s=0.00, chain_bytes=15260, bytes/s=1947.99
2025-08-25T09:38:14.951911Z DEBUG node{moniker=app-2}:node{moniker=app-2}: 🦄 Block at height 28 contains 0 transactions
2025-08-25T09:38:14.953101Z DEBUG node{moniker=app-2}:wal{height=28}: Flushed WAL to disk wal.entries=6 wal.size=1827
2025-08-25T09:38:14.953328Z DEBUG node{moniker=app-2}:network: Published message channel=/consensus size=110
2025-08-25T09:38:14.957095Z DEBUG node{moniker=app-2}:node{moniker=app-2}: 💡 New block added at height 28 with hash: 0xb7067824786b23ba025050a359ac69db542c2a0e1b413cd3986226293822afba
2025-08-25T09:38:14.957109Z DEBUG node{moniker=app-2}:node{moniker=app-2}: 🟠 set_latest_forkchoice_state: 0xb7067824786b23ba025050a359ac69db542c2a0e1b413cd3986226293822afba
2025-08-25T09:38:14.958566Z DEBUG node{moniker=app-2}:node{moniker=app-2}: ➡️ payload_status: PayloadStatus { status: Valid, latest_valid_hash: Some(0xb7067824786b23ba025050a359ac69db542c2a0e1b413cd3986226293822afba) }
2025-08-25T09:38:14.958575Z DEBUG node{moniker=app-2}:node{moniker=app-2}: 🚀 Forkchoice updated to height 28 for block hash=0xb7067824786b23ba025050a359ac69db542c2a0e1b413cd3986226293822afba and latest_valid_hash=0xb7067824786b23ba025050a359ac69db542c2a0e1b413cd3986226293822afba
2025-08-25T09:38:14.958578Z  INFO node{moniker=app-2}:node{moniker=app-2}: Looking for certificate height=28 round=0
2025-08-25T09:38:14.965225Z  INFO node{moniker=app-2}:node{moniker=app-2}: Committed block_data[0..32]: c8d25f5b178bfa62f159cd1e634898cc60369a5e023b79827d23a8471a4c195e
2025-08-25T09:38:14.989654Z DEBUG node{moniker=app-2}:wal{height=29}: Reset WAL height=29
2025-08-25T09:38:14.992652Z DEBUG node{moniker=app-2}:consensus{height=29 round=0}: No WAL entries to replay height=29
2025-08-25T09:38:14.992886Z  INFO node{moniker=app-2}:consensus{height=29 round=0}: Starting new height height=29
2025-08-25T09:38:14.992898Z  INFO node{moniker=app-2}:consensus{height=29 round=0}: Starting new round height=29 round=0 proposer=02CB1B49DA09615BD4A12212C39378556D990DFD role=Proposer
2025-08-25T09:38:14.992934Z DEBUG node{moniker=app-2}:sync{height.tip=27 height.sync=28}: Starting new height height.tip=28 height.sync=29 restart=false
2025-08-25T09:38:14.992940Z DEBUG node{moniker=app-2}:sync{height.tip=27 height.sync=28}: No peer to request sync from height.sync=29
2025-08-25T09:38:14.999354Z DEBUG node{moniker=app-2}:wal{height=29}: Flushed WAL to disk wal.entries=0 wal.size=12
2025-08-25T09:38:14.999419Z DEBUG node{moniker=app-2}:node{moniker=app-2}: metis-test:consensus-chan recv!!! msg:StartedRound { height: Height(29), round: Some(0), proposer: Address(02CB1B49DA09615BD4A12212C39378556D990DFD), role: Proposer, reply_value: Sender { inner: Some(Inner { state: State { is_complete: false, is_closed: false, is_rx_task_set: false, is_tx_task_set: false } }) } }
2025-08-25T09:38:14.999432Z  INFO node{moniker=app-2}:node{moniker=app-2}: 🟢🟢 Started round height=29 round=0 proposer=02CB1B49DA09615BD4A12212C39378556D990DFD role=Proposer
2025-08-25T09:38:14.999447Z ERROR node{moniker=app-2}:consensus{height=29 round=0}: Error when processing effect: Messaging(RecvErr)
2025-08-25T09:38:14.999463Z DEBUG node{moniker=app-2}:consensus{height=29 round=0}: Transitioned to new step step.previous=Unstarted step.new=Propose
2025-08-25T09:38:14.999469Z  INFO node{moniker=app-2}:consensus{height=29 round=0}: Scheduling timeout round=0 step=Propose
2025-08-25T09:38:14.999476Z  INFO node{moniker=app-2}:consensus{height=29 round=0}: Requesting value from application height=29 round=0
2025-08-25T09:38:14.999485Z DEBUG node{moniker=app-2}:consensus{height=29 round=0}: Replaying inputs count=0
2025-08-25T09:38:14.999506Z DEBUG node{moniker=app-2}:node{moniker=app-2}: metis-test:consensus-chan recv!!! msg:GetValue { height: Height(29), round: Some(0), timeout: 3s, reply: Sender { inner: Some(Inner { state: State { is_complete: false, is_closed: false, is_rx_task_set: true, is_tx_task_set: false } }) } }
2025-08-25T09:38:14.999511Z  INFO node{moniker=app-2}:node{moniker=app-2}: 🟢🟢 Consensus is requesting a value to propose height=29 round=0
2025-08-25T09:38:14.999515Z DEBUG node{moniker=app-2}:node{moniker=app-2}: 🟠 generate_block on top of ExecutionBlock { block_hash: 0xb7067824786b23ba025050a359ac69db542c2a0e1b413cd3986226293822afba, block_number: 28, parent_hash: 0xb7067824786b23ba025050a359ac69db542c2a0e1b413cd3986226293822afba, timestamp: 1756114719, prev_randao: 0x0000000000000000000000000000000000000000000000000000000000000000 }
2025-08-25T09:38:15.002740Z DEBUG node{moniker=app-2}:node{moniker=app-2}: 🌈 Got execution payload: ExecutionPayloadV3 { payload_inner: ExecutionPayloadV2 { payload_inner: ExecutionPayloadV1 { parent_hash: 0xb7067824786b23ba025050a359ac69db542c2a0e1b413cd3986226293822afba, fee_recipient: 0x2a2a2a2a2a2a2a2a2a2a2a2a2a2a2a2a2a2a2a2a, state_root: 0xec26df9442c5d4a0a0cc5348c960115b43da08c7aef6be4e4ccc5f136ca892a6, receipts_root: 0x56e81f171bcc55a6ff8345e692c0f86e5b48e01b996cadc001622fb5e363b421, logs_bloom: 0x00000000000000000000000000000000000000000000000000000000000000000000000000000000000000000000000000000000000000000000000000000000000000000000000000000000000000000000000000000000000000000000000000000000000000000000000000000000000000000000000000000000000000000000000000000000000000000000000000000000000000000000000000000000000000000000000000000000000000000000000000000000000000000000000000000000000000000000000000000000000000000000000000000000000000000000000000000000000000000000000000000000000000000000000000000000, prev_randao: 0x0000000000000000000000000000000000000000000000000000000000000000, block_number: 29, gas_limit: 30861283, gas_used: 0, timestamp: 1756114720, extra_data: 0x726574682f76312e342e312f6c696e7578, base_fee_per_gas: 20808157, block_hash: 0xde4110a8ec0c3f6d419fb3fe78f68f60ea16e109a41ef0b51d483103d7e46921, transactions: [] }, withdrawals: [] }, blob_gas_used: 0, excess_blob_gas: 0 }
2025-08-25T09:38:15.002767Z DEBUG node{moniker=app-2}:node{moniker=app-2}: 🎁 block size: 545, height: 29
2025-08-25T09:38:15.020819Z  INFO node{moniker=app-2}:node{moniker=app-2}: Streaming proposal part: StreamMessage { stream_id: StreamId(b"\0\0\0\0\0\0\0\x1d\0\0\0\0\0\0\0\n"), sequence: 0, content: Data(Init(ProposalInit { height: Height(29), round: Some(0), proposer: Address(02CB1B49DA09615BD4A12212C39378556D990DFD) })) } height=29 round=0
2025-08-25T09:38:15.020857Z  INFO node{moniker=app-2}:node{moniker=app-2}: Streaming proposal part: StreamMessage { stream_id: StreamId(b"\0\0\0\0\0\0\0\x1d\0\0\0\0\0\0\0\n"), sequence: 1, content: Data(Data(ProposalData { bytes: "<...>", len: 545 })) } height=29 round=0
2025-08-25T09:38:15.020919Z  INFO node{moniker=app-2}:node{moniker=app-2}: Streaming proposal part: StreamMessage { stream_id: StreamId(b"\0\0\0\0\0\0\0\x1d\0\0\0\0\0\0\0\n"), sequence: 2, content: Data(Fin(ProposalFin { signature: Signature(Signature { R_bytes: "49d327ddeca8fb1100f36eebc8a9dee8cc0b416b28de0ef9151cd9e10d58ebda", s_bytes: "b9eb59155063a1f61cb08c34640948dee8c4e7402c586041e993319155d3cf04" }) })) } height=29 round=0
2025-08-25T09:38:15.021234Z DEBUG node{moniker=app-2}:network: Published message channel=/proposal_parts size=48
2025-08-25T09:38:15.021278Z  INFO node{moniker=app-2}:node{moniker=app-2}: Streaming proposal part: StreamMessage { stream_id: StreamId(b"\0\0\0\0\0\0\0\x1d\0\0\0\0\0\0\0\n"), sequence: 3, content: Fin } height=29 round=0
2025-08-25T09:38:15.021404Z DEBUG node{moniker=app-2}:wal{height=29}: Wrote log entry type=LocallyProposedValue entry.size=599 
2025-08-25T09:38:15.021731Z DEBUG node{moniker=app-2}:network: Published message channel=/proposal_parts size=574
2025-08-25T09:38:15.021848Z DEBUG node{moniker=app-2}:node{moniker=app-2}: ✅ Proposal sent height=29 round=0
2025-08-25T09:38:15.022035Z DEBUG node{moniker=app-2}:network: Published message channel=/proposal_parts size=92
2025-08-25T09:38:15.022306Z DEBUG node{moniker=app-2}:network: Published message channel=/proposal_parts size=22
2025-08-25T09:38:15.022385Z  INFO node{moniker=app-2}:consensus{height=29 round=0}: Proposing value id=a80b99d85681d4d3 round=0
2025-08-25T09:38:15.022774Z  INFO node{moniker=app-2}:consensus{height=29 round=0}: Received proposal consensus.height=29 proposal.height=29 proposal.round=0 proposer=02CB1B49DA09615BD4A12212C39378556D990DFD Proposal(height: 29, round: 0, pol_round: -1, value: a80b99d85681d4d3, from: 02CB1B49DA09615BD4A12212C39378556D990DFD)
2025-08-25T09:38:15.023099Z DEBUG node{moniker=app-2}:wal{height=29}: Wrote log entry type=Consensus(Proposal) entry.size=668 
2025-08-25T09:38:15.023206Z DEBUG node{moniker=app-2}:consensus{height=29 round=0}: Transitioned to new step step.previous=Propose step.new=Prevote
2025-08-25T09:38:15.023214Z  INFO node{moniker=app-2}:consensus{height=29 round=0}: Voting vote_type=Prevote value=a80b99d85681d4d3 round=0
2025-08-25T09:38:15.023504Z  INFO node{moniker=app-2}:consensus{height=29 round=0}: Received vote height=29 vote_height=29 address=02CB1B49DA09615BD4A12212C39378556D990DFD Prevote(height: 29, round: 0, value: a80b99d85681d4d3, from: 02CB1B49DA09615BD4A12212C39378556D990DFD)
2025-08-25T09:38:15.023652Z DEBUG node{moniker=app-2}:wal{height=29}: Wrote log entry type=Consensus(Vote) entry.size=118 
2025-08-25T09:38:15.069929Z DEBUG node{moniker=app-2}:wal{height=29}: Flushed WAL to disk wal.entries=3 wal.size=1436
2025-08-25T09:38:15.070337Z DEBUG node{moniker=app-2}:network: Published message channel=/consensus size=109
2025-08-25T09:38:15.077501Z DEBUG node{moniker=app-2}:wal{height=29}: Flushed WAL to disk wal.entries=3 wal.size=1436
2025-08-25T09:38:15.077759Z DEBUG node{moniker=app-2}:network: Published message channel=/consensus size=659
2025-08-25T09:38:15.086799Z  INFO node{moniker=app-2}:consensus{height=29 round=0}: Received vote height=29 vote_height=29 address=815F9FA61D7C4F1E4A9E30D40DCA1115BB48F759 Precommit(height: 29, round: 0, value: a80b99d85681d4d3, from: 815F9FA61D7C4F1E4A9E30D40DCA1115BB48F759)
2025-08-25T09:38:15.087849Z DEBUG node{moniker=app-2}:wal{height=29}: Wrote log entry type=Consensus(Vote) entry.size=120 
2025-08-25T09:38:15.088688Z  INFO node{moniker=app-2}:consensus{height=29 round=0}: Received vote height=29 vote_height=29 address=815F9FA61D7C4F1E4A9E30D40DCA1115BB48F759 Prevote(height: 29, round: 0, value: a80b99d85681d4d3, from: 815F9FA61D7C4F1E4A9E30D40DCA1115BB48F759)
2025-08-25T09:38:15.088777Z DEBUG node{moniker=app-2}:wal{height=29}: Wrote log entry type=Consensus(Vote) entry.size=118 
2025-08-25T09:38:15.088989Z DEBUG node{moniker=app-2}:consensus{height=29 round=0}: Transitioned to new step step.previous=Prevote step.new=Precommit
2025-08-25T09:38:15.088997Z  INFO node{moniker=app-2}:consensus{height=29 round=0}: Voting vote_type=Precommit value=a80b99d85681d4d3 round=0
2025-08-25T09:38:15.089015Z DEBUG node{moniker=app-2}:node{moniker=app-2}: metis-test:consensus-chan recv!!! msg:ExtendVote { height: Height(29), round: Some(0), value_id: ValueId(12108941177559045331), reply: Sender { inner: Some(Inner { state: State { is_complete: false, is_closed: false, is_rx_task_set: true, is_tx_task_set: false } }) } }
2025-08-25T09:38:15.089205Z  INFO node{moniker=app-2}:consensus{height=29 round=0}: Received vote height=29 vote_height=29 address=02CB1B49DA09615BD4A12212C39378556D990DFD Precommit(height: 29, round: 0, value: a80b99d85681d4d3, from: 02CB1B49DA09615BD4A12212C39378556D990DFD)
2025-08-25T09:38:15.089277Z DEBUG node{moniker=app-2}:wal{height=29}: Wrote log entry type=Consensus(Vote) entry.size=120 
2025-08-25T09:38:15.089311Z DEBUG node{moniker=app-2}:consensus{height=29 round=0}: Transitioned to new step step.previous=Precommit step.new=Commit
2025-08-25T09:38:15.089318Z  INFO node{moniker=app-2}:consensus{height=29 round=0}: Decided round=0 height=29 value=a80b99d85681d4d3
2025-08-25T09:38:15.092368Z DEBUG node{moniker=app-2}:wal{height=29}: Flushed WAL to disk wal.entries=6 wal.size=1833
2025-08-25T09:38:15.092471Z DEBUG node{moniker=app-2}:sync{height.tip=28 height.sync=29}: Updating request state height.tip=29
2025-08-25T09:38:15.092505Z DEBUG node{moniker=app-2}:node{moniker=app-2}: metis-test:consensus-chan recv!!! msg:Decided { certificate: CommitCertificate { height: Height(29), round: Some(0), value_id: ValueId(12108941177559045331), commit_signatures: [CommitSignature { address: Address(02CB1B49DA09615BD4A12212C39378556D990DFD), signature: Signature(Signature { R_bytes: "478609b2eb866a3853076a738794ec4be1d271c53ac88043b29c9eecf0b7bcc4", s_bytes: "d0f96f0a369d2e49f5131b26f0220b766feaf5aa7bc5bd258a5ef14cdffa810b" }) }, CommitSignature { address: Address(815F9FA61D7C4F1E4A9E30D40DCA1115BB48F759), signature: Signature(Signature { R_bytes: "6854a2a7424dfe316769e0430b22b92e40ffe8ee51444fe7dc2c5fa7d3501065", s_bytes: "ac45b988e2998de948bf26738c6e8efbfc2f91272272655c4bb342d5eef4b40d" }) }] }, extensions: VoteExtensions { extensions: [] }, reply: Sender { inner: Some(Inner { state: State { is_complete: false, is_closed: false, is_rx_task_set: true, is_tx_task_set: false } }) } }
2025-08-25T09:38:15.092547Z  INFO node{moniker=app-2}:node{moniker=app-2}: 🟢🟢 Consensus has decided on value height=29 round=0 value=a80b99d85681d4d3
2025-08-25T09:38:15.092666Z DEBUG node{moniker=app-2}:node{moniker=app-2}: 🎁 block size: 545, height: 29
2025-08-25T09:38:15.092680Z  INFO node{moniker=app-2}:node{moniker=app-2}: 👉 stats at height 29: #txs=0, txs/s=0.00, chain_bytes=15805, bytes/s=1981.95
2025-08-25T09:38:15.092686Z DEBUG node{moniker=app-2}:node{moniker=app-2}: 🦄 Block at height 29 contains 0 transactions
2025-08-25T09:38:15.095674Z DEBUG node{moniker=app-2}:node{moniker=app-2}: 💡 New block added at height 29 with hash: 0xde4110a8ec0c3f6d419fb3fe78f68f60ea16e109a41ef0b51d483103d7e46921
2025-08-25T09:38:15.095685Z DEBUG node{moniker=app-2}:node{moniker=app-2}: 🟠 set_latest_forkchoice_state: 0xde4110a8ec0c3f6d419fb3fe78f68f60ea16e109a41ef0b51d483103d7e46921
2025-08-25T09:38:15.096871Z DEBUG node{moniker=app-2}:node{moniker=app-2}: ➡️ payload_status: PayloadStatus { status: Valid, latest_valid_hash: Some(0xde4110a8ec0c3f6d419fb3fe78f68f60ea16e109a41ef0b51d483103d7e46921) }
2025-08-25T09:38:15.096879Z DEBUG node{moniker=app-2}:node{moniker=app-2}: 🚀 Forkchoice updated to height 29 for block hash=0xde4110a8ec0c3f6d419fb3fe78f68f60ea16e109a41ef0b51d483103d7e46921 and latest_valid_hash=0xde4110a8ec0c3f6d419fb3fe78f68f60ea16e109a41ef0b51d483103d7e46921
2025-08-25T09:38:15.096882Z  INFO node{moniker=app-2}:node{moniker=app-2}: Looking for certificate height=29 round=0
2025-08-25T09:38:15.097357Z DEBUG node{moniker=app-2}:wal{height=29}: Flushed WAL to disk wal.entries=6 wal.size=1833
2025-08-25T09:38:15.097565Z DEBUG node{moniker=app-2}:network: Published message channel=/consensus size=111
2025-08-25T09:38:15.101829Z  INFO node{moniker=app-2}:node{moniker=app-2}: Committed block_data[0..32]: b7067824786b23ba025050a359ac69db542c2a0e1b413cd3986226293822afba
2025-08-25T09:38:15.115414Z DEBUG node{moniker=app-2}:wal{height=30}: Reset WAL height=30
2025-08-25T09:38:15.115487Z DEBUG node{moniker=app-2}:consensus{height=30 round=0}: No WAL entries to replay height=30
2025-08-25T09:38:15.115522Z  INFO node{moniker=app-2}:consensus{height=30 round=0}: Starting new height height=30
2025-08-25T09:38:15.115528Z  INFO node{moniker=app-2}:consensus{height=30 round=0}: Starting new round height=30 round=0 proposer=DE7BA2BE72D2225286133990FF5810B691A5261C role=None
2025-08-25T09:38:15.115562Z DEBUG node{moniker=app-2}:sync{height.tip=28 height.sync=29}: Starting new height height.tip=29 height.sync=30 restart=false
2025-08-25T09:38:15.115569Z DEBUG node{moniker=app-2}:sync{height.tip=28 height.sync=29}: No peer to request sync from height.sync=30
2025-08-25T09:38:15.118492Z DEBUG node{moniker=app-2}:wal{height=30}: Flushed WAL to disk wal.entries=0 wal.size=12
2025-08-25T09:38:15.118560Z DEBUG node{moniker=app-2}:node{moniker=app-2}: metis-test:consensus-chan recv!!! msg:StartedRound { height: Height(30), round: Some(0), proposer: Address(DE7BA2BE72D2225286133990FF5810B691A5261C), role: None, reply_value: Sender { inner: Some(Inner { state: State { is_complete: false, is_closed: false, is_rx_task_set: false, is_tx_task_set: false } }) } }
2025-08-25T09:38:15.118570Z  INFO node{moniker=app-2}:node{moniker=app-2}: 🟢🟢 Started round height=30 round=0 proposer=DE7BA2BE72D2225286133990FF5810B691A5261C role=None
2025-08-25T09:38:15.118581Z ERROR node{moniker=app-2}:consensus{height=30 round=0}: Error when processing effect: Messaging(RecvErr)
2025-08-25T09:38:15.118596Z DEBUG node{moniker=app-2}:consensus{height=30 round=0}: Transitioned to new step step.previous=Unstarted step.new=Propose
2025-08-25T09:38:15.118601Z  INFO node{moniker=app-2}:consensus{height=30 round=0}: Scheduling timeout round=0 step=Propose
2025-08-25T09:38:15.118609Z DEBUG node{moniker=app-2}:consensus{height=30 round=0}: Replaying inputs count=0
2025-08-25T09:38:15.154782Z DEBUG node{moniker=app-2}:node{moniker=app-2}: metis-test:consensus-chan recv!!! msg:ReceivedProposalPart { from: PeerId("12D3KooWEFmACkQS9HNWY86xGVM3LS7fRpQ8saTb5VdfdYCzuUvE"), part: StreamMessage { stream_id: StreamId(b"\0\0\0\0\0\0\0\x1e\0\0\0\0\0\0\0\t"), sequence: 0, content: Data(Init(ProposalInit { height: Height(30), round: Some(0), proposer: Address(DE7BA2BE72D2225286133990FF5810B691A5261C) })) }, reply: Sender { inner: Some(Inner { state: State { is_complete: false, is_closed: false, is_rx_task_set: true, is_tx_task_set: false } }) } }
2025-08-25T09:38:15.154815Z  INFO node{moniker=app-2}:node{moniker=app-2}: Received proposal part from=12D3KooWEFmACkQS9HNWY86xGVM3LS7fRpQ8saTb5VdfdYCzuUvE part.sequence=0 part.type=init part.size=28
2025-08-25T09:38:15.155645Z DEBUG node{moniker=app-2}:node{moniker=app-2}: metis-test:consensus-chan recv!!! msg:ReceivedProposalPart { from: PeerId("12D3KooWEFmACkQS9HNWY86xGVM3LS7fRpQ8saTb5VdfdYCzuUvE"), part: StreamMessage { stream_id: StreamId(b"\0\0\0\0\0\0\0\x1e\0\0\0\0\0\0\0\t"), sequence: 1, content: Data(Data(ProposalData { bytes: "<...>", len: 545 })) }, reply: Sender { inner: Some(Inner { state: State { is_complete: false, is_closed: false, is_rx_task_set: true, is_tx_task_set: false } }) } }
2025-08-25T09:38:15.155666Z  INFO node{moniker=app-2}:node{moniker=app-2}: Received proposal part from=12D3KooWEFmACkQS9HNWY86xGVM3LS7fRpQ8saTb5VdfdYCzuUvE part.sequence=1 part.type=data part.size=551
2025-08-25T09:38:15.155683Z DEBUG node{moniker=app-2}:node{moniker=app-2}: metis-test:consensus-chan recv!!! msg:ReceivedProposalPart { from: PeerId("12D3KooWEFmACkQS9HNWY86xGVM3LS7fRpQ8saTb5VdfdYCzuUvE"), part: StreamMessage { stream_id: StreamId(b"\0\0\0\0\0\0\0\x1e\0\0\0\0\0\0\0\t"), sequence: 2, content: Data(Fin(ProposalFin { signature: Signature(Signature { R_bytes: "c90c77df6b69a7bf2b4350d424b42f72094068006b1a53f5bf94d43eeed9d517", s_bytes: "d16944599c82f9a4e6a32d0ec4ebbb6addd0057d0d4641176d9248f820758c0b" }) })) }, reply: Sender { inner: Some(Inner { state: State { is_complete: false, is_closed: false, is_rx_task_set: true, is_tx_task_set: false } }) } }
2025-08-25T09:38:15.155695Z  INFO node{moniker=app-2}:node{moniker=app-2}: Received proposal part from=12D3KooWEFmACkQS9HNWY86xGVM3LS7fRpQ8saTb5VdfdYCzuUvE part.sequence=2 part.type=fin part.size=70
2025-08-25T09:38:15.155705Z DEBUG node{moniker=app-2}:node{moniker=app-2}: metis-test:consensus-chan recv!!! msg:ReceivedProposalPart { from: PeerId("12D3KooWEFmACkQS9HNWY86xGVM3LS7fRpQ8saTb5VdfdYCzuUvE"), part: StreamMessage { stream_id: StreamId(b"\0\0\0\0\0\0\0\x1e\0\0\0\0\0\0\0\t"), sequence: 3, content: Fin }, reply: Sender { inner: Some(Inner { state: State { is_complete: false, is_closed: false, is_rx_task_set: true, is_tx_task_set: false } }) } }
2025-08-25T09:38:15.155712Z  INFO node{moniker=app-2}:node{moniker=app-2}: Received proposal part from=12D3KooWEFmACkQS9HNWY86xGVM3LS7fRpQ8saTb5VdfdYCzuUvE part.sequence=3 part.type=end of stream part.size=0
2025-08-25T09:38:15.155849Z  INFO node{moniker=app-2}:node{moniker=app-2}: Proposal data[0..32]: de4110a8ec0c3f6d419fb3fe78f68f60ea16e109a41ef0b51d483103d7e46921, total_size: 545 bytes, id: bb35ca4533c4bec3
2025-08-25T09:38:15.166444Z DEBUG node{moniker=app-2}:node{moniker=app-2}: ✅ Received complete proposal: ProposedValue { height: Height(30), round: Some(0), valid_round: Nil, proposer: Address(DE7BA2BE72D2225286133990FF5810B691A5261C), value: Value { value: 13489910657428274883, extensions: b"\xdeA\x10\xa8\xec\x0c?mA\x9f\xb3\xfex\xf6\x8f`\xea\x16\xe1\t\xa4\x1e\xf0\xb5\x1dH1\x03\xd7\xe4i!********************\xec&\xdf\x94B\xc5\xd4\xa0\xa0\xccSH\xc9`\x11[C\xda\x08\xc7\xae\xf6\xbeNL\xcc_\x13l\xa8\x92\xa6V\xe8\x1f\x17\x1b\xccU\xa6\xff\x83E\xe6\x92\xc0\xf8n[H\xe0\x1b\x99l\xad\xc0\x01b/\xb5\xe3c\xb4!\0\0\0\0\0\0\0\0\0\0\0\0\0\0\0\0\0\0\0\0\0\0\0\0\0\0\0\0\0\0\0\0\0\0\0\0\0\0\0\0\0\0\0\0\0\0\0\0\0\0\0\0\0\0\0\0\0\0\0\0\0\0\0\0\0\0\0\0\0\0\0\0\0\0\0\0\0\0\0\0\0\0\0\0\0\0\0\0\0\0\0\0\0\0\0\0\0\0\0\0\0\0\0\0\0\0\0\0\0\0\0\0\0\0\0\0\0\0\0\0\0\0\0\0\0\0\0\0\0\0\0\0\0\0\0\0\0\0\0\0\0\0\0\0\0\0\0\0\0\0\0\0\0\0\0\0\0\0\0\0\0\0\0\0\0\0\0\0\0\0\0\0\0\0\0\0\0\0\0\0\0\0\0\0\0\0\0\0\0\0\0\0\0\0\0\0\0\0\0\0\0\0\0\0\0\0\0\0\0\0\0\0\0\0\0\0\0\0\0\0\0\0\0\0\0\0\0\0\0\0\0\0\0\0\0\0\0\0\0\0\0\0\0\0\0\0\0\0\0\0\0\0\0\0\0\0\0\0\0\0\0\0\0\0\0\0\0\0\0\0\0\0\0\0\0\0\0\0\0\0\0\0\0\0\0\0\0\0\x1e\0\0\0\0\0\0\0\x9b]\xd7\x01\0\0\0\0\0\0\0\0\0\0\0\0!/\xach\0\0\0\0\x10\x02\0\0\xa2\xd1\x15\x01\0\0\0\0\0\0\0\0\0\0\0\0\0\0\0\0\0\0\0\0\0\0\0\0\0\0\0\0\xf2#H\xe4\x18\x9e\x82\x90\xbc\x89f_(\xb6O\xf8,\x91g\x0f\xbf\xad\xbc\xc8Ii\x8a\x0c\xc2\x1b\xffa!\x02\0\0!\x02\0\0\0\0\0\0\0\0\0\0\0\0\0\0\0\0\0\0reth/v1.4.1/linux" }, validity: Valid }
2025-08-25T09:38:15.167163Z DEBUG node{moniker=app-2}:wal{height=30}: Wrote log entry type=LocallyProposedValue entry.size=599 
2025-08-25T09:38:15.172002Z  INFO node{moniker=app-2}:consensus{height=30 round=0}: Received vote height=30 vote_height=30 address=DE7BA2BE72D2225286133990FF5810B691A5261C Prevote(height: 30, round: 0, value: bb35ca4533c4bec3, from: DE7BA2BE72D2225286133990FF5810B691A5261C)
2025-08-25T09:38:15.174603Z DEBUG node{moniker=app-2}:wal{height=30}: Wrote log entry type=Consensus(Vote) entry.size=118 
2025-08-25T09:38:15.175747Z  INFO node{moniker=app-2}:consensus{height=30 round=0}: Received proposal consensus.height=30 proposal.height=30 proposal.round=0 proposer=DE7BA2BE72D2225286133990FF5810B691A5261C Proposal(height: 30, round: 0, pol_round: -1, value: bb35ca4533c4bec3, from: DE7BA2BE72D2225286133990FF5810B691A5261C)
2025-08-25T09:38:15.175866Z DEBUG node{moniker=app-2}:wal{height=30}: Wrote log entry type=Consensus(Proposal) entry.size=668 
2025-08-25T09:38:15.176007Z DEBUG node{moniker=app-2}:consensus{height=30 round=0}: Transitioned to new step step.previous=Propose step.new=Prevote
2025-08-25T09:38:15.181311Z  INFO node{moniker=app-2}:consensus{height=30 round=0}: Received vote height=30 vote_height=30 address=815F9FA61D7C4F1E4A9E30D40DCA1115BB48F759 Precommit(height: 30, round: 0, value: bb35ca4533c4bec3, from: 815F9FA61D7C4F1E4A9E30D40DCA1115BB48F759)
2025-08-25T09:38:15.184679Z DEBUG node{moniker=app-2}:wal{height=30}: Wrote log entry type=Consensus(Vote) entry.size=120 
2025-08-25T09:38:15.185405Z  INFO node{moniker=app-2}:consensus{height=30 round=0}: Received vote height=30 vote_height=30 address=815F9FA61D7C4F1E4A9E30D40DCA1115BB48F759 Prevote(height: 30, round: 0, value: bb35ca4533c4bec3, from: 815F9FA61D7C4F1E4A9E30D40DCA1115BB48F759)
2025-08-25T09:38:15.186222Z DEBUG node{moniker=app-2}:wal{height=30}: Wrote log entry type=Consensus(Vote) entry.size=118 
2025-08-25T09:38:15.186271Z DEBUG node{moniker=app-2}:consensus{height=30 round=0}: Transitioned to new step step.previous=Prevote step.new=Precommit
2025-08-25T09:38:15.193461Z  INFO node{moniker=app-2}:consensus{height=30 round=0}: Received vote height=30 vote_height=30 address=DE7BA2BE72D2225286133990FF5810B691A5261C Precommit(height: 30, round: 0, value: bb35ca4533c4bec3, from: DE7BA2BE72D2225286133990FF5810B691A5261C)
2025-08-25T09:38:15.195548Z DEBUG node{moniker=app-2}:wal{height=30}: Wrote log entry type=Consensus(Vote) entry.size=120 
2025-08-25T09:38:15.195604Z DEBUG node{moniker=app-2}:consensus{height=30 round=0}: Transitioned to new step step.previous=Precommit step.new=Commit
2025-08-25T09:38:15.195612Z  INFO node{moniker=app-2}:consensus{height=30 round=0}: Decided round=0 height=30 value=bb35ca4533c4bec3
2025-08-25T09:38:15.197546Z DEBUG node{moniker=app-2}:wal{height=30}: Flushed WAL to disk wal.entries=6 wal.size=1833
2025-08-25T09:38:15.197602Z DEBUG node{moniker=app-2}:sync{height.tip=29 height.sync=30}: Updating request state height.tip=30
2025-08-25T09:38:15.197613Z DEBUG node{moniker=app-2}:node{moniker=app-2}: metis-test:consensus-chan recv!!! msg:Decided { certificate: CommitCertificate { height: Height(30), round: Some(0), value_id: ValueId(13489910657428274883), commit_signatures: [CommitSignature { address: Address(815F9FA61D7C4F1E4A9E30D40DCA1115BB48F759), signature: Signature(Signature { R_bytes: "4c61a7f31e72da8fd981c9edef29d6e37d3b979c431d687c36dd5d5c111d630c", s_bytes: "3a8b071bfbd89f9f4ca0e454b5c0a209638606bd26d5486eacb6dbf350fc0206" }) }, CommitSignature { address: Address(DE7BA2BE72D2225286133990FF5810B691A5261C), signature: Signature(Signature { R_bytes: "8231ee69569f9e9e0d79948bb17abc485b0adbdaf6c1ba3943b4f0235abaf0c0", s_bytes: "cdb60dd3235779ca832da904302ad0ee92b8d0241dd352dd14455ba053d17d03" }) }] }, extensions: VoteExtensions { extensions: [] }, reply: Sender { inner: Some(Inner { state: State { is_complete: false, is_closed: false, is_rx_task_set: true, is_tx_task_set: false } }) } }
2025-08-25T09:38:15.197629Z  INFO node{moniker=app-2}:node{moniker=app-2}: 🟢🟢 Consensus has decided on value height=30 round=0 value=bb35ca4533c4bec3
2025-08-25T09:38:15.197674Z DEBUG node{moniker=app-2}:node{moniker=app-2}: 🎁 block size: 545, height: 30
2025-08-25T09:38:15.197682Z  INFO node{moniker=app-2}:node{moniker=app-2}: 👉 stats at height 30: #txs=0, txs/s=0.00, chain_bytes=16350, bytes/s=2023.65
2025-08-25T09:38:15.197686Z DEBUG node{moniker=app-2}:node{moniker=app-2}: 🦄 Block at height 30 contains 0 transactions
2025-08-25T09:38:15.204960Z DEBUG node{moniker=app-2}:node{moniker=app-2}: 💡 New block added at height 30 with hash: 0xf22348e4189e8290bc89665f28b64ff82c91670fbfadbcc849698a0cc21bff61
2025-08-25T09:38:15.204975Z DEBUG node{moniker=app-2}:node{moniker=app-2}: 🟠 set_latest_forkchoice_state: 0xf22348e4189e8290bc89665f28b64ff82c91670fbfadbcc849698a0cc21bff61
2025-08-25T09:38:15.205885Z DEBUG node{moniker=app-2}:node{moniker=app-2}: ➡️ payload_status: PayloadStatus { status: Valid, latest_valid_hash: Some(0xf22348e4189e8290bc89665f28b64ff82c91670fbfadbcc849698a0cc21bff61) }
2025-08-25T09:38:15.205906Z DEBUG node{moniker=app-2}:node{moniker=app-2}: 🚀 Forkchoice updated to height 30 for block hash=0xf22348e4189e8290bc89665f28b64ff82c91670fbfadbcc849698a0cc21bff61 and latest_valid_hash=0xf22348e4189e8290bc89665f28b64ff82c91670fbfadbcc849698a0cc21bff61
2025-08-25T09:38:15.205909Z  INFO node{moniker=app-2}:node{moniker=app-2}: Looking for certificate height=30 round=0
2025-08-25T09:38:15.232672Z  INFO node{moniker=app-2}:node{moniker=app-2}: Committed block_data[0..32]: de4110a8ec0c3f6d419fb3fe78f68f60ea16e109a41ef0b51d483103d7e46921
2025-08-25T09:38:15.255624Z DEBUG node{moniker=app-2}:wal{height=31}: Reset WAL height=31
2025-08-25T09:38:15.256273Z DEBUG node{moniker=app-2}:consensus{height=31 round=0}: No WAL entries to replay height=31
2025-08-25T09:38:15.256343Z  INFO node{moniker=app-2}:consensus{height=31 round=0}: Starting new height height=31
2025-08-25T09:38:15.256487Z  INFO node{moniker=app-2}:consensus{height=31 round=0}: Starting new round height=31 round=0 proposer=DE7BA2BE72D2225286133990FF5810B691A5261C role=Validator
2025-08-25T09:38:15.256542Z DEBUG node{moniker=app-2}:sync{height.tip=29 height.sync=30}: Starting new height height.tip=30 height.sync=31 restart=false
2025-08-25T09:38:15.256548Z DEBUG node{moniker=app-2}:sync{height.tip=29 height.sync=30}: No peer to request sync from height.sync=31
2025-08-25T09:38:15.270037Z DEBUG node{moniker=app-2}:wal{height=31}: Flushed WAL to disk wal.entries=0 wal.size=12
2025-08-25T09:38:15.270123Z DEBUG node{moniker=app-2}:node{moniker=app-2}: metis-test:consensus-chan recv!!! msg:StartedRound { height: Height(31), round: Some(0), proposer: Address(DE7BA2BE72D2225286133990FF5810B691A5261C), role: Validator, reply_value: Sender { inner: Some(Inner { state: State { is_complete: false, is_closed: false, is_rx_task_set: false, is_tx_task_set: false } }) } }
2025-08-25T09:38:15.270136Z  INFO node{moniker=app-2}:node{moniker=app-2}: 🟢🟢 Started round height=31 round=0 proposer=DE7BA2BE72D2225286133990FF5810B691A5261C role=Validator
2025-08-25T09:38:15.270150Z ERROR node{moniker=app-2}:consensus{height=31 round=0}: Error when processing effect: Messaging(RecvErr)
2025-08-25T09:38:15.270168Z DEBUG node{moniker=app-2}:consensus{height=31 round=0}: Transitioned to new step step.previous=Unstarted step.new=Propose
2025-08-25T09:38:15.270174Z  INFO node{moniker=app-2}:consensus{height=31 round=0}: Scheduling timeout round=0 step=Propose
2025-08-25T09:38:15.270230Z DEBUG node{moniker=app-2}:consensus{height=31 round=0}: Replaying inputs count=0
2025-08-25T09:38:15.270323Z DEBUG node{moniker=app-2}:node{moniker=app-2}: metis-test:consensus-chan recv!!! msg:ReceivedProposalPart { from: PeerId("12D3KooWEFmACkQS9HNWY86xGVM3LS7fRpQ8saTb5VdfdYCzuUvE"), part: StreamMessage { stream_id: StreamId(b"\0\0\0\0\0\0\0\x1f\0\0\0\0\0\0\0\n"), sequence: 0, content: Data(Init(ProposalInit { height: Height(31), round: Some(0), proposer: Address(DE7BA2BE72D2225286133990FF5810B691A5261C) })) }, reply: Sender { inner: Some(Inner { state: State { is_complete: false, is_closed: false, is_rx_task_set: true, is_tx_task_set: false } }) } }
2025-08-25T09:38:15.270418Z  INFO node{moniker=app-2}:node{moniker=app-2}: Received proposal part from=12D3KooWEFmACkQS9HNWY86xGVM3LS7fRpQ8saTb5VdfdYCzuUvE part.sequence=0 part.type=init part.size=28
2025-08-25T09:38:15.270469Z DEBUG node{moniker=app-2}:node{moniker=app-2}: metis-test:consensus-chan recv!!! msg:ReceivedProposalPart { from: PeerId("12D3KooWEFmACkQS9HNWY86xGVM3LS7fRpQ8saTb5VdfdYCzuUvE"), part: StreamMessage { stream_id: StreamId(b"\0\0\0\0\0\0\0\x1f\0\0\0\0\0\0\0\n"), sequence: 1, content: Data(Data(ProposalData { bytes: "<...>", len: 545 })) }, reply: Sender { inner: Some(Inner { state: State { is_complete: false, is_closed: false, is_rx_task_set: true, is_tx_task_set: false } }) } }
2025-08-25T09:38:15.270480Z  INFO node{moniker=app-2}:node{moniker=app-2}: Received proposal part from=12D3KooWEFmACkQS9HNWY86xGVM3LS7fRpQ8saTb5VdfdYCzuUvE part.sequence=1 part.type=data part.size=551
2025-08-25T09:38:15.270501Z DEBUG node{moniker=app-2}:node{moniker=app-2}: metis-test:consensus-chan recv!!! msg:ReceivedProposalPart { from: PeerId("12D3KooWEFmACkQS9HNWY86xGVM3LS7fRpQ8saTb5VdfdYCzuUvE"), part: StreamMessage { stream_id: StreamId(b"\0\0\0\0\0\0\0\x1f\0\0\0\0\0\0\0\n"), sequence: 2, content: Data(Fin(ProposalFin { signature: Signature(Signature { R_bytes: "70d5767227dc90d4cebe50173a058d3314d936d7c5758947a7bf0defe380c5ed", s_bytes: "e3e24ba8433ab6c33366c0c74318009c4c35131f9e0863c562eaf1e106c2df08" }) })) }, reply: Sender { inner: Some(Inner { state: State { is_complete: false, is_closed: false, is_rx_task_set: true, is_tx_task_set: false } }) } }
2025-08-25T09:38:15.270513Z  INFO node{moniker=app-2}:node{moniker=app-2}: Received proposal part from=12D3KooWEFmACkQS9HNWY86xGVM3LS7fRpQ8saTb5VdfdYCzuUvE part.sequence=2 part.type=fin part.size=70
2025-08-25T09:38:15.270534Z DEBUG node{moniker=app-2}:node{moniker=app-2}: metis-test:consensus-chan recv!!! msg:ReceivedProposalPart { from: PeerId("12D3KooWEFmACkQS9HNWY86xGVM3LS7fRpQ8saTb5VdfdYCzuUvE"), part: StreamMessage { stream_id: StreamId(b"\0\0\0\0\0\0\0\x1f\0\0\0\0\0\0\0\n"), sequence: 3, content: Fin }, reply: Sender { inner: Some(Inner { state: State { is_complete: false, is_closed: false, is_rx_task_set: true, is_tx_task_set: false } }) } }
2025-08-25T09:38:15.270541Z  INFO node{moniker=app-2}:node{moniker=app-2}: Received proposal part from=12D3KooWEFmACkQS9HNWY86xGVM3LS7fRpQ8saTb5VdfdYCzuUvE part.sequence=3 part.type=end of stream part.size=0
2025-08-25T09:38:15.271109Z  INFO node{moniker=app-2}:node{moniker=app-2}: Proposal data[0..32]: f22348e4189e8290bc89665f28b64ff82c91670fbfadbcc849698a0cc21bff61, total_size: 545 bytes, id: 29a182700b5f9277
2025-08-25T09:38:15.286754Z  INFO node{moniker=app-2}:consensus{height=31 round=0}: Received vote height=31 vote_height=31 address=DE7BA2BE72D2225286133990FF5810B691A5261C Prevote(height: 31, round: 0, value: 29a182700b5f9277, from: DE7BA2BE72D2225286133990FF5810B691A5261C)
2025-08-25T09:38:15.288692Z DEBUG node{moniker=app-2}:wal{height=31}: Wrote log entry type=Consensus(Vote) entry.size=117 
2025-08-25T09:38:15.288766Z DEBUG node{moniker=app-2}:node{moniker=app-2}: ✅ Received complete proposal: ProposedValue { height: Height(31), round: Some(0), valid_round: Nil, proposer: Address(DE7BA2BE72D2225286133990FF5810B691A5261C), value: Value { value: 2999822244544221815, extensions: b"\xf2#H\xe4\x18\x9e\x82\x90\xbc\x89f_(\xb6O\xf8,\x91g\x0f\xbf\xad\xbc\xc8Ii\x8a\x0c\xc2\x1b\xffa********************\xec&\xdf\x94B\xc5\xd4\xa0\xa0\xccSH\xc9`\x11[C\xda\x08\xc7\xae\xf6\xbeNL\xcc_\x13l\xa8\x92\xa6V\xe8\x1f\x17\x1b\xccU\xa6\xff\x83E\xe6\x92\xc0\xf8n[H\xe0\x1b\x99l\xad\xc0\x01b/\xb5\xe3c\xb4!\0\0\0\0\0\0\0\0\0\0\0\0\0\0\0\0\0\0\0\0\0\0\0\0\0\0\0\0\0\0\0\0\0\0\0\0\0\0\0\0\0\0\0\0\0\0\0\0\0\0\0\0\0\0\0\0\0\0\0\0\0\0\0\0\0\0\0\0\0\0\0\0\0\0\0\0\0\0\0\0\0\0\0\0\0\0\0\0\0\0\0\0\0\0\0\0\0\0\0\0\0\0\0\0\0\0\0\0\0\0\0\0\0\0\0\0\0\0\0\0\0\0\0\0\0\0\0\0\0\0\0\0\0\0\0\0\0\0\0\0\0\0\0\0\0\0\0\0\0\0\0\0\0\0\0\0\0\0\0\0\0\0\0\0\0\0\0\0\0\0\0\0\0\0\0\0\0\0\0\0\0\0\0\0\0\0\0\0\0\0\0\0\0\0\0\0\0\0\0\0\0\0\0\0\0\0\0\0\0\0\0\0\0\0\0\0\0\0\0\0\0\0\0\0\0\0\0\0\0\0\0\0\0\0\0\0\0\0\0\0\0\0\0\0\0\0\0\0\0\0\0\0\0\0\0\0\0\0\0\0\0\0\0\0\0\0\0\0\0\0\0\0\0\0\0\0\0\0\0\0\0\0\0\0\0\0\0\0\x1f\0\0\0\0\0\0\0q\xd3\xd7\x01\0\0\0\0\0\0\0\0\0\0\0\0\"/\xach\0\0\0\0\x10\x02\0\0n\x17\xf3\0\0\0\0\0\0\0\0\0\0\0\0\0\0\0\0\0\0\0\0\0\0\0\0\0\0\0\0\0\xf1\x8f\xc7\xe5\xb3\x05\xd6}\x92\xe9\x9e\x18\x12\xd6\xa9\xdd\xa9;k\x97a\xba\xb6\\\xf7\xda\xf1\xda<Zv\xa3!\x02\0\0!\x02\0\0\0\0\0\0\0\0\0\0\0\0\0\0\0\0\0\0reth/v1.4.1/linux" }, validity: Valid }
2025-08-25T09:38:15.289000Z DEBUG node{moniker=app-2}:wal{height=31}: Wrote log entry type=LocallyProposedValue entry.size=598 
2025-08-25T09:38:15.289475Z  INFO node{moniker=app-2}:consensus{height=31 round=0}: Received proposal consensus.height=31 proposal.height=31 proposal.round=0 proposer=DE7BA2BE72D2225286133990FF5810B691A5261C Proposal(height: 31, round: 0, pol_round: -1, value: 29a182700b5f9277, from: DE7BA2BE72D2225286133990FF5810B691A5261C)
2025-08-25T09:38:15.289778Z DEBUG node{moniker=app-2}:wal{height=31}: Wrote log entry type=Consensus(Proposal) entry.size=667 
2025-08-25T09:38:15.290346Z DEBUG node{moniker=app-2}:consensus{height=31 round=0}: Transitioned to new step step.previous=Propose step.new=Prevote
2025-08-25T09:38:15.290358Z  INFO node{moniker=app-2}:consensus{height=31 round=0}: Voting vote_type=Prevote value=29a182700b5f9277 round=0
2025-08-25T09:38:15.290574Z  INFO node{moniker=app-2}:consensus{height=31 round=0}: Received vote height=31 vote_height=31 address=02CB1B49DA09615BD4A12212C39378556D990DFD Prevote(height: 31, round: 0, value: 29a182700b5f9277, from: 02CB1B49DA09615BD4A12212C39378556D990DFD)
2025-08-25T09:38:15.290644Z DEBUG node{moniker=app-2}:wal{height=31}: Wrote log entry type=Consensus(Vote) entry.size=117 
2025-08-25T09:38:15.290675Z DEBUG node{moniker=app-2}:consensus{height=31 round=0}: Transitioned to new step step.previous=Prevote step.new=Precommit
2025-08-25T09:38:15.290681Z  INFO node{moniker=app-2}:consensus{height=31 round=0}: Voting vote_type=Precommit value=29a182700b5f9277 round=0
2025-08-25T09:38:15.290697Z DEBUG node{moniker=app-2}:node{moniker=app-2}: metis-test:consensus-chan recv!!! msg:ExtendVote { height: Height(31), round: Some(0), value_id: ValueId(2999822244544221815), reply: Sender { inner: Some(Inner { state: State { is_complete: false, is_closed: false, is_rx_task_set: true, is_tx_task_set: false } }) } }
2025-08-25T09:38:15.290854Z  INFO node{moniker=app-2}:consensus{height=31 round=0}: Received vote height=31 vote_height=31 address=02CB1B49DA09615BD4A12212C39378556D990DFD Precommit(height: 31, round: 0, value: 29a182700b5f9277, from: 02CB1B49DA09615BD4A12212C39378556D990DFD)
2025-08-25T09:38:15.290912Z DEBUG node{moniker=app-2}:wal{height=31}: Wrote log entry type=Consensus(Vote) entry.size=119 
2025-08-25T09:38:15.294456Z DEBUG node{moniker=app-2}:wal{height=31}: Flushed WAL to disk wal.entries=5 wal.size=1695
2025-08-25T09:38:15.294750Z DEBUG node{moniker=app-2}:network: Published message channel=/consensus size=110
2025-08-25T09:38:15.297549Z DEBUG node{moniker=app-2}:wal{height=31}: Flushed WAL to disk wal.entries=5 wal.size=1695
2025-08-25T09:38:15.298030Z DEBUG node{moniker=app-2}:network: Published message channel=/consensus size=108
2025-08-25T09:38:15.308071Z  INFO node{moniker=app-2}:consensus{height=31 round=0}: Received vote height=31 vote_height=31 address=DE7BA2BE72D2225286133990FF5810B691A5261C Precommit(height: 31, round: 0, value: 29a182700b5f9277, from: DE7BA2BE72D2225286133990FF5810B691A5261C)
2025-08-25T09:38:15.308252Z DEBUG node{moniker=app-2}:wal{height=31}: Wrote log entry type=Consensus(Vote) entry.size=119 
2025-08-25T09:38:15.308320Z DEBUG node{moniker=app-2}:consensus{height=31 round=0}: Transitioned to new step step.previous=Precommit step.new=Commit
2025-08-25T09:38:15.308328Z  INFO node{moniker=app-2}:consensus{height=31 round=0}: Decided round=0 height=31 value=29a182700b5f9277
2025-08-25T09:38:15.311340Z DEBUG node{moniker=app-2}:wal{height=31}: Flushed WAL to disk wal.entries=6 wal.size=1827
2025-08-25T09:38:15.311497Z DEBUG node{moniker=app-2}:sync{height.tip=30 height.sync=31}: Updating request state height.tip=31
2025-08-25T09:38:15.311510Z DEBUG node{moniker=app-2}:node{moniker=app-2}: metis-test:consensus-chan recv!!! msg:Decided { certificate: CommitCertificate { height: Height(31), round: Some(0), value_id: ValueId(2999822244544221815), commit_signatures: [CommitSignature { address: Address(02CB1B49DA09615BD4A12212C39378556D990DFD), signature: Signature(Signature { R_bytes: "911cf3052edd17ac2b3f30150ec92992d05aaee45bca359b6d82046f39a1bcc9", s_bytes: "b484849f4b36e3a412fb9bab1afef3edc4f43b76079b644a5ad45a5861b7060f" }) }, CommitSignature { address: Address(DE7BA2BE72D2225286133990FF5810B691A5261C), signature: Signature(Signature { R_bytes: "15365072654cf3ab2be49488072c613f293d88f3b01370e4e2bbac9131ca2e93", s_bytes: "00d92b4f23f4d23b31b318bd398846811d8211a129e8ec8cf2514afaddd0d004" }) }] }, extensions: VoteExtensions { extensions: [] }, reply: Sender { inner: Some(Inner { state: State { is_complete: false, is_closed: false, is_rx_task_set: true, is_tx_task_set: false } }) } }
2025-08-25T09:38:15.311892Z  INFO node{moniker=app-2}:node{moniker=app-2}: 🟢🟢 Consensus has decided on value height=31 round=0 value=29a182700b5f9277
2025-08-25T09:38:15.312345Z DEBUG node{moniker=app-2}:node{moniker=app-2}: 🎁 block size: 545, height: 31
2025-08-25T09:38:15.312355Z  INFO node{moniker=app-2}:node{moniker=app-2}: 👉 stats at height 31: #txs=0, txs/s=0.00, chain_bytes=16895, bytes/s=2061.84
2025-08-25T09:38:15.312359Z DEBUG node{moniker=app-2}:node{moniker=app-2}: 🦄 Block at height 31 contains 0 transactions
2025-08-25T09:38:15.317494Z DEBUG node{moniker=app-2}:node{moniker=app-2}: 💡 New block added at height 31 with hash: 0xf18fc7e5b305d67d92e99e1812d6a9dda93b6b9761bab65cf7daf1da3c5a76a3
2025-08-25T09:38:15.317523Z DEBUG node{moniker=app-2}:node{moniker=app-2}: 🟠 set_latest_forkchoice_state: 0xf18fc7e5b305d67d92e99e1812d6a9dda93b6b9761bab65cf7daf1da3c5a76a3
2025-08-25T09:38:15.325299Z DEBUG node{moniker=app-2}:node{moniker=app-2}: ➡️ payload_status: PayloadStatus { status: Valid, latest_valid_hash: Some(0xf18fc7e5b305d67d92e99e1812d6a9dda93b6b9761bab65cf7daf1da3c5a76a3) }
2025-08-25T09:38:15.325318Z DEBUG node{moniker=app-2}:node{moniker=app-2}: 🚀 Forkchoice updated to height 31 for block hash=0xf18fc7e5b305d67d92e99e1812d6a9dda93b6b9761bab65cf7daf1da3c5a76a3 and latest_valid_hash=0xf18fc7e5b305d67d92e99e1812d6a9dda93b6b9761bab65cf7daf1da3c5a76a3
2025-08-25T09:38:15.325321Z  INFO node{moniker=app-2}:node{moniker=app-2}: Looking for certificate height=31 round=0
2025-08-25T09:38:15.331698Z  INFO node{moniker=app-2}:node{moniker=app-2}: Committed block_data[0..32]: f22348e4189e8290bc89665f28b64ff82c91670fbfadbcc849698a0cc21bff61
2025-08-25T09:38:15.350286Z DEBUG node{moniker=app-2}:wal{height=32}: Reset WAL height=32
2025-08-25T09:38:15.350392Z DEBUG node{moniker=app-2}:consensus{height=32 round=0}: No WAL entries to replay height=32
2025-08-25T09:38:15.350436Z  INFO node{moniker=app-2}:consensus{height=32 round=0}: Starting new height height=32
2025-08-25T09:38:15.350441Z  INFO node{moniker=app-2}:consensus{height=32 round=0}: Starting new round height=32 round=0 proposer=815F9FA61D7C4F1E4A9E30D40DCA1115BB48F759 role=Validator
2025-08-25T09:38:15.350469Z DEBUG node{moniker=app-2}:sync{height.tip=30 height.sync=31}: Starting new height height.tip=31 height.sync=32 restart=false
2025-08-25T09:38:15.350476Z DEBUG node{moniker=app-2}:sync{height.tip=30 height.sync=31}: No peer to request sync from height.sync=32
2025-08-25T09:38:15.356562Z DEBUG node{moniker=app-2}:wal{height=32}: Flushed WAL to disk wal.entries=0 wal.size=12
2025-08-25T09:38:15.356670Z DEBUG node{moniker=app-2}:node{moniker=app-2}: metis-test:consensus-chan recv!!! msg:StartedRound { height: Height(32), round: Some(0), proposer: Address(815F9FA61D7C4F1E4A9E30D40DCA1115BB48F759), role: Validator, reply_value: Sender { inner: Some(Inner { state: State { is_complete: false, is_closed: false, is_rx_task_set: false, is_tx_task_set: false } }) } }
2025-08-25T09:38:15.356697Z  INFO node{moniker=app-2}:node{moniker=app-2}: 🟢🟢 Started round height=32 round=0 proposer=815F9FA61D7C4F1E4A9E30D40DCA1115BB48F759 role=Validator
2025-08-25T09:38:15.356719Z ERROR node{moniker=app-2}:consensus{height=32 round=0}: Error when processing effect: Messaging(RecvErr)
2025-08-25T09:38:15.356745Z DEBUG node{moniker=app-2}:consensus{height=32 round=0}: Transitioned to new step step.previous=Unstarted step.new=Propose
2025-08-25T09:38:15.356754Z  INFO node{moniker=app-2}:consensus{height=32 round=0}: Scheduling timeout round=0 step=Propose
2025-08-25T09:38:15.356768Z DEBUG node{moniker=app-2}:consensus{height=32 round=0}: Replaying inputs count=0
2025-08-25T09:38:15.371532Z DEBUG node{moniker=app-2}:node{moniker=app-2}: metis-test:consensus-chan recv!!! msg:ReceivedProposalPart { from: PeerId("12D3KooWD4wDmZaWggpGH9ACLhNztqnBvszLRcmBLzZdKwDiWmYh"), part: StreamMessage { stream_id: StreamId(b"\0\0\0\0\0\0\0 \0\0\0\0\0\0\0\n"), sequence: 0, content: Data(Init(ProposalInit { height: Height(32), round: Some(0), proposer: Address(815F9FA61D7C4F1E4A9E30D40DCA1115BB48F759) })) }, reply: Sender { inner: Some(Inner { state: State { is_complete: false, is_closed: false, is_rx_task_set: true, is_tx_task_set: false } }) } }
2025-08-25T09:38:15.371586Z  INFO node{moniker=app-2}:node{moniker=app-2}: Received proposal part from=12D3KooWD4wDmZaWggpGH9ACLhNztqnBvszLRcmBLzZdKwDiWmYh part.sequence=0 part.type=init part.size=28
2025-08-25T09:38:15.371667Z DEBUG node{moniker=app-2}:node{moniker=app-2}: metis-test:consensus-chan recv!!! msg:ReceivedProposalPart { from: PeerId("12D3KooWD4wDmZaWggpGH9ACLhNztqnBvszLRcmBLzZdKwDiWmYh"), part: StreamMessage { stream_id: StreamId(b"\0\0\0\0\0\0\0 \0\0\0\0\0\0\0\n"), sequence: 1, content: Data(Data(ProposalData { bytes: "<...>", len: 545 })) }, reply: Sender { inner: Some(Inner { state: State { is_complete: false, is_closed: false, is_rx_task_set: true, is_tx_task_set: false } }) } }
2025-08-25T09:38:15.371700Z  INFO node{moniker=app-2}:node{moniker=app-2}: Received proposal part from=12D3KooWD4wDmZaWggpGH9ACLhNztqnBvszLRcmBLzZdKwDiWmYh part.sequence=1 part.type=data part.size=551
2025-08-25T09:38:15.373511Z DEBUG node{moniker=app-2}:node{moniker=app-2}: metis-test:consensus-chan recv!!! msg:ReceivedProposalPart { from: PeerId("12D3KooWD4wDmZaWggpGH9ACLhNztqnBvszLRcmBLzZdKwDiWmYh"), part: StreamMessage { stream_id: StreamId(b"\0\0\0\0\0\0\0 \0\0\0\0\0\0\0\n"), sequence: 2, content: Data(Fin(ProposalFin { signature: Signature(Signature { R_bytes: "7bad4ecf780010041319589d5e82b190942d7326282a21dc1fdd8e3725a5abfe", s_bytes: "10d66ddd9d13aef336acf21b44258810bd3a50afad89bc49110162f1eceea209" }) })) }, reply: Sender { inner: Some(Inner { state: State { is_complete: false, is_closed: false, is_rx_task_set: true, is_tx_task_set: false } }) } }
2025-08-25T09:38:15.373536Z  INFO node{moniker=app-2}:node{moniker=app-2}: Received proposal part from=12D3KooWD4wDmZaWggpGH9ACLhNztqnBvszLRcmBLzZdKwDiWmYh part.sequence=2 part.type=fin part.size=70
2025-08-25T09:38:15.373555Z DEBUG node{moniker=app-2}:node{moniker=app-2}: metis-test:consensus-chan recv!!! msg:ReceivedProposalPart { from: PeerId("12D3KooWD4wDmZaWggpGH9ACLhNztqnBvszLRcmBLzZdKwDiWmYh"), part: StreamMessage { stream_id: StreamId(b"\0\0\0\0\0\0\0 \0\0\0\0\0\0\0\n"), sequence: 3, content: Fin }, reply: Sender { inner: Some(Inner { state: State { is_complete: false, is_closed: false, is_rx_task_set: true, is_tx_task_set: false } }) } }
2025-08-25T09:38:15.373565Z  INFO node{moniker=app-2}:node{moniker=app-2}: Received proposal part from=12D3KooWD4wDmZaWggpGH9ACLhNztqnBvszLRcmBLzZdKwDiWmYh part.sequence=3 part.type=end of stream part.size=0
2025-08-25T09:38:15.374031Z  INFO node{moniker=app-2}:node{moniker=app-2}: Proposal data[0..32]: f18fc7e5b305d67d92e99e1812d6a9dda93b6b9761bab65cf7daf1da3c5a76a3, total_size: 545 bytes, id: bb236a918494beea
2025-08-25T09:38:15.376859Z  INFO node{moniker=app-2}:consensus{height=32 round=0}: Received vote height=32 vote_height=32 address=815F9FA61D7C4F1E4A9E30D40DCA1115BB48F759 Prevote(height: 32, round: 0, value: bb236a918494beea, from: 815F9FA61D7C4F1E4A9E30D40DCA1115BB48F759)
2025-08-25T09:38:15.377588Z DEBUG node{moniker=app-2}:wal{height=32}: Wrote log entry type=Consensus(Vote) entry.size=118 
2025-08-25T09:38:15.378925Z  INFO node{moniker=app-2}:consensus{height=32 round=0}: Received proposal consensus.height=32 proposal.height=32 proposal.round=0 proposer=815F9FA61D7C4F1E4A9E30D40DCA1115BB48F759 Proposal(height: 32, round: 0, pol_round: -1, value: bb236a918494beea, from: 815F9FA61D7C4F1E4A9E30D40DCA1115BB48F759)
2025-08-25T09:38:15.383642Z DEBUG node{moniker=app-2}:node{moniker=app-2}: ✅ Received complete proposal: ProposedValue { height: Height(32), round: Some(0), valid_round: Nil, proposer: Address(815F9FA61D7C4F1E4A9E30D40DCA1115BB48F759), value: Value { value: 13484738882504539882, extensions: b"\xf1\x8f\xc7\xe5\xb3\x05\xd6}\x92\xe9\x9e\x18\x12\xd6\xa9\xdd\xa9;k\x97a\xba\xb6\\\xf7\xda\xf1\xda<Zv\xa3********************\xec&\xdf\x94B\xc5\xd4\xa0\xa0\xccSH\xc9`\x11[C\xda\x08\xc7\xae\xf6\xbeNL\xcc_\x13l\xa8\x92\xa6V\xe8\x1f\x17\x1b\xccU\xa6\xff\x83E\xe6\x92\xc0\xf8n[H\xe0\x1b\x99l\xad\xc0\x01b/\xb5\xe3c\xb4!\0\0\0\0\0\0\0\0\0\0\0\0\0\0\0\0\0\0\0\0\0\0\0\0\0\0\0\0\0\0\0\0\0\0\0\0\0\0\0\0\0\0\0\0\0\0\0\0\0\0\0\0\0\0\0\0\0\0\0\0\0\0\0\0\0\0\0\0\0\0\0\0\0\0\0\0\0\0\0\0\0\0\0\0\0\0\0\0\0\0\0\0\0\0\0\0\0\0\0\0\0\0\0\0\0\0\0\0\0\0\0\0\0\0\0\0\0\0\0\0\0\0\0\0\0\0\0\0\0\0\0\0\0\0\0\0\0\0\0\0\0\0\0\0\0\0\0\0\0\0\0\0\0\0\0\0\0\0\0\0\0\0\0\0\0\0\0\0\0\0\0\0\0\0\0\0\0\0\0\0\0\0\0\0\0\0\0\0\0\0\0\0\0\0\0\0\0\0\0\0\0\0\0\0\0\0\0\0\0\0\0\0\0\0\0\0\0\0\0\0\0\0\0\0\0\0\0\0\0\0\0\0\0\0\0\0\0\0\0\0\0\0\0\0\0\0\0\0\0\0\0\0\0\0\0\0\0\0\0\0\0\0\0\0\0\0\0\0\0\0\0\0\0\0\0\0\0\0\0\0\0\0\0\0\0\0\0\0 \0\0\0\0\0\0\0dI\xd8\x01\0\0\0\0\0\0\0\0\0\0\0\0#/\xach\0\0\0\0\x10\x02\0\0\x81\xb4\xd4\0\0\0\0\0\0\0\0\0\0\0\0\0\0\0\0\0\0\0\0\0\0\0\0\0\0\0\0\0\x8e\xe9\xb2\x8d\xacw,\xfb+\xf9\xd2\xfbZ\x9a\xfe\xdb\x8d\"F\xd2J\xd6\xafCr\xcaz\x11\xbee\x1a\x84!\x02\0\0!\x02\0\0\0\0\0\0\0\0\0\0\0\0\0\0\0\0\0\0reth/v1.4.1/linux" }, validity: Valid }
2025-08-25T09:38:15.384538Z DEBUG node{moniker=app-2}:wal{height=32}: Wrote log entry type=Consensus(Proposal) entry.size=668 
2025-08-25T09:38:15.384696Z DEBUG node{moniker=app-2}:consensus{height=32 round=0}: No full proposal for this round yet, stored proposal for later proposal.height=32 proposal.round=0
2025-08-25T09:38:15.384763Z DEBUG node{moniker=app-2}:consensus{height=32 round=0}: We have a full proposal for this round, checking... proposal.height=32 proposal.round=0
2025-08-25T09:38:15.384785Z DEBUG node{moniker=app-2}:consensus{height=32 round=0}: Transitioned to new step step.previous=Propose step.new=Prevote
2025-08-25T09:38:15.384801Z  INFO node{moniker=app-2}:consensus{height=32 round=0}: Voting vote_type=Prevote value=bb236a918494beea round=0
2025-08-25T09:38:15.385204Z  INFO node{moniker=app-2}:consensus{height=32 round=0}: Received vote height=32 vote_height=32 address=02CB1B49DA09615BD4A12212C39378556D990DFD Prevote(height: 32, round: 0, value: bb236a918494beea, from: 02CB1B49DA09615BD4A12212C39378556D990DFD)
2025-08-25T09:38:15.393680Z DEBUG node{moniker=app-2}:wal{height=32}: Wrote log entry type=Consensus(Vote) entry.size=118 
2025-08-25T09:38:15.393802Z DEBUG node{moniker=app-2}:consensus{height=32 round=0}: Transitioned to new step step.previous=Prevote step.new=Precommit
2025-08-25T09:38:15.393901Z  INFO node{moniker=app-2}:consensus{height=32 round=0}: Voting vote_type=Precommit value=bb236a918494beea round=0
2025-08-25T09:38:15.393939Z DEBUG node{moniker=app-2}:node{moniker=app-2}: metis-test:consensus-chan recv!!! msg:ExtendVote { height: Height(32), round: Some(0), value_id: ValueId(13484738882504539882), reply: Sender { inner: Some(Inner { state: State { is_complete: false, is_closed: false, is_rx_task_set: true, is_tx_task_set: false } }) } }
2025-08-25T09:38:15.394369Z  INFO node{moniker=app-2}:consensus{height=32 round=0}: Received vote height=32 vote_height=32 address=02CB1B49DA09615BD4A12212C39378556D990DFD Precommit(height: 32, round: 0, value: bb236a918494beea, from: 02CB1B49DA09615BD4A12212C39378556D990DFD)
2025-08-25T09:38:15.394555Z DEBUG node{moniker=app-2}:wal{height=32}: Wrote log entry type=Consensus(Vote) entry.size=120 
2025-08-25T09:38:15.407909Z DEBUG node{moniker=app-2}:wal{height=32}: Flushed WAL to disk wal.entries=4 wal.size=1088
2025-08-25T09:38:15.408242Z DEBUG node{moniker=app-2}:network: Published message channel=/consensus size=111
2025-08-25T09:38:15.427456Z DEBUG node{moniker=app-2}:wal{height=32}: Flushed WAL to disk wal.entries=4 wal.size=1088
2025-08-25T09:38:15.427944Z DEBUG node{moniker=app-2}:network: Published message channel=/consensus size=109
2025-08-25T09:38:15.438441Z  INFO node{moniker=app-2}:consensus{height=32 round=0}: Received vote height=32 vote_height=32 address=815F9FA61D7C4F1E4A9E30D40DCA1115BB48F759 Precommit(height: 32, round: 0, value: bb236a918494beea, from: 815F9FA61D7C4F1E4A9E30D40DCA1115BB48F759)
2025-08-25T09:38:15.438995Z DEBUG node{moniker=app-2}:wal{height=32}: Wrote log entry type=Consensus(Vote) entry.size=120 
2025-08-25T09:38:15.439101Z DEBUG node{moniker=app-2}:consensus{height=32 round=0}: Transitioned to new step step.previous=Precommit step.new=Commit
2025-08-25T09:38:15.439111Z  INFO node{moniker=app-2}:consensus{height=32 round=0}: Decided round=0 height=32 value=bb236a918494beea
2025-08-25T09:38:15.442306Z DEBUG node{moniker=app-2}:wal{height=32}: Flushed WAL to disk wal.entries=5 wal.size=1221
2025-08-25T09:38:15.442882Z DEBUG node{moniker=app-2}:sync{height.tip=31 height.sync=32}: Updating request state height.tip=32
2025-08-25T09:38:15.442900Z DEBUG node{moniker=app-2}:node{moniker=app-2}: metis-test:consensus-chan recv!!! msg:Decided { certificate: CommitCertificate { height: Height(32), round: Some(0), value_id: ValueId(13484738882504539882), commit_signatures: [CommitSignature { address: Address(02CB1B49DA09615BD4A12212C39378556D990DFD), signature: Signature(Signature { R_bytes: "9fd25445e9abf02c25fb98fd306a45f1fd98ad903c14a292b0853605b6ff7779", s_bytes: "a86c64f7d167fe07ecd37a0c0a74a7312e21677a9ff3258fe5df3fc41a069509" }) }, CommitSignature { address: Address(815F9FA61D7C4F1E4A9E30D40DCA1115BB48F759), signature: Signature(Signature { R_bytes: "d1d2743020d4b36695c26bb21ac69863f2bca1dd66be32a8850747777c44b5a7", s_bytes: "4786c4b5289b59235c5d8d194103ef033739aa65b37d469ea688033298c1df0e" }) }] }, extensions: VoteExtensions { extensions: [] }, reply: Sender { inner: Some(Inner { state: State { is_complete: false, is_closed: false, is_rx_task_set: true, is_tx_task_set: false } }) } }
2025-08-25T09:38:15.442924Z  INFO node{moniker=app-2}:node{moniker=app-2}: 🟢🟢 Consensus has decided on value height=32 round=0 value=bb236a918494beea
2025-08-25T09:38:15.443085Z DEBUG node{moniker=app-2}:node{moniker=app-2}: 🎁 block size: 545, height: 32
2025-08-25T09:38:15.443099Z  INFO node{moniker=app-2}:node{moniker=app-2}: 👉 stats at height 32: #txs=0, txs/s=0.00, chain_bytes=17440, bytes/s=2094.92
2025-08-25T09:38:15.443105Z DEBUG node{moniker=app-2}:node{moniker=app-2}: 🦄 Block at height 32 contains 0 transactions
2025-08-25T09:38:15.445137Z DEBUG node{moniker=app-2}:node{moniker=app-2}: 💡 New block added at height 32 with hash: 0x8ee9b28dac772cfb2bf9d2fb5a9afedb8d2246d24ad6af4372ca7a11be651a84
2025-08-25T09:38:15.445228Z DEBUG node{moniker=app-2}:node{moniker=app-2}: 🟠 set_latest_forkchoice_state: 0x8ee9b28dac772cfb2bf9d2fb5a9afedb8d2246d24ad6af4372ca7a11be651a84
2025-08-25T09:38:15.445783Z DEBUG node{moniker=app-2}:node{moniker=app-2}: ➡️ payload_status: PayloadStatus { status: Valid, latest_valid_hash: Some(0x8ee9b28dac772cfb2bf9d2fb5a9afedb8d2246d24ad6af4372ca7a11be651a84) }
2025-08-25T09:38:15.445789Z DEBUG node{moniker=app-2}:node{moniker=app-2}: 🚀 Forkchoice updated to height 32 for block hash=0x8ee9b28dac772cfb2bf9d2fb5a9afedb8d2246d24ad6af4372ca7a11be651a84 and latest_valid_hash=0x8ee9b28dac772cfb2bf9d2fb5a9afedb8d2246d24ad6af4372ca7a11be651a84
2025-08-25T09:38:15.445792Z  INFO node{moniker=app-2}:node{moniker=app-2}: Looking for certificate height=32 round=0
2025-08-25T09:38:15.450402Z  INFO node{moniker=app-2}:node{moniker=app-2}: Committed block_data[0..32]: f18fc7e5b305d67d92e99e1812d6a9dda93b6b9761bab65cf7daf1da3c5a76a3
2025-08-25T09:38:15.470030Z DEBUG node{moniker=app-2}:wal{height=33}: Reset WAL height=33
2025-08-25T09:38:15.470495Z DEBUG node{moniker=app-2}:consensus{height=33 round=0}: No WAL entries to replay height=33
2025-08-25T09:38:15.470540Z  INFO node{moniker=app-2}:consensus{height=33 round=0}: Starting new height height=33
2025-08-25T09:38:15.470548Z  INFO node{moniker=app-2}:consensus{height=33 round=0}: Starting new round height=33 round=0 proposer=815F9FA61D7C4F1E4A9E30D40DCA1115BB48F759 role=None
2025-08-25T09:38:15.470687Z DEBUG node{moniker=app-2}:sync{height.tip=31 height.sync=32}: Starting new height height.tip=32 height.sync=33 restart=false
2025-08-25T09:38:15.470694Z DEBUG node{moniker=app-2}:sync{height.tip=31 height.sync=32}: No peer to request sync from height.sync=33
2025-08-25T09:38:15.477311Z DEBUG node{moniker=app-2}:wal{height=33}: Flushed WAL to disk wal.entries=0 wal.size=12
2025-08-25T09:38:15.477636Z DEBUG node{moniker=app-2}:node{moniker=app-2}: metis-test:consensus-chan recv!!! msg:StartedRound { height: Height(33), round: Some(0), proposer: Address(815F9FA61D7C4F1E4A9E30D40DCA1115BB48F759), role: None, reply_value: Sender { inner: Some(Inner { state: State { is_complete: false, is_closed: false, is_rx_task_set: false, is_tx_task_set: false } }) } }
2025-08-25T09:38:15.477739Z  INFO node{moniker=app-2}:node{moniker=app-2}: 🟢🟢 Started round height=33 round=0 proposer=815F9FA61D7C4F1E4A9E30D40DCA1115BB48F759 role=None
2025-08-25T09:38:15.477776Z ERROR node{moniker=app-2}:consensus{height=33 round=0}: Error when processing effect: Messaging(RecvErr)
2025-08-25T09:38:15.477803Z DEBUG node{moniker=app-2}:consensus{height=33 round=0}: Transitioned to new step step.previous=Unstarted step.new=Propose
2025-08-25T09:38:15.477810Z  INFO node{moniker=app-2}:consensus{height=33 round=0}: Scheduling timeout round=0 step=Propose
2025-08-25T09:38:15.477820Z DEBUG node{moniker=app-2}:consensus{height=33 round=0}: Replaying inputs count=0
2025-08-25T09:38:15.490392Z DEBUG node{moniker=app-2}:node{moniker=app-2}: metis-test:consensus-chan recv!!! msg:ReceivedProposalPart { from: PeerId("12D3KooWD4wDmZaWggpGH9ACLhNztqnBvszLRcmBLzZdKwDiWmYh"), part: StreamMessage { stream_id: StreamId(b"\0\0\0\0\0\0\0!\0\0\0\0\0\0\0\x0b"), sequence: 0, content: Data(Init(ProposalInit { height: Height(33), round: Some(0), proposer: Address(815F9FA61D7C4F1E4A9E30D40DCA1115BB48F759) })) }, reply: Sender { inner: Some(Inner { state: State { is_complete: false, is_closed: false, is_rx_task_set: true, is_tx_task_set: false } }) } }
2025-08-25T09:38:15.490434Z  INFO node{moniker=app-2}:node{moniker=app-2}: Received proposal part from=12D3KooWD4wDmZaWggpGH9ACLhNztqnBvszLRcmBLzZdKwDiWmYh part.sequence=0 part.type=init part.size=28
2025-08-25T09:38:15.491616Z DEBUG node{moniker=app-2}:node{moniker=app-2}: metis-test:consensus-chan recv!!! msg:ReceivedProposalPart { from: PeerId("12D3KooWD4wDmZaWggpGH9ACLhNztqnBvszLRcmBLzZdKwDiWmYh"), part: StreamMessage { stream_id: StreamId(b"\0\0\0\0\0\0\0!\0\0\0\0\0\0\0\x0b"), sequence: 1, content: Data(Data(ProposalData { bytes: "<...>", len: 545 })) }, reply: Sender { inner: Some(Inner { state: State { is_complete: false, is_closed: false, is_rx_task_set: true, is_tx_task_set: false } }) } }
2025-08-25T09:38:15.491632Z  INFO node{moniker=app-2}:node{moniker=app-2}: Received proposal part from=12D3KooWD4wDmZaWggpGH9ACLhNztqnBvszLRcmBLzZdKwDiWmYh part.sequence=1 part.type=data part.size=551
2025-08-25T09:38:15.491648Z DEBUG node{moniker=app-2}:node{moniker=app-2}: metis-test:consensus-chan recv!!! msg:ReceivedProposalPart { from: PeerId("12D3KooWD4wDmZaWggpGH9ACLhNztqnBvszLRcmBLzZdKwDiWmYh"), part: StreamMessage { stream_id: StreamId(b"\0\0\0\0\0\0\0!\0\0\0\0\0\0\0\x0b"), sequence: 2, content: Data(Fin(ProposalFin { signature: Signature(Signature { R_bytes: "f8e1650b0998c5c9301ec58c78d78f82240239e8e2eda0bba2bae50e612989ed", s_bytes: "2daa76fc297d094680b0d5797414910994bcbfbd3faba97df6372dd72dc98204" }) })) }, reply: Sender { inner: Some(Inner { state: State { is_complete: false, is_closed: false, is_rx_task_set: true, is_tx_task_set: false } }) } }
2025-08-25T09:38:15.491659Z  INFO node{moniker=app-2}:node{moniker=app-2}: Received proposal part from=12D3KooWD4wDmZaWggpGH9ACLhNztqnBvszLRcmBLzZdKwDiWmYh part.sequence=2 part.type=fin part.size=70
2025-08-25T09:38:15.491668Z DEBUG node{moniker=app-2}:node{moniker=app-2}: metis-test:consensus-chan recv!!! msg:ReceivedProposalPart { from: PeerId("12D3KooWD4wDmZaWggpGH9ACLhNztqnBvszLRcmBLzZdKwDiWmYh"), part: StreamMessage { stream_id: StreamId(b"\0\0\0\0\0\0\0!\0\0\0\0\0\0\0\x0b"), sequence: 3, content: Fin }, reply: Sender { inner: Some(Inner { state: State { is_complete: false, is_closed: false, is_rx_task_set: true, is_tx_task_set: false } }) } }
2025-08-25T09:38:15.491674Z  INFO node{moniker=app-2}:node{moniker=app-2}: Received proposal part from=12D3KooWD4wDmZaWggpGH9ACLhNztqnBvszLRcmBLzZdKwDiWmYh part.sequence=3 part.type=end of stream part.size=0
2025-08-25T09:38:15.491806Z  INFO node{moniker=app-2}:node{moniker=app-2}: Proposal data[0..32]: 8ee9b28dac772cfb2bf9d2fb5a9afedb8d2246d24ad6af4372ca7a11be651a84, total_size: 545 bytes, id: c1e251a87ecc67d
2025-08-25T09:38:15.495645Z  INFO node{moniker=app-2}:consensus{height=33 round=0}: Received vote height=33 vote_height=33 address=815F9FA61D7C4F1E4A9E30D40DCA1115BB48F759 Prevote(height: 33, round: 0, value: c1e251a87ecc67d, from: 815F9FA61D7C4F1E4A9E30D40DCA1115BB48F759)
2025-08-25T09:38:15.504288Z DEBUG node{moniker=app-2}:wal{height=33}: Wrote log entry type=Consensus(Vote) entry.size=117 
2025-08-25T09:38:15.504705Z  INFO node{moniker=app-2}:consensus{height=33 round=0}: Received proposal consensus.height=33 proposal.height=33 proposal.round=0 proposer=815F9FA61D7C4F1E4A9E30D40DCA1115BB48F759 Proposal(height: 33, round: 0, pol_round: -1, value: c1e251a87ecc67d, from: 815F9FA61D7C4F1E4A9E30D40DCA1115BB48F759)
2025-08-25T09:38:15.504741Z DEBUG node{moniker=app-2}:node{moniker=app-2}: ✅ Received complete proposal: ProposedValue { height: Height(33), round: Some(0), valid_round: Nil, proposer: Address(815F9FA61D7C4F1E4A9E30D40DCA1115BB48F759), value: Value { value: 873176173636273789, extensions: b"\x8e\xe9\xb2\x8d\xacw,\xfb+\xf9\xd2\xfbZ\x9a\xfe\xdb\x8d\"F\xd2J\xd6\xafCr\xcaz\x11\xbee\x1a\x84********************\xec&\xdf\x94B\xc5\xd4\xa0\xa0\xccSH\xc9`\x11[C\xda\x08\xc7\xae\xf6\xbeNL\xcc_\x13l\xa8\x92\xa6V\xe8\x1f\x17\x1b\xccU\xa6\xff\x83E\xe6\x92\xc0\xf8n[H\xe0\x1b\x99l\xad\xc0\x01b/\xb5\xe3c\xb4!\0\0\0\0\0\0\0\0\0\0\0\0\0\0\0\0\0\0\0\0\0\0\0\0\0\0\0\0\0\0\0\0\0\0\0\0\0\0\0\0\0\0\0\0\0\0\0\0\0\0\0\0\0\0\0\0\0\0\0\0\0\0\0\0\0\0\0\0\0\0\0\0\0\0\0\0\0\0\0\0\0\0\0\0\0\0\0\0\0\0\0\0\0\0\0\0\0\0\0\0\0\0\0\0\0\0\0\0\0\0\0\0\0\0\0\0\0\0\0\0\0\0\0\0\0\0\0\0\0\0\0\0\0\0\0\0\0\0\0\0\0\0\0\0\0\0\0\0\0\0\0\0\0\0\0\0\0\0\0\0\0\0\0\0\0\0\0\0\0\0\0\0\0\0\0\0\0\0\0\0\0\0\0\0\0\0\0\0\0\0\0\0\0\0\0\0\0\0\0\0\0\0\0\0\0\0\0\0\0\0\0\0\0\0\0\0\0\0\0\0\0\0\0\0\0\0\0\0\0\0\0\0\0\0\0\0\0\0\0\0\0\0\0\0\0\0\0\0\0\0\0\0\0\0\0\0\0\0\0\0\0\0\0\0\0\0\0\0\0\0\0\0\0\0\0\0\0\0\0\0\0\0\0\0\0\0\0\0!\0\0\0\0\0\0\0u\xbf\xd8\x01\0\0\0\0\0\0\0\0\0\0\0\0$/\xach\0\0\0\0\x10\x02\0\0\xf1\x1d\xba\0\0\0\0\0\0\0\0\0\0\0\0\0\0\0\0\0\0\0\0\0\0\0\0\0\0\0\0\0\xf0\xc8\xfd*\x06\xad\xb4\xee\xa9\xe14\xc4\x8c\xb1\x92\x85\xa8\xberq2\xe9{\xb7\x193\x12NYl\x0b\xc0!\x02\0\0!\x02\0\0\0\0\0\0\0\0\0\0\0\0\0\0\0\0\0\0reth/v1.4.1/linux" }, validity: Valid }
2025-08-25T09:38:15.504868Z DEBUG node{moniker=app-2}:wal{height=33}: Wrote log entry type=Consensus(Proposal) entry.size=667 
2025-08-25T09:38:15.504940Z DEBUG node{moniker=app-2}:consensus{height=33 round=0}: No full proposal for this round yet, stored proposal for later proposal.height=33 proposal.round=0
2025-08-25T09:38:15.504960Z DEBUG node{moniker=app-2}:consensus{height=33 round=0}: We have a full proposal for this round, checking... proposal.height=33 proposal.round=0
2025-08-25T09:38:15.504973Z DEBUG node{moniker=app-2}:consensus{height=33 round=0}: Transitioned to new step step.previous=Propose step.new=Prevote
2025-08-25T09:38:15.509253Z  INFO node{moniker=app-2}:consensus{height=33 round=0}: Received vote height=33 vote_height=33 address=DE7BA2BE72D2225286133990FF5810B691A5261C Precommit(height: 33, round: 0, value: c1e251a87ecc67d, from: DE7BA2BE72D2225286133990FF5810B691A5261C)
2025-08-25T09:38:15.509384Z DEBUG node{moniker=app-2}:wal{height=33}: Wrote log entry type=Consensus(Vote) entry.size=119 
2025-08-25T09:38:15.509596Z  INFO node{moniker=app-2}:consensus{height=33 round=0}: Received vote height=33 vote_height=33 address=DE7BA2BE72D2225286133990FF5810B691A5261C Prevote(height: 33, round: 0, value: c1e251a87ecc67d, from: DE7BA2BE72D2225286133990FF5810B691A5261C)
2025-08-25T09:38:15.509693Z DEBUG node{moniker=app-2}:wal{height=33}: Wrote log entry type=Consensus(Vote) entry.size=117 
2025-08-25T09:38:15.509720Z DEBUG node{moniker=app-2}:consensus{height=33 round=0}: Transitioned to new step step.previous=Prevote step.new=Precommit
2025-08-25T09:38:15.513894Z  INFO node{moniker=app-2}:consensus{height=33 round=0}: Received vote height=33 vote_height=33 address=815F9FA61D7C4F1E4A9E30D40DCA1115BB48F759 Precommit(height: 33, round: 0, value: c1e251a87ecc67d, from: 815F9FA61D7C4F1E4A9E30D40DCA1115BB48F759)
2025-08-25T09:38:15.514109Z DEBUG node{moniker=app-2}:wal{height=33}: Wrote log entry type=Consensus(Vote) entry.size=119 
2025-08-25T09:38:15.514865Z DEBUG node{moniker=app-2}:consensus{height=33 round=0}: Transitioned to new step step.previous=Precommit step.new=Commit
2025-08-25T09:38:15.514876Z  INFO node{moniker=app-2}:consensus{height=33 round=0}: Decided round=0 height=33 value=c1e251a87ecc67d
2025-08-25T09:38:15.521393Z DEBUG node{moniker=app-2}:wal{height=33}: Flushed WAL to disk wal.entries=5 wal.size=1216
2025-08-25T09:38:15.521519Z DEBUG node{moniker=app-2}:sync{height.tip=32 height.sync=33}: Updating request state height.tip=33
2025-08-25T09:38:15.521535Z DEBUG node{moniker=app-2}:node{moniker=app-2}: metis-test:consensus-chan recv!!! msg:Decided { certificate: CommitCertificate { height: Height(33), round: Some(0), value_id: ValueId(873176173636273789), commit_signatures: [CommitSignature { address: Address(815F9FA61D7C4F1E4A9E30D40DCA1115BB48F759), signature: Signature(Signature { R_bytes: "7b2c0441d7a95dbe70b64e13741e95fc618b412f79ec2dd34228da131ea00046", s_bytes: "411a47ac52f5791e9079c1109ffd5bcd6abe73f7659c45d52a391d15c2d34c0d" }) }, CommitSignature { address: Address(DE7BA2BE72D2225286133990FF5810B691A5261C), signature: Signature(Signature { R_bytes: "87b045d690bca28df1f92676eddfab023676cdd04b7e7ea9a6d5b4907d815607", s_bytes: "0dfad35d2380692ff5734367db9939dd01ab4548f19f788a7cefa28ae3ea7206" }) }] }, extensions: VoteExtensions { extensions: [] }, reply: Sender { inner: Some(Inner { state: State { is_complete: false, is_closed: false, is_rx_task_set: true, is_tx_task_set: false } }) } }
2025-08-25T09:38:15.521552Z  INFO node{moniker=app-2}:node{moniker=app-2}: 🟢🟢 Consensus has decided on value height=33 round=0 value=c1e251a87ecc67d
2025-08-25T09:38:15.521704Z DEBUG node{moniker=app-2}:node{moniker=app-2}: 🎁 block size: 545, height: 33
2025-08-25T09:38:15.521714Z  INFO node{moniker=app-2}:node{moniker=app-2}: 👉 stats at height 33: #txs=0, txs/s=0.00, chain_bytes=17985, bytes/s=2140.18
2025-08-25T09:38:15.521718Z DEBUG node{moniker=app-2}:node{moniker=app-2}: 🦄 Block at height 33 contains 0 transactions
2025-08-25T09:38:15.523149Z DEBUG node{moniker=app-2}:node{moniker=app-2}: 💡 New block added at height 33 with hash: 0xf0c8fd2a06adb4eea9e134c48cb19285a8be727132e97bb71933124e596c0bc0
2025-08-25T09:38:15.523157Z DEBUG node{moniker=app-2}:node{moniker=app-2}: 🟠 set_latest_forkchoice_state: 0xf0c8fd2a06adb4eea9e134c48cb19285a8be727132e97bb71933124e596c0bc0
2025-08-25T09:38:15.524161Z DEBUG node{moniker=app-2}:node{moniker=app-2}: ➡️ payload_status: PayloadStatus { status: Valid, latest_valid_hash: Some(0xf0c8fd2a06adb4eea9e134c48cb19285a8be727132e97bb71933124e596c0bc0) }
2025-08-25T09:38:15.524167Z DEBUG node{moniker=app-2}:node{moniker=app-2}: 🚀 Forkchoice updated to height 33 for block hash=0xf0c8fd2a06adb4eea9e134c48cb19285a8be727132e97bb71933124e596c0bc0 and latest_valid_hash=0xf0c8fd2a06adb4eea9e134c48cb19285a8be727132e97bb71933124e596c0bc0
2025-08-25T09:38:15.524169Z  INFO node{moniker=app-2}:node{moniker=app-2}: Looking for certificate height=33 round=0
2025-08-25T09:38:15.535964Z  INFO node{moniker=app-2}:node{moniker=app-2}: Committed block_data[0..32]: 8ee9b28dac772cfb2bf9d2fb5a9afedb8d2246d24ad6af4372ca7a11be651a84
2025-08-25T09:38:15.559197Z DEBUG node{moniker=app-2}:wal{height=34}: Reset WAL height=34
2025-08-25T09:38:15.559268Z DEBUG node{moniker=app-2}:consensus{height=34 round=0}: No WAL entries to replay height=34
2025-08-25T09:38:15.561391Z  INFO node{moniker=app-2}:consensus{height=34 round=0}: Starting new height height=34
2025-08-25T09:38:15.561402Z  INFO node{moniker=app-2}:consensus{height=34 round=0}: Starting new round height=34 round=0 proposer=02CB1B49DA09615BD4A12212C39378556D990DFD role=Proposer
2025-08-25T09:38:15.561600Z DEBUG node{moniker=app-2}:sync{height.tip=32 height.sync=33}: Starting new height height.tip=33 height.sync=34 restart=false
2025-08-25T09:38:15.561606Z DEBUG node{moniker=app-2}:sync{height.tip=32 height.sync=33}: No peer to request sync from height.sync=34
2025-08-25T09:38:15.566883Z DEBUG node{moniker=app-2}:wal{height=34}: Flushed WAL to disk wal.entries=0 wal.size=12
2025-08-25T09:38:15.566995Z DEBUG node{moniker=app-2}:node{moniker=app-2}: metis-test:consensus-chan recv!!! msg:StartedRound { height: Height(34), round: Some(0), proposer: Address(02CB1B49DA09615BD4A12212C39378556D990DFD), role: Proposer, reply_value: Sender { inner: Some(Inner { state: State { is_complete: false, is_closed: false, is_rx_task_set: false, is_tx_task_set: false } }) } }
2025-08-25T09:38:15.567060Z  INFO node{moniker=app-2}:node{moniker=app-2}: 🟢🟢 Started round height=34 round=0 proposer=02CB1B49DA09615BD4A12212C39378556D990DFD role=Proposer
2025-08-25T09:38:15.567076Z ERROR node{moniker=app-2}:consensus{height=34 round=0}: Error when processing effect: Messaging(RecvErr)
2025-08-25T09:38:15.567095Z DEBUG node{moniker=app-2}:consensus{height=34 round=0}: Transitioned to new step step.previous=Unstarted step.new=Propose
2025-08-25T09:38:15.567100Z  INFO node{moniker=app-2}:consensus{height=34 round=0}: Scheduling timeout round=0 step=Propose
2025-08-25T09:38:15.567106Z  INFO node{moniker=app-2}:consensus{height=34 round=0}: Requesting value from application height=34 round=0
2025-08-25T09:38:15.567114Z DEBUG node{moniker=app-2}:consensus{height=34 round=0}: Replaying inputs count=0
2025-08-25T09:38:15.567135Z DEBUG node{moniker=app-2}:node{moniker=app-2}: metis-test:consensus-chan recv!!! msg:GetValue { height: Height(34), round: Some(0), timeout: 3s, reply: Sender { inner: Some(Inner { state: State { is_complete: false, is_closed: false, is_rx_task_set: true, is_tx_task_set: false } }) } }
2025-08-25T09:38:15.567141Z  INFO node{moniker=app-2}:node{moniker=app-2}: 🟢🟢 Consensus is requesting a value to propose height=34 round=0
2025-08-25T09:38:15.567144Z DEBUG node{moniker=app-2}:node{moniker=app-2}: 🟠 generate_block on top of ExecutionBlock { block_hash: 0xf0c8fd2a06adb4eea9e134c48cb19285a8be727132e97bb71933124e596c0bc0, block_number: 33, parent_hash: 0xf0c8fd2a06adb4eea9e134c48cb19285a8be727132e97bb71933124e596c0bc0, timestamp: 1756114724, prev_randao: 0x0000000000000000000000000000000000000000000000000000000000000000 }
2025-08-25T09:38:15.568791Z DEBUG node{moniker=app-2}:node{moniker=app-2}: 🌈 Got execution payload: ExecutionPayloadV3 { payload_inner: ExecutionPayloadV2 { payload_inner: ExecutionPayloadV1 { parent_hash: 0xf0c8fd2a06adb4eea9e134c48cb19285a8be727132e97bb71933124e596c0bc0, fee_recipient: 0x2a2a2a2a2a2a2a2a2a2a2a2a2a2a2a2a2a2a2a2a, state_root: 0xec26df9442c5d4a0a0cc5348c960115b43da08c7aef6be4e4ccc5f136ca892a6, receipts_root: 0x56e81f171bcc55a6ff8345e692c0f86e5b48e01b996cadc001622fb5e363b421, logs_bloom: 0x00000000000000000000000000000000000000000000000000000000000000000000000000000000000000000000000000000000000000000000000000000000000000000000000000000000000000000000000000000000000000000000000000000000000000000000000000000000000000000000000000000000000000000000000000000000000000000000000000000000000000000000000000000000000000000000000000000000000000000000000000000000000000000000000000000000000000000000000000000000000000000000000000000000000000000000000000000000000000000000000000000000000000000000000000000000, prev_randao: 0x0000000000000000000000000000000000000000000000000000000000000000, block_number: 34, gas_limit: 31012259, gas_used: 0, timestamp: 1756114725, extra_data: 0x726574682f76312e342e312f6c696e7578, base_fee_per_gas: 10672691, block_hash: 0x89f5d6438392be57db60f0711a5c640b21b0da54a88a6a3798f5337d0d050039, transactions: [] }, withdrawals: [] }, blob_gas_used: 0, excess_blob_gas: 0 }
2025-08-25T09:38:15.568808Z DEBUG node{moniker=app-2}:node{moniker=app-2}: 🎁 block size: 545, height: 34
2025-08-25T09:38:15.576328Z  INFO node{moniker=app-2}:node{moniker=app-2}: Streaming proposal part: StreamMessage { stream_id: StreamId(b"\0\0\0\0\0\0\0\"\0\0\0\0\0\0\0\x0b"), sequence: 0, content: Data(Init(ProposalInit { height: Height(34), round: Some(0), proposer: Address(02CB1B49DA09615BD4A12212C39378556D990DFD) })) } height=34 round=0
2025-08-25T09:38:15.576352Z  INFO node{moniker=app-2}:node{moniker=app-2}: Streaming proposal part: StreamMessage { stream_id: StreamId(b"\0\0\0\0\0\0\0\"\0\0\0\0\0\0\0\x0b"), sequence: 1, content: Data(Data(ProposalData { bytes: "<...>", len: 545 })) } height=34 round=0
2025-08-25T09:38:15.576380Z  INFO node{moniker=app-2}:node{moniker=app-2}: Streaming proposal part: StreamMessage { stream_id: StreamId(b"\0\0\0\0\0\0\0\"\0\0\0\0\0\0\0\x0b"), sequence: 2, content: Data(Fin(ProposalFin { signature: Signature(Signature { R_bytes: "99372267948727febbdab3520c66902161ede626b444749e5fa85f8be082fc0c", s_bytes: "e90a6d93bc569d60e04120b4f2457babdf7754eac2db52ee6a388e198f4ce600" }) })) } height=34 round=0
2025-08-25T09:38:15.576560Z DEBUG node{moniker=app-2}:network: Published message channel=/proposal_parts size=48
2025-08-25T09:38:15.576591Z  INFO node{moniker=app-2}:node{moniker=app-2}: Streaming proposal part: StreamMessage { stream_id: StreamId(b"\0\0\0\0\0\0\0\"\0\0\0\0\0\0\0\x0b"), sequence: 3, content: Fin } height=34 round=0
2025-08-25T09:38:15.576898Z DEBUG node{moniker=app-2}:network: Published message channel=/proposal_parts size=574
2025-08-25T09:38:15.576978Z DEBUG node{moniker=app-2}:node{moniker=app-2}: ✅ Proposal sent height=34 round=0
2025-08-25T09:38:15.577053Z DEBUG node{moniker=app-2}:wal{height=34}: Wrote log entry type=LocallyProposedValue entry.size=599 
2025-08-25T09:38:15.577197Z DEBUG node{moniker=app-2}:network: Published message channel=/proposal_parts size=92
2025-08-25T09:38:15.577343Z DEBUG node{moniker=app-2}:network: Published message channel=/proposal_parts size=22
2025-08-25T09:38:15.577440Z  INFO node{moniker=app-2}:consensus{height=34 round=0}: Proposing value id=a045474924042055 round=0
2025-08-25T09:38:15.577651Z  INFO node{moniker=app-2}:consensus{height=34 round=0}: Received proposal consensus.height=34 proposal.height=34 proposal.round=0 proposer=02CB1B49DA09615BD4A12212C39378556D990DFD Proposal(height: 34, round: 0, pol_round: -1, value: a045474924042055, from: 02CB1B49DA09615BD4A12212C39378556D990DFD)
2025-08-25T09:38:15.578904Z DEBUG node{moniker=app-2}:wal{height=34}: Wrote log entry type=Consensus(Proposal) entry.size=668 
2025-08-25T09:38:15.578947Z DEBUG node{moniker=app-2}:consensus{height=34 round=0}: Transitioned to new step step.previous=Propose step.new=Prevote
2025-08-25T09:38:15.578957Z  INFO node{moniker=app-2}:consensus{height=34 round=0}: Voting vote_type=Prevote value=a045474924042055 round=0
2025-08-25T09:38:15.579143Z  INFO node{moniker=app-2}:consensus{height=34 round=0}: Received vote height=34 vote_height=34 address=02CB1B49DA09615BD4A12212C39378556D990DFD Prevote(height: 34, round: 0, value: a045474924042055, from: 02CB1B49DA09615BD4A12212C39378556D990DFD)
2025-08-25T09:38:15.581040Z DEBUG node{moniker=app-2}:wal{height=34}: Wrote log entry type=Consensus(Vote) entry.size=118 
2025-08-25T09:38:15.589693Z DEBUG node{moniker=app-2}:wal{height=34}: Flushed WAL to disk wal.entries=3 wal.size=1436
2025-08-25T09:38:15.589969Z DEBUG node{moniker=app-2}:network: Published message channel=/consensus size=109
2025-08-25T09:38:15.608565Z DEBUG node{moniker=app-2}:wal{height=34}: Flushed WAL to disk wal.entries=3 wal.size=1436
2025-08-25T09:38:15.609219Z DEBUG node{moniker=app-2}:network: Published message channel=/consensus size=659
2025-08-25T09:38:15.620945Z  INFO node{moniker=app-2}:consensus{height=34 round=0}: Received vote height=34 vote_height=34 address=DE7BA2BE72D2225286133990FF5810B691A5261C Precommit(height: 34, round: 0, value: a045474924042055, from: DE7BA2BE72D2225286133990FF5810B691A5261C)
2025-08-25T09:38:15.623451Z DEBUG node{moniker=app-2}:wal{height=34}: Wrote log entry type=Consensus(Vote) entry.size=120 
2025-08-25T09:38:15.624317Z  INFO node{moniker=app-2}:consensus{height=34 round=0}: Received vote height=34 vote_height=34 address=DE7BA2BE72D2225286133990FF5810B691A5261C Prevote(height: 34, round: 0, value: a045474924042055, from: DE7BA2BE72D2225286133990FF5810B691A5261C)
2025-08-25T09:38:15.624599Z DEBUG node{moniker=app-2}:wal{height=34}: Wrote log entry type=Consensus(Vote) entry.size=118 
2025-08-25T09:38:15.624690Z DEBUG node{moniker=app-2}:consensus{height=34 round=0}: Transitioned to new step step.previous=Prevote step.new=Precommit
2025-08-25T09:38:15.624698Z  INFO node{moniker=app-2}:consensus{height=34 round=0}: Voting vote_type=Precommit value=a045474924042055 round=0
2025-08-25T09:38:15.624802Z DEBUG node{moniker=app-2}:node{moniker=app-2}: metis-test:consensus-chan recv!!! msg:ExtendVote { height: Height(34), round: Some(0), value_id: ValueId(11548715198923939925), reply: Sender { inner: Some(Inner { state: State { is_complete: false, is_closed: false, is_rx_task_set: true, is_tx_task_set: false } }) } }
2025-08-25T09:38:15.625110Z  INFO node{moniker=app-2}:consensus{height=34 round=0}: Received vote height=34 vote_height=34 address=02CB1B49DA09615BD4A12212C39378556D990DFD Precommit(height: 34, round: 0, value: a045474924042055, from: 02CB1B49DA09615BD4A12212C39378556D990DFD)
2025-08-25T09:38:15.625182Z DEBUG node{moniker=app-2}:wal{height=34}: Wrote log entry type=Consensus(Vote) entry.size=120 
2025-08-25T09:38:15.625209Z DEBUG node{moniker=app-2}:consensus{height=34 round=0}: Transitioned to new step step.previous=Precommit step.new=Commit
2025-08-25T09:38:15.625214Z  INFO node{moniker=app-2}:consensus{height=34 round=0}: Decided round=0 height=34 value=a045474924042055
2025-08-25T09:38:15.627291Z DEBUG node{moniker=app-2}:wal{height=34}: Flushed WAL to disk wal.entries=6 wal.size=1833
2025-08-25T09:38:15.627482Z DEBUG node{moniker=app-2}:sync{height.tip=33 height.sync=34}: Updating request state height.tip=34
2025-08-25T09:38:15.627504Z DEBUG node{moniker=app-2}:node{moniker=app-2}: metis-test:consensus-chan recv!!! msg:Decided { certificate: CommitCertificate { height: Height(34), round: Some(0), value_id: ValueId(11548715198923939925), commit_signatures: [CommitSignature { address: Address(02CB1B49DA09615BD4A12212C39378556D990DFD), signature: Signature(Signature { R_bytes: "fa33053dfc96911f9fc257162bf96538dd4c94dd7321e30709d5b8d6be91f40f", s_bytes: "fadbeeffaa68365e6ed38ea4572dbfbfebc56293eaf30c263ee0479a6ee97905" }) }, CommitSignature { address: Address(DE7BA2BE72D2225286133990FF5810B691A5261C), signature: Signature(Signature { R_bytes: "2481ae793dd56086985282f60d497eb0d1de82e62594cab0e73514e0429a24c8", s_bytes: "814e4db23fcdf3f8f9d86293920550b19ced47b3c5064a40261c8a405f1b9b02" }) }] }, extensions: VoteExtensions { extensions: [] }, reply: Sender { inner: Some(Inner { state: State { is_complete: false, is_closed: false, is_rx_task_set: true, is_tx_task_set: false } }) } }
2025-08-25T09:38:15.627521Z  INFO node{moniker=app-2}:node{moniker=app-2}: 🟢🟢 Consensus has decided on value height=34 round=0 value=a045474924042055
2025-08-25T09:38:15.627848Z DEBUG node{moniker=app-2}:node{moniker=app-2}: 🎁 block size: 545, height: 34
2025-08-25T09:38:15.627859Z  INFO node{moniker=app-2}:node{moniker=app-2}: 👉 stats at height 34: #txs=0, txs/s=0.00, chain_bytes=18530, bytes/s=2177.53
2025-08-25T09:38:15.627863Z DEBUG node{moniker=app-2}:node{moniker=app-2}: 🦄 Block at height 34 contains 0 transactions
2025-08-25T09:38:15.630318Z DEBUG node{moniker=app-2}:wal{height=34}: Flushed WAL to disk wal.entries=6 wal.size=1833
2025-08-25T09:38:15.630452Z DEBUG node{moniker=app-2}:node{moniker=app-2}: 💡 New block added at height 34 with hash: 0x89f5d6438392be57db60f0711a5c640b21b0da54a88a6a3798f5337d0d050039
2025-08-25T09:38:15.630460Z DEBUG node{moniker=app-2}:node{moniker=app-2}: 🟠 set_latest_forkchoice_state: 0x89f5d6438392be57db60f0711a5c640b21b0da54a88a6a3798f5337d0d050039
2025-08-25T09:38:15.630785Z DEBUG node{moniker=app-2}:network: Published message channel=/consensus size=111
2025-08-25T09:38:15.631670Z DEBUG node{moniker=app-2}:node{moniker=app-2}: ➡️ payload_status: PayloadStatus { status: Valid, latest_valid_hash: Some(0x89f5d6438392be57db60f0711a5c640b21b0da54a88a6a3798f5337d0d050039) }
2025-08-25T09:38:15.631677Z DEBUG node{moniker=app-2}:node{moniker=app-2}: 🚀 Forkchoice updated to height 34 for block hash=0x89f5d6438392be57db60f0711a5c640b21b0da54a88a6a3798f5337d0d050039 and latest_valid_hash=0x89f5d6438392be57db60f0711a5c640b21b0da54a88a6a3798f5337d0d050039
2025-08-25T09:38:15.631680Z  INFO node{moniker=app-2}:node{moniker=app-2}: Looking for certificate height=34 round=0
2025-08-25T09:38:15.638363Z  INFO node{moniker=app-2}:node{moniker=app-2}: Committed block_data[0..32]: f0c8fd2a06adb4eea9e134c48cb19285a8be727132e97bb71933124e596c0bc0
2025-08-25T09:38:15.728277Z DEBUG node{moniker=app-2}:wal{height=35}: Reset WAL height=35
2025-08-25T09:38:15.728334Z DEBUG node{moniker=app-2}:consensus{height=35 round=0}: No WAL entries to replay height=35
2025-08-25T09:38:15.728367Z  INFO node{moniker=app-2}:consensus{height=35 round=0}: Starting new height height=35
2025-08-25T09:38:15.728373Z  INFO node{moniker=app-2}:consensus{height=35 round=0}: Starting new round height=35 round=0 proposer=02CB1B49DA09615BD4A12212C39378556D990DFD role=Proposer
2025-08-25T09:38:15.728550Z DEBUG node{moniker=app-2}:sync{height.tip=33 height.sync=34}: Starting new height height.tip=34 height.sync=35 restart=false
2025-08-25T09:38:15.728559Z DEBUG node{moniker=app-2}:sync{height.tip=33 height.sync=34}: No peer to request sync from height.sync=35
2025-08-25T09:38:15.733547Z DEBUG node{moniker=app-2}:wal{height=35}: Flushed WAL to disk wal.entries=0 wal.size=12
2025-08-25T09:38:15.733620Z DEBUG node{moniker=app-2}:node{moniker=app-2}: metis-test:consensus-chan recv!!! msg:StartedRound { height: Height(35), round: Some(0), proposer: Address(02CB1B49DA09615BD4A12212C39378556D990DFD), role: Proposer, reply_value: Sender { inner: Some(Inner { state: State { is_complete: false, is_closed: false, is_rx_task_set: false, is_tx_task_set: false } }) } }
2025-08-25T09:38:15.733633Z  INFO node{moniker=app-2}:node{moniker=app-2}: 🟢🟢 Started round height=35 round=0 proposer=02CB1B49DA09615BD4A12212C39378556D990DFD role=Proposer
2025-08-25T09:38:15.733646Z ERROR node{moniker=app-2}:consensus{height=35 round=0}: Error when processing effect: Messaging(RecvErr)
2025-08-25T09:38:15.733665Z DEBUG node{moniker=app-2}:consensus{height=35 round=0}: Transitioned to new step step.previous=Unstarted step.new=Propose
2025-08-25T09:38:15.733670Z  INFO node{moniker=app-2}:consensus{height=35 round=0}: Scheduling timeout round=0 step=Propose
2025-08-25T09:38:15.733676Z  INFO node{moniker=app-2}:consensus{height=35 round=0}: Requesting value from application height=35 round=0
2025-08-25T09:38:15.733684Z DEBUG node{moniker=app-2}:consensus{height=35 round=0}: Replaying inputs count=0
2025-08-25T09:38:15.733706Z DEBUG node{moniker=app-2}:node{moniker=app-2}: metis-test:consensus-chan recv!!! msg:GetValue { height: Height(35), round: Some(0), timeout: 3s, reply: Sender { inner: Some(Inner { state: State { is_complete: false, is_closed: false, is_rx_task_set: true, is_tx_task_set: false } }) } }
2025-08-25T09:38:15.733711Z  INFO node{moniker=app-2}:node{moniker=app-2}: 🟢🟢 Consensus is requesting a value to propose height=35 round=0
2025-08-25T09:38:15.733714Z DEBUG node{moniker=app-2}:node{moniker=app-2}: 🟠 generate_block on top of ExecutionBlock { block_hash: 0x89f5d6438392be57db60f0711a5c640b21b0da54a88a6a3798f5337d0d050039, block_number: 34, parent_hash: 0x89f5d6438392be57db60f0711a5c640b21b0da54a88a6a3798f5337d0d050039, timestamp: 1756114725, prev_randao: 0x0000000000000000000000000000000000000000000000000000000000000000 }
2025-08-25T09:38:15.736840Z DEBUG node{moniker=app-2}:node{moniker=app-2}: 🌈 Got execution payload: ExecutionPayloadV3 { payload_inner: ExecutionPayloadV2 { payload_inner: ExecutionPayloadV1 { parent_hash: 0x89f5d6438392be57db60f0711a5c640b21b0da54a88a6a3798f5337d0d050039, fee_recipient: 0x2a2a2a2a2a2a2a2a2a2a2a2a2a2a2a2a2a2a2a2a, state_root: 0xec26df9442c5d4a0a0cc5348c960115b43da08c7aef6be4e4ccc5f136ca892a6, receipts_root: 0x56e81f171bcc55a6ff8345e692c0f86e5b48e01b996cadc001622fb5e363b421, logs_bloom: 0x00000000000000000000000000000000000000000000000000000000000000000000000000000000000000000000000000000000000000000000000000000000000000000000000000000000000000000000000000000000000000000000000000000000000000000000000000000000000000000000000000000000000000000000000000000000000000000000000000000000000000000000000000000000000000000000000000000000000000000000000000000000000000000000000000000000000000000000000000000000000000000000000000000000000000000000000000000000000000000000000000000000000000000000000000000000, prev_randao: 0x0000000000000000000000000000000000000000000000000000000000000000, block_number: 35, gas_limit: 31042543, gas_used: 0, timestamp: 1756114726, extra_data: 0x726574682f76312e342e312f6c696e7578, base_fee_per_gas: 9338605, block_hash: 0xf79011ed6ea862114b8c68d2f0d6f96440d379c5bdab8c6c6868813b69a57b18, transactions: [] }, withdrawals: [] }, blob_gas_used: 0, excess_blob_gas: 0 }
2025-08-25T09:38:15.736859Z DEBUG node{moniker=app-2}:node{moniker=app-2}: 🎁 block size: 545, height: 35
2025-08-25T09:38:15.752330Z  INFO node{moniker=app-2}:node{moniker=app-2}: Streaming proposal part: StreamMessage { stream_id: StreamId(b"\0\0\0\0\0\0\0#\0\0\0\0\0\0\0\x0c"), sequence: 0, content: Data(Init(ProposalInit { height: Height(35), round: Some(0), proposer: Address(02CB1B49DA09615BD4A12212C39378556D990DFD) })) } height=35 round=0
2025-08-25T09:38:15.752354Z  INFO node{moniker=app-2}:node{moniker=app-2}: Streaming proposal part: StreamMessage { stream_id: StreamId(b"\0\0\0\0\0\0\0#\0\0\0\0\0\0\0\x0c"), sequence: 1, content: Data(Data(ProposalData { bytes: "<...>", len: 545 })) } height=35 round=0
2025-08-25T09:38:15.752383Z  INFO node{moniker=app-2}:node{moniker=app-2}: Streaming proposal part: StreamMessage { stream_id: StreamId(b"\0\0\0\0\0\0\0#\0\0\0\0\0\0\0\x0c"), sequence: 2, content: Data(Fin(ProposalFin { signature: Signature(Signature { R_bytes: "69e6100ac09c98a04fde73a40fac554f0f8e362b16fa5ab8d7e139bae9e63ca2", s_bytes: "6c3ab18bfd86765329e697ebc7f1bcbd5b6dc356ae04c51282bb026814337209" }) })) } height=35 round=0
2025-08-25T09:38:15.752539Z DEBUG node{moniker=app-2}:network: Published message channel=/proposal_parts size=48
2025-08-25T09:38:15.752584Z  INFO node{moniker=app-2}:node{moniker=app-2}: Streaming proposal part: StreamMessage { stream_id: StreamId(b"\0\0\0\0\0\0\0#\0\0\0\0\0\0\0\x0c"), sequence: 3, content: Fin } height=35 round=0
2025-08-25T09:38:15.752661Z DEBUG node{moniker=app-2}:wal{height=35}: Wrote log entry type=LocallyProposedValue entry.size=599 
2025-08-25T09:38:15.753059Z DEBUG node{moniker=app-2}:network: Published message channel=/proposal_parts size=574
2025-08-25T09:38:15.753140Z DEBUG node{moniker=app-2}:node{moniker=app-2}: ✅ Proposal sent height=35 round=0
2025-08-25T09:38:15.753248Z DEBUG node{moniker=app-2}:network: Published message channel=/proposal_parts size=92
2025-08-25T09:38:15.753271Z  INFO node{moniker=app-2}:consensus{height=35 round=0}: Proposing value id=940b4ef93b7f53ad round=0
2025-08-25T09:38:15.753452Z  INFO node{moniker=app-2}:consensus{height=35 round=0}: Received proposal consensus.height=35 proposal.height=35 proposal.round=0 proposer=02CB1B49DA09615BD4A12212C39378556D990DFD Proposal(height: 35, round: 0, pol_round: -1, value: 940b4ef93b7f53ad, from: 02CB1B49DA09615BD4A12212C39378556D990DFD)
2025-08-25T09:38:15.753740Z DEBUG node{moniker=app-2}:wal{height=35}: Wrote log entry type=Consensus(Proposal) entry.size=668 
2025-08-25T09:38:15.753773Z DEBUG node{moniker=app-2}:network: Published message channel=/proposal_parts size=22
2025-08-25T09:38:15.753970Z DEBUG node{moniker=app-2}:consensus{height=35 round=0}: Transitioned to new step step.previous=Propose step.new=Prevote
2025-08-25T09:38:15.753986Z  INFO node{moniker=app-2}:consensus{height=35 round=0}: Voting vote_type=Prevote value=940b4ef93b7f53ad round=0
2025-08-25T09:38:15.754304Z  INFO node{moniker=app-2}:consensus{height=35 round=0}: Received vote height=35 vote_height=35 address=02CB1B49DA09615BD4A12212C39378556D990DFD Prevote(height: 35, round: 0, value: 940b4ef93b7f53ad, from: 02CB1B49DA09615BD4A12212C39378556D990DFD)
2025-08-25T09:38:15.754393Z DEBUG node{moniker=app-2}:wal{height=35}: Wrote log entry type=Consensus(Vote) entry.size=118 
2025-08-25T09:38:15.757490Z DEBUG node{moniker=app-2}:wal{height=35}: Flushed WAL to disk wal.entries=3 wal.size=1436
2025-08-25T09:38:15.757666Z DEBUG node{moniker=app-2}:network: Published message channel=/consensus size=109
2025-08-25T09:38:15.760245Z DEBUG node{moniker=app-2}:wal{height=35}: Flushed WAL to disk wal.entries=3 wal.size=1436
2025-08-25T09:38:15.761617Z DEBUG node{moniker=app-2}:network: Published message channel=/consensus size=659
2025-08-25T09:38:15.769443Z  INFO node{moniker=app-2}:consensus{height=35 round=0}: Received vote height=35 vote_height=35 address=815F9FA61D7C4F1E4A9E30D40DCA1115BB48F759 Precommit(height: 35, round: 0, value: 940b4ef93b7f53ad, from: 815F9FA61D7C4F1E4A9E30D40DCA1115BB48F759)
2025-08-25T09:38:15.770047Z DEBUG node{moniker=app-2}:wal{height=35}: Wrote log entry type=Consensus(Vote) entry.size=120 
2025-08-25T09:38:15.770977Z  INFO node{moniker=app-2}:consensus{height=35 round=0}: Received vote height=35 vote_height=35 address=815F9FA61D7C4F1E4A9E30D40DCA1115BB48F759 Prevote(height: 35, round: 0, value: 940b4ef93b7f53ad, from: 815F9FA61D7C4F1E4A9E30D40DCA1115BB48F759)
2025-08-25T09:38:15.771086Z DEBUG node{moniker=app-2}:wal{height=35}: Wrote log entry type=Consensus(Vote) entry.size=118 
2025-08-25T09:38:15.771209Z DEBUG node{moniker=app-2}:consensus{height=35 round=0}: Transitioned to new step step.previous=Prevote step.new=Precommit
2025-08-25T09:38:15.771217Z  INFO node{moniker=app-2}:consensus{height=35 round=0}: Voting vote_type=Precommit value=940b4ef93b7f53ad round=0
2025-08-25T09:38:15.771234Z DEBUG node{moniker=app-2}:node{moniker=app-2}: metis-test:consensus-chan recv!!! msg:ExtendVote { height: Height(35), round: Some(0), value_id: ValueId(10667706974709175213), reply: Sender { inner: Some(Inner { state: State { is_complete: false, is_closed: false, is_rx_task_set: true, is_tx_task_set: false } }) } }
2025-08-25T09:38:15.771402Z  INFO node{moniker=app-2}:consensus{height=35 round=0}: Received vote height=35 vote_height=35 address=02CB1B49DA09615BD4A12212C39378556D990DFD Precommit(height: 35, round: 0, value: 940b4ef93b7f53ad, from: 02CB1B49DA09615BD4A12212C39378556D990DFD)
2025-08-25T09:38:15.771457Z DEBUG node{moniker=app-2}:wal{height=35}: Wrote log entry type=Consensus(Vote) entry.size=120 
2025-08-25T09:38:15.771476Z DEBUG node{moniker=app-2}:consensus{height=35 round=0}: Transitioned to new step step.previous=Precommit step.new=Commit
2025-08-25T09:38:15.771480Z  INFO node{moniker=app-2}:consensus{height=35 round=0}: Decided round=0 height=35 value=940b4ef93b7f53ad
2025-08-25T09:38:15.775428Z DEBUG node{moniker=app-2}:wal{height=35}: Flushed WAL to disk wal.entries=6 wal.size=1833
2025-08-25T09:38:15.775636Z DEBUG node{moniker=app-2}:sync{height.tip=34 height.sync=35}: Updating request state height.tip=35
2025-08-25T09:38:15.775677Z DEBUG node{moniker=app-2}:node{moniker=app-2}: metis-test:consensus-chan recv!!! msg:Decided { certificate: CommitCertificate { height: Height(35), round: Some(0), value_id: ValueId(10667706974709175213), commit_signatures: [CommitSignature { address: Address(02CB1B49DA09615BD4A12212C39378556D990DFD), signature: Signature(Signature { R_bytes: "bc15682d260c9f2eabd2c5f4f3ee2bed7e25136c1ed450dd33ede1dfd496ddc7", s_bytes: "1f2cf7466a7e8355d30aee94fa3db6a6a63911c62227ab5f90832b8821c5dd07" }) }, CommitSignature { address: Address(815F9FA61D7C4F1E4A9E30D40DCA1115BB48F759), signature: Signature(Signature { R_bytes: "90bfdc2ae10daaa7b259768a158296d631495778eb640b5af084728e52fd18ea", s_bytes: "29923357fed84a7aef9a5e6f16c05215411429959559b3b9c4addff4ddf2da06" }) }] }, extensions: VoteExtensions { extensions: [] }, reply: Sender { inner: Some(Inner { state: State { is_complete: false, is_closed: false, is_rx_task_set: true, is_tx_task_set: false } }) } }
2025-08-25T09:38:15.775706Z  INFO node{moniker=app-2}:node{moniker=app-2}: 🟢🟢 Consensus has decided on value height=35 round=0 value=940b4ef93b7f53ad
2025-08-25T09:38:15.775784Z DEBUG node{moniker=app-2}:node{moniker=app-2}: 🎁 block size: 545, height: 35
2025-08-25T09:38:15.775796Z  INFO node{moniker=app-2}:node{moniker=app-2}: 👉 stats at height 35: #txs=0, txs/s=0.00, chain_bytes=19075, bytes/s=2203.27
2025-08-25T09:38:15.775802Z DEBUG node{moniker=app-2}:node{moniker=app-2}: 🦄 Block at height 35 contains 0 transactions
2025-08-25T09:38:15.779775Z DEBUG node{moniker=app-2}:node{moniker=app-2}: 💡 New block added at height 35 with hash: 0xf79011ed6ea862114b8c68d2f0d6f96440d379c5bdab8c6c6868813b69a57b18
2025-08-25T09:38:15.779794Z DEBUG node{moniker=app-2}:node{moniker=app-2}: 🟠 set_latest_forkchoice_state: 0xf79011ed6ea862114b8c68d2f0d6f96440d379c5bdab8c6c6868813b69a57b18
2025-08-25T09:38:15.782954Z DEBUG node{moniker=app-2}:wal{height=35}: Flushed WAL to disk wal.entries=6 wal.size=1833
2025-08-25T09:38:15.783449Z DEBUG node{moniker=app-2}:network: Published message channel=/consensus size=111
2025-08-25T09:38:15.783879Z DEBUG node{moniker=app-2}:node{moniker=app-2}: ➡️ payload_status: PayloadStatus { status: Valid, latest_valid_hash: Some(0xf79011ed6ea862114b8c68d2f0d6f96440d379c5bdab8c6c6868813b69a57b18) }
2025-08-25T09:38:15.783888Z DEBUG node{moniker=app-2}:node{moniker=app-2}: 🚀 Forkchoice updated to height 35 for block hash=0xf79011ed6ea862114b8c68d2f0d6f96440d379c5bdab8c6c6868813b69a57b18 and latest_valid_hash=0xf79011ed6ea862114b8c68d2f0d6f96440d379c5bdab8c6c6868813b69a57b18
2025-08-25T09:38:15.783891Z  INFO node{moniker=app-2}:node{moniker=app-2}: Looking for certificate height=35 round=0
2025-08-25T09:38:15.797548Z  INFO node{moniker=app-2}:node{moniker=app-2}: Committed block_data[0..32]: 89f5d6438392be57db60f0711a5c640b21b0da54a88a6a3798f5337d0d050039
2025-08-25T09:38:15.827265Z DEBUG node{moniker=app-2}:wal{height=36}: Reset WAL height=36
2025-08-25T09:38:15.827329Z DEBUG node{moniker=app-2}:consensus{height=36 round=0}: No WAL entries to replay height=36
2025-08-25T09:38:15.827365Z  INFO node{moniker=app-2}:consensus{height=36 round=0}: Starting new height height=36
2025-08-25T09:38:15.827372Z  INFO node{moniker=app-2}:consensus{height=36 round=0}: Starting new round height=36 round=0 proposer=DE7BA2BE72D2225286133990FF5810B691A5261C role=None
2025-08-25T09:38:15.827401Z DEBUG node{moniker=app-2}:sync{height.tip=34 height.sync=35}: Starting new height height.tip=35 height.sync=36 restart=false
2025-08-25T09:38:15.827407Z DEBUG node{moniker=app-2}:sync{height.tip=34 height.sync=35}: No peer to request sync from height.sync=36
2025-08-25T09:38:15.828998Z DEBUG node{moniker=app-2}:wal{height=36}: Flushed WAL to disk wal.entries=0 wal.size=12
2025-08-25T09:38:15.829111Z DEBUG node{moniker=app-2}:node{moniker=app-2}: metis-test:consensus-chan recv!!! msg:StartedRound { height: Height(36), round: Some(0), proposer: Address(DE7BA2BE72D2225286133990FF5810B691A5261C), role: None, reply_value: Sender { inner: Some(Inner { state: State { is_complete: false, is_closed: false, is_rx_task_set: false, is_tx_task_set: false } }) } }
2025-08-25T09:38:15.829132Z  INFO node{moniker=app-2}:node{moniker=app-2}: 🟢🟢 Started round height=36 round=0 proposer=DE7BA2BE72D2225286133990FF5810B691A5261C role=None
2025-08-25T09:38:15.829155Z ERROR node{moniker=app-2}:consensus{height=36 round=0}: Error when processing effect: Messaging(RecvErr)
2025-08-25T09:38:15.829181Z DEBUG node{moniker=app-2}:consensus{height=36 round=0}: Transitioned to new step step.previous=Unstarted step.new=Propose
2025-08-25T09:38:15.829189Z  INFO node{moniker=app-2}:consensus{height=36 round=0}: Scheduling timeout round=0 step=Propose
2025-08-25T09:38:15.829204Z DEBUG node{moniker=app-2}:consensus{height=36 round=0}: Replaying inputs count=0
2025-08-25T09:38:15.855779Z DEBUG node{moniker=app-2}:node{moniker=app-2}: metis-test:consensus-chan recv!!! msg:ReceivedProposalPart { from: PeerId("12D3KooWEFmACkQS9HNWY86xGVM3LS7fRpQ8saTb5VdfdYCzuUvE"), part: StreamMessage { stream_id: StreamId(b"\0\0\0\0\0\0\0$\0\0\0\0\0\0\0\x0b"), sequence: 0, content: Data(Init(ProposalInit { height: Height(36), round: Some(0), proposer: Address(DE7BA2BE72D2225286133990FF5810B691A5261C) })) }, reply: Sender { inner: Some(Inner { state: State { is_complete: false, is_closed: false, is_rx_task_set: true, is_tx_task_set: false } }) } }
2025-08-25T09:38:15.855818Z  INFO node{moniker=app-2}:node{moniker=app-2}: Received proposal part from=12D3KooWEFmACkQS9HNWY86xGVM3LS7fRpQ8saTb5VdfdYCzuUvE part.sequence=0 part.type=init part.size=28
2025-08-25T09:38:15.856541Z DEBUG node{moniker=app-2}:node{moniker=app-2}: metis-test:consensus-chan recv!!! msg:ReceivedProposalPart { from: PeerId("12D3KooWEFmACkQS9HNWY86xGVM3LS7fRpQ8saTb5VdfdYCzuUvE"), part: StreamMessage { stream_id: StreamId(b"\0\0\0\0\0\0\0$\0\0\0\0\0\0\0\x0b"), sequence: 1, content: Data(Data(ProposalData { bytes: "<...>", len: 545 })) }, reply: Sender { inner: Some(Inner { state: State { is_complete: false, is_closed: false, is_rx_task_set: true, is_tx_task_set: false } }) } }
2025-08-25T09:38:15.856570Z  INFO node{moniker=app-2}:node{moniker=app-2}: Received proposal part from=12D3KooWEFmACkQS9HNWY86xGVM3LS7fRpQ8saTb5VdfdYCzuUvE part.sequence=1 part.type=data part.size=551
2025-08-25T09:38:15.858163Z DEBUG node{moniker=app-2}:node{moniker=app-2}: metis-test:consensus-chan recv!!! msg:ReceivedProposalPart { from: PeerId("12D3KooWEFmACkQS9HNWY86xGVM3LS7fRpQ8saTb5VdfdYCzuUvE"), part: StreamMessage { stream_id: StreamId(b"\0\0\0\0\0\0\0$\0\0\0\0\0\0\0\x0b"), sequence: 2, content: Data(Fin(ProposalFin { signature: Signature(Signature { R_bytes: "c1e9b225be5d24165b7c59c235ea3c717f27b66a2b15553e16ff486881bbabef", s_bytes: "d6d090d6f1d8ba45f18e45c3e1776daf950ca842025e2e44e49a31a86b826a09" }) })) }, reply: Sender { inner: Some(Inner { state: State { is_complete: false, is_closed: false, is_rx_task_set: true, is_tx_task_set: false } }) } }
2025-08-25T09:38:15.858204Z  INFO node{moniker=app-2}:node{moniker=app-2}: Received proposal part from=12D3KooWEFmACkQS9HNWY86xGVM3LS7fRpQ8saTb5VdfdYCzuUvE part.sequence=2 part.type=fin part.size=70
2025-08-25T09:38:15.858237Z DEBUG node{moniker=app-2}:node{moniker=app-2}: metis-test:consensus-chan recv!!! msg:ReceivedProposalPart { from: PeerId("12D3KooWEFmACkQS9HNWY86xGVM3LS7fRpQ8saTb5VdfdYCzuUvE"), part: StreamMessage { stream_id: StreamId(b"\0\0\0\0\0\0\0$\0\0\0\0\0\0\0\x0b"), sequence: 3, content: Fin }, reply: Sender { inner: Some(Inner { state: State { is_complete: false, is_closed: false, is_rx_task_set: true, is_tx_task_set: false } }) } }
2025-08-25T09:38:15.858253Z  INFO node{moniker=app-2}:node{moniker=app-2}: Received proposal part from=12D3KooWEFmACkQS9HNWY86xGVM3LS7fRpQ8saTb5VdfdYCzuUvE part.sequence=3 part.type=end of stream part.size=0
2025-08-25T09:38:15.858396Z  INFO node{moniker=app-2}:node{moniker=app-2}: Proposal data[0..32]: f79011ed6ea862114b8c68d2f0d6f96440d379c5bdab8c6c6868813b69a57b18, total_size: 545 bytes, id: 16626eed61139bd5
2025-08-25T09:38:15.860541Z  INFO node{moniker=app-2}:consensus{height=36 round=0}: Received vote height=36 vote_height=36 address=DE7BA2BE72D2225286133990FF5810B691A5261C Prevote(height: 36, round: 0, value: 16626eed61139bd5, from: DE7BA2BE72D2225286133990FF5810B691A5261C)
2025-08-25T09:38:15.862848Z DEBUG node{moniker=app-2}:wal{height=36}: Wrote log entry type=Consensus(Vote) entry.size=117 
2025-08-25T09:38:15.864389Z  INFO node{moniker=app-2}:consensus{height=36 round=0}: Received proposal consensus.height=36 proposal.height=36 proposal.round=0 proposer=DE7BA2BE72D2225286133990FF5810B691A5261C Proposal(height: 36, round: 0, pol_round: -1, value: 16626eed61139bd5, from: DE7BA2BE72D2225286133990FF5810B691A5261C)
2025-08-25T09:38:15.866690Z DEBUG node{moniker=app-2}:wal{height=36}: Wrote log entry type=Consensus(Proposal) entry.size=667 
2025-08-25T09:38:15.866767Z DEBUG node{moniker=app-2}:consensus{height=36 round=0}: No full proposal for this round yet, stored proposal for later proposal.height=36 proposal.round=0
2025-08-25T09:38:15.869849Z DEBUG node{moniker=app-2}:node{moniker=app-2}: ✅ Received complete proposal: ProposedValue { height: Height(36), round: Some(0), valid_round: Nil, proposer: Address(DE7BA2BE72D2225286133990FF5810B691A5261C), value: Value { value: 1612973582367038421, extensions: b"\xf7\x90\x11\xedn\xa8b\x11K\x8ch\xd2\xf0\xd6\xf9d@\xd3y\xc5\xbd\xab\x8clhh\x81;i\xa5{\x18********************\xec&\xdf\x94B\xc5\xd4\xa0\xa0\xccSH\xc9`\x11[C\xda\x08\xc7\xae\xf6\xbeNL\xcc_\x13l\xa8\x92\xa6V\xe8\x1f\x17\x1b\xccU\xa6\xff\x83E\xe6\x92\xc0\xf8n[H\xe0\x1b\x99l\xad\xc0\x01b/\xb5\xe3c\xb4!\0\0\0\0\0\0\0\0\0\0\0\0\0\0\0\0\0\0\0\0\0\0\0\0\0\0\0\0\0\0\0\0\0\0\0\0\0\0\0\0\0\0\0\0\0\0\0\0\0\0\0\0\0\0\0\0\0\0\0\0\0\0\0\0\0\0\0\0\0\0\0\0\0\0\0\0\0\0\0\0\0\0\0\0\0\0\0\0\0\0\0\0\0\0\0\0\0\0\0\0\0\0\0\0\0\0\0\0\0\0\0\0\0\0\0\0\0\0\0\0\0\0\0\0\0\0\0\0\0\0\0\0\0\0\0\0\0\0\0\0\0\0\0\0\0\0\0\0\0\0\0\0\0\0\0\0\0\0\0\0\0\0\0\0\0\0\0\0\0\0\0\0\0\0\0\0\0\0\0\0\0\0\0\0\0\0\0\0\0\0\0\0\0\0\0\0\0\0\0\0\0\0\0\0\0\0\0\0\0\0\0\0\0\0\0\0\0\0\0\0\0\0\0\0\0\0\0\0\0\0\0\0\0\0\0\0\0\0\0\0\0\0\0\0\0\0\0\0\0\0\0\0\0\0\0\0\0\0\0\0\0\0\0\0\0\0\0\0\0\0\0\0\0\0\0\0\0\0\0\0\0\0\0\0\0\0\0\0$\0\0\0\0\0\0\0X\"\xda\x01\0\0\0\0\0\0\0\0\0\0\0\0'/\xach\0\0\0\0\x10\x02\0\0\x10\xaf|\0\0\0\0\0\0\0\0\0\0\0\0\0\0\0\0\0\0\0\0\0\0\0\0\0\0\0\0\0\xd2\xd3\xfe\x06*,\x0f\xfd\x1cv(\"\x1d\xdc*\xc1f\xd9\xdf\xd7\xce\xba\xcdd\xed\x91\x11-\xdf\x86\xe4\xc8!\x02\0\0!\x02\0\0\0\0\0\0\0\0\0\0\0\0\0\0\0\0\0\0reth/v1.4.1/linux" }, validity: Valid }
2025-08-25T09:38:15.869925Z DEBUG node{moniker=app-2}:consensus{height=36 round=0}: We have a full proposal for this round, checking... proposal.height=36 proposal.round=0
2025-08-25T09:38:15.869939Z DEBUG node{moniker=app-2}:consensus{height=36 round=0}: Transitioned to new step step.previous=Propose step.new=Prevote
2025-08-25T09:38:15.873363Z  INFO node{moniker=app-2}:consensus{height=36 round=0}: Received vote height=36 vote_height=36 address=815F9FA61D7C4F1E4A9E30D40DCA1115BB48F759 Precommit(height: 36, round: 0, value: 16626eed61139bd5, from: 815F9FA61D7C4F1E4A9E30D40DCA1115BB48F759)
2025-08-25T09:38:15.874040Z DEBUG node{moniker=app-2}:wal{height=36}: Wrote log entry type=Consensus(Vote) entry.size=119 
2025-08-25T09:38:15.875175Z  INFO node{moniker=app-2}:consensus{height=36 round=0}: Received vote height=36 vote_height=36 address=815F9FA61D7C4F1E4A9E30D40DCA1115BB48F759 Prevote(height: 36, round: 0, value: 16626eed61139bd5, from: 815F9FA61D7C4F1E4A9E30D40DCA1115BB48F759)
2025-08-25T09:38:15.875358Z DEBUG node{moniker=app-2}:wal{height=36}: Wrote log entry type=Consensus(Vote) entry.size=117 
2025-08-25T09:38:15.875424Z DEBUG node{moniker=app-2}:consensus{height=36 round=0}: Transitioned to new step step.previous=Prevote step.new=Precommit
2025-08-25T09:38:15.880520Z  INFO node{moniker=app-2}:consensus{height=36 round=0}: Received vote height=36 vote_height=36 address=DE7BA2BE72D2225286133990FF5810B691A5261C Precommit(height: 36, round: 0, value: 16626eed61139bd5, from: DE7BA2BE72D2225286133990FF5810B691A5261C)
2025-08-25T09:38:15.880607Z DEBUG node{moniker=app-2}:wal{height=36}: Wrote log entry type=Consensus(Vote) entry.size=119 
2025-08-25T09:38:15.880842Z DEBUG node{moniker=app-2}:consensus{height=36 round=0}: Transitioned to new step step.previous=Precommit step.new=Commit
2025-08-25T09:38:15.880848Z  INFO node{moniker=app-2}:consensus{height=36 round=0}: Decided round=0 height=36 value=16626eed61139bd5
2025-08-25T09:38:15.884434Z DEBUG node{moniker=app-2}:wal{height=36}: Flushed WAL to disk wal.entries=5 wal.size=1216
2025-08-25T09:38:15.884528Z DEBUG node{moniker=app-2}:sync{height.tip=35 height.sync=36}: Updating request state height.tip=36
2025-08-25T09:38:15.884546Z DEBUG node{moniker=app-2}:node{moniker=app-2}: metis-test:consensus-chan recv!!! msg:Decided { certificate: CommitCertificate { height: Height(36), round: Some(0), value_id: ValueId(1612973582367038421), commit_signatures: [CommitSignature { address: Address(815F9FA61D7C4F1E4A9E30D40DCA1115BB48F759), signature: Signature(Signature { R_bytes: "226f7561794bb54a999305b121cac6f59f22e1716bf7f5e75334d6b9377b535d", s_bytes: "64c2224945a2b0e227005d5e6d6bcf4650143a9f15d771a178bcc6e3d1f16208" }) }, CommitSignature { address: Address(DE7BA2BE72D2225286133990FF5810B691A5261C), signature: Signature(Signature { R_bytes: "34c1ebb727ba5392356a9ecf5f3ac226fe07276b742eb441c821cf5746d69cd5", s_bytes: "14343817603606cfbcd711998a430bc67a106df42a1b2c16e4bcbf4883747b02" }) }] }, extensions: VoteExtensions { extensions: [] }, reply: Sender { inner: Some(Inner { state: State { is_complete: false, is_closed: false, is_rx_task_set: true, is_tx_task_set: false } }) } }
2025-08-25T09:38:15.884582Z  INFO node{moniker=app-2}:node{moniker=app-2}: 🟢🟢 Consensus has decided on value height=36 round=0 value=16626eed61139bd5
2025-08-25T09:38:15.884679Z DEBUG node{moniker=app-2}:node{moniker=app-2}: 🎁 block size: 545, height: 36
2025-08-25T09:38:15.884693Z  INFO node{moniker=app-2}:node{moniker=app-2}: 👉 stats at height 36: #txs=0, txs/s=0.00, chain_bytes=19620, bytes/s=2238.07
2025-08-25T09:38:15.884699Z DEBUG node{moniker=app-2}:node{moniker=app-2}: 🦄 Block at height 36 contains 0 transactions
2025-08-25T09:38:15.885725Z DEBUG node{moniker=app-2}:node{moniker=app-2}: 💡 New block added at height 36 with hash: 0xd2d3fe062a2c0ffd1c7628221ddc2ac166d9dfd7cebacd64ed91112ddf86e4c8
2025-08-25T09:38:15.885731Z DEBUG node{moniker=app-2}:node{moniker=app-2}: 🟠 set_latest_forkchoice_state: 0xd2d3fe062a2c0ffd1c7628221ddc2ac166d9dfd7cebacd64ed91112ddf86e4c8
2025-08-25T09:38:15.886156Z DEBUG node{moniker=app-2}:node{moniker=app-2}: ➡️ payload_status: PayloadStatus { status: Valid, latest_valid_hash: Some(0xd2d3fe062a2c0ffd1c7628221ddc2ac166d9dfd7cebacd64ed91112ddf86e4c8) }
2025-08-25T09:38:15.886161Z DEBUG node{moniker=app-2}:node{moniker=app-2}: 🚀 Forkchoice updated to height 36 for block hash=0xd2d3fe062a2c0ffd1c7628221ddc2ac166d9dfd7cebacd64ed91112ddf86e4c8 and latest_valid_hash=0xd2d3fe062a2c0ffd1c7628221ddc2ac166d9dfd7cebacd64ed91112ddf86e4c8
2025-08-25T09:38:15.886164Z  INFO node{moniker=app-2}:node{moniker=app-2}: Looking for certificate height=36 round=0
2025-08-25T09:38:15.891666Z  INFO node{moniker=app-2}:node{moniker=app-2}: Committed block_data[0..32]: f79011ed6ea862114b8c68d2f0d6f96440d379c5bdab8c6c6868813b69a57b18
2025-08-25T09:38:15.914410Z DEBUG node{moniker=app-2}:wal{height=37}: Reset WAL height=37
2025-08-25T09:38:15.914617Z DEBUG node{moniker=app-2}:consensus{height=37 round=0}: No WAL entries to replay height=37
2025-08-25T09:38:15.914658Z  INFO node{moniker=app-2}:consensus{height=37 round=0}: Starting new height height=37
2025-08-25T09:38:15.914665Z  INFO node{moniker=app-2}:consensus{height=37 round=0}: Starting new round height=37 round=0 proposer=DE7BA2BE72D2225286133990FF5810B691A5261C role=Validator
2025-08-25T09:38:15.914696Z DEBUG node{moniker=app-2}:sync{height.tip=35 height.sync=36}: Starting new height height.tip=36 height.sync=37 restart=false
2025-08-25T09:38:15.914702Z DEBUG node{moniker=app-2}:sync{height.tip=35 height.sync=36}: No peer to request sync from height.sync=37
2025-08-25T09:38:15.920270Z DEBUG node{moniker=app-2}:wal{height=37}: Flushed WAL to disk wal.entries=0 wal.size=12
2025-08-25T09:38:15.920490Z DEBUG node{moniker=app-2}:node{moniker=app-2}: metis-test:consensus-chan recv!!! msg:StartedRound { height: Height(37), round: Some(0), proposer: Address(DE7BA2BE72D2225286133990FF5810B691A5261C), role: Validator, reply_value: Sender { inner: Some(Inner { state: State { is_complete: false, is_closed: false, is_rx_task_set: false, is_tx_task_set: false } }) } }
2025-08-25T09:38:15.920507Z  INFO node{moniker=app-2}:node{moniker=app-2}: 🟢🟢 Started round height=37 round=0 proposer=DE7BA2BE72D2225286133990FF5810B691A5261C role=Validator
2025-08-25T09:38:15.920524Z ERROR node{moniker=app-2}:consensus{height=37 round=0}: Error when processing effect: Messaging(RecvErr)
2025-08-25T09:38:15.920546Z DEBUG node{moniker=app-2}:consensus{height=37 round=0}: Transitioned to new step step.previous=Unstarted step.new=Propose
2025-08-25T09:38:15.920552Z  INFO node{moniker=app-2}:consensus{height=37 round=0}: Scheduling timeout round=0 step=Propose
2025-08-25T09:38:15.920562Z DEBUG node{moniker=app-2}:consensus{height=37 round=0}: Replaying inputs count=0
2025-08-25T09:38:15.927416Z DEBUG node{moniker=app-2}:node{moniker=app-2}: metis-test:consensus-chan recv!!! msg:ReceivedProposalPart { from: PeerId("12D3KooWEFmACkQS9HNWY86xGVM3LS7fRpQ8saTb5VdfdYCzuUvE"), part: StreamMessage { stream_id: StreamId(b"\0\0\0\0\0\0\0%\0\0\0\0\0\0\0\x0c"), sequence: 0, content: Data(Init(ProposalInit { height: Height(37), round: Some(0), proposer: Address(DE7BA2BE72D2225286133990FF5810B691A5261C) })) }, reply: Sender { inner: Some(Inner { state: State { is_complete: false, is_closed: false, is_rx_task_set: true, is_tx_task_set: false } }) } }
2025-08-25T09:38:15.927455Z  INFO node{moniker=app-2}:node{moniker=app-2}: Received proposal part from=12D3KooWEFmACkQS9HNWY86xGVM3LS7fRpQ8saTb5VdfdYCzuUvE part.sequence=0 part.type=init part.size=28
2025-08-25T09:38:15.928055Z DEBUG node{moniker=app-2}:node{moniker=app-2}: metis-test:consensus-chan recv!!! msg:ReceivedProposalPart { from: PeerId("12D3KooWEFmACkQS9HNWY86xGVM3LS7fRpQ8saTb5VdfdYCzuUvE"), part: StreamMessage { stream_id: StreamId(b"\0\0\0\0\0\0\0%\0\0\0\0\0\0\0\x0c"), sequence: 1, content: Data(Data(ProposalData { bytes: "<...>", len: 545 })) }, reply: Sender { inner: Some(Inner { state: State { is_complete: false, is_closed: false, is_rx_task_set: true, is_tx_task_set: false } }) } }
2025-08-25T09:38:15.928072Z  INFO node{moniker=app-2}:node{moniker=app-2}: Received proposal part from=12D3KooWEFmACkQS9HNWY86xGVM3LS7fRpQ8saTb5VdfdYCzuUvE part.sequence=1 part.type=data part.size=551
2025-08-25T09:38:15.928088Z DEBUG node{moniker=app-2}:node{moniker=app-2}: metis-test:consensus-chan recv!!! msg:ReceivedProposalPart { from: PeerId("12D3KooWEFmACkQS9HNWY86xGVM3LS7fRpQ8saTb5VdfdYCzuUvE"), part: StreamMessage { stream_id: StreamId(b"\0\0\0\0\0\0\0%\0\0\0\0\0\0\0\x0c"), sequence: 2, content: Data(Fin(ProposalFin { signature: Signature(Signature { R_bytes: "9c97dc9761794a5c5d8e383fa617e59d66a0b40d486d7ef7c1d81953f518ba26", s_bytes: "fd573147e694982801bbce2a1fb2f7784b68820b372327975f2e9102bb60f503" }) })) }, reply: Sender { inner: Some(Inner { state: State { is_complete: false, is_closed: false, is_rx_task_set: true, is_tx_task_set: false } }) } }
2025-08-25T09:38:15.928100Z  INFO node{moniker=app-2}:node{moniker=app-2}: Received proposal part from=12D3KooWEFmACkQS9HNWY86xGVM3LS7fRpQ8saTb5VdfdYCzuUvE part.sequence=2 part.type=fin part.size=70
2025-08-25T09:38:15.929224Z DEBUG node{moniker=app-2}:node{moniker=app-2}: metis-test:consensus-chan recv!!! msg:ReceivedProposalPart { from: PeerId("12D3KooWEFmACkQS9HNWY86xGVM3LS7fRpQ8saTb5VdfdYCzuUvE"), part: StreamMessage { stream_id: StreamId(b"\0\0\0\0\0\0\0%\0\0\0\0\0\0\0\x0c"), sequence: 3, content: Fin }, reply: Sender { inner: Some(Inner { state: State { is_complete: false, is_closed: false, is_rx_task_set: true, is_tx_task_set: false } }) } }
2025-08-25T09:38:15.929238Z  INFO node{moniker=app-2}:node{moniker=app-2}: Received proposal part from=12D3KooWEFmACkQS9HNWY86xGVM3LS7fRpQ8saTb5VdfdYCzuUvE part.sequence=3 part.type=end of stream part.size=0
2025-08-25T09:38:15.929627Z  INFO node{moniker=app-2}:node{moniker=app-2}: Proposal data[0..32]: d2d3fe062a2c0ffd1c7628221ddc2ac166d9dfd7cebacd64ed91112ddf86e4c8, total_size: 545 bytes, id: cf99d13c6a09e652
2025-08-25T09:38:15.936778Z  INFO node{moniker=app-2}:consensus{height=37 round=0}: Received vote height=37 vote_height=37 address=DE7BA2BE72D2225286133990FF5810B691A5261C Prevote(height: 37, round: 0, value: cf99d13c6a09e652, from: DE7BA2BE72D2225286133990FF5810B691A5261C)
2025-08-25T09:38:15.942091Z DEBUG node{moniker=app-2}:wal{height=37}: Wrote log entry type=Consensus(Vote) entry.size=118 
2025-08-25T09:38:15.943284Z  INFO node{moniker=app-2}:consensus{height=37 round=0}: Received proposal consensus.height=37 proposal.height=37 proposal.round=0 proposer=DE7BA2BE72D2225286133990FF5810B691A5261C Proposal(height: 37, round: 0, pol_round: -1, value: cf99d13c6a09e652, from: DE7BA2BE72D2225286133990FF5810B691A5261C)
2025-08-25T09:38:15.943652Z DEBUG node{moniker=app-2}:wal{height=37}: Wrote log entry type=Consensus(Proposal) entry.size=668 
2025-08-25T09:38:15.943888Z DEBUG node{moniker=app-2}:node{moniker=app-2}: ✅ Received complete proposal: ProposedValue { height: Height(37), round: Some(0), valid_round: Nil, proposer: Address(DE7BA2BE72D2225286133990FF5810B691A5261C), value: Value { value: 14959217694695089746, extensions: b"\xd2\xd3\xfe\x06*,\x0f\xfd\x1cv(\"\x1d\xdc*\xc1f\xd9\xdf\xd7\xce\xba\xcdd\xed\x91\x11-\xdf\x86\xe4\xc8********************\xec&\xdf\x94B\xc5\xd4\xa0\xa0\xccSH\xc9`\x11[C\xda\x08\xc7\xae\xf6\xbeNL\xcc_\x13l\xa8\x92\xa6V\xe8\x1f\x17\x1b\xccU\xa6\xff\x83E\xe6\x92\xc0\xf8n[H\xe0\x1b\x99l\xad\xc0\x01b/\xb5\xe3c\xb4!\0\0\0\0\0\0\0\0\0\0\0\0\0\0\0\0\0\0\0\0\0\0\0\0\0\0\0\0\0\0\0\0\0\0\0\0\0\0\0\0\0\0\0\0\0\0\0\0\0\0\0\0\0\0\0\0\0\0\0\0\0\0\0\0\0\0\0\0\0\0\0\0\0\0\0\0\0\0\0\0\0\0\0\0\0\0\0\0\0\0\0\0\0\0\0\0\0\0\0\0\0\0\0\0\0\0\0\0\0\0\0\0\0\0\0\0\0\0\0\0\0\0\0\0\0\0\0\0\0\0\0\0\0\0\0\0\0\0\0\0\0\0\0\0\0\0\0\0\0\0\0\0\0\0\0\0\0\0\0\0\0\0\0\0\0\0\0\0\0\0\0\0\0\0\0\0\0\0\0\0\0\0\0\0\0\0\0\0\0\0\0\0\0\0\0\0\0\0\0\0\0\0\0\0\0\0\0\0\0\0\0\0\0\0\0\0\0\0\0\0\0\0\0\0\0\0\0\0\0\0\0\0\0\0\0\0\0\0\0\0\0\0\0\0\0\0\0\0\0\0\0\0\0\0\0\0\0\0\0\0\0\0\0\0\0\0\0\0\0\0\0\0\0\0\0\0\0\0\0\0\0\0\0\0\0\0\0\0%\0\0\0\0\0\0\0\xdf\x98\xda\x01\0\0\0\0\0\0\0\0\0\0\0\0(/\xach\0\0\0\0\x10\x02\0\0.\x19m\0\0\0\0\0\0\0\0\0\0\0\0\0\0\0\0\0\0\0\0\0\0\0\0\0\0\0\0\0\xca\x0f\xa3\x0e\xbfel'4\x9fg8\x876\xec^FV\xdcS\x96\xc7\xba\xd1\xdap\x99\xb6\xfe\xe5,!!\x02\0\0!\x02\0\0\0\0\0\0\0\0\0\0\0\0\0\0\0\0\0\0reth/v1.4.1/linux" }, validity: Valid }
2025-08-25T09:38:15.943972Z DEBUG node{moniker=app-2}:consensus{height=37 round=0}: No full proposal for this round yet, stored proposal for later proposal.height=37 proposal.round=0
2025-08-25T09:38:15.944012Z DEBUG node{moniker=app-2}:consensus{height=37 round=0}: We have a full proposal for this round, checking... proposal.height=37 proposal.round=0
2025-08-25T09:38:15.944033Z DEBUG node{moniker=app-2}:consensus{height=37 round=0}: Transitioned to new step step.previous=Propose step.new=Prevote
2025-08-25T09:38:15.944049Z  INFO node{moniker=app-2}:consensus{height=37 round=0}: Voting vote_type=Prevote value=cf99d13c6a09e652 round=0
2025-08-25T09:38:15.944308Z  INFO node{moniker=app-2}:consensus{height=37 round=0}: Received vote height=37 vote_height=37 address=02CB1B49DA09615BD4A12212C39378556D990DFD Prevote(height: 37, round: 0, value: cf99d13c6a09e652, from: 02CB1B49DA09615BD4A12212C39378556D990DFD)
2025-08-25T09:38:15.944373Z DEBUG node{moniker=app-2}:wal{height=37}: Wrote log entry type=Consensus(Vote) entry.size=118 
2025-08-25T09:38:15.944407Z DEBUG node{moniker=app-2}:consensus{height=37 round=0}: Transitioned to new step step.previous=Prevote step.new=Precommit
2025-08-25T09:38:15.944413Z  INFO node{moniker=app-2}:consensus{height=37 round=0}: Voting vote_type=Precommit value=cf99d13c6a09e652 round=0
2025-08-25T09:38:15.944428Z DEBUG node{moniker=app-2}:node{moniker=app-2}: metis-test:consensus-chan recv!!! msg:ExtendVote { height: Height(37), round: Some(0), value_id: ValueId(14959217694695089746), reply: Sender { inner: Some(Inner { state: State { is_complete: false, is_closed: false, is_rx_task_set: true, is_tx_task_set: false } }) } }
2025-08-25T09:38:15.944588Z  INFO node{moniker=app-2}:consensus{height=37 round=0}: Received vote height=37 vote_height=37 address=02CB1B49DA09615BD4A12212C39378556D990DFD Precommit(height: 37, round: 0, value: cf99d13c6a09e652, from: 02CB1B49DA09615BD4A12212C39378556D990DFD)
2025-08-25T09:38:15.944650Z DEBUG node{moniker=app-2}:wal{height=37}: Wrote log entry type=Consensus(Vote) entry.size=120 
2025-08-25T09:38:15.947598Z DEBUG node{moniker=app-2}:wal{height=37}: Flushed WAL to disk wal.entries=4 wal.size=1088
2025-08-25T09:38:15.947744Z DEBUG node{moniker=app-2}:network: Published message channel=/consensus size=111
2025-08-25T09:38:15.951447Z DEBUG node{moniker=app-2}:wal{height=37}: Flushed WAL to disk wal.entries=4 wal.size=1088
2025-08-25T09:38:15.951697Z DEBUG node{moniker=app-2}:network: Published message channel=/consensus size=109
2025-08-25T09:38:15.960411Z  INFO node{moniker=app-2}:consensus{height=37 round=0}: Received vote height=37 vote_height=37 address=DE7BA2BE72D2225286133990FF5810B691A5261C Precommit(height: 37, round: 0, value: cf99d13c6a09e652, from: DE7BA2BE72D2225286133990FF5810B691A5261C)
2025-08-25T09:38:15.960709Z DEBUG node{moniker=app-2}:wal{height=37}: Wrote log entry type=Consensus(Vote) entry.size=120 
2025-08-25T09:38:15.960956Z DEBUG node{moniker=app-2}:consensus{height=37 round=0}: Transitioned to new step step.previous=Precommit step.new=Commit
2025-08-25T09:38:15.960965Z  INFO node{moniker=app-2}:consensus{height=37 round=0}: Decided round=0 height=37 value=cf99d13c6a09e652
2025-08-25T09:38:15.963058Z DEBUG node{moniker=app-2}:wal{height=37}: Flushed WAL to disk wal.entries=5 wal.size=1221
2025-08-25T09:38:15.963184Z DEBUG node{moniker=app-2}:sync{height.tip=36 height.sync=37}: Updating request state height.tip=37
2025-08-25T09:38:15.963206Z DEBUG node{moniker=app-2}:node{moniker=app-2}: metis-test:consensus-chan recv!!! msg:Decided { certificate: CommitCertificate { height: Height(37), round: Some(0), value_id: ValueId(14959217694695089746), commit_signatures: [CommitSignature { address: Address(02CB1B49DA09615BD4A12212C39378556D990DFD), signature: Signature(Signature { R_bytes: "f9761e5ef3fe60af4b17e98cf3019dcae62fc6058c1fdf4d5ddcdd72e5498d15", s_bytes: "387a8b537a03a2d2602f0a0d9b6e9e3200a9a03f188e4197f52a6cbc361b4c06" }) }, CommitSignature { address: Address(DE7BA2BE72D2225286133990FF5810B691A5261C), signature: Signature(Signature { R_bytes: "866453ed818fce36f7a97bcbbb29f5081b4564e021fd99999e4811e06a23f13c", s_bytes: "5f9624029dab2926dd0a35200b8159270dd3b39852cc2c3daa6f9fc150885202" }) }] }, extensions: VoteExtensions { extensions: [] }, reply: Sender { inner: Some(Inner { state: State { is_complete: false, is_closed: false, is_rx_task_set: true, is_tx_task_set: false } }) } }
2025-08-25T09:38:15.963238Z  INFO node{moniker=app-2}:node{moniker=app-2}: 🟢🟢 Consensus has decided on value height=37 round=0 value=cf99d13c6a09e652
2025-08-25T09:38:15.963323Z DEBUG node{moniker=app-2}:node{moniker=app-2}: 🎁 block size: 545, height: 37
2025-08-25T09:38:15.963338Z  INFO node{moniker=app-2}:node{moniker=app-2}: 👉 stats at height 37: #txs=0, txs/s=0.00, chain_bytes=20165, bytes/s=2279.79
2025-08-25T09:38:15.963346Z DEBUG node{moniker=app-2}:node{moniker=app-2}: 🦄 Block at height 37 contains 0 transactions
2025-08-25T09:38:15.964398Z DEBUG node{moniker=app-2}:node{moniker=app-2}: 💡 New block added at height 37 with hash: 0xca0fa30ebf656c27349f67388736ec5e4656dc5396c7bad1da7099b6fee52c21
2025-08-25T09:38:15.964403Z DEBUG node{moniker=app-2}:node{moniker=app-2}: 🟠 set_latest_forkchoice_state: 0xca0fa30ebf656c27349f67388736ec5e4656dc5396c7bad1da7099b6fee52c21
2025-08-25T09:38:15.966064Z DEBUG node{moniker=app-2}:node{moniker=app-2}: ➡️ payload_status: PayloadStatus { status: Valid, latest_valid_hash: Some(0xca0fa30ebf656c27349f67388736ec5e4656dc5396c7bad1da7099b6fee52c21) }
2025-08-25T09:38:15.966072Z DEBUG node{moniker=app-2}:node{moniker=app-2}: 🚀 Forkchoice updated to height 37 for block hash=0xca0fa30ebf656c27349f67388736ec5e4656dc5396c7bad1da7099b6fee52c21 and latest_valid_hash=0xca0fa30ebf656c27349f67388736ec5e4656dc5396c7bad1da7099b6fee52c21
2025-08-25T09:38:15.966075Z  INFO node{moniker=app-2}:node{moniker=app-2}: Looking for certificate height=37 round=0
2025-08-25T09:38:15.971570Z  INFO node{moniker=app-2}:node{moniker=app-2}: Committed block_data[0..32]: d2d3fe062a2c0ffd1c7628221ddc2ac166d9dfd7cebacd64ed91112ddf86e4c8
2025-08-25T09:38:15.990318Z DEBUG node{moniker=app-2}:wal{height=38}: Reset WAL height=38
2025-08-25T09:38:15.990401Z DEBUG node{moniker=app-2}:consensus{height=38 round=0}: No WAL entries to replay height=38
2025-08-25T09:38:15.990435Z  INFO node{moniker=app-2}:consensus{height=38 round=0}: Starting new height height=38
2025-08-25T09:38:15.990441Z  INFO node{moniker=app-2}:consensus{height=38 round=0}: Starting new round height=38 round=0 proposer=815F9FA61D7C4F1E4A9E30D40DCA1115BB48F759 role=Validator
2025-08-25T09:38:15.990468Z DEBUG node{moniker=app-2}:sync{height.tip=36 height.sync=37}: Starting new height height.tip=37 height.sync=38 restart=false
2025-08-25T09:38:15.990474Z DEBUG node{moniker=app-2}:sync{height.tip=36 height.sync=37}: No peer to request sync from height.sync=38
2025-08-25T09:38:15.993577Z DEBUG node{moniker=app-2}:wal{height=38}: Flushed WAL to disk wal.entries=0 wal.size=12
2025-08-25T09:38:15.993678Z DEBUG node{moniker=app-2}:node{moniker=app-2}: metis-test:consensus-chan recv!!! msg:StartedRound { height: Height(38), round: Some(0), proposer: Address(815F9FA61D7C4F1E4A9E30D40DCA1115BB48F759), role: Validator, reply_value: Sender { inner: Some(Inner { state: State { is_complete: false, is_closed: false, is_rx_task_set: false, is_tx_task_set: false } }) } }
2025-08-25T09:38:15.993696Z  INFO node{moniker=app-2}:node{moniker=app-2}: 🟢🟢 Started round height=38 round=0 proposer=815F9FA61D7C4F1E4A9E30D40DCA1115BB48F759 role=Validator
2025-08-25T09:38:15.993709Z ERROR node{moniker=app-2}:consensus{height=38 round=0}: Error when processing effect: Messaging(RecvErr)
2025-08-25T09:38:15.993797Z DEBUG node{moniker=app-2}:consensus{height=38 round=0}: Transitioned to new step step.previous=Unstarted step.new=Propose
2025-08-25T09:38:15.993804Z  INFO node{moniker=app-2}:consensus{height=38 round=0}: Scheduling timeout round=0 step=Propose
2025-08-25T09:38:15.993813Z DEBUG node{moniker=app-2}:consensus{height=38 round=0}: Replaying inputs count=0
2025-08-25T09:38:16.007094Z DEBUG node{moniker=app-2}:node{moniker=app-2}: metis-test:consensus-chan recv!!! msg:ReceivedProposalPart { from: PeerId("12D3KooWD4wDmZaWggpGH9ACLhNztqnBvszLRcmBLzZdKwDiWmYh"), part: StreamMessage { stream_id: StreamId(b"\0\0\0\0\0\0\0&\0\0\0\0\0\0\0\x0c"), sequence: 0, content: Data(Init(ProposalInit { height: Height(38), round: Some(0), proposer: Address(815F9FA61D7C4F1E4A9E30D40DCA1115BB48F759) })) }, reply: Sender { inner: Some(Inner { state: State { is_complete: false, is_closed: false, is_rx_task_set: true, is_tx_task_set: false } }) } }
2025-08-25T09:38:16.007147Z  INFO node{moniker=app-2}:node{moniker=app-2}: Received proposal part from=12D3KooWD4wDmZaWggpGH9ACLhNztqnBvszLRcmBLzZdKwDiWmYh part.sequence=0 part.type=init part.size=28
2025-08-25T09:38:16.007748Z DEBUG node{moniker=app-2}:node{moniker=app-2}: metis-test:consensus-chan recv!!! msg:ReceivedProposalPart { from: PeerId("12D3KooWD4wDmZaWggpGH9ACLhNztqnBvszLRcmBLzZdKwDiWmYh"), part: StreamMessage { stream_id: StreamId(b"\0\0\0\0\0\0\0&\0\0\0\0\0\0\0\x0c"), sequence: 1, content: Data(Data(ProposalData { bytes: "<...>", len: 545 })) }, reply: Sender { inner: Some(Inner { state: State { is_complete: false, is_closed: false, is_rx_task_set: true, is_tx_task_set: false } }) } }
2025-08-25T09:38:16.007769Z  INFO node{moniker=app-2}:node{moniker=app-2}: Received proposal part from=12D3KooWD4wDmZaWggpGH9ACLhNztqnBvszLRcmBLzZdKwDiWmYh part.sequence=1 part.type=data part.size=551
2025-08-25T09:38:16.007788Z DEBUG node{moniker=app-2}:node{moniker=app-2}: metis-test:consensus-chan recv!!! msg:ReceivedProposalPart { from: PeerId("12D3KooWD4wDmZaWggpGH9ACLhNztqnBvszLRcmBLzZdKwDiWmYh"), part: StreamMessage { stream_id: StreamId(b"\0\0\0\0\0\0\0&\0\0\0\0\0\0\0\x0c"), sequence: 2, content: Data(Fin(ProposalFin { signature: Signature(Signature { R_bytes: "e5b52cbe267581d2b86c4427c7b0c29f2af748de5500abda93b1f9da6de20272", s_bytes: "6ee6186b50d266cbc6181c9c1a5d4bb36834287f0090b4845963cfbd95484f09" }) })) }, reply: Sender { inner: Some(Inner { state: State { is_complete: false, is_closed: false, is_rx_task_set: true, is_tx_task_set: false } }) } }
2025-08-25T09:38:16.007803Z  INFO node{moniker=app-2}:node{moniker=app-2}: Received proposal part from=12D3KooWD4wDmZaWggpGH9ACLhNztqnBvszLRcmBLzZdKwDiWmYh part.sequence=2 part.type=fin part.size=70
2025-08-25T09:38:16.008775Z DEBUG node{moniker=app-2}:node{moniker=app-2}: metis-test:consensus-chan recv!!! msg:ReceivedProposalPart { from: PeerId("12D3KooWD4wDmZaWggpGH9ACLhNztqnBvszLRcmBLzZdKwDiWmYh"), part: StreamMessage { stream_id: StreamId(b"\0\0\0\0\0\0\0&\0\0\0\0\0\0\0\x0c"), sequence: 3, content: Fin }, reply: Sender { inner: Some(Inner { state: State { is_complete: false, is_closed: false, is_rx_task_set: true, is_tx_task_set: false } }) } }
2025-08-25T09:38:16.008789Z  INFO node{moniker=app-2}:node{moniker=app-2}: Received proposal part from=12D3KooWD4wDmZaWggpGH9ACLhNztqnBvszLRcmBLzZdKwDiWmYh part.sequence=3 part.type=end of stream part.size=0
2025-08-25T09:38:16.008948Z  INFO node{moniker=app-2}:node{moniker=app-2}: Proposal data[0..32]: ca0fa30ebf656c27349f67388736ec5e4656dc5396c7bad1da7099b6fee52c21, total_size: 545 bytes, id: 750c71ff21813899
2025-08-25T09:38:16.012717Z  INFO node{moniker=app-2}:consensus{height=38 round=0}: Received vote height=38 vote_height=38 address=815F9FA61D7C4F1E4A9E30D40DCA1115BB48F759 Prevote(height: 38, round: 0, value: 750c71ff21813899, from: 815F9FA61D7C4F1E4A9E30D40DCA1115BB48F759)
2025-08-25T09:38:16.014839Z DEBUG node{moniker=app-2}:wal{height=38}: Wrote log entry type=Consensus(Vote) entry.size=117 
2025-08-25T09:38:16.015808Z  INFO node{moniker=app-2}:consensus{height=38 round=0}: Received proposal consensus.height=38 proposal.height=38 proposal.round=0 proposer=815F9FA61D7C4F1E4A9E30D40DCA1115BB48F759 Proposal(height: 38, round: 0, pol_round: -1, value: 750c71ff21813899, from: 815F9FA61D7C4F1E4A9E30D40DCA1115BB48F759)
2025-08-25T09:38:16.018326Z DEBUG node{moniker=app-2}:node{moniker=app-2}: ✅ Received complete proposal: ProposedValue { height: Height(38), round: Some(0), valid_round: Nil, proposer: Address(815F9FA61D7C4F1E4A9E30D40DCA1115BB48F759), value: Value { value: 8434241542750812313, extensions: b"\xca\x0f\xa3\x0e\xbfel'4\x9fg8\x876\xec^FV\xdcS\x96\xc7\xba\xd1\xdap\x99\xb6\xfe\xe5,!********************\xec&\xdf\x94B\xc5\xd4\xa0\xa0\xccSH\xc9`\x11[C\xda\x08\xc7\xae\xf6\xbeNL\xcc_\x13l\xa8\x92\xa6V\xe8\x1f\x17\x1b\xccU\xa6\xff\x83E\xe6\x92\xc0\xf8n[H\xe0\x1b\x99l\xad\xc0\x01b/\xb5\xe3c\xb4!\0\0\0\0\0\0\0\0\0\0\0\0\0\0\0\0\0\0\0\0\0\0\0\0\0\0\0\0\0\0\0\0\0\0\0\0\0\0\0\0\0\0\0\0\0\0\0\0\0\0\0\0\0\0\0\0\0\0\0\0\0\0\0\0\0\0\0\0\0\0\0\0\0\0\0\0\0\0\0\0\0\0\0\0\0\0\0\0\0\0\0\0\0\0\0\0\0\0\0\0\0\0\0\0\0\0\0\0\0\0\0\0\0\0\0\0\0\0\0\0\0\0\0\0\0\0\0\0\0\0\0\0\0\0\0\0\0\0\0\0\0\0\0\0\0\0\0\0\0\0\0\0\0\0\0\0\0\0\0\0\0\0\0\0\0\0\0\0\0\0\0\0\0\0\0\0\0\0\0\0\0\0\0\0\0\0\0\0\0\0\0\0\0\0\0\0\0\0\0\0\0\0\0\0\0\0\0\0\0\0\0\0\0\0\0\0\0\0\0\0\0\0\0\0\0\0\0\0\0\0\0\0\0\0\0\0\0\0\0\0\0\0\0\0\0\0\0\0\0\0\0\0\0\0\0\0\0\0\0\0\0\0\0\0\0\0\0\0\0\0\0\0\0\0\0\0\0\0\0\0\0\0\0\0\0\0\0\0&\0\0\0\0\0\0\0\x84\x0f\xdb\x01\0\0\0\0\0\0\0\0\0\0\0\0)/\xach\0\0\0\0\x10\x02\0\0\tv_\0\0\0\0\0\0\0\0\0\0\0\0\0\0\0\0\0\0\0\0\0\0\0\0\0\0\0\0\0\xbd\xe3:\x83\xd6\xac\x92D\"\xfe_&Z\xc2\xce}\x18\xe8\xfa\xfd\x1e\xa0\xd4!\xc0!\x19\x93\xb1\xb1:\xb0!\x02\0\0!\x02\0\0\0\0\0\0\0\0\0\0\0\0\0\0\0\0\0\0reth/v1.4.1/linux" }, validity: Valid }
2025-08-25T09:38:16.018702Z DEBUG node{moniker=app-2}:wal{height=38}: Wrote log entry type=Consensus(Proposal) entry.size=667 
2025-08-25T09:38:16.019104Z DEBUG node{moniker=app-2}:consensus{height=38 round=0}: No full proposal for this round yet, stored proposal for later proposal.height=38 proposal.round=0
2025-08-25T09:38:16.019133Z DEBUG node{moniker=app-2}:consensus{height=38 round=0}: We have a full proposal for this round, checking... proposal.height=38 proposal.round=0
2025-08-25T09:38:16.019148Z DEBUG node{moniker=app-2}:consensus{height=38 round=0}: Transitioned to new step step.previous=Propose step.new=Prevote
2025-08-25T09:38:16.019158Z  INFO node{moniker=app-2}:consensus{height=38 round=0}: Voting vote_type=Prevote value=750c71ff21813899 round=0
2025-08-25T09:38:16.019356Z  INFO node{moniker=app-2}:consensus{height=38 round=0}: Received vote height=38 vote_height=38 address=02CB1B49DA09615BD4A12212C39378556D990DFD Prevote(height: 38, round: 0, value: 750c71ff21813899, from: 02CB1B49DA09615BD4A12212C39378556D990DFD)
2025-08-25T09:38:16.019841Z DEBUG node{moniker=app-2}:wal{height=38}: Wrote log entry type=Consensus(Vote) entry.size=117 
2025-08-25T09:38:16.019990Z DEBUG node{moniker=app-2}:consensus{height=38 round=0}: Transitioned to new step step.previous=Prevote step.new=Precommit
2025-08-25T09:38:16.019998Z  INFO node{moniker=app-2}:consensus{height=38 round=0}: Voting vote_type=Precommit value=750c71ff21813899 round=0
2025-08-25T09:38:16.020015Z DEBUG node{moniker=app-2}:node{moniker=app-2}: metis-test:consensus-chan recv!!! msg:ExtendVote { height: Height(38), round: Some(0), value_id: ValueId(8434241542750812313), reply: Sender { inner: Some(Inner { state: State { is_complete: false, is_closed: false, is_rx_task_set: true, is_tx_task_set: false } }) } }
2025-08-25T09:38:16.020208Z  INFO node{moniker=app-2}:consensus{height=38 round=0}: Received vote height=38 vote_height=38 address=02CB1B49DA09615BD4A12212C39378556D990DFD Precommit(height: 38, round: 0, value: 750c71ff21813899, from: 02CB1B49DA09615BD4A12212C39378556D990DFD)
2025-08-25T09:38:16.020279Z DEBUG node{moniker=app-2}:wal{height=38}: Wrote log entry type=Consensus(Vote) entry.size=119 
2025-08-25T09:38:16.025457Z DEBUG node{moniker=app-2}:wal{height=38}: Flushed WAL to disk wal.entries=4 wal.size=1084
2025-08-25T09:38:16.025776Z DEBUG node{moniker=app-2}:network: Published message channel=/consensus size=110
2025-08-25T09:38:16.028559Z DEBUG node{moniker=app-2}:wal{height=38}: Flushed WAL to disk wal.entries=4 wal.size=1084
2025-08-25T09:38:16.029035Z DEBUG node{moniker=app-2}:network: Published message channel=/consensus size=108
2025-08-25T09:38:16.037835Z  INFO node{moniker=app-2}:consensus{height=38 round=0}: Received vote height=38 vote_height=38 address=815F9FA61D7C4F1E4A9E30D40DCA1115BB48F759 Precommit(height: 38, round: 0, value: 750c71ff21813899, from: 815F9FA61D7C4F1E4A9E30D40DCA1115BB48F759)
2025-08-25T09:38:16.038293Z DEBUG node{moniker=app-2}:wal{height=38}: Wrote log entry type=Consensus(Vote) entry.size=119 
2025-08-25T09:38:16.038360Z DEBUG node{moniker=app-2}:consensus{height=38 round=0}: Transitioned to new step step.previous=Precommit step.new=Commit
2025-08-25T09:38:16.038383Z  INFO node{moniker=app-2}:consensus{height=38 round=0}: Decided round=0 height=38 value=750c71ff21813899
2025-08-25T09:38:16.042393Z DEBUG node{moniker=app-2}:wal{height=38}: Flushed WAL to disk wal.entries=5 wal.size=1216
2025-08-25T09:38:16.042525Z DEBUG node{moniker=app-2}:sync{height.tip=37 height.sync=38}: Updating request state height.tip=38
2025-08-25T09:38:16.043083Z DEBUG node{moniker=app-2}:node{moniker=app-2}: metis-test:consensus-chan recv!!! msg:Decided { certificate: CommitCertificate { height: Height(38), round: Some(0), value_id: ValueId(8434241542750812313), commit_signatures: [CommitSignature { address: Address(02CB1B49DA09615BD4A12212C39378556D990DFD), signature: Signature(Signature { R_bytes: "d7e4526c104b542b52dc40070abc36c9c17a5e3a8fd8a8c3261ace73ced67244", s_bytes: "bb19c71c0f3e9b3bdcf99c62ed69eb3ab45f60430652b9a02b9327b1b6302c06" }) }, CommitSignature { address: Address(815F9FA61D7C4F1E4A9E30D40DCA1115BB48F759), signature: Signature(Signature { R_bytes: "b3451016c0f5e1fad00263cd0a8341bdf779e6c2d4ca4647b20317f1a851ebea", s_bytes: "a80cdf9fcc4918da6da63c7b812f2280929c780fcf26f112e15f80464455c806" }) }] }, extensions: VoteExtensions { extensions: [] }, reply: Sender { inner: Some(Inner { state: State { is_complete: false, is_closed: false, is_rx_task_set: true, is_tx_task_set: false } }) } }
2025-08-25T09:38:16.043106Z  INFO node{moniker=app-2}:node{moniker=app-2}: 🟢🟢 Consensus has decided on value height=38 round=0 value=750c71ff21813899
2025-08-25T09:38:16.043323Z DEBUG node{moniker=app-2}:node{moniker=app-2}: 🎁 block size: 545, height: 38
2025-08-25T09:38:16.043334Z  INFO node{moniker=app-2}:node{moniker=app-2}: 👉 stats at height 38: #txs=0, txs/s=0.00, chain_bytes=20710, bytes/s=2320.42
2025-08-25T09:38:16.043338Z DEBUG node{moniker=app-2}:node{moniker=app-2}: 🦄 Block at height 38 contains 0 transactions
2025-08-25T09:38:16.044156Z DEBUG node{moniker=app-2}:node{moniker=app-2}: 💡 New block added at height 38 with hash: 0xbde33a83d6ac924422fe5f265ac2ce7d18e8fafd1ea0d421c0211993b1b13ab0
2025-08-25T09:38:16.044163Z DEBUG node{moniker=app-2}:node{moniker=app-2}: 🟠 set_latest_forkchoice_state: 0xbde33a83d6ac924422fe5f265ac2ce7d18e8fafd1ea0d421c0211993b1b13ab0
2025-08-25T09:38:16.044778Z DEBUG node{moniker=app-2}:node{moniker=app-2}: ➡️ payload_status: PayloadStatus { status: Valid, latest_valid_hash: Some(0xbde33a83d6ac924422fe5f265ac2ce7d18e8fafd1ea0d421c0211993b1b13ab0) }
2025-08-25T09:38:16.044785Z DEBUG node{moniker=app-2}:node{moniker=app-2}: 🚀 Forkchoice updated to height 38 for block hash=0xbde33a83d6ac924422fe5f265ac2ce7d18e8fafd1ea0d421c0211993b1b13ab0 and latest_valid_hash=0xbde33a83d6ac924422fe5f265ac2ce7d18e8fafd1ea0d421c0211993b1b13ab0
2025-08-25T09:38:16.044788Z  INFO node{moniker=app-2}:node{moniker=app-2}: Looking for certificate height=38 round=0
2025-08-25T09:38:16.048382Z  INFO node{moniker=app-2}:node{moniker=app-2}: Committed block_data[0..32]: ca0fa30ebf656c27349f67388736ec5e4656dc5396c7bad1da7099b6fee52c21
2025-08-25T09:38:16.065650Z DEBUG node{moniker=app-2}:wal{height=39}: Reset WAL height=39
2025-08-25T09:38:16.066761Z DEBUG node{moniker=app-2}:consensus{height=39 round=0}: No WAL entries to replay height=39
2025-08-25T09:38:16.066797Z  INFO node{moniker=app-2}:consensus{height=39 round=0}: Starting new height height=39
2025-08-25T09:38:16.066803Z  INFO node{moniker=app-2}:consensus{height=39 round=0}: Starting new round height=39 round=0 proposer=815F9FA61D7C4F1E4A9E30D40DCA1115BB48F759 role=None
2025-08-25T09:38:16.066827Z DEBUG node{moniker=app-2}:sync{height.tip=37 height.sync=38}: Starting new height height.tip=38 height.sync=39 restart=false
2025-08-25T09:38:16.066833Z DEBUG node{moniker=app-2}:sync{height.tip=37 height.sync=38}: No peer to request sync from height.sync=39
2025-08-25T09:38:16.072588Z DEBUG node{moniker=app-2}:wal{height=39}: Flushed WAL to disk wal.entries=0 wal.size=12
2025-08-25T09:38:16.072662Z DEBUG node{moniker=app-2}:node{moniker=app-2}: metis-test:consensus-chan recv!!! msg:StartedRound { height: Height(39), round: Some(0), proposer: Address(815F9FA61D7C4F1E4A9E30D40DCA1115BB48F759), role: None, reply_value: Sender { inner: Some(Inner { state: State { is_complete: false, is_closed: false, is_rx_task_set: false, is_tx_task_set: false } }) } }
2025-08-25T09:38:16.072675Z  INFO node{moniker=app-2}:node{moniker=app-2}: 🟢🟢 Started round height=39 round=0 proposer=815F9FA61D7C4F1E4A9E30D40DCA1115BB48F759 role=None
2025-08-25T09:38:16.072687Z ERROR node{moniker=app-2}:consensus{height=39 round=0}: Error when processing effect: Messaging(RecvErr)
2025-08-25T09:38:16.072706Z DEBUG node{moniker=app-2}:consensus{height=39 round=0}: Transitioned to new step step.previous=Unstarted step.new=Propose
2025-08-25T09:38:16.072711Z  INFO node{moniker=app-2}:consensus{height=39 round=0}: Scheduling timeout round=0 step=Propose
2025-08-25T09:38:16.072719Z DEBUG node{moniker=app-2}:consensus{height=39 round=0}: Replaying inputs count=0
2025-08-25T09:38:16.076593Z DEBUG node{moniker=app-2}:node{moniker=app-2}: metis-test:consensus-chan recv!!! msg:ReceivedProposalPart { from: PeerId("12D3KooWD4wDmZaWggpGH9ACLhNztqnBvszLRcmBLzZdKwDiWmYh"), part: StreamMessage { stream_id: StreamId(b"\0\0\0\0\0\0\0'\0\0\0\0\0\0\0\r"), sequence: 0, content: Data(Init(ProposalInit { height: Height(39), round: Some(0), proposer: Address(815F9FA61D7C4F1E4A9E30D40DCA1115BB48F759) })) }, reply: Sender { inner: Some(Inner { state: State { is_complete: false, is_closed: false, is_rx_task_set: true, is_tx_task_set: false } }) } }
2025-08-25T09:38:16.076624Z  INFO node{moniker=app-2}:node{moniker=app-2}: Received proposal part from=12D3KooWD4wDmZaWggpGH9ACLhNztqnBvszLRcmBLzZdKwDiWmYh part.sequence=0 part.type=init part.size=28
2025-08-25T09:38:16.078003Z DEBUG node{moniker=app-2}:node{moniker=app-2}: metis-test:consensus-chan recv!!! msg:ReceivedProposalPart { from: PeerId("12D3KooWD4wDmZaWggpGH9ACLhNztqnBvszLRcmBLzZdKwDiWmYh"), part: StreamMessage { stream_id: StreamId(b"\0\0\0\0\0\0\0'\0\0\0\0\0\0\0\r"), sequence: 1, content: Data(Data(ProposalData { bytes: "<...>", len: 545 })) }, reply: Sender { inner: Some(Inner { state: State { is_complete: false, is_closed: false, is_rx_task_set: true, is_tx_task_set: false } }) } }
2025-08-25T09:38:16.078031Z  INFO node{moniker=app-2}:node{moniker=app-2}: Received proposal part from=12D3KooWD4wDmZaWggpGH9ACLhNztqnBvszLRcmBLzZdKwDiWmYh part.sequence=1 part.type=data part.size=551
2025-08-25T09:38:16.078059Z DEBUG node{moniker=app-2}:node{moniker=app-2}: metis-test:consensus-chan recv!!! msg:ReceivedProposalPart { from: PeerId("12D3KooWD4wDmZaWggpGH9ACLhNztqnBvszLRcmBLzZdKwDiWmYh"), part: StreamMessage { stream_id: StreamId(b"\0\0\0\0\0\0\0'\0\0\0\0\0\0\0\r"), sequence: 2, content: Data(Fin(ProposalFin { signature: Signature(Signature { R_bytes: "18d6e31833bb12ff463380fac76bee392ca51aad9d497e1b30611e6dd9800cbf", s_bytes: "45174315be427ab57dc7bfc34a496b8b5ebd3ba2ee7c56117d926a90538ec800" }) })) }, reply: Sender { inner: Some(Inner { state: State { is_complete: false, is_closed: false, is_rx_task_set: true, is_tx_task_set: false } }) } }
2025-08-25T09:38:16.078072Z  INFO node{moniker=app-2}:node{moniker=app-2}: Received proposal part from=12D3KooWD4wDmZaWggpGH9ACLhNztqnBvszLRcmBLzZdKwDiWmYh part.sequence=2 part.type=fin part.size=70
2025-08-25T09:38:16.078083Z DEBUG node{moniker=app-2}:node{moniker=app-2}: metis-test:consensus-chan recv!!! msg:ReceivedProposalPart { from: PeerId("12D3KooWD4wDmZaWggpGH9ACLhNztqnBvszLRcmBLzZdKwDiWmYh"), part: StreamMessage { stream_id: StreamId(b"\0\0\0\0\0\0\0'\0\0\0\0\0\0\0\r"), sequence: 3, content: Fin }, reply: Sender { inner: Some(Inner { state: State { is_complete: false, is_closed: false, is_rx_task_set: true, is_tx_task_set: false } }) } }
2025-08-25T09:38:16.078089Z  INFO node{moniker=app-2}:node{moniker=app-2}: Received proposal part from=12D3KooWD4wDmZaWggpGH9ACLhNztqnBvszLRcmBLzZdKwDiWmYh part.sequence=3 part.type=end of stream part.size=0
2025-08-25T09:38:16.078262Z  INFO node{moniker=app-2}:node{moniker=app-2}: Proposal data[0..32]: bde33a83d6ac924422fe5f265ac2ce7d18e8fafd1ea0d421c0211993b1b13ab0, total_size: 545 bytes, id: c8b1ae6f0eaaa626
2025-08-25T09:38:16.082879Z  INFO node{moniker=app-2}:consensus{height=39 round=0}: Received vote height=39 vote_height=39 address=815F9FA61D7C4F1E4A9E30D40DCA1115BB48F759 Prevote(height: 39, round: 0, value: c8b1ae6f0eaaa626, from: 815F9FA61D7C4F1E4A9E30D40DCA1115BB48F759)
2025-08-25T09:38:16.084857Z DEBUG node{moniker=app-2}:wal{height=39}: Wrote log entry type=Consensus(Vote) entry.size=118 
2025-08-25T09:38:16.085440Z  INFO node{moniker=app-2}:consensus{height=39 round=0}: Received proposal consensus.height=39 proposal.height=39 proposal.round=0 proposer=815F9FA61D7C4F1E4A9E30D40DCA1115BB48F759 Proposal(height: 39, round: 0, pol_round: -1, value: c8b1ae6f0eaaa626, from: 815F9FA61D7C4F1E4A9E30D40DCA1115BB48F759)
2025-08-25T09:38:16.092202Z DEBUG node{moniker=app-2}:node{moniker=app-2}: ✅ Received complete proposal: ProposedValue { height: Height(39), round: Some(0), valid_round: Nil, proposer: Address(815F9FA61D7C4F1E4A9E30D40DCA1115BB48F759), value: Value { value: 14461531670474040870, extensions: b"\xbd\xe3:\x83\xd6\xac\x92D\"\xfe_&Z\xc2\xce}\x18\xe8\xfa\xfd\x1e\xa0\xd4!\xc0!\x19\x93\xb1\xb1:\xb0********************\xec&\xdf\x94B\xc5\xd4\xa0\xa0\xccSH\xc9`\x11[C\xda\x08\xc7\xae\xf6\xbeNL\xcc_\x13l\xa8\x92\xa6V\xe8\x1f\x17\x1b\xccU\xa6\xff\x83E\xe6\x92\xc0\xf8n[H\xe0\x1b\x99l\xad\xc0\x01b/\xb5\xe3c\xb4!\0\0\0\0\0\0\0\0\0\0\0\0\0\0\0\0\0\0\0\0\0\0\0\0\0\0\0\0\0\0\0\0\0\0\0\0\0\0\0\0\0\0\0\0\0\0\0\0\0\0\0\0\0\0\0\0\0\0\0\0\0\0\0\0\0\0\0\0\0\0\0\0\0\0\0\0\0\0\0\0\0\0\0\0\0\0\0\0\0\0\0\0\0\0\0\0\0\0\0\0\0\0\0\0\0\0\0\0\0\0\0\0\0\0\0\0\0\0\0\0\0\0\0\0\0\0\0\0\0\0\0\0\0\0\0\0\0\0\0\0\0\0\0\0\0\0\0\0\0\0\0\0\0\0\0\0\0\0\0\0\0\0\0\0\0\0\0\0\0\0\0\0\0\0\0\0\0\0\0\0\0\0\0\0\0\0\0\0\0\0\0\0\0\0\0\0\0\0\0\0\0\0\0\0\0\0\0\0\0\0\0\0\0\0\0\0\0\0\0\0\0\0\0\0\0\0\0\0\0\0\0\0\0\0\0\0\0\0\0\0\0\0\0\0\0\0\0\0\0\0\0\0\0\0\0\0\0\0\0\0\0\0\0\0\0\0\0\0\0\0\0\0\0\0\0\0\0\0\0\0\0\0\0\0\0\0\0\0'\0\0\0\0\0\0\0F\x86\xdb\x01\0\0\0\0\0\0\0\0\0\0\0\0*/\xach\0\0\0\0\x10\x02\0\0H\x87S\0\0\0\0\0\0\0\0\0\0\0\0\0\0\0\0\0\0\0\0\0\0\0\0\0\0\0\0\0#D\xe8\r9\xbf\xc3\xc3\x88\xe5\x9e\xb8\xbd\x08d\xb8\x8a\x17\xa9\x8a\x94uI.\xcf\x87\xa7C\x0b\xdb\x83\x82!\x02\0\0!\x02\0\0\0\0\0\0\0\0\0\0\0\0\0\0\0\0\0\0reth/v1.4.1/linux" }, validity: Valid }
2025-08-25T09:38:16.092206Z DEBUG node{moniker=app-2}:wal{height=39}: Wrote log entry type=Consensus(Proposal) entry.size=668 
2025-08-25T09:38:16.092276Z DEBUG node{moniker=app-2}:consensus{height=39 round=0}: No full proposal for this round yet, stored proposal for later proposal.height=39 proposal.round=0
2025-08-25T09:38:16.092299Z DEBUG node{moniker=app-2}:consensus{height=39 round=0}: We have a full proposal for this round, checking... proposal.height=39 proposal.round=0
2025-08-25T09:38:16.092312Z DEBUG node{moniker=app-2}:consensus{height=39 round=0}: Transitioned to new step step.previous=Propose step.new=Prevote
2025-08-25T09:38:16.098355Z  INFO node{moniker=app-2}:consensus{height=39 round=0}: Received vote height=39 vote_height=39 address=DE7BA2BE72D2225286133990FF5810B691A5261C Precommit(height: 39, round: 0, value: c8b1ae6f0eaaa626, from: DE7BA2BE72D2225286133990FF5810B691A5261C)
2025-08-25T09:38:16.098899Z DEBUG node{moniker=app-2}:wal{height=39}: Wrote log entry type=Consensus(Vote) entry.size=120 
2025-08-25T09:38:16.099567Z  INFO node{moniker=app-2}:consensus{height=39 round=0}: Received vote height=39 vote_height=39 address=DE7BA2BE72D2225286133990FF5810B691A5261C Prevote(height: 39, round: 0, value: c8b1ae6f0eaaa626, from: DE7BA2BE72D2225286133990FF5810B691A5261C)
2025-08-25T09:38:16.099678Z DEBUG node{moniker=app-2}:wal{height=39}: Wrote log entry type=Consensus(Vote) entry.size=118 
2025-08-25T09:38:16.099837Z DEBUG node{moniker=app-2}:consensus{height=39 round=0}: Transitioned to new step step.previous=Prevote step.new=Precommit
2025-08-25T09:38:16.106506Z  INFO node{moniker=app-2}:consensus{height=39 round=0}: Received vote height=39 vote_height=39 address=815F9FA61D7C4F1E4A9E30D40DCA1115BB48F759 Precommit(height: 39, round: 0, value: c8b1ae6f0eaaa626, from: 815F9FA61D7C4F1E4A9E30D40DCA1115BB48F759)
2025-08-25T09:38:16.106677Z DEBUG node{moniker=app-2}:wal{height=39}: Wrote log entry type=Consensus(Vote) entry.size=120 
2025-08-25T09:38:16.106720Z DEBUG node{moniker=app-2}:consensus{height=39 round=0}: Transitioned to new step step.previous=Precommit step.new=Commit
2025-08-25T09:38:16.106727Z  INFO node{moniker=app-2}:consensus{height=39 round=0}: Decided round=0 height=39 value=c8b1ae6f0eaaa626
2025-08-25T09:38:16.109929Z DEBUG node{moniker=app-2}:wal{height=39}: Flushed WAL to disk wal.entries=5 wal.size=1221
2025-08-25T09:38:16.110014Z DEBUG node{moniker=app-2}:sync{height.tip=38 height.sync=39}: Updating request state height.tip=39
2025-08-25T09:38:16.110043Z DEBUG node{moniker=app-2}:node{moniker=app-2}: metis-test:consensus-chan recv!!! msg:Decided { certificate: CommitCertificate { height: Height(39), round: Some(0), value_id: ValueId(14461531670474040870), commit_signatures: [CommitSignature { address: Address(815F9FA61D7C4F1E4A9E30D40DCA1115BB48F759), signature: Signature(Signature { R_bytes: "2a4cfba60cfdd8ccd73946a6513e3dd781fe032ee0277552e01bd46914e77ce1", s_bytes: "86a6bcf370f02a2b8e04a75ae177ef5eadf0c0347a845f387a5a653ca0db9a0b" }) }, CommitSignature { address: Address(DE7BA2BE72D2225286133990FF5810B691A5261C), signature: Signature(Signature { R_bytes: "e7b056dfa76083d9dc198aa218b5edb20fb9c049cb27fb97d516ebf4a547ae55", s_bytes: "5beeb52663c575dd6ad0eab09fe856edd4fc60f1070288b914edefeea72d2106" }) }] }, extensions: VoteExtensions { extensions: [] }, reply: Sender { inner: Some(Inner { state: State { is_complete: false, is_closed: false, is_rx_task_set: true, is_tx_task_set: false } }) } }
2025-08-25T09:38:16.110073Z  INFO node{moniker=app-2}:node{moniker=app-2}: 🟢🟢 Consensus has decided on value height=39 round=0 value=c8b1ae6f0eaaa626
2025-08-25T09:38:16.110125Z DEBUG node{moniker=app-2}:node{moniker=app-2}: 🎁 block size: 545, height: 39
2025-08-25T09:38:16.110211Z  INFO node{moniker=app-2}:node{moniker=app-2}: 👉 stats at height 39: #txs=0, txs/s=0.00, chain_bytes=21255, bytes/s=2363.77
2025-08-25T09:38:16.110217Z DEBUG node{moniker=app-2}:node{moniker=app-2}: 🦄 Block at height 39 contains 0 transactions
2025-08-25T09:38:16.111890Z DEBUG node{moniker=app-2}:node{moniker=app-2}: 💡 New block added at height 39 with hash: 0x2344e80d39bfc3c388e59eb8bd0864b88a17a98a9475492ecf87a7430bdb8382
2025-08-25T09:38:16.111898Z DEBUG node{moniker=app-2}:node{moniker=app-2}: 🟠 set_latest_forkchoice_state: 0x2344e80d39bfc3c388e59eb8bd0864b88a17a98a9475492ecf87a7430bdb8382
2025-08-25T09:38:16.112707Z DEBUG node{moniker=app-2}:node{moniker=app-2}: ➡️ payload_status: PayloadStatus { status: Valid, latest_valid_hash: Some(0x2344e80d39bfc3c388e59eb8bd0864b88a17a98a9475492ecf87a7430bdb8382) }
2025-08-25T09:38:16.112714Z DEBUG node{moniker=app-2}:node{moniker=app-2}: 🚀 Forkchoice updated to height 39 for block hash=0x2344e80d39bfc3c388e59eb8bd0864b88a17a98a9475492ecf87a7430bdb8382 and latest_valid_hash=0x2344e80d39bfc3c388e59eb8bd0864b88a17a98a9475492ecf87a7430bdb8382
2025-08-25T09:38:16.112718Z  INFO node{moniker=app-2}:node{moniker=app-2}: Looking for certificate height=39 round=0
2025-08-25T09:38:16.118459Z  INFO node{moniker=app-2}:node{moniker=app-2}: Committed block_data[0..32]: bde33a83d6ac924422fe5f265ac2ce7d18e8fafd1ea0d421c0211993b1b13ab0
2025-08-25T09:38:16.143921Z DEBUG node{moniker=app-2}:wal{height=40}: Reset WAL height=40
2025-08-25T09:38:16.143985Z DEBUG node{moniker=app-2}:consensus{height=40 round=0}: No WAL entries to replay height=40
2025-08-25T09:38:16.144027Z  INFO node{moniker=app-2}:consensus{height=40 round=0}: Starting new height height=40
2025-08-25T09:38:16.144040Z  INFO node{moniker=app-2}:consensus{height=40 round=0}: Starting new round height=40 round=0 proposer=02CB1B49DA09615BD4A12212C39378556D990DFD role=Proposer
2025-08-25T09:38:16.144067Z DEBUG node{moniker=app-2}:sync{height.tip=38 height.sync=39}: Starting new height height.tip=39 height.sync=40 restart=false
2025-08-25T09:38:16.144073Z DEBUG node{moniker=app-2}:sync{height.tip=38 height.sync=39}: No peer to request sync from height.sync=40
2025-08-25T09:38:16.148653Z DEBUG node{moniker=app-2}:wal{height=40}: Flushed WAL to disk wal.entries=0 wal.size=12
2025-08-25T09:38:16.148798Z DEBUG node{moniker=app-2}:node{moniker=app-2}: metis-test:consensus-chan recv!!! msg:StartedRound { height: Height(40), round: Some(0), proposer: Address(02CB1B49DA09615BD4A12212C39378556D990DFD), role: Proposer, reply_value: Sender { inner: Some(Inner { state: State { is_complete: false, is_closed: false, is_rx_task_set: false, is_tx_task_set: false } }) } }
2025-08-25T09:38:16.148849Z  INFO node{moniker=app-2}:node{moniker=app-2}: 🟢🟢 Started round height=40 round=0 proposer=02CB1B49DA09615BD4A12212C39378556D990DFD role=Proposer
2025-08-25T09:38:16.148868Z ERROR node{moniker=app-2}:consensus{height=40 round=0}: Error when processing effect: Messaging(RecvErr)
2025-08-25T09:38:16.148888Z DEBUG node{moniker=app-2}:consensus{height=40 round=0}: Transitioned to new step step.previous=Unstarted step.new=Propose
2025-08-25T09:38:16.148895Z  INFO node{moniker=app-2}:consensus{height=40 round=0}: Scheduling timeout round=0 step=Propose
2025-08-25T09:38:16.148902Z  INFO node{moniker=app-2}:consensus{height=40 round=0}: Requesting value from application height=40 round=0
2025-08-25T09:38:16.148913Z DEBUG node{moniker=app-2}:consensus{height=40 round=0}: Replaying inputs count=0
2025-08-25T09:38:16.148948Z DEBUG node{moniker=app-2}:node{moniker=app-2}: metis-test:consensus-chan recv!!! msg:GetValue { height: Height(40), round: Some(0), timeout: 3s, reply: Sender { inner: Some(Inner { state: State { is_complete: false, is_closed: false, is_rx_task_set: true, is_tx_task_set: false } }) } }
2025-08-25T09:38:16.148955Z  INFO node{moniker=app-2}:node{moniker=app-2}: 🟢🟢 Consensus is requesting a value to propose height=40 round=0
2025-08-25T09:38:16.148960Z DEBUG node{moniker=app-2}:node{moniker=app-2}: 🟠 generate_block on top of ExecutionBlock { block_hash: 0x2344e80d39bfc3c388e59eb8bd0864b88a17a98a9475492ecf87a7430bdb8382, block_number: 39, parent_hash: 0x2344e80d39bfc3c388e59eb8bd0864b88a17a98a9475492ecf87a7430bdb8382, timestamp: 1756114730, prev_randao: 0x0000000000000000000000000000000000000000000000000000000000000000 }
2025-08-25T09:38:16.152580Z DEBUG node{moniker=app-2}:node{moniker=app-2}: 🌈 Got execution payload: ExecutionPayloadV3 { payload_inner: ExecutionPayloadV2 { payload_inner: ExecutionPayloadV1 { parent_hash: 0x2344e80d39bfc3c388e59eb8bd0864b88a17a98a9475492ecf87a7430bdb8382, fee_recipient: 0x2a2a2a2a2a2a2a2a2a2a2a2a2a2a2a2a2a2a2a2a, state_root: 0xec26df9442c5d4a0a0cc5348c960115b43da08c7aef6be4e4ccc5f136ca892a6, receipts_root: 0x56e81f171bcc55a6ff8345e692c0f86e5b48e01b996cadc001622fb5e363b421, logs_bloom: 0x00000000000000000000000000000000000000000000000000000000000000000000000000000000000000000000000000000000000000000000000000000000000000000000000000000000000000000000000000000000000000000000000000000000000000000000000000000000000000000000000000000000000000000000000000000000000000000000000000000000000000000000000000000000000000000000000000000000000000000000000000000000000000000000000000000000000000000000000000000000000000000000000000000000000000000000000000000000000000000000000000000000000000000000000000000000, prev_randao: 0x0000000000000000000000000000000000000000000000000000000000000000, block_number: 40, gas_limit: 31194406, gas_used: 0, timestamp: 1756114731, extra_data: 0x726574682f76312e342e312f6c696e7578, base_fee_per_gas: 4789855, block_hash: 0xe0e1620cc068643022638e64996bef519eb3e1c1c00bc781387b1c0c8d85df28, transactions: [] }, withdrawals: [] }, blob_gas_used: 0, excess_blob_gas: 0 }
2025-08-25T09:38:16.152603Z DEBUG node{moniker=app-2}:node{moniker=app-2}: 🎁 block size: 545, height: 40
2025-08-25T09:38:16.160478Z  INFO node{moniker=app-2}:node{moniker=app-2}: Streaming proposal part: StreamMessage { stream_id: StreamId(b"\0\0\0\0\0\0\0(\0\0\0\0\0\0\0\r"), sequence: 0, content: Data(Init(ProposalInit { height: Height(40), round: Some(0), proposer: Address(02CB1B49DA09615BD4A12212C39378556D990DFD) })) } height=40 round=0
2025-08-25T09:38:16.160524Z  INFO node{moniker=app-2}:node{moniker=app-2}: Streaming proposal part: StreamMessage { stream_id: StreamId(b"\0\0\0\0\0\0\0(\0\0\0\0\0\0\0\r"), sequence: 1, content: Data(Data(ProposalData { bytes: "<...>", len: 545 })) } height=40 round=0
2025-08-25T09:38:16.160553Z  INFO node{moniker=app-2}:node{moniker=app-2}: Streaming proposal part: StreamMessage { stream_id: StreamId(b"\0\0\0\0\0\0\0(\0\0\0\0\0\0\0\r"), sequence: 2, content: Data(Fin(ProposalFin { signature: Signature(Signature { R_bytes: "2f63d0a6eb5271bbc31048b955da66ff5bf776873166b6ca6630f0cbf2aaeb96", s_bytes: "9cd959fe18dee57b3a6e66ee4870c22d78a478cb9a999c4541ce8fc82092090d" }) })) } height=40 round=0
2025-08-25T09:38:16.160721Z DEBUG node{moniker=app-2}:network: Published message channel=/proposal_parts size=48
2025-08-25T09:38:16.160747Z  INFO node{moniker=app-2}:node{moniker=app-2}: Streaming proposal part: StreamMessage { stream_id: StreamId(b"\0\0\0\0\0\0\0(\0\0\0\0\0\0\0\r"), sequence: 3, content: Fin } height=40 round=0
2025-08-25T09:38:16.160993Z DEBUG node{moniker=app-2}:network: Published message channel=/proposal_parts size=574
2025-08-25T09:38:16.161061Z DEBUG node{moniker=app-2}:node{moniker=app-2}: ✅ Proposal sent height=40 round=0
2025-08-25T09:38:16.161170Z DEBUG node{moniker=app-2}:network: Published message channel=/proposal_parts size=92
2025-08-25T09:38:16.161246Z DEBUG node{moniker=app-2}:wal{height=40}: Wrote log entry type=LocallyProposedValue entry.size=599 
2025-08-25T09:38:16.161298Z DEBUG node{moniker=app-2}:network: Published message channel=/proposal_parts size=22
2025-08-25T09:38:16.161389Z  INFO node{moniker=app-2}:consensus{height=40 round=0}: Proposing value id=ba6ec4bc5c5b67de round=0
2025-08-25T09:38:16.161588Z  INFO node{moniker=app-2}:consensus{height=40 round=0}: Received proposal consensus.height=40 proposal.height=40 proposal.round=0 proposer=02CB1B49DA09615BD4A12212C39378556D990DFD Proposal(height: 40, round: 0, pol_round: -1, value: ba6ec4bc5c5b67de, from: 02CB1B49DA09615BD4A12212C39378556D990DFD)
2025-08-25T09:38:16.161728Z DEBUG node{moniker=app-2}:wal{height=40}: Wrote log entry type=Consensus(Proposal) entry.size=668 
2025-08-25T09:38:16.161996Z DEBUG node{moniker=app-2}:consensus{height=40 round=0}: Transitioned to new step step.previous=Propose step.new=Prevote
2025-08-25T09:38:16.162005Z  INFO node{moniker=app-2}:consensus{height=40 round=0}: Voting vote_type=Prevote value=ba6ec4bc5c5b67de round=0
2025-08-25T09:38:16.162241Z  INFO node{moniker=app-2}:consensus{height=40 round=0}: Received vote height=40 vote_height=40 address=02CB1B49DA09615BD4A12212C39378556D990DFD Prevote(height: 40, round: 0, value: ba6ec4bc5c5b67de, from: 02CB1B49DA09615BD4A12212C39378556D990DFD)
2025-08-25T09:38:16.162300Z DEBUG node{moniker=app-2}:wal{height=40}: Wrote log entry type=Consensus(Vote) entry.size=118 
2025-08-25T09:38:16.165234Z DEBUG node{moniker=app-2}:wal{height=40}: Flushed WAL to disk wal.entries=3 wal.size=1436
2025-08-25T09:38:16.166522Z DEBUG node{moniker=app-2}:network: Published message channel=/consensus size=109
2025-08-25T09:38:16.171730Z DEBUG node{moniker=app-2}:wal{height=40}: Flushed WAL to disk wal.entries=3 wal.size=1436
2025-08-25T09:38:16.171967Z DEBUG node{moniker=app-2}:network: Published message channel=/consensus size=659
2025-08-25T09:38:16.181611Z  INFO node{moniker=app-2}:consensus{height=40 round=0}: Received vote height=40 vote_height=40 address=DE7BA2BE72D2225286133990FF5810B691A5261C Precommit(height: 40, round: 0, value: ba6ec4bc5c5b67de, from: DE7BA2BE72D2225286133990FF5810B691A5261C)
2025-08-25T09:38:16.183826Z DEBUG node{moniker=app-2}:wal{height=40}: Wrote log entry type=Consensus(Vote) entry.size=120 
2025-08-25T09:38:16.184677Z  INFO node{moniker=app-2}:consensus{height=40 round=0}: Received vote height=40 vote_height=40 address=DE7BA2BE72D2225286133990FF5810B691A5261C Prevote(height: 40, round: 0, value: ba6ec4bc5c5b67de, from: DE7BA2BE72D2225286133990FF5810B691A5261C)
2025-08-25T09:38:16.184796Z DEBUG node{moniker=app-2}:wal{height=40}: Wrote log entry type=Consensus(Vote) entry.size=118 
2025-08-25T09:38:16.184950Z DEBUG node{moniker=app-2}:consensus{height=40 round=0}: Transitioned to new step step.previous=Prevote step.new=Precommit
2025-08-25T09:38:16.184961Z  INFO node{moniker=app-2}:consensus{height=40 round=0}: Voting vote_type=Precommit value=ba6ec4bc5c5b67de round=0
2025-08-25T09:38:16.184983Z DEBUG node{moniker=app-2}:node{moniker=app-2}: metis-test:consensus-chan recv!!! msg:ExtendVote { height: Height(40), round: Some(0), value_id: ValueId(13433891051775158238), reply: Sender { inner: Some(Inner { state: State { is_complete: false, is_closed: false, is_rx_task_set: true, is_tx_task_set: false } }) } }
2025-08-25T09:38:16.185201Z  INFO node{moniker=app-2}:consensus{height=40 round=0}: Received vote height=40 vote_height=40 address=02CB1B49DA09615BD4A12212C39378556D990DFD Precommit(height: 40, round: 0, value: ba6ec4bc5c5b67de, from: 02CB1B49DA09615BD4A12212C39378556D990DFD)
2025-08-25T09:38:16.185319Z DEBUG node{moniker=app-2}:wal{height=40}: Wrote log entry type=Consensus(Vote) entry.size=120 
2025-08-25T09:38:16.185350Z DEBUG node{moniker=app-2}:consensus{height=40 round=0}: Transitioned to new step step.previous=Precommit step.new=Commit
2025-08-25T09:38:16.185356Z  INFO node{moniker=app-2}:consensus{height=40 round=0}: Decided round=0 height=40 value=ba6ec4bc5c5b67de
2025-08-25T09:38:16.188327Z DEBUG node{moniker=app-2}:wal{height=40}: Flushed WAL to disk wal.entries=6 wal.size=1833
2025-08-25T09:38:16.188397Z DEBUG node{moniker=app-2}:sync{height.tip=39 height.sync=40}: Updating request state height.tip=40
2025-08-25T09:38:16.188420Z DEBUG node{moniker=app-2}:node{moniker=app-2}: metis-test:consensus-chan recv!!! msg:Decided { certificate: CommitCertificate { height: Height(40), round: Some(0), value_id: ValueId(13433891051775158238), commit_signatures: [CommitSignature { address: Address(02CB1B49DA09615BD4A12212C39378556D990DFD), signature: Signature(Signature { R_bytes: "778d5514945d04b40ab57ad708bb4529704b5b4d2e116638738650e7051d596f", s_bytes: "3b98656c5fb2f9fb17a4ce74bd4ccdf1efa6f3fa0add14ab5869da251ac5b500" }) }, CommitSignature { address: Address(DE7BA2BE72D2225286133990FF5810B691A5261C), signature: Signature(Signature { R_bytes: "339aa10dd3a5e318f89373d5b298be0984d73ae414b9a96eaf6750ac7aa8c41e", s_bytes: "72806ce1c7e80d5adf104d79a6acd200f8c2c4a30d377429ae345a114b1b6e03" }) }] }, extensions: VoteExtensions { extensions: [] }, reply: Sender { inner: Some(Inner { state: State { is_complete: false, is_closed: false, is_rx_task_set: true, is_tx_task_set: false } }) } }
2025-08-25T09:38:16.188439Z  INFO node{moniker=app-2}:node{moniker=app-2}: 🟢🟢 Consensus has decided on value height=40 round=0 value=ba6ec4bc5c5b67de
2025-08-25T09:38:16.188508Z DEBUG node{moniker=app-2}:node{moniker=app-2}: 🎁 block size: 545, height: 40
2025-08-25T09:38:16.188520Z  INFO node{moniker=app-2}:node{moniker=app-2}: 👉 stats at height 40: #txs=0, txs/s=0.00, chain_bytes=21800, bytes/s=2403.45
2025-08-25T09:38:16.188525Z DEBUG node{moniker=app-2}:node{moniker=app-2}: 🦄 Block at height 40 contains 0 transactions
2025-08-25T09:38:16.191233Z DEBUG node{moniker=app-2}:wal{height=40}: Flushed WAL to disk wal.entries=6 wal.size=1833
2025-08-25T09:38:16.191528Z DEBUG node{moniker=app-2}:node{moniker=app-2}: 💡 New block added at height 40 with hash: 0xe0e1620cc068643022638e64996bef519eb3e1c1c00bc781387b1c0c8d85df28
2025-08-25T09:38:16.191538Z DEBUG node{moniker=app-2}:node{moniker=app-2}: 🟠 set_latest_forkchoice_state: 0xe0e1620cc068643022638e64996bef519eb3e1c1c00bc781387b1c0c8d85df28
2025-08-25T09:38:16.191887Z DEBUG node{moniker=app-2}:network: Published message channel=/consensus size=111
2025-08-25T09:38:16.192992Z DEBUG node{moniker=app-2}:node{moniker=app-2}: ➡️ payload_status: PayloadStatus { status: Valid, latest_valid_hash: Some(0xe0e1620cc068643022638e64996bef519eb3e1c1c00bc781387b1c0c8d85df28) }
2025-08-25T09:38:16.193004Z DEBUG node{moniker=app-2}:node{moniker=app-2}: 🚀 Forkchoice updated to height 40 for block hash=0xe0e1620cc068643022638e64996bef519eb3e1c1c00bc781387b1c0c8d85df28 and latest_valid_hash=0xe0e1620cc068643022638e64996bef519eb3e1c1c00bc781387b1c0c8d85df28
2025-08-25T09:38:16.193007Z  INFO node{moniker=app-2}:node{moniker=app-2}: Looking for certificate height=40 round=0
2025-08-25T09:38:16.198898Z  INFO node{moniker=app-2}:node{moniker=app-2}: Committed block_data[0..32]: 2344e80d39bfc3c388e59eb8bd0864b88a17a98a9475492ecf87a7430bdb8382
2025-08-25T09:38:16.210016Z DEBUG node{moniker=app-2}:wal{height=41}: Reset WAL height=41
2025-08-25T09:38:16.210076Z DEBUG node{moniker=app-2}:consensus{height=41 round=0}: No WAL entries to replay height=41
2025-08-25T09:38:16.210109Z  INFO node{moniker=app-2}:consensus{height=41 round=0}: Starting new height height=41
2025-08-25T09:38:16.210115Z  INFO node{moniker=app-2}:consensus{height=41 round=0}: Starting new round height=41 round=0 proposer=02CB1B49DA09615BD4A12212C39378556D990DFD role=Proposer
2025-08-25T09:38:16.210139Z DEBUG node{moniker=app-2}:sync{height.tip=39 height.sync=40}: Starting new height height.tip=40 height.sync=41 restart=false
2025-08-25T09:38:16.210146Z DEBUG node{moniker=app-2}:sync{height.tip=39 height.sync=40}: No peer to request sync from height.sync=41
2025-08-25T09:38:16.212354Z DEBUG node{moniker=app-2}:wal{height=41}: Flushed WAL to disk wal.entries=0 wal.size=12
2025-08-25T09:38:16.212409Z DEBUG node{moniker=app-2}:node{moniker=app-2}: metis-test:consensus-chan recv!!! msg:StartedRound { height: Height(41), round: Some(0), proposer: Address(02CB1B49DA09615BD4A12212C39378556D990DFD), role: Proposer, reply_value: Sender { inner: Some(Inner { state: State { is_complete: false, is_closed: false, is_rx_task_set: false, is_tx_task_set: false } }) } }
2025-08-25T09:38:16.212420Z  INFO node{moniker=app-2}:node{moniker=app-2}: 🟢🟢 Started round height=41 round=0 proposer=02CB1B49DA09615BD4A12212C39378556D990DFD role=Proposer
2025-08-25T09:38:16.212431Z ERROR node{moniker=app-2}:consensus{height=41 round=0}: Error when processing effect: Messaging(RecvErr)
2025-08-25T09:38:16.212447Z DEBUG node{moniker=app-2}:consensus{height=41 round=0}: Transitioned to new step step.previous=Unstarted step.new=Propose
2025-08-25T09:38:16.212577Z  INFO node{moniker=app-2}:consensus{height=41 round=0}: Scheduling timeout round=0 step=Propose
2025-08-25T09:38:16.212711Z  INFO node{moniker=app-2}:consensus{height=41 round=0}: Requesting value from application height=41 round=0
2025-08-25T09:38:16.212784Z DEBUG node{moniker=app-2}:consensus{height=41 round=0}: Replaying inputs count=0
2025-08-25T09:38:16.212974Z DEBUG node{moniker=app-2}:node{moniker=app-2}: metis-test:consensus-chan recv!!! msg:GetValue { height: Height(41), round: Some(0), timeout: 3s, reply: Sender { inner: Some(Inner { state: State { is_complete: false, is_closed: false, is_rx_task_set: true, is_tx_task_set: false } }) } }
2025-08-25T09:38:16.212984Z  INFO node{moniker=app-2}:node{moniker=app-2}: 🟢🟢 Consensus is requesting a value to propose height=41 round=0
2025-08-25T09:38:16.212989Z DEBUG node{moniker=app-2}:node{moniker=app-2}: 🟠 generate_block on top of ExecutionBlock { block_hash: 0xe0e1620cc068643022638e64996bef519eb3e1c1c00bc781387b1c0c8d85df28, block_number: 40, parent_hash: 0xe0e1620cc068643022638e64996bef519eb3e1c1c00bc781387b1c0c8d85df28, timestamp: 1756114731, prev_randao: 0x0000000000000000000000000000000000000000000000000000000000000000 }
2025-08-25T09:38:16.216218Z DEBUG node{moniker=app-2}:node{moniker=app-2}: 🌈 Got execution payload: ExecutionPayloadV3 { payload_inner: ExecutionPayloadV2 { payload_inner: ExecutionPayloadV1 { parent_hash: 0xe0e1620cc068643022638e64996bef519eb3e1c1c00bc781387b1c0c8d85df28, fee_recipient: 0x2a2a2a2a2a2a2a2a2a2a2a2a2a2a2a2a2a2a2a2a, state_root: 0xec26df9442c5d4a0a0cc5348c960115b43da08c7aef6be4e4ccc5f136ca892a6, receipts_root: 0x56e81f171bcc55a6ff8345e692c0f86e5b48e01b996cadc001622fb5e363b421, logs_bloom: 0x00000000000000000000000000000000000000000000000000000000000000000000000000000000000000000000000000000000000000000000000000000000000000000000000000000000000000000000000000000000000000000000000000000000000000000000000000000000000000000000000000000000000000000000000000000000000000000000000000000000000000000000000000000000000000000000000000000000000000000000000000000000000000000000000000000000000000000000000000000000000000000000000000000000000000000000000000000000000000000000000000000000000000000000000000000000, prev_randao: 0x0000000000000000000000000000000000000000000000000000000000000000, block_number: 41, gas_limit: 31224868, gas_used: 0, timestamp: 1756114732, extra_data: 0x726574682f76312e342e312f6c696e7578, base_fee_per_gas: 4191124, block_hash: 0xf7a677c8da02e49d71962410bcd9d9ac904dcdb2dc60454e235c522bbca0fb6b, transactions: [] }, withdrawals: [] }, blob_gas_used: 0, excess_blob_gas: 0 }
2025-08-25T09:38:16.216240Z DEBUG node{moniker=app-2}:node{moniker=app-2}: 🎁 block size: 545, height: 41
2025-08-25T09:38:16.233048Z  INFO node{moniker=app-2}:node{moniker=app-2}: Streaming proposal part: StreamMessage { stream_id: StreamId(b"\0\0\0\0\0\0\0)\0\0\0\0\0\0\0\x0e"), sequence: 0, content: Data(Init(ProposalInit { height: Height(41), round: Some(0), proposer: Address(02CB1B49DA09615BD4A12212C39378556D990DFD) })) } height=41 round=0
2025-08-25T09:38:16.233079Z  INFO node{moniker=app-2}:node{moniker=app-2}: Streaming proposal part: StreamMessage { stream_id: StreamId(b"\0\0\0\0\0\0\0)\0\0\0\0\0\0\0\x0e"), sequence: 1, content: Data(Data(ProposalData { bytes: "<...>", len: 545 })) } height=41 round=0
2025-08-25T09:38:16.233121Z  INFO node{moniker=app-2}:node{moniker=app-2}: Streaming proposal part: StreamMessage { stream_id: StreamId(b"\0\0\0\0\0\0\0)\0\0\0\0\0\0\0\x0e"), sequence: 2, content: Data(Fin(ProposalFin { signature: Signature(Signature { R_bytes: "fc82324848517f1563d9573ce9b630a9e0e08379bd71e0de1ba1b156baa5a0d5", s_bytes: "aa4036de0064fdd5bec4c6a123b2132e5ab399b44fee63e92b43520516d1ca08" }) })) } height=41 round=0
2025-08-25T09:38:16.233321Z DEBUG node{moniker=app-2}:network: Published message channel=/proposal_parts size=48
2025-08-25T09:38:16.233362Z  INFO node{moniker=app-2}:node{moniker=app-2}: Streaming proposal part: StreamMessage { stream_id: StreamId(b"\0\0\0\0\0\0\0)\0\0\0\0\0\0\0\x0e"), sequence: 3, content: Fin } height=41 round=0
2025-08-25T09:38:16.233426Z DEBUG node{moniker=app-2}:wal{height=41}: Wrote log entry type=LocallyProposedValue entry.size=598 
2025-08-25T09:38:16.233588Z DEBUG node{moniker=app-2}:network: Published message channel=/proposal_parts size=574
2025-08-25T09:38:16.233662Z DEBUG node{moniker=app-2}:node{moniker=app-2}: ✅ Proposal sent height=41 round=0
2025-08-25T09:38:16.233757Z DEBUG node{moniker=app-2}:network: Published message channel=/proposal_parts size=92
2025-08-25T09:38:16.233871Z DEBUG node{moniker=app-2}:network: Published message channel=/proposal_parts size=22
2025-08-25T09:38:16.233950Z  INFO node{moniker=app-2}:consensus{height=41 round=0}: Proposing value id=2f182065b987f73d round=0
2025-08-25T09:38:16.234113Z  INFO node{moniker=app-2}:consensus{height=41 round=0}: Received proposal consensus.height=41 proposal.height=41 proposal.round=0 proposer=02CB1B49DA09615BD4A12212C39378556D990DFD Proposal(height: 41, round: 0, pol_round: -1, value: 2f182065b987f73d, from: 02CB1B49DA09615BD4A12212C39378556D990DFD)
2025-08-25T09:38:16.235375Z DEBUG node{moniker=app-2}:wal{height=41}: Wrote log entry type=Consensus(Proposal) entry.size=667 
2025-08-25T09:38:16.236025Z DEBUG node{moniker=app-2}:consensus{height=41 round=0}: Transitioned to new step step.previous=Propose step.new=Prevote
2025-08-25T09:38:16.236036Z  INFO node{moniker=app-2}:consensus{height=41 round=0}: Voting vote_type=Prevote value=2f182065b987f73d round=0
2025-08-25T09:38:16.236306Z  INFO node{moniker=app-2}:consensus{height=41 round=0}: Received vote height=41 vote_height=41 address=02CB1B49DA09615BD4A12212C39378556D990DFD Prevote(height: 41, round: 0, value: 2f182065b987f73d, from: 02CB1B49DA09615BD4A12212C39378556D990DFD)
2025-08-25T09:38:16.236603Z DEBUG node{moniker=app-2}:wal{height=41}: Wrote log entry type=Consensus(Vote) entry.size=117 
2025-08-25T09:38:16.243645Z DEBUG node{moniker=app-2}:wal{height=41}: Flushed WAL to disk wal.entries=3 wal.size=1433
2025-08-25T09:38:16.244057Z DEBUG node{moniker=app-2}:network: Published message channel=/consensus size=108
2025-08-25T09:38:16.247492Z DEBUG node{moniker=app-2}:wal{height=41}: Flushed WAL to disk wal.entries=3 wal.size=1433
2025-08-25T09:38:16.247654Z DEBUG node{moniker=app-2}:network: Published message channel=/consensus size=658
2025-08-25T09:38:16.258574Z  INFO node{moniker=app-2}:consensus{height=41 round=0}: Received vote height=41 vote_height=41 address=815F9FA61D7C4F1E4A9E30D40DCA1115BB48F759 Precommit(height: 41, round: 0, value: 2f182065b987f73d, from: 815F9FA61D7C4F1E4A9E30D40DCA1115BB48F759)
2025-08-25T09:38:16.259063Z DEBUG node{moniker=app-2}:wal{height=41}: Wrote log entry type=Consensus(Vote) entry.size=119 
2025-08-25T09:38:16.259786Z  INFO node{moniker=app-2}:consensus{height=41 round=0}: Received vote height=41 vote_height=41 address=815F9FA61D7C4F1E4A9E30D40DCA1115BB48F759 Prevote(height: 41, round: 0, value: 2f182065b987f73d, from: 815F9FA61D7C4F1E4A9E30D40DCA1115BB48F759)
2025-08-25T09:38:16.259973Z DEBUG node{moniker=app-2}:wal{height=41}: Wrote log entry type=Consensus(Vote) entry.size=117 
2025-08-25T09:38:16.260030Z DEBUG node{moniker=app-2}:consensus{height=41 round=0}: Transitioned to new step step.previous=Prevote step.new=Precommit
2025-08-25T09:38:16.260039Z  INFO node{moniker=app-2}:consensus{height=41 round=0}: Voting vote_type=Precommit value=2f182065b987f73d round=0
2025-08-25T09:38:16.260059Z DEBUG node{moniker=app-2}:node{moniker=app-2}: metis-test:consensus-chan recv!!! msg:ExtendVote { height: Height(41), round: Some(0), value_id: ValueId(3393497940500150077), reply: Sender { inner: Some(Inner { state: State { is_complete: false, is_closed: false, is_rx_task_set: true, is_tx_task_set: false } }) } }
2025-08-25T09:38:16.260229Z  INFO node{moniker=app-2}:consensus{height=41 round=0}: Received vote height=41 vote_height=41 address=02CB1B49DA09615BD4A12212C39378556D990DFD Precommit(height: 41, round: 0, value: 2f182065b987f73d, from: 02CB1B49DA09615BD4A12212C39378556D990DFD)
2025-08-25T09:38:16.260298Z DEBUG node{moniker=app-2}:wal{height=41}: Wrote log entry type=Consensus(Vote) entry.size=119 
2025-08-25T09:38:16.260326Z DEBUG node{moniker=app-2}:consensus{height=41 round=0}: Transitioned to new step step.previous=Precommit step.new=Commit
2025-08-25T09:38:16.260331Z  INFO node{moniker=app-2}:consensus{height=41 round=0}: Decided round=0 height=41 value=2f182065b987f73d
2025-08-25T09:38:16.263598Z DEBUG node{moniker=app-2}:wal{height=41}: Flushed WAL to disk wal.entries=6 wal.size=1827
2025-08-25T09:38:16.263680Z DEBUG node{moniker=app-2}:sync{height.tip=40 height.sync=41}: Updating request state height.tip=41
2025-08-25T09:38:16.263700Z DEBUG node{moniker=app-2}:node{moniker=app-2}: metis-test:consensus-chan recv!!! msg:Decided { certificate: CommitCertificate { height: Height(41), round: Some(0), value_id: ValueId(3393497940500150077), commit_signatures: [CommitSignature { address: Address(02CB1B49DA09615BD4A12212C39378556D990DFD), signature: Signature(Signature { R_bytes: "9159f7aa843fcd56865ac70e6ac1963cb0124c87e768ecfc57702e485ddf285b", s_bytes: "3d4543cfcdf37b371f7138354527c005dabc906bc6d42d05e150cd9000b00f0a" }) }, CommitSignature { address: Address(815F9FA61D7C4F1E4A9E30D40DCA1115BB48F759), signature: Signature(Signature { R_bytes: "8ae3e1d9d111c32285f19b0dff2cb0984e96c3e86914d4eb501f92bf4af8c1f3", s_bytes: "aa3812e3e799483105d2410a287ba45a07793f8847ee4ce9ef6af5aa55da560f" }) }] }, extensions: VoteExtensions { extensions: [] }, reply: Sender { inner: Some(Inner { state: State { is_complete: false, is_closed: false, is_rx_task_set: true, is_tx_task_set: false } }) } }
2025-08-25T09:38:16.263716Z  INFO node{moniker=app-2}:node{moniker=app-2}: 🟢🟢 Consensus has decided on value height=41 round=0 value=2f182065b987f73d
2025-08-25T09:38:16.263775Z DEBUG node{moniker=app-2}:node{moniker=app-2}: 🎁 block size: 545, height: 41
2025-08-25T09:38:16.263783Z  INFO node{moniker=app-2}:node{moniker=app-2}: 👉 stats at height 41: #txs=0, txs/s=0.00, chain_bytes=22345, bytes/s=2443.26
2025-08-25T09:38:16.263787Z DEBUG node{moniker=app-2}:node{moniker=app-2}: 🦄 Block at height 41 contains 0 transactions
2025-08-25T09:38:16.266448Z DEBUG node{moniker=app-2}:wal{height=41}: Flushed WAL to disk wal.entries=6 wal.size=1827
2025-08-25T09:38:16.266742Z DEBUG node{moniker=app-2}:network: Published message channel=/consensus size=110
2025-08-25T09:38:16.268365Z DEBUG node{moniker=app-2}:node{moniker=app-2}: 💡 New block added at height 41 with hash: 0xf7a677c8da02e49d71962410bcd9d9ac904dcdb2dc60454e235c522bbca0fb6b
2025-08-25T09:38:16.268389Z DEBUG node{moniker=app-2}:node{moniker=app-2}: 🟠 set_latest_forkchoice_state: 0xf7a677c8da02e49d71962410bcd9d9ac904dcdb2dc60454e235c522bbca0fb6b
2025-08-25T09:38:16.272120Z DEBUG node{moniker=app-2}:node{moniker=app-2}: ➡️ payload_status: PayloadStatus { status: Valid, latest_valid_hash: Some(0xf7a677c8da02e49d71962410bcd9d9ac904dcdb2dc60454e235c522bbca0fb6b) }
2025-08-25T09:38:16.272158Z DEBUG node{moniker=app-2}:node{moniker=app-2}: 🚀 Forkchoice updated to height 41 for block hash=0xf7a677c8da02e49d71962410bcd9d9ac904dcdb2dc60454e235c522bbca0fb6b and latest_valid_hash=0xf7a677c8da02e49d71962410bcd9d9ac904dcdb2dc60454e235c522bbca0fb6b
2025-08-25T09:38:16.272161Z  INFO node{moniker=app-2}:node{moniker=app-2}: Looking for certificate height=41 round=0
2025-08-25T09:38:16.275573Z  INFO node{moniker=app-2}:node{moniker=app-2}: Committed block_data[0..32]: e0e1620cc068643022638e64996bef519eb3e1c1c00bc781387b1c0c8d85df28
2025-08-25T09:38:16.295756Z DEBUG node{moniker=app-2}:wal{height=42}: Reset WAL height=42
2025-08-25T09:38:16.295841Z DEBUG node{moniker=app-2}:consensus{height=42 round=0}: No WAL entries to replay height=42
2025-08-25T09:38:16.295896Z  INFO node{moniker=app-2}:consensus{height=42 round=0}: Starting new height height=42
2025-08-25T09:38:16.295903Z  INFO node{moniker=app-2}:consensus{height=42 round=0}: Starting new round height=42 round=0 proposer=DE7BA2BE72D2225286133990FF5810B691A5261C role=None
2025-08-25T09:38:16.295933Z DEBUG node{moniker=app-2}:sync{height.tip=40 height.sync=41}: Starting new height height.tip=41 height.sync=42 restart=false
2025-08-25T09:38:16.295948Z DEBUG node{moniker=app-2}:sync{height.tip=40 height.sync=41}: No peer to request sync from height.sync=42
2025-08-25T09:38:16.303271Z DEBUG node{moniker=app-2}:wal{height=42}: Flushed WAL to disk wal.entries=0 wal.size=12
2025-08-25T09:38:16.303364Z DEBUG node{moniker=app-2}:node{moniker=app-2}: metis-test:consensus-chan recv!!! msg:StartedRound { height: Height(42), round: Some(0), proposer: Address(DE7BA2BE72D2225286133990FF5810B691A5261C), role: None, reply_value: Sender { inner: Some(Inner { state: State { is_complete: false, is_closed: false, is_rx_task_set: false, is_tx_task_set: false } }) } }
2025-08-25T09:38:16.303379Z  INFO node{moniker=app-2}:node{moniker=app-2}: 🟢🟢 Started round height=42 round=0 proposer=DE7BA2BE72D2225286133990FF5810B691A5261C role=None
2025-08-25T09:38:16.303397Z ERROR node{moniker=app-2}:consensus{height=42 round=0}: Error when processing effect: Messaging(RecvErr)
2025-08-25T09:38:16.303425Z DEBUG node{moniker=app-2}:consensus{height=42 round=0}: Transitioned to new step step.previous=Unstarted step.new=Propose
2025-08-25T09:38:16.303435Z  INFO node{moniker=app-2}:consensus{height=42 round=0}: Scheduling timeout round=0 step=Propose
2025-08-25T09:38:16.303450Z DEBUG node{moniker=app-2}:consensus{height=42 round=0}: Replaying inputs count=0
2025-08-25T09:38:16.322090Z DEBUG node{moniker=app-2}:node{moniker=app-2}: metis-test:consensus-chan recv!!! msg:ReceivedProposalPart { from: PeerId("12D3KooWEFmACkQS9HNWY86xGVM3LS7fRpQ8saTb5VdfdYCzuUvE"), part: StreamMessage { stream_id: StreamId(b"\0\0\0\0\0\0\0*\0\0\0\0\0\0\0\r"), sequence: 0, content: Data(Init(ProposalInit { height: Height(42), round: Some(0), proposer: Address(DE7BA2BE72D2225286133990FF5810B691A5261C) })) }, reply: Sender { inner: Some(Inner { state: State { is_complete: false, is_closed: false, is_rx_task_set: true, is_tx_task_set: false } }) } }
2025-08-25T09:38:16.322147Z  INFO node{moniker=app-2}:node{moniker=app-2}: Received proposal part from=12D3KooWEFmACkQS9HNWY86xGVM3LS7fRpQ8saTb5VdfdYCzuUvE part.sequence=0 part.type=init part.size=28
2025-08-25T09:38:16.323422Z DEBUG node{moniker=app-2}:node{moniker=app-2}: metis-test:consensus-chan recv!!! msg:ReceivedProposalPart { from: PeerId("12D3KooWEFmACkQS9HNWY86xGVM3LS7fRpQ8saTb5VdfdYCzuUvE"), part: StreamMessage { stream_id: StreamId(b"\0\0\0\0\0\0\0*\0\0\0\0\0\0\0\r"), sequence: 1, content: Data(Data(ProposalData { bytes: "<...>", len: 545 })) }, reply: Sender { inner: Some(Inner { state: State { is_complete: false, is_closed: false, is_rx_task_set: true, is_tx_task_set: false } }) } }
2025-08-25T09:38:16.323458Z  INFO node{moniker=app-2}:node{moniker=app-2}: Received proposal part from=12D3KooWEFmACkQS9HNWY86xGVM3LS7fRpQ8saTb5VdfdYCzuUvE part.sequence=1 part.type=data part.size=551
2025-08-25T09:38:16.324402Z DEBUG node{moniker=app-2}:node{moniker=app-2}: metis-test:consensus-chan recv!!! msg:ReceivedProposalPart { from: PeerId("12D3KooWEFmACkQS9HNWY86xGVM3LS7fRpQ8saTb5VdfdYCzuUvE"), part: StreamMessage { stream_id: StreamId(b"\0\0\0\0\0\0\0*\0\0\0\0\0\0\0\r"), sequence: 2, content: Data(Fin(ProposalFin { signature: Signature(Signature { R_bytes: "ef31bce0ff122e64dc442ff0b007a00f182edb5f76f3c2d664e5306545f4fac6", s_bytes: "a4e4101b24b49d95cbe1984e664daf2ff1c34e6ff0fd52d118221ea2184f3b07" }) })) }, reply: Sender { inner: Some(Inner { state: State { is_complete: false, is_closed: false, is_rx_task_set: true, is_tx_task_set: false } }) } }
2025-08-25T09:38:16.324420Z  INFO node{moniker=app-2}:node{moniker=app-2}: Received proposal part from=12D3KooWEFmACkQS9HNWY86xGVM3LS7fRpQ8saTb5VdfdYCzuUvE part.sequence=2 part.type=fin part.size=70
2025-08-25T09:38:16.324434Z DEBUG node{moniker=app-2}:node{moniker=app-2}: metis-test:consensus-chan recv!!! msg:ReceivedProposalPart { from: PeerId("12D3KooWEFmACkQS9HNWY86xGVM3LS7fRpQ8saTb5VdfdYCzuUvE"), part: StreamMessage { stream_id: StreamId(b"\0\0\0\0\0\0\0*\0\0\0\0\0\0\0\r"), sequence: 3, content: Fin }, reply: Sender { inner: Some(Inner { state: State { is_complete: false, is_closed: false, is_rx_task_set: true, is_tx_task_set: false } }) } }
2025-08-25T09:38:16.324441Z  INFO node{moniker=app-2}:node{moniker=app-2}: Received proposal part from=12D3KooWEFmACkQS9HNWY86xGVM3LS7fRpQ8saTb5VdfdYCzuUvE part.sequence=3 part.type=end of stream part.size=0
2025-08-25T09:38:16.324577Z  INFO node{moniker=app-2}:node{moniker=app-2}: Proposal data[0..32]: f7a677c8da02e49d71962410bcd9d9ac904dcdb2dc60454e235c522bbca0fb6b, total_size: 545 bytes, id: a1db31bd7f60bc4b
2025-08-25T09:38:16.327783Z  INFO node{moniker=app-2}:consensus{height=42 round=0}: Received vote height=42 vote_height=42 address=DE7BA2BE72D2225286133990FF5810B691A5261C Prevote(height: 42, round: 0, value: a1db31bd7f60bc4b, from: DE7BA2BE72D2225286133990FF5810B691A5261C)
2025-08-25T09:38:16.329890Z DEBUG node{moniker=app-2}:wal{height=42}: Wrote log entry type=Consensus(Vote) entry.size=118 
2025-08-25T09:38:16.331664Z  INFO node{moniker=app-2}:consensus{height=42 round=0}: Received proposal consensus.height=42 proposal.height=42 proposal.round=0 proposer=DE7BA2BE72D2225286133990FF5810B691A5261C Proposal(height: 42, round: 0, pol_round: -1, value: a1db31bd7f60bc4b, from: DE7BA2BE72D2225286133990FF5810B691A5261C)
2025-08-25T09:38:16.333903Z DEBUG node{moniker=app-2}:wal{height=42}: Wrote log entry type=Consensus(Proposal) entry.size=668 
2025-08-25T09:38:16.334170Z DEBUG node{moniker=app-2}:consensus{height=42 round=0}: No full proposal for this round yet, stored proposal for later proposal.height=42 proposal.round=0
2025-08-25T09:38:16.335670Z DEBUG node{moniker=app-2}:node{moniker=app-2}: ✅ Received complete proposal: ProposedValue { height: Height(42), round: Some(0), valid_round: Nil, proposer: Address(DE7BA2BE72D2225286133990FF5810B691A5261C), value: Value { value: 11662970349961657419, extensions: b"\xf7\xa6w\xc8\xda\x02\xe4\x9dq\x96$\x10\xbc\xd9\xd9\xac\x90M\xcd\xb2\xdc`EN#\\R+\xbc\xa0\xfbk********************\xec&\xdf\x94B\xc5\xd4\xa0\xa0\xccSH\xc9`\x11[C\xda\x08\xc7\xae\xf6\xbeNL\xcc_\x13l\xa8\x92\xa6V\xe8\x1f\x17\x1b\xccU\xa6\xff\x83E\xe6\x92\xc0\xf8n[H\xe0\x1b\x99l\xad\xc0\x01b/\xb5\xe3c\xb4!\0\0\0\0\0\0\0\0\0\0\0\0\0\0\0\0\0\0\0\0\0\0\0\0\0\0\0\0\0\0\0\0\0\0\0\0\0\0\0\0\0\0\0\0\0\0\0\0\0\0\0\0\0\0\0\0\0\0\0\0\0\0\0\0\0\0\0\0\0\0\0\0\0\0\0\0\0\0\0\0\0\0\0\0\0\0\0\0\0\0\0\0\0\0\0\0\0\0\0\0\0\0\0\0\0\0\0\0\0\0\0\0\0\0\0\0\0\0\0\0\0\0\0\0\0\0\0\0\0\0\0\0\0\0\0\0\0\0\0\0\0\0\0\0\0\0\0\0\0\0\0\0\0\0\0\0\0\0\0\0\0\0\0\0\0\0\0\0\0\0\0\0\0\0\0\0\0\0\0\0\0\0\0\0\0\0\0\0\0\0\0\0\0\0\0\0\0\0\0\0\0\0\0\0\0\0\0\0\0\0\0\0\0\0\0\0\0\0\0\0\0\0\0\0\0\0\0\0\0\0\0\0\0\0\0\0\0\0\0\0\0\0\0\0\0\0\0\0\0\0\0\0\0\0\0\0\0\0\0\0\0\0\0\0\0\0\0\0\0\0\0\0\0\0\0\0\0\0\0\0\0\0\0\0\0\0\0\0*\0\0\0\0\0\0\0@\xeb\xdc\x01\0\0\0\0\0\0\0\0\0\0\0\0-/\xach\0\0\0\0\x10\x02\0\0\"\xf57\0\0\0\0\0\0\0\0\0\0\0\0\0\0\0\0\0\0\0\0\0\0\0\0\0\0\0\0\0f2\x89K\xde\xb1Q\xfce\x16p\x9d[p\x87\x81\xb7b\xab\x8d\x94V\xf0u\xfd\x05\xb2\xfc\xac/\xe5\x19!\x02\0\0!\x02\0\0\0\0\0\0\0\0\0\0\0\0\0\0\0\0\0\0reth/v1.4.1/linux" }, validity: Valid }
2025-08-25T09:38:16.335765Z DEBUG node{moniker=app-2}:consensus{height=42 round=0}: We have a full proposal for this round, checking... proposal.height=42 proposal.round=0
2025-08-25T09:38:16.335787Z DEBUG node{moniker=app-2}:consensus{height=42 round=0}: Transitioned to new step step.previous=Propose step.new=Prevote
2025-08-25T09:38:16.340593Z  INFO node{moniker=app-2}:consensus{height=42 round=0}: Received vote height=42 vote_height=42 address=815F9FA61D7C4F1E4A9E30D40DCA1115BB48F759 Precommit(height: 42, round: 0, value: a1db31bd7f60bc4b, from: 815F9FA61D7C4F1E4A9E30D40DCA1115BB48F759)
2025-08-25T09:38:16.342487Z DEBUG node{moniker=app-2}:wal{height=42}: Wrote log entry type=Consensus(Vote) entry.size=120 
2025-08-25T09:38:16.344082Z  INFO node{moniker=app-2}:consensus{height=42 round=0}: Received vote height=42 vote_height=42 address=815F9FA61D7C4F1E4A9E30D40DCA1115BB48F759 Prevote(height: 42, round: 0, value: a1db31bd7f60bc4b, from: 815F9FA61D7C4F1E4A9E30D40DCA1115BB48F759)
2025-08-25T09:38:16.344352Z DEBUG node{moniker=app-2}:wal{height=42}: Wrote log entry type=Consensus(Vote) entry.size=118 
2025-08-25T09:38:16.344432Z DEBUG node{moniker=app-2}:consensus{height=42 round=0}: Transitioned to new step step.previous=Prevote step.new=Precommit
2025-08-25T09:38:16.354104Z  INFO node{moniker=app-2}:consensus{height=42 round=0}: Received vote height=42 vote_height=42 address=DE7BA2BE72D2225286133990FF5810B691A5261C Precommit(height: 42, round: 0, value: a1db31bd7f60bc4b, from: DE7BA2BE72D2225286133990FF5810B691A5261C)
2025-08-25T09:38:16.356970Z DEBUG node{moniker=app-2}:wal{height=42}: Wrote log entry type=Consensus(Vote) entry.size=120 
2025-08-25T09:38:16.357315Z DEBUG node{moniker=app-2}:consensus{height=42 round=0}: Transitioned to new step step.previous=Precommit step.new=Commit
2025-08-25T09:38:16.357324Z  INFO node{moniker=app-2}:consensus{height=42 round=0}: Decided round=0 height=42 value=a1db31bd7f60bc4b
2025-08-25T09:38:16.362650Z DEBUG node{moniker=app-2}:wal{height=42}: Flushed WAL to disk wal.entries=5 wal.size=1221
2025-08-25T09:38:16.362825Z DEBUG node{moniker=app-2}:sync{height.tip=41 height.sync=42}: Updating request state height.tip=42
2025-08-25T09:38:16.362840Z DEBUG node{moniker=app-2}:node{moniker=app-2}: metis-test:consensus-chan recv!!! msg:Decided { certificate: CommitCertificate { height: Height(42), round: Some(0), value_id: ValueId(11662970349961657419), commit_signatures: [CommitSignature { address: Address(815F9FA61D7C4F1E4A9E30D40DCA1115BB48F759), signature: Signature(Signature { R_bytes: "786d2b39b447209462903d63748378f84055b22c05dfc359ea3d99e7580042bc", s_bytes: "9871b121343a34b61208c53482120844a1482d610b51ef221508428b481e6d05" }) }, CommitSignature { address: Address(DE7BA2BE72D2225286133990FF5810B691A5261C), signature: Signature(Signature { R_bytes: "3d291517c012fb7520780b9d8478b66515c1d996ab3b164cc1967cd5a4d361a8", s_bytes: "a9c9ea91ac94f4fc4db8fac46ee343400e318dfd27e7a406c643d4c9a12e420d" }) }] }, extensions: VoteExtensions { extensions: [] }, reply: Sender { inner: Some(Inner { state: State { is_complete: false, is_closed: false, is_rx_task_set: true, is_tx_task_set: false } }) } }
2025-08-25T09:38:16.362861Z  INFO node{moniker=app-2}:node{moniker=app-2}: 🟢🟢 Consensus has decided on value height=42 round=0 value=a1db31bd7f60bc4b
2025-08-25T09:38:16.363074Z DEBUG node{moniker=app-2}:node{moniker=app-2}: 🎁 block size: 545, height: 42
2025-08-25T09:38:16.363087Z  INFO node{moniker=app-2}:node{moniker=app-2}: 👉 stats at height 42: #txs=0, txs/s=0.00, chain_bytes=22890, bytes/s=2475.97
2025-08-25T09:38:16.363093Z DEBUG node{moniker=app-2}:node{moniker=app-2}: 🦄 Block at height 42 contains 0 transactions
2025-08-25T09:38:16.364411Z DEBUG node{moniker=app-2}:node{moniker=app-2}: 💡 New block added at height 42 with hash: 0x6632894bdeb151fc6516709d5b708781b762ab8d9456f075fd05b2fcac2fe519
2025-08-25T09:38:16.364416Z DEBUG node{moniker=app-2}:node{moniker=app-2}: 🟠 set_latest_forkchoice_state: 0x6632894bdeb151fc6516709d5b708781b762ab8d9456f075fd05b2fcac2fe519
2025-08-25T09:38:16.365023Z DEBUG node{moniker=app-2}:node{moniker=app-2}: ➡️ payload_status: PayloadStatus { status: Valid, latest_valid_hash: Some(0x6632894bdeb151fc6516709d5b708781b762ab8d9456f075fd05b2fcac2fe519) }
2025-08-25T09:38:16.365029Z DEBUG node{moniker=app-2}:node{moniker=app-2}: 🚀 Forkchoice updated to height 42 for block hash=0x6632894bdeb151fc6516709d5b708781b762ab8d9456f075fd05b2fcac2fe519 and latest_valid_hash=0x6632894bdeb151fc6516709d5b708781b762ab8d9456f075fd05b2fcac2fe519
2025-08-25T09:38:16.365032Z  INFO node{moniker=app-2}:node{moniker=app-2}: Looking for certificate height=42 round=0
2025-08-25T09:38:16.369778Z  INFO node{moniker=app-2}:node{moniker=app-2}: Committed block_data[0..32]: f7a677c8da02e49d71962410bcd9d9ac904dcdb2dc60454e235c522bbca0fb6b
2025-08-25T09:38:16.404512Z DEBUG node{moniker=app-2}:wal{height=43}: Reset WAL height=43
2025-08-25T09:38:16.404588Z DEBUG node{moniker=app-2}:consensus{height=43 round=0}: No WAL entries to replay height=43
2025-08-25T09:38:16.404627Z  INFO node{moniker=app-2}:consensus{height=43 round=0}: Starting new height height=43
2025-08-25T09:38:16.404632Z  INFO node{moniker=app-2}:consensus{height=43 round=0}: Starting new round height=43 round=0 proposer=DE7BA2BE72D2225286133990FF5810B691A5261C role=Validator
2025-08-25T09:38:16.404660Z DEBUG node{moniker=app-2}:sync{height.tip=41 height.sync=42}: Starting new height height.tip=42 height.sync=43 restart=false
2025-08-25T09:38:16.404666Z DEBUG node{moniker=app-2}:sync{height.tip=41 height.sync=42}: No peer to request sync from height.sync=43
2025-08-25T09:38:16.410923Z DEBUG node{moniker=app-2}:wal{height=43}: Flushed WAL to disk wal.entries=0 wal.size=12
2025-08-25T09:38:16.411244Z DEBUG node{moniker=app-2}:node{moniker=app-2}: metis-test:consensus-chan recv!!! msg:StartedRound { height: Height(43), round: Some(0), proposer: Address(DE7BA2BE72D2225286133990FF5810B691A5261C), role: Validator, reply_value: Sender { inner: Some(Inner { state: State { is_complete: false, is_closed: false, is_rx_task_set: false, is_tx_task_set: false } }) } }
2025-08-25T09:38:16.411264Z  INFO node{moniker=app-2}:node{moniker=app-2}: 🟢🟢 Started round height=43 round=0 proposer=DE7BA2BE72D2225286133990FF5810B691A5261C role=Validator
2025-08-25T09:38:16.411281Z ERROR node{moniker=app-2}:consensus{height=43 round=0}: Error when processing effect: Messaging(RecvErr)
2025-08-25T09:38:16.411306Z DEBUG node{moniker=app-2}:consensus{height=43 round=0}: Transitioned to new step step.previous=Unstarted step.new=Propose
2025-08-25T09:38:16.411313Z  INFO node{moniker=app-2}:consensus{height=43 round=0}: Scheduling timeout round=0 step=Propose
2025-08-25T09:38:16.411325Z DEBUG node{moniker=app-2}:consensus{height=43 round=0}: Replaying inputs count=0
2025-08-25T09:38:16.411393Z DEBUG node{moniker=app-2}:node{moniker=app-2}: metis-test:consensus-chan recv!!! msg:ReceivedProposalPart { from: PeerId("12D3KooWEFmACkQS9HNWY86xGVM3LS7fRpQ8saTb5VdfdYCzuUvE"), part: StreamMessage { stream_id: StreamId(b"\0\0\0\0\0\0\0+\0\0\0\0\0\0\0\x0e"), sequence: 0, content: Data(Init(ProposalInit { height: Height(43), round: Some(0), proposer: Address(DE7BA2BE72D2225286133990FF5810B691A5261C) })) }, reply: Sender { inner: Some(Inner { state: State { is_complete: false, is_closed: false, is_rx_task_set: true, is_tx_task_set: false } }) } }
2025-08-25T09:38:16.411421Z  INFO node{moniker=app-2}:node{moniker=app-2}: Received proposal part from=12D3KooWEFmACkQS9HNWY86xGVM3LS7fRpQ8saTb5VdfdYCzuUvE part.sequence=0 part.type=init part.size=28
2025-08-25T09:38:16.411446Z DEBUG node{moniker=app-2}:node{moniker=app-2}: metis-test:consensus-chan recv!!! msg:ReceivedProposalPart { from: PeerId("12D3KooWEFmACkQS9HNWY86xGVM3LS7fRpQ8saTb5VdfdYCzuUvE"), part: StreamMessage { stream_id: StreamId(b"\0\0\0\0\0\0\0+\0\0\0\0\0\0\0\x0e"), sequence: 1, content: Data(Data(ProposalData { bytes: "<...>", len: 545 })) }, reply: Sender { inner: Some(Inner { state: State { is_complete: false, is_closed: false, is_rx_task_set: true, is_tx_task_set: false } }) } }
2025-08-25T09:38:16.411459Z  INFO node{moniker=app-2}:node{moniker=app-2}: Received proposal part from=12D3KooWEFmACkQS9HNWY86xGVM3LS7fRpQ8saTb5VdfdYCzuUvE part.sequence=1 part.type=data part.size=551
2025-08-25T09:38:16.411472Z DEBUG node{moniker=app-2}:node{moniker=app-2}: metis-test:consensus-chan recv!!! msg:ReceivedProposalPart { from: PeerId("12D3KooWEFmACkQS9HNWY86xGVM3LS7fRpQ8saTb5VdfdYCzuUvE"), part: StreamMessage { stream_id: StreamId(b"\0\0\0\0\0\0\0+\0\0\0\0\0\0\0\x0e"), sequence: 2, content: Data(Fin(ProposalFin { signature: Signature(Signature { R_bytes: "b5e1e3672f11acdeb8d750d5e6a8968af7c014860d602f4bb0b3c9190fe74d68", s_bytes: "dcca2c645dc961b30d057697b3e821ae22c82de79b5901031fe5041697ef7804" }) })) }, reply: Sender { inner: Some(Inner { state: State { is_complete: false, is_closed: false, is_rx_task_set: true, is_tx_task_set: false } }) } }
2025-08-25T09:38:16.411486Z  INFO node{moniker=app-2}:node{moniker=app-2}: Received proposal part from=12D3KooWEFmACkQS9HNWY86xGVM3LS7fRpQ8saTb5VdfdYCzuUvE part.sequence=2 part.type=fin part.size=70
2025-08-25T09:38:16.411498Z DEBUG node{moniker=app-2}:node{moniker=app-2}: metis-test:consensus-chan recv!!! msg:ReceivedProposalPart { from: PeerId("12D3KooWEFmACkQS9HNWY86xGVM3LS7fRpQ8saTb5VdfdYCzuUvE"), part: StreamMessage { stream_id: StreamId(b"\0\0\0\0\0\0\0+\0\0\0\0\0\0\0\x0e"), sequence: 3, content: Fin }, reply: Sender { inner: Some(Inner { state: State { is_complete: false, is_closed: false, is_rx_task_set: true, is_tx_task_set: false } }) } }
2025-08-25T09:38:16.411507Z  INFO node{moniker=app-2}:node{moniker=app-2}: Received proposal part from=12D3KooWEFmACkQS9HNWY86xGVM3LS7fRpQ8saTb5VdfdYCzuUvE part.sequence=3 part.type=end of stream part.size=0
2025-08-25T09:38:16.411731Z  INFO node{moniker=app-2}:node{moniker=app-2}: Proposal data[0..32]: 6632894bdeb151fc6516709d5b708781b762ab8d9456f075fd05b2fcac2fe519, total_size: 545 bytes, id: 4973e837d70236a3
2025-08-25T09:38:16.421910Z DEBUG node{moniker=app-2}:node{moniker=app-2}: ✅ Received complete proposal: ProposedValue { height: Height(43), round: Some(0), valid_round: Nil, proposer: Address(DE7BA2BE72D2225286133990FF5810B691A5261C), value: Value { value: 5292829313618556579, extensions: b"f2\x89K\xde\xb1Q\xfce\x16p\x9d[p\x87\x81\xb7b\xab\x8d\x94V\xf0u\xfd\x05\xb2\xfc\xac/\xe5\x19********************\xec&\xdf\x94B\xc5\xd4\xa0\xa0\xccSH\xc9`\x11[C\xda\x08\xc7\xae\xf6\xbeNL\xcc_\x13l\xa8\x92\xa6V\xe8\x1f\x17\x1b\xccU\xa6\xff\x83E\xe6\x92\xc0\xf8n[H\xe0\x1b\x99l\xad\xc0\x01b/\xb5\xe3c\xb4!\0\0\0\0\0\0\0\0\0\0\0\0\0\0\0\0\0\0\0\0\0\0\0\0\0\0\0\0\0\0\0\0\0\0\0\0\0\0\0\0\0\0\0\0\0\0\0\0\0\0\0\0\0\0\0\0\0\0\0\0\0\0\0\0\0\0\0\0\0\0\0\0\0\0\0\0\0\0\0\0\0\0\0\0\0\0\0\0\0\0\0\0\0\0\0\0\0\0\0\0\0\0\0\0\0\0\0\0\0\0\0\0\0\0\0\0\0\0\0\0\0\0\0\0\0\0\0\0\0\0\0\0\0\0\0\0\0\0\0\0\0\0\0\0\0\0\0\0\0\0\0\0\0\0\0\0\0\0\0\0\0\0\0\0\0\0\0\0\0\0\0\0\0\0\0\0\0\0\0\0\0\0\0\0\0\0\0\0\0\0\0\0\0\0\0\0\0\0\0\0\0\0\0\0\0\0\0\0\0\0\0\0\0\0\0\0\0\0\0\0\0\0\0\0\0\0\0\0\0\0\0\0\0\0\0\0\0\0\0\0\0\0\0\0\0\0\0\0\0\0\0\0\0\0\0\0\0\0\0\0\0\0\0\0\0\0\0\0\0\0\0\0\0\0\0\0\0\0\0\0\0\0\0\0\0\0\0\0+\0\0\0\0\0\0\0yb\xdd\x01\0\0\0\0\0\0\0\0\0\0\0\0./\xach\0\0\0\0\x10\x02\0\0~\xf60\0\0\0\0\0\0\0\0\0\0\0\0\0\0\0\0\0\0\0\0\0\0\0\0\0\0\0\0\0\xa2\xab\xbd\x06\xc0\xbd\\\xf8@\x89\xc7G\x81n*\xde\xc9F\xbfp\xae\x03O\x93w\x0cn\x12\xd5\x83X\xed!\x02\0\0!\x02\0\0\0\0\0\0\0\0\0\0\0\0\0\0\0\0\0\0reth/v1.4.1/linux" }, validity: Valid }
2025-08-25T09:38:16.422220Z DEBUG node{moniker=app-2}:wal{height=43}: Wrote log entry type=LocallyProposedValue entry.size=598 
2025-08-25T09:38:16.425461Z  INFO node{moniker=app-2}:consensus{height=43 round=0}: Received vote height=43 vote_height=43 address=DE7BA2BE72D2225286133990FF5810B691A5261C Prevote(height: 43, round: 0, value: 4973e837d70236a3, from: DE7BA2BE72D2225286133990FF5810B691A5261C)
2025-08-25T09:38:16.426601Z DEBUG node{moniker=app-2}:wal{height=43}: Wrote log entry type=Consensus(Vote) entry.size=117 
2025-08-25T09:38:16.432466Z  INFO node{moniker=app-2}:consensus{height=43 round=0}: Received proposal consensus.height=43 proposal.height=43 proposal.round=0 proposer=DE7BA2BE72D2225286133990FF5810B691A5261C Proposal(height: 43, round: 0, pol_round: -1, value: 4973e837d70236a3, from: DE7BA2BE72D2225286133990FF5810B691A5261C)
2025-08-25T09:38:16.432961Z DEBUG node{moniker=app-2}:wal{height=43}: Wrote log entry type=Consensus(Proposal) entry.size=667 
2025-08-25T09:38:16.433024Z DEBUG node{moniker=app-2}:consensus{height=43 round=0}: Transitioned to new step step.previous=Propose step.new=Prevote
2025-08-25T09:38:16.433236Z  INFO node{moniker=app-2}:consensus{height=43 round=0}: Voting vote_type=Prevote value=4973e837d70236a3 round=0
2025-08-25T09:38:16.433508Z  INFO node{moniker=app-2}:consensus{height=43 round=0}: Received vote height=43 vote_height=43 address=02CB1B49DA09615BD4A12212C39378556D990DFD Prevote(height: 43, round: 0, value: 4973e837d70236a3, from: 02CB1B49DA09615BD4A12212C39378556D990DFD)
2025-08-25T09:38:16.433588Z DEBUG node{moniker=app-2}:wal{height=43}: Wrote log entry type=Consensus(Vote) entry.size=117 
2025-08-25T09:38:16.433623Z DEBUG node{moniker=app-2}:consensus{height=43 round=0}: Transitioned to new step step.previous=Prevote step.new=Precommit
2025-08-25T09:38:16.433630Z  INFO node{moniker=app-2}:consensus{height=43 round=0}: Voting vote_type=Precommit value=4973e837d70236a3 round=0
2025-08-25T09:38:16.433688Z DEBUG node{moniker=app-2}:node{moniker=app-2}: metis-test:consensus-chan recv!!! msg:ExtendVote { height: Height(43), round: Some(0), value_id: ValueId(5292829313618556579), reply: Sender { inner: Some(Inner { state: State { is_complete: false, is_closed: false, is_rx_task_set: true, is_tx_task_set: false } }) } }
2025-08-25T09:38:16.433920Z  INFO node{moniker=app-2}:consensus{height=43 round=0}: Received vote height=43 vote_height=43 address=02CB1B49DA09615BD4A12212C39378556D990DFD Precommit(height: 43, round: 0, value: 4973e837d70236a3, from: 02CB1B49DA09615BD4A12212C39378556D990DFD)
2025-08-25T09:38:16.434002Z DEBUG node{moniker=app-2}:wal{height=43}: Wrote log entry type=Consensus(Vote) entry.size=119 
2025-08-25T09:38:16.439666Z DEBUG node{moniker=app-2}:wal{height=43}: Flushed WAL to disk wal.entries=5 wal.size=1695
2025-08-25T09:38:16.439816Z DEBUG node{moniker=app-2}:network: Published message channel=/consensus size=110
2025-08-25T09:38:16.442499Z DEBUG node{moniker=app-2}:wal{height=43}: Flushed WAL to disk wal.entries=5 wal.size=1695
2025-08-25T09:38:16.442592Z DEBUG node{moniker=app-2}:network: Published message channel=/consensus size=108
2025-08-25T09:38:16.449533Z  INFO node{moniker=app-2}:consensus{height=43 round=0}: Received vote height=43 vote_height=43 address=DE7BA2BE72D2225286133990FF5810B691A5261C Precommit(height: 43, round: 0, value: 4973e837d70236a3, from: DE7BA2BE72D2225286133990FF5810B691A5261C)
2025-08-25T09:38:16.450636Z DEBUG node{moniker=app-2}:wal{height=43}: Wrote log entry type=Consensus(Vote) entry.size=119 
2025-08-25T09:38:16.450825Z DEBUG node{moniker=app-2}:consensus{height=43 round=0}: Transitioned to new step step.previous=Precommit step.new=Commit
2025-08-25T09:38:16.450833Z  INFO node{moniker=app-2}:consensus{height=43 round=0}: Decided round=0 height=43 value=4973e837d70236a3
2025-08-25T09:38:16.456564Z DEBUG node{moniker=app-2}:wal{height=43}: Flushed WAL to disk wal.entries=6 wal.size=1827
2025-08-25T09:38:16.456714Z DEBUG node{moniker=app-2}:sync{height.tip=42 height.sync=43}: Updating request state height.tip=43
2025-08-25T09:38:16.456749Z DEBUG node{moniker=app-2}:node{moniker=app-2}: metis-test:consensus-chan recv!!! msg:Decided { certificate: CommitCertificate { height: Height(43), round: Some(0), value_id: ValueId(5292829313618556579), commit_signatures: [CommitSignature { address: Address(02CB1B49DA09615BD4A12212C39378556D990DFD), signature: Signature(Signature { R_bytes: "e09f7983914d25df4f0ea9d592503bb9fca1bc7958658d860ad182f0afed5f18", s_bytes: "3c883833d02eee53f4a34f9b8f43dcf48306395bf5891e80c12fbb2ef987420b" }) }, CommitSignature { address: Address(DE7BA2BE72D2225286133990FF5810B691A5261C), signature: Signature(Signature { R_bytes: "9402c885c092378c6b17146b940703120d4ba634ff7f056564886f379d9b5423", s_bytes: "c9596ae10bbe9a4370c9b7ca1d1ab51ec98aab0836081079da9cf1d928a4bd0f" }) }] }, extensions: VoteExtensions { extensions: [] }, reply: Sender { inner: Some(Inner { state: State { is_complete: false, is_closed: false, is_rx_task_set: true, is_tx_task_set: false } }) } }
2025-08-25T09:38:16.456776Z  INFO node{moniker=app-2}:node{moniker=app-2}: 🟢🟢 Consensus has decided on value height=43 round=0 value=4973e837d70236a3
2025-08-25T09:38:16.456853Z DEBUG node{moniker=app-2}:node{moniker=app-2}: 🎁 block size: 545, height: 43
2025-08-25T09:38:16.456875Z  INFO node{moniker=app-2}:node{moniker=app-2}: 👉 stats at height 43: #txs=0, txs/s=0.00, chain_bytes=23435, bytes/s=2509.46
2025-08-25T09:38:16.456881Z DEBUG node{moniker=app-2}:node{moniker=app-2}: 🦄 Block at height 43 contains 0 transactions
2025-08-25T09:38:16.464189Z DEBUG node{moniker=app-2}:node{moniker=app-2}: 💡 New block added at height 43 with hash: 0xa2abbd06c0bd5cf84089c747816e2adec946bf70ae034f93770c6e12d58358ed
2025-08-25T09:38:16.464210Z DEBUG node{moniker=app-2}:node{moniker=app-2}: 🟠 set_latest_forkchoice_state: 0xa2abbd06c0bd5cf84089c747816e2adec946bf70ae034f93770c6e12d58358ed
2025-08-25T09:38:16.464826Z DEBUG node{moniker=app-2}:node{moniker=app-2}: ➡️ payload_status: PayloadStatus { status: Valid, latest_valid_hash: Some(0xa2abbd06c0bd5cf84089c747816e2adec946bf70ae034f93770c6e12d58358ed) }
2025-08-25T09:38:16.464839Z DEBUG node{moniker=app-2}:node{moniker=app-2}: 🚀 Forkchoice updated to height 43 for block hash=0xa2abbd06c0bd5cf84089c747816e2adec946bf70ae034f93770c6e12d58358ed and latest_valid_hash=0xa2abbd06c0bd5cf84089c747816e2adec946bf70ae034f93770c6e12d58358ed
2025-08-25T09:38:16.464845Z  INFO node{moniker=app-2}:node{moniker=app-2}: Looking for certificate height=43 round=0
2025-08-25T09:38:16.474692Z  INFO node{moniker=app-2}:node{moniker=app-2}: Committed block_data[0..32]: 6632894bdeb151fc6516709d5b708781b762ab8d9456f075fd05b2fcac2fe519
2025-08-25T09:38:16.495394Z DEBUG node{moniker=app-2}:wal{height=44}: Reset WAL height=44
2025-08-25T09:38:16.495458Z DEBUG node{moniker=app-2}:consensus{height=44 round=0}: No WAL entries to replay height=44
2025-08-25T09:38:16.495490Z  INFO node{moniker=app-2}:consensus{height=44 round=0}: Starting new height height=44
2025-08-25T09:38:16.495497Z  INFO node{moniker=app-2}:consensus{height=44 round=0}: Starting new round height=44 round=0 proposer=815F9FA61D7C4F1E4A9E30D40DCA1115BB48F759 role=Validator
2025-08-25T09:38:16.495524Z DEBUG node{moniker=app-2}:sync{height.tip=42 height.sync=43}: Starting new height height.tip=43 height.sync=44 restart=false
2025-08-25T09:38:16.495530Z DEBUG node{moniker=app-2}:sync{height.tip=42 height.sync=43}: No peer to request sync from height.sync=44
2025-08-25T09:38:16.501274Z DEBUG node{moniker=app-2}:wal{height=44}: Flushed WAL to disk wal.entries=0 wal.size=12
2025-08-25T09:38:16.501372Z DEBUG node{moniker=app-2}:node{moniker=app-2}: metis-test:consensus-chan recv!!! msg:StartedRound { height: Height(44), round: Some(0), proposer: Address(815F9FA61D7C4F1E4A9E30D40DCA1115BB48F759), role: Validator, reply_value: Sender { inner: Some(Inner { state: State { is_complete: false, is_closed: false, is_rx_task_set: false, is_tx_task_set: false } }) } }
2025-08-25T09:38:16.501392Z  INFO node{moniker=app-2}:node{moniker=app-2}: 🟢🟢 Started round height=44 round=0 proposer=815F9FA61D7C4F1E4A9E30D40DCA1115BB48F759 role=Validator
2025-08-25T09:38:16.501411Z ERROR node{moniker=app-2}:consensus{height=44 round=0}: Error when processing effect: Messaging(RecvErr)
2025-08-25T09:38:16.501435Z DEBUG node{moniker=app-2}:consensus{height=44 round=0}: Transitioned to new step step.previous=Unstarted step.new=Propose
2025-08-25T09:38:16.501442Z  INFO node{moniker=app-2}:consensus{height=44 round=0}: Scheduling timeout round=0 step=Propose
2025-08-25T09:38:16.501454Z DEBUG node{moniker=app-2}:consensus{height=44 round=0}: Replaying inputs count=0
2025-08-25T09:38:16.505957Z DEBUG node{moniker=app-2}:node{moniker=app-2}: metis-test:consensus-chan recv!!! msg:ReceivedProposalPart { from: PeerId("12D3KooWD4wDmZaWggpGH9ACLhNztqnBvszLRcmBLzZdKwDiWmYh"), part: StreamMessage { stream_id: StreamId(b"\0\0\0\0\0\0\0,\0\0\0\0\0\0\0\x0e"), sequence: 0, content: Data(Init(ProposalInit { height: Height(44), round: Some(0), proposer: Address(815F9FA61D7C4F1E4A9E30D40DCA1115BB48F759) })) }, reply: Sender { inner: Some(Inner { state: State { is_complete: false, is_closed: false, is_rx_task_set: true, is_tx_task_set: false } }) } }
2025-08-25T09:38:16.505995Z  INFO node{moniker=app-2}:node{moniker=app-2}: Received proposal part from=12D3KooWD4wDmZaWggpGH9ACLhNztqnBvszLRcmBLzZdKwDiWmYh part.sequence=0 part.type=init part.size=28
2025-08-25T09:38:16.507062Z DEBUG node{moniker=app-2}:node{moniker=app-2}: metis-test:consensus-chan recv!!! msg:ReceivedProposalPart { from: PeerId("12D3KooWD4wDmZaWggpGH9ACLhNztqnBvszLRcmBLzZdKwDiWmYh"), part: StreamMessage { stream_id: StreamId(b"\0\0\0\0\0\0\0,\0\0\0\0\0\0\0\x0e"), sequence: 1, content: Data(Data(ProposalData { bytes: "<...>", len: 545 })) }, reply: Sender { inner: Some(Inner { state: State { is_complete: false, is_closed: false, is_rx_task_set: true, is_tx_task_set: false } }) } }
2025-08-25T09:38:16.507094Z  INFO node{moniker=app-2}:node{moniker=app-2}: Received proposal part from=12D3KooWD4wDmZaWggpGH9ACLhNztqnBvszLRcmBLzZdKwDiWmYh part.sequence=1 part.type=data part.size=551
2025-08-25T09:38:16.508647Z DEBUG node{moniker=app-2}:node{moniker=app-2}: metis-test:consensus-chan recv!!! msg:ReceivedProposalPart { from: PeerId("12D3KooWD4wDmZaWggpGH9ACLhNztqnBvszLRcmBLzZdKwDiWmYh"), part: StreamMessage { stream_id: StreamId(b"\0\0\0\0\0\0\0,\0\0\0\0\0\0\0\x0e"), sequence: 2, content: Data(Fin(ProposalFin { signature: Signature(Signature { R_bytes: "7ef4d8584c910ac0b84798b57d77d5c7357ae4818162f9c653333caf6fa8d73e", s_bytes: "eaa17279c95e8d49d62593f764db8eacd402efc3122dd92ef8e07b3fe0746200" }) })) }, reply: Sender { inner: Some(Inner { state: State { is_complete: false, is_closed: false, is_rx_task_set: true, is_tx_task_set: false } }) } }
2025-08-25T09:38:16.508699Z  INFO node{moniker=app-2}:node{moniker=app-2}: Received proposal part from=12D3KooWD4wDmZaWggpGH9ACLhNztqnBvszLRcmBLzZdKwDiWmYh part.sequence=2 part.type=fin part.size=70
2025-08-25T09:38:16.508726Z DEBUG node{moniker=app-2}:node{moniker=app-2}: metis-test:consensus-chan recv!!! msg:ReceivedProposalPart { from: PeerId("12D3KooWD4wDmZaWggpGH9ACLhNztqnBvszLRcmBLzZdKwDiWmYh"), part: StreamMessage { stream_id: StreamId(b"\0\0\0\0\0\0\0,\0\0\0\0\0\0\0\x0e"), sequence: 3, content: Fin }, reply: Sender { inner: Some(Inner { state: State { is_complete: false, is_closed: false, is_rx_task_set: true, is_tx_task_set: false } }) } }
2025-08-25T09:38:16.508740Z  INFO node{moniker=app-2}:node{moniker=app-2}: Received proposal part from=12D3KooWD4wDmZaWggpGH9ACLhNztqnBvszLRcmBLzZdKwDiWmYh part.sequence=3 part.type=end of stream part.size=0
2025-08-25T09:38:16.508975Z  INFO node{moniker=app-2}:node{moniker=app-2}: Proposal data[0..32]: a2abbd06c0bd5cf84089c747816e2adec946bf70ae034f93770c6e12d58358ed, total_size: 545 bytes, id: 4c24a8adcf0d2ba5
2025-08-25T09:38:16.511558Z  INFO node{moniker=app-2}:consensus{height=44 round=0}: Received vote height=44 vote_height=44 address=815F9FA61D7C4F1E4A9E30D40DCA1115BB48F759 Prevote(height: 44, round: 0, value: 4c24a8adcf0d2ba5, from: 815F9FA61D7C4F1E4A9E30D40DCA1115BB48F759)
2025-08-25T09:38:16.512792Z DEBUG node{moniker=app-2}:wal{height=44}: Wrote log entry type=Consensus(Vote) entry.size=117 
2025-08-25T09:38:16.518569Z  INFO node{moniker=app-2}:consensus{height=44 round=0}: Received proposal consensus.height=44 proposal.height=44 proposal.round=0 proposer=815F9FA61D7C4F1E4A9E30D40DCA1115BB48F759 Proposal(height: 44, round: 0, pol_round: -1, value: 4c24a8adcf0d2ba5, from: 815F9FA61D7C4F1E4A9E30D40DCA1115BB48F759)
2025-08-25T09:38:16.520441Z DEBUG node{moniker=app-2}:wal{height=44}: Wrote log entry type=Consensus(Proposal) entry.size=667 
2025-08-25T09:38:16.520526Z DEBUG node{moniker=app-2}:node{moniker=app-2}: ✅ Received complete proposal: ProposedValue { height: Height(44), round: Some(0), valid_round: Nil, proposer: Address(815F9FA61D7C4F1E4A9E30D40DCA1115BB48F759), value: Value { value: 5486695710500662181, extensions: b"\xa2\xab\xbd\x06\xc0\xbd\\\xf8@\x89\xc7G\x81n*\xde\xc9F\xbfp\xae\x03O\x93w\x0cn\x12\xd5\x83X\xed********************\xec&\xdf\x94B\xc5\xd4\xa0\xa0\xccSH\xc9`\x11[C\xda\x08\xc7\xae\xf6\xbeNL\xcc_\x13l\xa8\x92\xa6V\xe8\x1f\x17\x1b\xccU\xa6\xff\x83E\xe6\x92\xc0\xf8n[H\xe0\x1b\x99l\xad\xc0\x01b/\xb5\xe3c\xb4!\0\0\0\0\0\0\0\0\0\0\0\0\0\0\0\0\0\0\0\0\0\0\0\0\0\0\0\0\0\0\0\0\0\0\0\0\0\0\0\0\0\0\0\0\0\0\0\0\0\0\0\0\0\0\0\0\0\0\0\0\0\0\0\0\0\0\0\0\0\0\0\0\0\0\0\0\0\0\0\0\0\0\0\0\0\0\0\0\0\0\0\0\0\0\0\0\0\0\0\0\0\0\0\0\0\0\0\0\0\0\0\0\0\0\0\0\0\0\0\0\0\0\0\0\0\0\0\0\0\0\0\0\0\0\0\0\0\0\0\0\0\0\0\0\0\0\0\0\0\0\0\0\0\0\0\0\0\0\0\0\0\0\0\0\0\0\0\0\0\0\0\0\0\0\0\0\0\0\0\0\0\0\0\0\0\0\0\0\0\0\0\0\0\0\0\0\0\0\0\0\0\0\0\0\0\0\0\0\0\0\0\0\0\0\0\0\0\0\0\0\0\0\0\0\0\0\0\0\0\0\0\0\0\0\0\0\0\0\0\0\0\0\0\0\0\0\0\0\0\0\0\0\0\0\0\0\0\0\0\0\0\0\0\0\0\0\0\0\0\0\0\0\0\0\0\0\0\0\0\0\0\0\0\0\0\0\0\0,\0\0\0\0\0\0\0\xd0\xd9\xdd\x01\0\0\0\0\0\0\0\0\0\0\0\0//\xach\0\0\0\0\x10\x02\0\0\xaf\xd7*\0\0\0\0\0\0\0\0\0\0\0\0\0\0\0\0\0\0\0\0\0\0\0\0\0\0\0\0\0z%\x88\xe2\x19q\x08|\xdd\x10Q\xeb\x1c\x11h2\xc3\xccn7\xf7[3\xb02,#\x80\xefR0\xd2!\x02\0\0!\x02\0\0\0\0\0\0\0\0\0\0\0\0\0\0\0\0\0\0reth/v1.4.1/linux" }, validity: Valid }
2025-08-25T09:38:16.520582Z DEBUG node{moniker=app-2}:consensus{height=44 round=0}: No full proposal for this round yet, stored proposal for later proposal.height=44 proposal.round=0
2025-08-25T09:38:16.520606Z DEBUG node{moniker=app-2}:consensus{height=44 round=0}: We have a full proposal for this round, checking... proposal.height=44 proposal.round=0
2025-08-25T09:38:16.520620Z DEBUG node{moniker=app-2}:consensus{height=44 round=0}: Transitioned to new step step.previous=Propose step.new=Prevote
2025-08-25T09:38:16.520630Z  INFO node{moniker=app-2}:consensus{height=44 round=0}: Voting vote_type=Prevote value=4c24a8adcf0d2ba5 round=0
2025-08-25T09:38:16.520853Z  INFO node{moniker=app-2}:consensus{height=44 round=0}: Received vote height=44 vote_height=44 address=02CB1B49DA09615BD4A12212C39378556D990DFD Prevote(height: 44, round: 0, value: 4c24a8adcf0d2ba5, from: 02CB1B49DA09615BD4A12212C39378556D990DFD)
2025-08-25T09:38:16.520934Z DEBUG node{moniker=app-2}:wal{height=44}: Wrote log entry type=Consensus(Vote) entry.size=117 
2025-08-25T09:38:16.520970Z DEBUG node{moniker=app-2}:consensus{height=44 round=0}: Transitioned to new step step.previous=Prevote step.new=Precommit
2025-08-25T09:38:16.520977Z  INFO node{moniker=app-2}:consensus{height=44 round=0}: Voting vote_type=Precommit value=4c24a8adcf0d2ba5 round=0
2025-08-25T09:38:16.520992Z DEBUG node{moniker=app-2}:node{moniker=app-2}: metis-test:consensus-chan recv!!! msg:ExtendVote { height: Height(44), round: Some(0), value_id: ValueId(5486695710500662181), reply: Sender { inner: Some(Inner { state: State { is_complete: false, is_closed: false, is_rx_task_set: true, is_tx_task_set: false } }) } }
2025-08-25T09:38:16.521184Z  INFO node{moniker=app-2}:consensus{height=44 round=0}: Received vote height=44 vote_height=44 address=02CB1B49DA09615BD4A12212C39378556D990DFD Precommit(height: 44, round: 0, value: 4c24a8adcf0d2ba5, from: 02CB1B49DA09615BD4A12212C39378556D990DFD)
2025-08-25T09:38:16.521256Z DEBUG node{moniker=app-2}:wal{height=44}: Wrote log entry type=Consensus(Vote) entry.size=119 
2025-08-25T09:38:16.524263Z DEBUG node{moniker=app-2}:wal{height=44}: Flushed WAL to disk wal.entries=4 wal.size=1084
2025-08-25T09:38:16.524642Z DEBUG node{moniker=app-2}:network: Published message channel=/consensus size=110
2025-08-25T09:38:16.527338Z DEBUG node{moniker=app-2}:wal{height=44}: Flushed WAL to disk wal.entries=4 wal.size=1084
2025-08-25T09:38:16.527627Z DEBUG node{moniker=app-2}:network: Published message channel=/consensus size=108
2025-08-25T09:38:16.538337Z  INFO node{moniker=app-2}:consensus{height=44 round=0}: Received vote height=44 vote_height=44 address=815F9FA61D7C4F1E4A9E30D40DCA1115BB48F759 Precommit(height: 44, round: 0, value: 4c24a8adcf0d2ba5, from: 815F9FA61D7C4F1E4A9E30D40DCA1115BB48F759)
2025-08-25T09:38:16.540834Z DEBUG node{moniker=app-2}:wal{height=44}: Wrote log entry type=Consensus(Vote) entry.size=119 
2025-08-25T09:38:16.541059Z DEBUG node{moniker=app-2}:consensus{height=44 round=0}: Transitioned to new step step.previous=Precommit step.new=Commit
2025-08-25T09:38:16.541126Z  INFO node{moniker=app-2}:consensus{height=44 round=0}: Decided round=0 height=44 value=4c24a8adcf0d2ba5
2025-08-25T09:38:16.553685Z DEBUG node{moniker=app-2}:wal{height=44}: Flushed WAL to disk wal.entries=5 wal.size=1216
2025-08-25T09:38:16.553874Z DEBUG node{moniker=app-2}:sync{height.tip=43 height.sync=44}: Updating request state height.tip=44
2025-08-25T09:38:16.553891Z DEBUG node{moniker=app-2}:node{moniker=app-2}: metis-test:consensus-chan recv!!! msg:Decided { certificate: CommitCertificate { height: Height(44), round: Some(0), value_id: ValueId(5486695710500662181), commit_signatures: [CommitSignature { address: Address(02CB1B49DA09615BD4A12212C39378556D990DFD), signature: Signature(Signature { R_bytes: "ad331f822821ce750abb6b0b32ecdf0e538e823ee880dec549e31160b443d98f", s_bytes: "55bf7df420e18dbd663a4b8b148bb7fa7f8c5f158904598855451e4e31583c07" }) }, CommitSignature { address: Address(815F9FA61D7C4F1E4A9E30D40DCA1115BB48F759), signature: Signature(Signature { R_bytes: "7935ee7eec91efc28adea99b85db038254ea283b0cae4bdfc6141069e62e8840", s_bytes: "b62ed29156e8b28778ecee04282f032ab0152406fa86b0e889a47f45c2803f05" }) }] }, extensions: VoteExtensions { extensions: [] }, reply: Sender { inner: Some(Inner { state: State { is_complete: false, is_closed: false, is_rx_task_set: true, is_tx_task_set: false } }) } }
2025-08-25T09:38:16.553922Z  INFO node{moniker=app-2}:node{moniker=app-2}: 🟢🟢 Consensus has decided on value height=44 round=0 value=4c24a8adcf0d2ba5
2025-08-25T09:38:16.554010Z DEBUG node{moniker=app-2}:node{moniker=app-2}: 🎁 block size: 545, height: 44
2025-08-25T09:38:16.554023Z  INFO node{moniker=app-2}:node{moniker=app-2}: 👉 stats at height 44: #txs=0, txs/s=0.00, chain_bytes=23980, bytes/s=2541.39
2025-08-25T09:38:16.554028Z DEBUG node{moniker=app-2}:node{moniker=app-2}: 🦄 Block at height 44 contains 0 transactions
2025-08-25T09:38:16.554579Z DEBUG node{moniker=app-2}:node{moniker=app-2}: 💡 New block added at height 44 with hash: 0x7a2588e21971087cdd1051eb1c116832c3cc6e37f75b33b0322c2380ef5230d2
2025-08-25T09:38:16.554584Z DEBUG node{moniker=app-2}:node{moniker=app-2}: 🟠 set_latest_forkchoice_state: 0x7a2588e21971087cdd1051eb1c116832c3cc6e37f75b33b0322c2380ef5230d2
2025-08-25T09:38:16.554930Z DEBUG node{moniker=app-2}:node{moniker=app-2}: ➡️ payload_status: PayloadStatus { status: Valid, latest_valid_hash: Some(0x7a2588e21971087cdd1051eb1c116832c3cc6e37f75b33b0322c2380ef5230d2) }
2025-08-25T09:38:16.554935Z DEBUG node{moniker=app-2}:node{moniker=app-2}: 🚀 Forkchoice updated to height 44 for block hash=0x7a2588e21971087cdd1051eb1c116832c3cc6e37f75b33b0322c2380ef5230d2 and latest_valid_hash=0x7a2588e21971087cdd1051eb1c116832c3cc6e37f75b33b0322c2380ef5230d2
2025-08-25T09:38:16.554937Z  INFO node{moniker=app-2}:node{moniker=app-2}: Looking for certificate height=44 round=0
2025-08-25T09:38:16.560732Z  INFO node{moniker=app-2}:node{moniker=app-2}: Committed block_data[0..32]: a2abbd06c0bd5cf84089c747816e2adec946bf70ae034f93770c6e12d58358ed
2025-08-25T09:38:16.579433Z DEBUG node{moniker=app-2}:wal{height=45}: Reset WAL height=45
2025-08-25T09:38:16.579569Z DEBUG node{moniker=app-2}:consensus{height=45 round=0}: No WAL entries to replay height=45
2025-08-25T09:38:16.579620Z  INFO node{moniker=app-2}:consensus{height=45 round=0}: Starting new height height=45
2025-08-25T09:38:16.580348Z  INFO node{moniker=app-2}:consensus{height=45 round=0}: Starting new round height=45 round=0 proposer=815F9FA61D7C4F1E4A9E30D40DCA1115BB48F759 role=None
2025-08-25T09:38:16.580407Z DEBUG node{moniker=app-2}:sync{height.tip=43 height.sync=44}: Starting new height height.tip=44 height.sync=45 restart=false
2025-08-25T09:38:16.580418Z DEBUG node{moniker=app-2}:sync{height.tip=43 height.sync=44}: No peer to request sync from height.sync=45
2025-08-25T09:38:16.584717Z DEBUG node{moniker=app-2}:wal{height=45}: Flushed WAL to disk wal.entries=0 wal.size=12
2025-08-25T09:38:16.586716Z DEBUG node{moniker=app-2}:node{moniker=app-2}: metis-test:consensus-chan recv!!! msg:StartedRound { height: Height(45), round: Some(0), proposer: Address(815F9FA61D7C4F1E4A9E30D40DCA1115BB48F759), role: None, reply_value: Sender { inner: Some(Inner { state: State { is_complete: false, is_closed: false, is_rx_task_set: false, is_tx_task_set: false } }) } }
2025-08-25T09:38:16.586733Z  INFO node{moniker=app-2}:node{moniker=app-2}: 🟢🟢 Started round height=45 round=0 proposer=815F9FA61D7C4F1E4A9E30D40DCA1115BB48F759 role=None
2025-08-25T09:38:16.586748Z ERROR node{moniker=app-2}:consensus{height=45 round=0}: Error when processing effect: Messaging(RecvErr)
2025-08-25T09:38:16.586768Z DEBUG node{moniker=app-2}:consensus{height=45 round=0}: Transitioned to new step step.previous=Unstarted step.new=Propose
2025-08-25T09:38:16.586774Z  INFO node{moniker=app-2}:consensus{height=45 round=0}: Scheduling timeout round=0 step=Propose
2025-08-25T09:38:16.586784Z DEBUG node{moniker=app-2}:consensus{height=45 round=0}: Replaying inputs count=0
2025-08-25T09:38:16.586855Z DEBUG node{moniker=app-2}:node{moniker=app-2}: metis-test:consensus-chan recv!!! msg:ReceivedProposalPart { from: PeerId("12D3KooWD4wDmZaWggpGH9ACLhNztqnBvszLRcmBLzZdKwDiWmYh"), part: StreamMessage { stream_id: StreamId(b"\0\0\0\0\0\0\0-\0\0\0\0\0\0\0\x0f"), sequence: 0, content: Data(Init(ProposalInit { height: Height(45), round: Some(0), proposer: Address(815F9FA61D7C4F1E4A9E30D40DCA1115BB48F759) })) }, reply: Sender { inner: Some(Inner { state: State { is_complete: false, is_closed: false, is_rx_task_set: true, is_tx_task_set: false } }) } }
2025-08-25T09:38:16.586880Z  INFO node{moniker=app-2}:node{moniker=app-2}: Received proposal part from=12D3KooWD4wDmZaWggpGH9ACLhNztqnBvszLRcmBLzZdKwDiWmYh part.sequence=0 part.type=init part.size=28
2025-08-25T09:38:16.586905Z DEBUG node{moniker=app-2}:node{moniker=app-2}: metis-test:consensus-chan recv!!! msg:ReceivedProposalPart { from: PeerId("12D3KooWD4wDmZaWggpGH9ACLhNztqnBvszLRcmBLzZdKwDiWmYh"), part: StreamMessage { stream_id: StreamId(b"\0\0\0\0\0\0\0-\0\0\0\0\0\0\0\x0f"), sequence: 1, content: Data(Data(ProposalData { bytes: "<...>", len: 545 })) }, reply: Sender { inner: Some(Inner { state: State { is_complete: false, is_closed: false, is_rx_task_set: true, is_tx_task_set: false } }) } }
2025-08-25T09:38:16.586959Z  INFO node{moniker=app-2}:node{moniker=app-2}: Received proposal part from=12D3KooWD4wDmZaWggpGH9ACLhNztqnBvszLRcmBLzZdKwDiWmYh part.sequence=1 part.type=data part.size=551
2025-08-25T09:38:16.587217Z DEBUG node{moniker=app-2}:node{moniker=app-2}: metis-test:consensus-chan recv!!! msg:ReceivedProposalPart { from: PeerId("12D3KooWD4wDmZaWggpGH9ACLhNztqnBvszLRcmBLzZdKwDiWmYh"), part: StreamMessage { stream_id: StreamId(b"\0\0\0\0\0\0\0-\0\0\0\0\0\0\0\x0f"), sequence: 2, content: Data(Fin(ProposalFin { signature: Signature(Signature { R_bytes: "f9b87aa1e54919bec51cac52cac2e2923bba2a4fd16d4128b201aab9236e8938", s_bytes: "be34f37ed4bb1daed4cc22c1242c99c4c0f53431a16071e236a35364aa145008" }) })) }, reply: Sender { inner: Some(Inner { state: State { is_complete: false, is_closed: false, is_rx_task_set: true, is_tx_task_set: false } }) } }
2025-08-25T09:38:16.587237Z  INFO node{moniker=app-2}:node{moniker=app-2}: Received proposal part from=12D3KooWD4wDmZaWggpGH9ACLhNztqnBvszLRcmBLzZdKwDiWmYh part.sequence=2 part.type=fin part.size=70
2025-08-25T09:38:16.587252Z DEBUG node{moniker=app-2}:node{moniker=app-2}: metis-test:consensus-chan recv!!! msg:ReceivedProposalPart { from: PeerId("12D3KooWD4wDmZaWggpGH9ACLhNztqnBvszLRcmBLzZdKwDiWmYh"), part: StreamMessage { stream_id: StreamId(b"\0\0\0\0\0\0\0-\0\0\0\0\0\0\0\x0f"), sequence: 3, content: Fin }, reply: Sender { inner: Some(Inner { state: State { is_complete: false, is_closed: false, is_rx_task_set: true, is_tx_task_set: false } }) } }
2025-08-25T09:38:16.587261Z  INFO node{moniker=app-2}:node{moniker=app-2}: Received proposal part from=12D3KooWD4wDmZaWggpGH9ACLhNztqnBvszLRcmBLzZdKwDiWmYh part.sequence=3 part.type=end of stream part.size=0
2025-08-25T09:38:16.587655Z  INFO node{moniker=app-2}:node{moniker=app-2}: Proposal data[0..32]: 7a2588e21971087cdd1051eb1c116832c3cc6e37f75b33b0322c2380ef5230d2, total_size: 545 bytes, id: dc9c4bb2dbe7f930
2025-08-25T09:38:16.594859Z  INFO node{moniker=app-2}:consensus{height=45 round=0}: Received vote height=45 vote_height=45 address=815F9FA61D7C4F1E4A9E30D40DCA1115BB48F759 Prevote(height: 45, round: 0, value: dc9c4bb2dbe7f930, from: 815F9FA61D7C4F1E4A9E30D40DCA1115BB48F759)
2025-08-25T09:38:16.597583Z DEBUG node{moniker=app-2}:wal{height=45}: Wrote log entry type=Consensus(Vote) entry.size=118 
2025-08-25T09:38:16.598066Z  INFO node{moniker=app-2}:consensus{height=45 round=0}: Received proposal consensus.height=45 proposal.height=45 proposal.round=0 proposer=815F9FA61D7C4F1E4A9E30D40DCA1115BB48F759 Proposal(height: 45, round: 0, pol_round: -1, value: dc9c4bb2dbe7f930, from: 815F9FA61D7C4F1E4A9E30D40DCA1115BB48F759)
2025-08-25T09:38:16.601035Z DEBUG node{moniker=app-2}:wal{height=45}: Wrote log entry type=Consensus(Proposal) entry.size=668 
2025-08-25T09:38:16.601246Z DEBUG node{moniker=app-2}:consensus{height=45 round=0}: No full proposal for this round yet, stored proposal for later proposal.height=45 proposal.round=0
2025-08-25T09:38:16.604710Z DEBUG node{moniker=app-2}:node{moniker=app-2}: ✅ Received complete proposal: ProposedValue { height: Height(45), round: Some(0), valid_round: Nil, proposer: Address(815F9FA61D7C4F1E4A9E30D40DCA1115BB48F759), value: Value { value: 15896664016276683056, extensions: b"z%\x88\xe2\x19q\x08|\xdd\x10Q\xeb\x1c\x11h2\xc3\xccn7\xf7[3\xb02,#\x80\xefR0\xd2********************\xec&\xdf\x94B\xc5\xd4\xa0\xa0\xccSH\xc9`\x11[C\xda\x08\xc7\xae\xf6\xbeNL\xcc_\x13l\xa8\x92\xa6V\xe8\x1f\x17\x1b\xccU\xa6\xff\x83E\xe6\x92\xc0\xf8n[H\xe0\x1b\x99l\xad\xc0\x01b/\xb5\xe3c\xb4!\0\0\0\0\0\0\0\0\0\0\0\0\0\0\0\0\0\0\0\0\0\0\0\0\0\0\0\0\0\0\0\0\0\0\0\0\0\0\0\0\0\0\0\0\0\0\0\0\0\0\0\0\0\0\0\0\0\0\0\0\0\0\0\0\0\0\0\0\0\0\0\0\0\0\0\0\0\0\0\0\0\0\0\0\0\0\0\0\0\0\0\0\0\0\0\0\0\0\0\0\0\0\0\0\0\0\0\0\0\0\0\0\0\0\0\0\0\0\0\0\0\0\0\0\0\0\0\0\0\0\0\0\0\0\0\0\0\0\0\0\0\0\0\0\0\0\0\0\0\0\0\0\0\0\0\0\0\0\0\0\0\0\0\0\0\0\0\0\0\0\0\0\0\0\0\0\0\0\0\0\0\0\0\0\0\0\0\0\0\0\0\0\0\0\0\0\0\0\0\0\0\0\0\0\0\0\0\0\0\0\0\0\0\0\0\0\0\0\0\0\0\0\0\0\0\0\0\0\0\0\0\0\0\0\0\0\0\0\0\0\0\0\0\0\0\0\0\0\0\0\0\0\0\0\0\0\0\0\0\0\0\0\0\0\0\0\0\0\0\0\0\0\0\0\0\0\0\0\0\0\0\0\0\0\0\0\0\0-\0\0\0\0\0\0\0EQ\xde\x01\0\0\0\0\0\0\0\0\0\0\0\00/\xach\0\0\0\0\x10\x02\0\0\xba|%\0\0\0\0\0\0\0\0\0\0\0\0\0\0\0\0\0\0\0\0\0\0\0\0\0\0\0\0\0\xb8`\xef\xfd\xffW\xb3\x0f\x80\xb7\x15\x15\xd3\x14\xce/\xf5\xe9\xac\xc5@\xc0\x81Q\xd2_\xfb\xc8\xa6\xady\xca!\x02\0\0!\x02\0\0\0\0\0\0\0\0\0\0\0\0\0\0\0\0\0\0reth/v1.4.1/linux" }, validity: Valid }
2025-08-25T09:38:16.604895Z DEBUG node{moniker=app-2}:consensus{height=45 round=0}: We have a full proposal for this round, checking... proposal.height=45 proposal.round=0
2025-08-25T09:38:16.604918Z DEBUG node{moniker=app-2}:consensus{height=45 round=0}: Transitioned to new step step.previous=Propose step.new=Prevote
2025-08-25T09:38:16.611491Z  INFO node{moniker=app-2}:consensus{height=45 round=0}: Received vote height=45 vote_height=45 address=DE7BA2BE72D2225286133990FF5810B691A5261C Precommit(height: 45, round: 0, value: dc9c4bb2dbe7f930, from: DE7BA2BE72D2225286133990FF5810B691A5261C)
2025-08-25T09:38:16.612415Z DEBUG node{moniker=app-2}:wal{height=45}: Wrote log entry type=Consensus(Vote) entry.size=120 
2025-08-25T09:38:16.613470Z  INFO node{moniker=app-2}:consensus{height=45 round=0}: Received vote height=45 vote_height=45 address=DE7BA2BE72D2225286133990FF5810B691A5261C Prevote(height: 45, round: 0, value: dc9c4bb2dbe7f930, from: DE7BA2BE72D2225286133990FF5810B691A5261C)
2025-08-25T09:38:16.613691Z DEBUG node{moniker=app-2}:wal{height=45}: Wrote log entry type=Consensus(Vote) entry.size=118 
2025-08-25T09:38:16.613926Z DEBUG node{moniker=app-2}:consensus{height=45 round=0}: Transitioned to new step step.previous=Prevote step.new=Precommit
2025-08-25T09:38:16.623235Z  INFO node{moniker=app-2}:consensus{height=45 round=0}: Received vote height=45 vote_height=45 address=815F9FA61D7C4F1E4A9E30D40DCA1115BB48F759 Precommit(height: 45, round: 0, value: dc9c4bb2dbe7f930, from: 815F9FA61D7C4F1E4A9E30D40DCA1115BB48F759)
2025-08-25T09:38:16.623869Z DEBUG node{moniker=app-2}:wal{height=45}: Wrote log entry type=Consensus(Vote) entry.size=120 
2025-08-25T09:38:16.624168Z DEBUG node{moniker=app-2}:consensus{height=45 round=0}: Transitioned to new step step.previous=Precommit step.new=Commit
2025-08-25T09:38:16.624180Z  INFO node{moniker=app-2}:consensus{height=45 round=0}: Decided round=0 height=45 value=dc9c4bb2dbe7f930
2025-08-25T09:38:16.629281Z DEBUG node{moniker=app-2}:wal{height=45}: Flushed WAL to disk wal.entries=5 wal.size=1221
2025-08-25T09:38:16.629381Z DEBUG node{moniker=app-2}:sync{height.tip=44 height.sync=45}: Updating request state height.tip=45
2025-08-25T09:38:16.629396Z DEBUG node{moniker=app-2}:node{moniker=app-2}: metis-test:consensus-chan recv!!! msg:Decided { certificate: CommitCertificate { height: Height(45), round: Some(0), value_id: ValueId(15896664016276683056), commit_signatures: [CommitSignature { address: Address(815F9FA61D7C4F1E4A9E30D40DCA1115BB48F759), signature: Signature(Signature { R_bytes: "a125f24fbee773a450a49a60b08fa077fbd7622aff1519cccdbd58fb51723fe4", s_bytes: "8e662da2d0c28e6f3c96ca33f532be6b7f21b5395bbcb8b59952f4e1424b6906" }) }, CommitSignature { address: Address(DE7BA2BE72D2225286133990FF5810B691A5261C), signature: Signature(Signature { R_bytes: "feda373ad9217b2ffcfbed1af3c466226073923a76951a1f55ca135446ec4a5e", s_bytes: "acb82cdc1a6a1e5b60de4dc892190011a5648c7611be0f884d79772f70cab104" }) }] }, extensions: VoteExtensions { extensions: [] }, reply: Sender { inner: Some(Inner { state: State { is_complete: false, is_closed: false, is_rx_task_set: true, is_tx_task_set: false } }) } }
2025-08-25T09:38:16.629420Z  INFO node{moniker=app-2}:node{moniker=app-2}: 🟢🟢 Consensus has decided on value height=45 round=0 value=dc9c4bb2dbe7f930
2025-08-25T09:38:16.629493Z DEBUG node{moniker=app-2}:node{moniker=app-2}: 🎁 block size: 545, height: 45
2025-08-25T09:38:16.629505Z  INFO node{moniker=app-2}:node{moniker=app-2}: 👉 stats at height 45: #txs=0, txs/s=0.00, chain_bytes=24525, bytes/s=2578.52
2025-08-25T09:38:16.629511Z DEBUG node{moniker=app-2}:node{moniker=app-2}: 🦄 Block at height 45 contains 0 transactions
2025-08-25T09:38:16.630373Z DEBUG node{moniker=app-2}:node{moniker=app-2}: 💡 New block added at height 45 with hash: 0xb860effdff57b30f80b71515d314ce2ff5e9acc540c08151d25ffbc8a6ad79ca
2025-08-25T09:38:16.630378Z DEBUG node{moniker=app-2}:node{moniker=app-2}: 🟠 set_latest_forkchoice_state: 0xb860effdff57b30f80b71515d314ce2ff5e9acc540c08151d25ffbc8a6ad79ca
2025-08-25T09:38:16.630821Z DEBUG node{moniker=app-2}:node{moniker=app-2}: ➡️ payload_status: PayloadStatus { status: Valid, latest_valid_hash: Some(0xb860effdff57b30f80b71515d314ce2ff5e9acc540c08151d25ffbc8a6ad79ca) }
2025-08-25T09:38:16.630826Z DEBUG node{moniker=app-2}:node{moniker=app-2}: 🚀 Forkchoice updated to height 45 for block hash=0xb860effdff57b30f80b71515d314ce2ff5e9acc540c08151d25ffbc8a6ad79ca and latest_valid_hash=0xb860effdff57b30f80b71515d314ce2ff5e9acc540c08151d25ffbc8a6ad79ca
2025-08-25T09:38:16.630828Z  INFO node{moniker=app-2}:node{moniker=app-2}: Looking for certificate height=45 round=0
2025-08-25T09:38:16.638980Z  INFO node{moniker=app-2}:node{moniker=app-2}: Committed block_data[0..32]: 7a2588e21971087cdd1051eb1c116832c3cc6e37f75b33b0322c2380ef5230d2
2025-08-25T09:38:16.658301Z DEBUG node{moniker=app-2}:wal{height=46}: Reset WAL height=46
2025-08-25T09:38:16.658390Z DEBUG node{moniker=app-2}:consensus{height=46 round=0}: No WAL entries to replay height=46
2025-08-25T09:38:16.658432Z  INFO node{moniker=app-2}:consensus{height=46 round=0}: Starting new height height=46
2025-08-25T09:38:16.658440Z  INFO node{moniker=app-2}:consensus{height=46 round=0}: Starting new round height=46 round=0 proposer=02CB1B49DA09615BD4A12212C39378556D990DFD role=Proposer
2025-08-25T09:38:16.658472Z DEBUG node{moniker=app-2}:sync{height.tip=44 height.sync=45}: Starting new height height.tip=45 height.sync=46 restart=false
2025-08-25T09:38:16.658916Z DEBUG node{moniker=app-2}:sync{height.tip=44 height.sync=45}: No peer to request sync from height.sync=46
2025-08-25T09:38:16.663229Z DEBUG node{moniker=app-2}:wal{height=46}: Flushed WAL to disk wal.entries=0 wal.size=12
2025-08-25T09:38:16.663324Z DEBUG node{moniker=app-2}:node{moniker=app-2}: metis-test:consensus-chan recv!!! msg:StartedRound { height: Height(46), round: Some(0), proposer: Address(02CB1B49DA09615BD4A12212C39378556D990DFD), role: Proposer, reply_value: Sender { inner: Some(Inner { state: State { is_complete: false, is_closed: false, is_rx_task_set: false, is_tx_task_set: false } }) } }
2025-08-25T09:38:16.663338Z  INFO node{moniker=app-2}:node{moniker=app-2}: 🟢🟢 Started round height=46 round=0 proposer=02CB1B49DA09615BD4A12212C39378556D990DFD role=Proposer
2025-08-25T09:38:16.663368Z ERROR node{moniker=app-2}:consensus{height=46 round=0}: Error when processing effect: Messaging(RecvErr)
2025-08-25T09:38:16.663389Z DEBUG node{moniker=app-2}:consensus{height=46 round=0}: Transitioned to new step step.previous=Unstarted step.new=Propose
2025-08-25T09:38:16.663396Z  INFO node{moniker=app-2}:consensus{height=46 round=0}: Scheduling timeout round=0 step=Propose
2025-08-25T09:38:16.663403Z  INFO node{moniker=app-2}:consensus{height=46 round=0}: Requesting value from application height=46 round=0
2025-08-25T09:38:16.663412Z DEBUG node{moniker=app-2}:consensus{height=46 round=0}: Replaying inputs count=0
2025-08-25T09:38:16.663433Z DEBUG node{moniker=app-2}:node{moniker=app-2}: metis-test:consensus-chan recv!!! msg:GetValue { height: Height(46), round: Some(0), timeout: 3s, reply: Sender { inner: Some(Inner { state: State { is_complete: false, is_closed: false, is_rx_task_set: true, is_tx_task_set: false } }) } }
2025-08-25T09:38:16.663438Z  INFO node{moniker=app-2}:node{moniker=app-2}: 🟢🟢 Consensus is requesting a value to propose height=46 round=0
2025-08-25T09:38:16.663442Z DEBUG node{moniker=app-2}:node{moniker=app-2}: 🟠 generate_block on top of ExecutionBlock { block_hash: 0xb860effdff57b30f80b71515d314ce2ff5e9acc540c08151d25ffbc8a6ad79ca, block_number: 45, parent_hash: 0xb860effdff57b30f80b71515d314ce2ff5e9acc540c08151d25ffbc8a6ad79ca, timestamp: 1756114736, prev_randao: 0x0000000000000000000000000000000000000000000000000000000000000000 }
2025-08-25T09:38:16.665618Z DEBUG node{moniker=app-2}:node{moniker=app-2}: 🌈 Got execution payload: ExecutionPayloadV3 { payload_inner: ExecutionPayloadV2 { payload_inner: ExecutionPayloadV1 { parent_hash: 0xb860effdff57b30f80b71515d314ce2ff5e9acc540c08151d25ffbc8a6ad79ca, fee_recipient: 0x2a2a2a2a2a2a2a2a2a2a2a2a2a2a2a2a2a2a2a2a, state_root: 0xec26df9442c5d4a0a0cc5348c960115b43da08c7aef6be4e4ccc5f136ca892a6, receipts_root: 0x56e81f171bcc55a6ff8345e692c0f86e5b48e01b996cadc001622fb5e363b421, logs_bloom: 0x00000000000000000000000000000000000000000000000000000000000000000000000000000000000000000000000000000000000000000000000000000000000000000000000000000000000000000000000000000000000000000000000000000000000000000000000000000000000000000000000000000000000000000000000000000000000000000000000000000000000000000000000000000000000000000000000000000000000000000000000000000000000000000000000000000000000000000000000000000000000000000000000000000000000000000000000000000000000000000000000000000000000000000000000000000000, prev_randao: 0x0000000000000000000000000000000000000000000000000000000000000000, block_number: 46, gas_limit: 31377624, gas_used: 0, timestamp: 1756114737, extra_data: 0x726574682f76312e342e312f6c696e7578, base_fee_per_gas: 2149667, block_hash: 0xc3fa7145a4b9485c94a3c353223ec5aa1a257784b0504a423679ad45c9056270, transactions: [] }, withdrawals: [] }, blob_gas_used: 0, excess_blob_gas: 0 }
2025-08-25T09:38:16.665636Z DEBUG node{moniker=app-2}:node{moniker=app-2}: 🎁 block size: 545, height: 46
2025-08-25T09:38:16.672555Z  INFO node{moniker=app-2}:node{moniker=app-2}: Streaming proposal part: StreamMessage { stream_id: StreamId(b"\0\0\0\0\0\0\0.\0\0\0\0\0\0\0\x0f"), sequence: 0, content: Data(Init(ProposalInit { height: Height(46), round: Some(0), proposer: Address(02CB1B49DA09615BD4A12212C39378556D990DFD) })) } height=46 round=0
2025-08-25T09:38:16.672586Z  INFO node{moniker=app-2}:node{moniker=app-2}: Streaming proposal part: StreamMessage { stream_id: StreamId(b"\0\0\0\0\0\0\0.\0\0\0\0\0\0\0\x0f"), sequence: 1, content: Data(Data(ProposalData { bytes: "<...>", len: 545 })) } height=46 round=0
2025-08-25T09:38:16.672615Z  INFO node{moniker=app-2}:node{moniker=app-2}: Streaming proposal part: StreamMessage { stream_id: StreamId(b"\0\0\0\0\0\0\0.\0\0\0\0\0\0\0\x0f"), sequence: 2, content: Data(Fin(ProposalFin { signature: Signature(Signature { R_bytes: "f5ad7e9a04664f9c010e0705b65a216557b0fee89b3c2a5799b6ac07e29a7c39", s_bytes: "35095afcc898965f68c091e9722afb112aade3d29a0fa95cac3442b6dd3f2c0f" }) })) } height=46 round=0
2025-08-25T09:38:16.672809Z DEBUG node{moniker=app-2}:network: Published message channel=/proposal_parts size=48
2025-08-25T09:38:16.672849Z  INFO node{moniker=app-2}:node{moniker=app-2}: Streaming proposal part: StreamMessage { stream_id: StreamId(b"\0\0\0\0\0\0\0.\0\0\0\0\0\0\0\x0f"), sequence: 3, content: Fin } height=46 round=0
2025-08-25T09:38:16.673161Z DEBUG node{moniker=app-2}:network: Published message channel=/proposal_parts size=574
2025-08-25T09:38:16.673195Z DEBUG node{moniker=app-2}:wal{height=46}: Wrote log entry type=LocallyProposedValue entry.size=599 
2025-08-25T09:38:16.673232Z DEBUG node{moniker=app-2}:node{moniker=app-2}: ✅ Proposal sent height=46 round=0
2025-08-25T09:38:16.673343Z DEBUG node{moniker=app-2}:network: Published message channel=/proposal_parts size=92
2025-08-25T09:38:16.673472Z DEBUG node{moniker=app-2}:network: Published message channel=/proposal_parts size=22
2025-08-25T09:38:16.673566Z  INFO node{moniker=app-2}:consensus{height=46 round=0}: Proposing value id=e6d83434b0a5b141 round=0
2025-08-25T09:38:16.673763Z  INFO node{moniker=app-2}:consensus{height=46 round=0}: Received proposal consensus.height=46 proposal.height=46 proposal.round=0 proposer=02CB1B49DA09615BD4A12212C39378556D990DFD Proposal(height: 46, round: 0, pol_round: -1, value: e6d83434b0a5b141, from: 02CB1B49DA09615BD4A12212C39378556D990DFD)
2025-08-25T09:38:16.673914Z DEBUG node{moniker=app-2}:wal{height=46}: Wrote log entry type=Consensus(Proposal) entry.size=668 
2025-08-25T09:38:16.673968Z DEBUG node{moniker=app-2}:consensus{height=46 round=0}: Transitioned to new step step.previous=Propose step.new=Prevote
2025-08-25T09:38:16.673978Z  INFO node{moniker=app-2}:consensus{height=46 round=0}: Voting vote_type=Prevote value=e6d83434b0a5b141 round=0
2025-08-25T09:38:16.674160Z  INFO node{moniker=app-2}:consensus{height=46 round=0}: Received vote height=46 vote_height=46 address=02CB1B49DA09615BD4A12212C39378556D990DFD Prevote(height: 46, round: 0, value: e6d83434b0a5b141, from: 02CB1B49DA09615BD4A12212C39378556D990DFD)
2025-08-25T09:38:16.674407Z DEBUG node{moniker=app-2}:wal{height=46}: Wrote log entry type=Consensus(Vote) entry.size=118 
2025-08-25T09:38:16.676644Z DEBUG node{moniker=app-2}:wal{height=46}: Flushed WAL to disk wal.entries=3 wal.size=1436
2025-08-25T09:38:16.678173Z DEBUG node{moniker=app-2}:network: Published message channel=/consensus size=109
2025-08-25T09:38:16.683646Z DEBUG node{moniker=app-2}:wal{height=46}: Flushed WAL to disk wal.entries=3 wal.size=1436
2025-08-25T09:38:16.683835Z DEBUG node{moniker=app-2}:network: Published message channel=/consensus size=659
2025-08-25T09:38:16.692878Z  INFO node{moniker=app-2}:consensus{height=46 round=0}: Received vote height=46 vote_height=46 address=DE7BA2BE72D2225286133990FF5810B691A5261C Precommit(height: 46, round: 0, value: e6d83434b0a5b141, from: DE7BA2BE72D2225286133990FF5810B691A5261C)
2025-08-25T09:38:16.695032Z DEBUG node{moniker=app-2}:wal{height=46}: Wrote log entry type=Consensus(Vote) entry.size=120 
2025-08-25T09:38:16.696296Z  INFO node{moniker=app-2}:consensus{height=46 round=0}: Received vote height=46 vote_height=46 address=DE7BA2BE72D2225286133990FF5810B691A5261C Prevote(height: 46, round: 0, value: e6d83434b0a5b141, from: DE7BA2BE72D2225286133990FF5810B691A5261C)
2025-08-25T09:38:16.696535Z DEBUG node{moniker=app-2}:wal{height=46}: Wrote log entry type=Consensus(Vote) entry.size=118 
2025-08-25T09:38:16.696579Z DEBUG node{moniker=app-2}:consensus{height=46 round=0}: Transitioned to new step step.previous=Prevote step.new=Precommit
2025-08-25T09:38:16.696588Z  INFO node{moniker=app-2}:consensus{height=46 round=0}: Voting vote_type=Precommit value=e6d83434b0a5b141 round=0
2025-08-25T09:38:16.696613Z DEBUG node{moniker=app-2}:node{moniker=app-2}: metis-test:consensus-chan recv!!! msg:ExtendVote { height: Height(46), round: Some(0), value_id: ValueId(16634102624599519553), reply: Sender { inner: Some(Inner { state: State { is_complete: false, is_closed: false, is_rx_task_set: true, is_tx_task_set: false } }) } }
2025-08-25T09:38:16.696797Z  INFO node{moniker=app-2}:consensus{height=46 round=0}: Received vote height=46 vote_height=46 address=02CB1B49DA09615BD4A12212C39378556D990DFD Precommit(height: 46, round: 0, value: e6d83434b0a5b141, from: 02CB1B49DA09615BD4A12212C39378556D990DFD)
2025-08-25T09:38:16.696941Z DEBUG node{moniker=app-2}:wal{height=46}: Wrote log entry type=Consensus(Vote) entry.size=120 
2025-08-25T09:38:16.697069Z DEBUG node{moniker=app-2}:consensus{height=46 round=0}: Transitioned to new step step.previous=Precommit step.new=Commit
2025-08-25T09:38:16.697076Z  INFO node{moniker=app-2}:consensus{height=46 round=0}: Decided round=0 height=46 value=e6d83434b0a5b141
2025-08-25T09:38:16.700583Z DEBUG node{moniker=app-2}:wal{height=46}: Flushed WAL to disk wal.entries=6 wal.size=1833
2025-08-25T09:38:16.700703Z DEBUG node{moniker=app-2}:sync{height.tip=45 height.sync=46}: Updating request state height.tip=46
2025-08-25T09:38:16.700728Z DEBUG node{moniker=app-2}:node{moniker=app-2}: metis-test:consensus-chan recv!!! msg:Decided { certificate: CommitCertificate { height: Height(46), round: Some(0), value_id: ValueId(16634102624599519553), commit_signatures: [CommitSignature { address: Address(02CB1B49DA09615BD4A12212C39378556D990DFD), signature: Signature(Signature { R_bytes: "bc6f2b4e7e0cc2d65b833fb245c0e3930773c4106dabc39a5a40790aeef3af6a", s_bytes: "9f64dc93f30fc86e3d68cb3089c124859145c28dae049efb11fb652ed25dd608" }) }, CommitSignature { address: Address(DE7BA2BE72D2225286133990FF5810B691A5261C), signature: Signature(Signature { R_bytes: "19c03768b22963c313d8bd2c67c8e5c154cd5665d3eb8923dd78d66621e67fab", s_bytes: "b67ddaeeb8a3048463ae76016fcc94a35db8f9afe58f52025337b2f07eaa1008" }) }] }, extensions: VoteExtensions { extensions: [] }, reply: Sender { inner: Some(Inner { state: State { is_complete: false, is_closed: false, is_rx_task_set: true, is_tx_task_set: false } }) } }
2025-08-25T09:38:16.700748Z  INFO node{moniker=app-2}:node{moniker=app-2}: 🟢🟢 Consensus has decided on value height=46 round=0 value=e6d83434b0a5b141
2025-08-25T09:38:16.700819Z DEBUG node{moniker=app-2}:node{moniker=app-2}: 🎁 block size: 545, height: 46
2025-08-25T09:38:16.700830Z  INFO node{moniker=app-2}:node{moniker=app-2}: 👉 stats at height 46: #txs=0, txs/s=0.00, chain_bytes=25070, bytes/s=2616.20
2025-08-25T09:38:16.700835Z DEBUG node{moniker=app-2}:node{moniker=app-2}: 🦄 Block at height 46 contains 0 transactions
2025-08-25T09:38:16.704329Z DEBUG node{moniker=app-2}:wal{height=46}: Flushed WAL to disk wal.entries=6 wal.size=1833
2025-08-25T09:38:16.705571Z DEBUG node{moniker=app-2}:network: Published message channel=/consensus size=111
2025-08-25T09:38:16.708115Z DEBUG node{moniker=app-2}:node{moniker=app-2}: 💡 New block added at height 46 with hash: 0xc3fa7145a4b9485c94a3c353223ec5aa1a257784b0504a423679ad45c9056270
2025-08-25T09:38:16.708128Z DEBUG node{moniker=app-2}:node{moniker=app-2}: 🟠 set_latest_forkchoice_state: 0xc3fa7145a4b9485c94a3c353223ec5aa1a257784b0504a423679ad45c9056270
2025-08-25T09:38:16.709369Z DEBUG node{moniker=app-2}:node{moniker=app-2}: ➡️ payload_status: PayloadStatus { status: Valid, latest_valid_hash: Some(0xc3fa7145a4b9485c94a3c353223ec5aa1a257784b0504a423679ad45c9056270) }
2025-08-25T09:38:16.709379Z DEBUG node{moniker=app-2}:node{moniker=app-2}: 🚀 Forkchoice updated to height 46 for block hash=0xc3fa7145a4b9485c94a3c353223ec5aa1a257784b0504a423679ad45c9056270 and latest_valid_hash=0xc3fa7145a4b9485c94a3c353223ec5aa1a257784b0504a423679ad45c9056270
2025-08-25T09:38:16.709382Z  INFO node{moniker=app-2}:node{moniker=app-2}: Looking for certificate height=46 round=0
2025-08-25T09:38:16.719182Z  INFO node{moniker=app-2}:node{moniker=app-2}: Committed block_data[0..32]: b860effdff57b30f80b71515d314ce2ff5e9acc540c08151d25ffbc8a6ad79ca
2025-08-25T09:38:16.737673Z DEBUG node{moniker=app-2}:wal{height=47}: Reset WAL height=47
2025-08-25T09:38:16.737773Z DEBUG node{moniker=app-2}:consensus{height=47 round=0}: No WAL entries to replay height=47
2025-08-25T09:38:16.737819Z  INFO node{moniker=app-2}:consensus{height=47 round=0}: Starting new height height=47
2025-08-25T09:38:16.737827Z  INFO node{moniker=app-2}:consensus{height=47 round=0}: Starting new round height=47 round=0 proposer=02CB1B49DA09615BD4A12212C39378556D990DFD role=Proposer
2025-08-25T09:38:16.737864Z DEBUG node{moniker=app-2}:sync{height.tip=45 height.sync=46}: Starting new height height.tip=46 height.sync=47 restart=false
2025-08-25T09:38:16.737885Z DEBUG node{moniker=app-2}:sync{height.tip=45 height.sync=46}: No peer to request sync from height.sync=47
2025-08-25T09:38:16.743630Z DEBUG node{moniker=app-2}:wal{height=47}: Flushed WAL to disk wal.entries=0 wal.size=12
2025-08-25T09:38:16.743733Z DEBUG node{moniker=app-2}:node{moniker=app-2}: metis-test:consensus-chan recv!!! msg:StartedRound { height: Height(47), round: Some(0), proposer: Address(02CB1B49DA09615BD4A12212C39378556D990DFD), role: Proposer, reply_value: Sender { inner: Some(Inner { state: State { is_complete: false, is_closed: false, is_rx_task_set: false, is_tx_task_set: false } }) } }
2025-08-25T09:38:16.743749Z  INFO node{moniker=app-2}:node{moniker=app-2}: 🟢🟢 Started round height=47 round=0 proposer=02CB1B49DA09615BD4A12212C39378556D990DFD role=Proposer
2025-08-25T09:38:16.743765Z ERROR node{moniker=app-2}:consensus{height=47 round=0}: Error when processing effect: Messaging(RecvErr)
2025-08-25T09:38:16.743789Z DEBUG node{moniker=app-2}:consensus{height=47 round=0}: Transitioned to new step step.previous=Unstarted step.new=Propose
2025-08-25T09:38:16.743796Z  INFO node{moniker=app-2}:consensus{height=47 round=0}: Scheduling timeout round=0 step=Propose
2025-08-25T09:38:16.743803Z  INFO node{moniker=app-2}:consensus{height=47 round=0}: Requesting value from application height=47 round=0
2025-08-25T09:38:16.743816Z DEBUG node{moniker=app-2}:consensus{height=47 round=0}: Replaying inputs count=0
2025-08-25T09:38:16.743841Z DEBUG node{moniker=app-2}:node{moniker=app-2}: metis-test:consensus-chan recv!!! msg:GetValue { height: Height(47), round: Some(0), timeout: 3s, reply: Sender { inner: Some(Inner { state: State { is_complete: false, is_closed: false, is_rx_task_set: true, is_tx_task_set: false } }) } }
2025-08-25T09:38:16.743848Z  INFO node{moniker=app-2}:node{moniker=app-2}: 🟢🟢 Consensus is requesting a value to propose height=47 round=0
2025-08-25T09:38:16.743852Z DEBUG node{moniker=app-2}:node{moniker=app-2}: 🟠 generate_block on top of ExecutionBlock { block_hash: 0xc3fa7145a4b9485c94a3c353223ec5aa1a257784b0504a423679ad45c9056270, block_number: 46, parent_hash: 0xc3fa7145a4b9485c94a3c353223ec5aa1a257784b0504a423679ad45c9056270, timestamp: 1756114737, prev_randao: 0x0000000000000000000000000000000000000000000000000000000000000000 }
2025-08-25T09:38:16.746535Z DEBUG node{moniker=app-2}:node{moniker=app-2}: 🌈 Got execution payload: ExecutionPayloadV3 { payload_inner: ExecutionPayloadV2 { payload_inner: ExecutionPayloadV1 { parent_hash: 0xc3fa7145a4b9485c94a3c353223ec5aa1a257784b0504a423679ad45c9056270, fee_recipient: 0x2a2a2a2a2a2a2a2a2a2a2a2a2a2a2a2a2a2a2a2a, state_root: 0xec26df9442c5d4a0a0cc5348c960115b43da08c7aef6be4e4ccc5f136ca892a6, receipts_root: 0x56e81f171bcc55a6ff8345e692c0f86e5b48e01b996cadc001622fb5e363b421, logs_bloom: 0x00000000000000000000000000000000000000000000000000000000000000000000000000000000000000000000000000000000000000000000000000000000000000000000000000000000000000000000000000000000000000000000000000000000000000000000000000000000000000000000000000000000000000000000000000000000000000000000000000000000000000000000000000000000000000000000000000000000000000000000000000000000000000000000000000000000000000000000000000000000000000000000000000000000000000000000000000000000000000000000000000000000000000000000000000000000, prev_randao: 0x0000000000000000000000000000000000000000000000000000000000000000, block_number: 47, gas_limit: 31408265, gas_used: 0, timestamp: 1756114738, extra_data: 0x726574682f76312e342e312f6c696e7578, base_fee_per_gas: 1880959, block_hash: 0x710e6491041053a1cee1513879985a265ff2d930598bfd799685382b55d0ef50, transactions: [] }, withdrawals: [] }, blob_gas_used: 0, excess_blob_gas: 0 }
2025-08-25T09:38:16.746558Z DEBUG node{moniker=app-2}:node{moniker=app-2}: 🎁 block size: 545, height: 47
2025-08-25T09:38:16.759045Z  INFO node{moniker=app-2}:node{moniker=app-2}: Streaming proposal part: StreamMessage { stream_id: StreamId(b"\0\0\0\0\0\0\0/\0\0\0\0\0\0\0\x10"), sequence: 0, content: Data(Init(ProposalInit { height: Height(47), round: Some(0), proposer: Address(02CB1B49DA09615BD4A12212C39378556D990DFD) })) } height=47 round=0
2025-08-25T09:38:16.759391Z  INFO node{moniker=app-2}:node{moniker=app-2}: Streaming proposal part: StreamMessage { stream_id: StreamId(b"\0\0\0\0\0\0\0/\0\0\0\0\0\0\0\x10"), sequence: 1, content: Data(Data(ProposalData { bytes: "<...>", len: 545 })) } height=47 round=0
2025-08-25T09:38:16.760112Z  INFO node{moniker=app-2}:node{moniker=app-2}: Streaming proposal part: StreamMessage { stream_id: StreamId(b"\0\0\0\0\0\0\0/\0\0\0\0\0\0\0\x10"), sequence: 2, content: Data(Fin(ProposalFin { signature: Signature(Signature { R_bytes: "3a254eb7f7f5070fb797d6ee57930bc1c0d08e9a91d6ffdd44e4a08bcc7e6b24", s_bytes: "92e2d92599fdfa0aa5aadd3bc3d15f22f7ff75cd7186f5bad2aa0d84d38e6505" }) })) } height=47 round=0
2025-08-25T09:38:16.760599Z DEBUG node{moniker=app-2}:network: Published message channel=/proposal_parts size=48
2025-08-25T09:38:16.760650Z  INFO node{moniker=app-2}:node{moniker=app-2}: Streaming proposal part: StreamMessage { stream_id: StreamId(b"\0\0\0\0\0\0\0/\0\0\0\0\0\0\0\x10"), sequence: 3, content: Fin } height=47 round=0
2025-08-25T09:38:16.760976Z DEBUG node{moniker=app-2}:network: Published message channel=/proposal_parts size=574
2025-08-25T09:38:16.761020Z DEBUG node{moniker=app-2}:wal{height=47}: Wrote log entry type=LocallyProposedValue entry.size=599 
2025-08-25T09:38:16.761202Z DEBUG node{moniker=app-2}:node{moniker=app-2}: ✅ Proposal sent height=47 round=0
2025-08-25T09:38:16.761345Z DEBUG node{moniker=app-2}:network: Published message channel=/proposal_parts size=92
2025-08-25T09:38:16.761485Z  INFO node{moniker=app-2}:consensus{height=47 round=0}: Proposing value id=adfd06895819147c round=0
2025-08-25T09:38:16.761659Z  INFO node{moniker=app-2}:consensus{height=47 round=0}: Received proposal consensus.height=47 proposal.height=47 proposal.round=0 proposer=02CB1B49DA09615BD4A12212C39378556D990DFD Proposal(height: 47, round: 0, pol_round: -1, value: adfd06895819147c, from: 02CB1B49DA09615BD4A12212C39378556D990DFD)
2025-08-25T09:38:16.761844Z DEBUG node{moniker=app-2}:network: Published message channel=/proposal_parts size=22
2025-08-25T09:38:16.764409Z DEBUG node{moniker=app-2}:wal{height=47}: Wrote log entry type=Consensus(Proposal) entry.size=668 
2025-08-25T09:38:16.764562Z DEBUG node{moniker=app-2}:consensus{height=47 round=0}: Transitioned to new step step.previous=Propose step.new=Prevote
2025-08-25T09:38:16.764578Z  INFO node{moniker=app-2}:consensus{height=47 round=0}: Voting vote_type=Prevote value=adfd06895819147c round=0
2025-08-25T09:38:16.764744Z  INFO node{moniker=app-2}:consensus{height=47 round=0}: Received vote height=47 vote_height=47 address=02CB1B49DA09615BD4A12212C39378556D990DFD Prevote(height: 47, round: 0, value: adfd06895819147c, from: 02CB1B49DA09615BD4A12212C39378556D990DFD)
2025-08-25T09:38:16.765342Z DEBUG node{moniker=app-2}:wal{height=47}: Wrote log entry type=Consensus(Vote) entry.size=118 
2025-08-25T09:38:16.771243Z DEBUG node{moniker=app-2}:wal{height=47}: Flushed WAL to disk wal.entries=3 wal.size=1436
2025-08-25T09:38:16.771550Z DEBUG node{moniker=app-2}:network: Published message channel=/consensus size=109
2025-08-25T09:38:16.776025Z DEBUG node{moniker=app-2}:wal{height=47}: Flushed WAL to disk wal.entries=3 wal.size=1436
2025-08-25T09:38:16.776525Z DEBUG node{moniker=app-2}:network: Published message channel=/consensus size=659
2025-08-25T09:38:16.786877Z  INFO node{moniker=app-2}:consensus{height=47 round=0}: Received vote height=47 vote_height=47 address=815F9FA61D7C4F1E4A9E30D40DCA1115BB48F759 Precommit(height: 47, round: 0, value: adfd06895819147c, from: 815F9FA61D7C4F1E4A9E30D40DCA1115BB48F759)
2025-08-25T09:38:16.789976Z DEBUG node{moniker=app-2}:wal{height=47}: Wrote log entry type=Consensus(Vote) entry.size=120 
2025-08-25T09:38:16.790870Z  INFO node{moniker=app-2}:consensus{height=47 round=0}: Received vote height=47 vote_height=47 address=815F9FA61D7C4F1E4A9E30D40DCA1115BB48F759 Prevote(height: 47, round: 0, value: adfd06895819147c, from: 815F9FA61D7C4F1E4A9E30D40DCA1115BB48F759)
2025-08-25T09:38:16.790979Z DEBUG node{moniker=app-2}:wal{height=47}: Wrote log entry type=Consensus(Vote) entry.size=118 
2025-08-25T09:38:16.791105Z DEBUG node{moniker=app-2}:consensus{height=47 round=0}: Transitioned to new step step.previous=Prevote step.new=Precommit
2025-08-25T09:38:16.791113Z  INFO node{moniker=app-2}:consensus{height=47 round=0}: Voting vote_type=Precommit value=adfd06895819147c round=0
2025-08-25T09:38:16.791133Z DEBUG node{moniker=app-2}:node{moniker=app-2}: metis-test:consensus-chan recv!!! msg:ExtendVote { height: Height(47), round: Some(0), value_id: ValueId(12537184124627653756), reply: Sender { inner: Some(Inner { state: State { is_complete: false, is_closed: false, is_rx_task_set: true, is_tx_task_set: false } }) } }
2025-08-25T09:38:16.791295Z  INFO node{moniker=app-2}:consensus{height=47 round=0}: Received vote height=47 vote_height=47 address=02CB1B49DA09615BD4A12212C39378556D990DFD Precommit(height: 47, round: 0, value: adfd06895819147c, from: 02CB1B49DA09615BD4A12212C39378556D990DFD)
2025-08-25T09:38:16.791349Z DEBUG node{moniker=app-2}:wal{height=47}: Wrote log entry type=Consensus(Vote) entry.size=120 
2025-08-25T09:38:16.791370Z DEBUG node{moniker=app-2}:consensus{height=47 round=0}: Transitioned to new step step.previous=Precommit step.new=Commit
2025-08-25T09:38:16.791374Z  INFO node{moniker=app-2}:consensus{height=47 round=0}: Decided round=0 height=47 value=adfd06895819147c
2025-08-25T09:38:16.794242Z DEBUG node{moniker=app-2}:wal{height=47}: Flushed WAL to disk wal.entries=6 wal.size=1833
2025-08-25T09:38:16.794301Z DEBUG node{moniker=app-2}:sync{height.tip=46 height.sync=47}: Updating request state height.tip=47
2025-08-25T09:38:16.794322Z DEBUG node{moniker=app-2}:node{moniker=app-2}: metis-test:consensus-chan recv!!! msg:Decided { certificate: CommitCertificate { height: Height(47), round: Some(0), value_id: ValueId(12537184124627653756), commit_signatures: [CommitSignature { address: Address(02CB1B49DA09615BD4A12212C39378556D990DFD), signature: Signature(Signature { R_bytes: "5fd9f74278aae90b45784cc104bddbd6ccd5e0f1347b8bf8d55c0585e8d0d0c4", s_bytes: "a1571872bbd4fad7d5fa27a5db021952c47fb66b3ecdb73300b7a2fbde267802" }) }, CommitSignature { address: Address(815F9FA61D7C4F1E4A9E30D40DCA1115BB48F759), signature: Signature(Signature { R_bytes: "8e78b8506c7bb66905f7d114cca6e7f5635dedad5ae04c78aa107768ed9732b2", s_bytes: "49ca33efbd10d781860d9b9f160b270302b954d33a7859d8888000f74642f40b" }) }] }, extensions: VoteExtensions { extensions: [] }, reply: Sender { inner: Some(Inner { state: State { is_complete: false, is_closed: false, is_rx_task_set: true, is_tx_task_set: false } }) } }
2025-08-25T09:38:16.794337Z  INFO node{moniker=app-2}:node{moniker=app-2}: 🟢🟢 Consensus has decided on value height=47 round=0 value=adfd06895819147c
2025-08-25T09:38:16.794385Z DEBUG node{moniker=app-2}:node{moniker=app-2}: 🎁 block size: 545, height: 47
2025-08-25T09:38:16.794393Z  INFO node{moniker=app-2}:node{moniker=app-2}: 👉 stats at height 47: #txs=0, txs/s=0.00, chain_bytes=25615, bytes/s=2647.23
2025-08-25T09:38:16.794397Z DEBUG node{moniker=app-2}:node{moniker=app-2}: 🦄 Block at height 47 contains 0 transactions
2025-08-25T09:38:16.796083Z DEBUG node{moniker=app-2}:node{moniker=app-2}: 💡 New block added at height 47 with hash: 0x710e6491041053a1cee1513879985a265ff2d930598bfd799685382b55d0ef50
2025-08-25T09:38:16.796092Z DEBUG node{moniker=app-2}:node{moniker=app-2}: 🟠 set_latest_forkchoice_state: 0x710e6491041053a1cee1513879985a265ff2d930598bfd799685382b55d0ef50
2025-08-25T09:38:16.797128Z DEBUG node{moniker=app-2}:node{moniker=app-2}: ➡️ payload_status: PayloadStatus { status: Valid, latest_valid_hash: Some(0x710e6491041053a1cee1513879985a265ff2d930598bfd799685382b55d0ef50) }
2025-08-25T09:38:16.797133Z DEBUG node{moniker=app-2}:node{moniker=app-2}: 🚀 Forkchoice updated to height 47 for block hash=0x710e6491041053a1cee1513879985a265ff2d930598bfd799685382b55d0ef50 and latest_valid_hash=0x710e6491041053a1cee1513879985a265ff2d930598bfd799685382b55d0ef50
2025-08-25T09:38:16.797136Z  INFO node{moniker=app-2}:node{moniker=app-2}: Looking for certificate height=47 round=0
2025-08-25T09:38:16.797278Z DEBUG node{moniker=app-2}:wal{height=47}: Flushed WAL to disk wal.entries=6 wal.size=1833
2025-08-25T09:38:16.797569Z DEBUG node{moniker=app-2}:network: Published message channel=/consensus size=111
2025-08-25T09:38:16.800836Z  INFO node{moniker=app-2}:node{moniker=app-2}: Committed block_data[0..32]: c3fa7145a4b9485c94a3c353223ec5aa1a257784b0504a423679ad45c9056270
2025-08-25T09:38:16.814260Z DEBUG node{moniker=app-2}:wal{height=48}: Reset WAL height=48
2025-08-25T09:38:16.814327Z DEBUG node{moniker=app-2}:consensus{height=48 round=0}: No WAL entries to replay height=48
2025-08-25T09:38:16.814359Z  INFO node{moniker=app-2}:consensus{height=48 round=0}: Starting new height height=48
2025-08-25T09:38:16.814365Z  INFO node{moniker=app-2}:consensus{height=48 round=0}: Starting new round height=48 round=0 proposer=DE7BA2BE72D2225286133990FF5810B691A5261C role=None
2025-08-25T09:38:16.814395Z DEBUG node{moniker=app-2}:sync{height.tip=46 height.sync=47}: Starting new height height.tip=47 height.sync=48 restart=false
2025-08-25T09:38:16.814402Z DEBUG node{moniker=app-2}:sync{height.tip=46 height.sync=47}: No peer to request sync from height.sync=48
2025-08-25T09:38:16.817460Z DEBUG node{moniker=app-2}:wal{height=48}: Flushed WAL to disk wal.entries=0 wal.size=12
2025-08-25T09:38:16.817558Z DEBUG node{moniker=app-2}:node{moniker=app-2}: metis-test:consensus-chan recv!!! msg:StartedRound { height: Height(48), round: Some(0), proposer: Address(DE7BA2BE72D2225286133990FF5810B691A5261C), role: None, reply_value: Sender { inner: Some(Inner { state: State { is_complete: false, is_closed: false, is_rx_task_set: false, is_tx_task_set: false } }) } }
2025-08-25T09:38:16.817573Z  INFO node{moniker=app-2}:node{moniker=app-2}: 🟢🟢 Started round height=48 round=0 proposer=DE7BA2BE72D2225286133990FF5810B691A5261C role=None
2025-08-25T09:38:16.817592Z ERROR node{moniker=app-2}:consensus{height=48 round=0}: Error when processing effect: Messaging(RecvErr)
2025-08-25T09:38:16.817615Z DEBUG node{moniker=app-2}:consensus{height=48 round=0}: Transitioned to new step step.previous=Unstarted step.new=Propose
2025-08-25T09:38:16.817622Z  INFO node{moniker=app-2}:consensus{height=48 round=0}: Scheduling timeout round=0 step=Propose
2025-08-25T09:38:16.817634Z DEBUG node{moniker=app-2}:consensus{height=48 round=0}: Replaying inputs count=0
2025-08-25T09:38:16.853387Z DEBUG node{moniker=app-2}:node{moniker=app-2}: metis-test:consensus-chan recv!!! msg:ReceivedProposalPart { from: PeerId("12D3KooWEFmACkQS9HNWY86xGVM3LS7fRpQ8saTb5VdfdYCzuUvE"), part: StreamMessage { stream_id: StreamId(b"\0\0\0\0\0\0\00\0\0\0\0\0\0\0\x0f"), sequence: 0, content: Data(Init(ProposalInit { height: Height(48), round: Some(0), proposer: Address(DE7BA2BE72D2225286133990FF5810B691A5261C) })) }, reply: Sender { inner: Some(Inner { state: State { is_complete: false, is_closed: false, is_rx_task_set: true, is_tx_task_set: false } }) } }
2025-08-25T09:38:16.853536Z  INFO node{moniker=app-2}:node{moniker=app-2}: Received proposal part from=12D3KooWEFmACkQS9HNWY86xGVM3LS7fRpQ8saTb5VdfdYCzuUvE part.sequence=0 part.type=init part.size=28
2025-08-25T09:38:16.853570Z DEBUG node{moniker=app-2}:node{moniker=app-2}: metis-test:consensus-chan recv!!! msg:ReceivedProposalPart { from: PeerId("12D3KooWEFmACkQS9HNWY86xGVM3LS7fRpQ8saTb5VdfdYCzuUvE"), part: StreamMessage { stream_id: StreamId(b"\0\0\0\0\0\0\00\0\0\0\0\0\0\0\x0f"), sequence: 1, content: Data(Data(ProposalData { bytes: "<...>", len: 545 })) }, reply: Sender { inner: Some(Inner { state: State { is_complete: false, is_closed: false, is_rx_task_set: true, is_tx_task_set: false } }) } }
2025-08-25T09:38:16.853591Z  INFO node{moniker=app-2}:node{moniker=app-2}: Received proposal part from=12D3KooWEFmACkQS9HNWY86xGVM3LS7fRpQ8saTb5VdfdYCzuUvE part.sequence=1 part.type=data part.size=551
2025-08-25T09:38:16.855159Z DEBUG node{moniker=app-2}:node{moniker=app-2}: metis-test:consensus-chan recv!!! msg:ReceivedProposalPart { from: PeerId("12D3KooWEFmACkQS9HNWY86xGVM3LS7fRpQ8saTb5VdfdYCzuUvE"), part: StreamMessage { stream_id: StreamId(b"\0\0\0\0\0\0\00\0\0\0\0\0\0\0\x0f"), sequence: 2, content: Data(Fin(ProposalFin { signature: Signature(Signature { R_bytes: "1b4169bbeb1b48ac56f4a8d73873004826be82fdea30f58b1d0a63bd6a164daa", s_bytes: "a7fba7f1aafc9c145f8562b1e7cf22f5d3024d60dae91fe852a7f18b4099d60a" }) })) }, reply: Sender { inner: Some(Inner { state: State { is_complete: false, is_closed: false, is_rx_task_set: true, is_tx_task_set: false } }) } }
2025-08-25T09:38:16.855194Z  INFO node{moniker=app-2}:node{moniker=app-2}: Received proposal part from=12D3KooWEFmACkQS9HNWY86xGVM3LS7fRpQ8saTb5VdfdYCzuUvE part.sequence=2 part.type=fin part.size=70
2025-08-25T09:38:16.855219Z DEBUG node{moniker=app-2}:node{moniker=app-2}: metis-test:consensus-chan recv!!! msg:ReceivedProposalPart { from: PeerId("12D3KooWEFmACkQS9HNWY86xGVM3LS7fRpQ8saTb5VdfdYCzuUvE"), part: StreamMessage { stream_id: StreamId(b"\0\0\0\0\0\0\00\0\0\0\0\0\0\0\x0f"), sequence: 3, content: Fin }, reply: Sender { inner: Some(Inner { state: State { is_complete: false, is_closed: false, is_rx_task_set: true, is_tx_task_set: false } }) } }
2025-08-25T09:38:16.855234Z  INFO node{moniker=app-2}:node{moniker=app-2}: Received proposal part from=12D3KooWEFmACkQS9HNWY86xGVM3LS7fRpQ8saTb5VdfdYCzuUvE part.sequence=3 part.type=end of stream part.size=0
2025-08-25T09:38:16.855393Z  INFO node{moniker=app-2}:node{moniker=app-2}: Proposal data[0..32]: 710e6491041053a1cee1513879985a265ff2d930598bfd799685382b55d0ef50, total_size: 545 bytes, id: b2326e56578cc1a3
2025-08-25T09:38:16.858565Z  INFO node{moniker=app-2}:consensus{height=48 round=0}: Received vote height=48 vote_height=48 address=DE7BA2BE72D2225286133990FF5810B691A5261C Prevote(height: 48, round: 0, value: b2326e56578cc1a3, from: DE7BA2BE72D2225286133990FF5810B691A5261C)
2025-08-25T09:38:16.860598Z DEBUG node{moniker=app-2}:wal{height=48}: Wrote log entry type=Consensus(Vote) entry.size=118 
2025-08-25T09:38:16.863228Z  INFO node{moniker=app-2}:consensus{height=48 round=0}: Received proposal consensus.height=48 proposal.height=48 proposal.round=0 proposer=DE7BA2BE72D2225286133990FF5810B691A5261C Proposal(height: 48, round: 0, pol_round: -1, value: b2326e56578cc1a3, from: DE7BA2BE72D2225286133990FF5810B691A5261C)
2025-08-25T09:38:16.865388Z DEBUG node{moniker=app-2}:wal{height=48}: Wrote log entry type=Consensus(Proposal) entry.size=668 
2025-08-25T09:38:16.865454Z DEBUG node{moniker=app-2}:consensus{height=48 round=0}: No full proposal for this round yet, stored proposal for later proposal.height=48 proposal.round=0
2025-08-25T09:38:16.869680Z DEBUG node{moniker=app-2}:node{moniker=app-2}: ✅ Received complete proposal: ProposedValue { height: Height(48), round: Some(0), valid_round: Nil, proposer: Address(DE7BA2BE72D2225286133990FF5810B691A5261C), value: Value { value: 12840446804701790627, extensions: b"q\x0ed\x91\x04\x10S\xa1\xce\xe1Q8y\x98Z&_\xf2\xd90Y\x8b\xfdy\x96\x858+U\xd0\xefP********************\xec&\xdf\x94B\xc5\xd4\xa0\xa0\xccSH\xc9`\x11[C\xda\x08\xc7\xae\xf6\xbeNL\xcc_\x13l\xa8\x92\xa6V\xe8\x1f\x17\x1b\xccU\xa6\xff\x83E\xe6\x92\xc0\xf8n[H\xe0\x1b\x99l\xad\xc0\x01b/\xb5\xe3c\xb4!\0\0\0\0\0\0\0\0\0\0\0\0\0\0\0\0\0\0\0\0\0\0\0\0\0\0\0\0\0\0\0\0\0\0\0\0\0\0\0\0\0\0\0\0\0\0\0\0\0\0\0\0\0\0\0\0\0\0\0\0\0\0\0\0\0\0\0\0\0\0\0\0\0\0\0\0\0\0\0\0\0\0\0\0\0\0\0\0\0\0\0\0\0\0\0\0\0\0\0\0\0\0\0\0\0\0\0\0\0\0\0\0\0\0\0\0\0\0\0\0\0\0\0\0\0\0\0\0\0\0\0\0\0\0\0\0\0\0\0\0\0\0\0\0\0\0\0\0\0\0\0\0\0\0\0\0\0\0\0\0\0\0\0\0\0\0\0\0\0\0\0\0\0\0\0\0\0\0\0\0\0\0\0\0\0\0\0\0\0\0\0\0\0\0\0\0\0\0\0\0\0\0\0\0\0\0\0\0\0\0\0\0\0\0\0\0\0\0\0\0\0\0\0\0\0\0\0\0\0\0\0\0\0\0\0\0\0\0\0\0\0\0\0\0\0\0\0\0\0\0\0\0\0\0\0\0\0\0\0\0\0\0\0\0\0\0\0\0\0\0\0\0\0\0\0\0\0\0\0\0\0\0\0\0\0\0\0\00\0\0\0\0\0\0\0X\xb8\xdf\x01\0\0\0\0\0\0\0\0\0\0\0\03/\xach\0\0\0\0\x10\x02\0\0\x10\x1d\x19\0\0\0\0\0\0\0\0\0\0\0\0\0\0\0\0\0\0\0\0\0\0\0\0\0\0\0\0\0\xa2r8<\xa8\xaa\0\x80\x06\xd3\x9eGv\x93\x04\xe2\xbfy\xd0f?k\xd7cxJ5\xa7h_\xe5\xf6!\x02\0\0!\x02\0\0\0\0\0\0\0\0\0\0\0\0\0\0\0\0\0\0reth/v1.4.1/linux" }, validity: Valid }
2025-08-25T09:38:16.869767Z DEBUG node{moniker=app-2}:consensus{height=48 round=0}: We have a full proposal for this round, checking... proposal.height=48 proposal.round=0
2025-08-25T09:38:16.869786Z DEBUG node{moniker=app-2}:consensus{height=48 round=0}: Transitioned to new step step.previous=Propose step.new=Prevote
2025-08-25T09:38:16.875385Z  INFO node{moniker=app-2}:consensus{height=48 round=0}: Received vote height=48 vote_height=48 address=815F9FA61D7C4F1E4A9E30D40DCA1115BB48F759 Precommit(height: 48, round: 0, value: b2326e56578cc1a3, from: 815F9FA61D7C4F1E4A9E30D40DCA1115BB48F759)
2025-08-25T09:38:16.878153Z DEBUG node{moniker=app-2}:wal{height=48}: Wrote log entry type=Consensus(Vote) entry.size=120 
2025-08-25T09:38:16.879862Z  INFO node{moniker=app-2}:consensus{height=48 round=0}: Received vote height=48 vote_height=48 address=815F9FA61D7C4F1E4A9E30D40DCA1115BB48F759 Prevote(height: 48, round: 0, value: b2326e56578cc1a3, from: 815F9FA61D7C4F1E4A9E30D40DCA1115BB48F759)
2025-08-25T09:38:16.881188Z DEBUG node{moniker=app-2}:wal{height=48}: Wrote log entry type=Consensus(Vote) entry.size=118 
2025-08-25T09:38:16.881290Z DEBUG node{moniker=app-2}:consensus{height=48 round=0}: Transitioned to new step step.previous=Prevote step.new=Precommit
2025-08-25T09:38:16.888483Z  INFO node{moniker=app-2}:consensus{height=48 round=0}: Received vote height=48 vote_height=48 address=DE7BA2BE72D2225286133990FF5810B691A5261C Precommit(height: 48, round: 0, value: b2326e56578cc1a3, from: DE7BA2BE72D2225286133990FF5810B691A5261C)
2025-08-25T09:38:16.888640Z DEBUG node{moniker=app-2}:wal{height=48}: Wrote log entry type=Consensus(Vote) entry.size=120 
2025-08-25T09:38:16.888736Z DEBUG node{moniker=app-2}:consensus{height=48 round=0}: Transitioned to new step step.previous=Precommit step.new=Commit
2025-08-25T09:38:16.888743Z  INFO node{moniker=app-2}:consensus{height=48 round=0}: Decided round=0 height=48 value=b2326e56578cc1a3
2025-08-25T09:38:16.894813Z DEBUG node{moniker=app-2}:wal{height=48}: Flushed WAL to disk wal.entries=5 wal.size=1221
2025-08-25T09:38:16.894967Z DEBUG node{moniker=app-2}:sync{height.tip=47 height.sync=48}: Updating request state height.tip=48
2025-08-25T09:38:16.894981Z DEBUG node{moniker=app-2}:node{moniker=app-2}: metis-test:consensus-chan recv!!! msg:Decided { certificate: CommitCertificate { height: Height(48), round: Some(0), value_id: ValueId(12840446804701790627), commit_signatures: [CommitSignature { address: Address(815F9FA61D7C4F1E4A9E30D40DCA1115BB48F759), signature: Signature(Signature { R_bytes: "af18c6cedcc9cef9513859b6d209161aaa6393d724c5f6798b19f80a813eb14d", s_bytes: "970b8d598ad834ab9eae864656bb9637e5667c22f2b465e55769bdfb8f43cd0c" }) }, CommitSignature { address: Address(DE7BA2BE72D2225286133990FF5810B691A5261C), signature: Signature(Signature { R_bytes: "3da0f3df201a0f3516f9457091ab0d22b61f3cb983b31f71a9c4327cb7feaf95", s_bytes: "10b71c342ab9731d741aba0389f6c950cfbc0e27dab9deb4d227f8e14fb8a201" }) }] }, extensions: VoteExtensions { extensions: [] }, reply: Sender { inner: Some(Inner { state: State { is_complete: false, is_closed: false, is_rx_task_set: true, is_tx_task_set: false } }) } }
2025-08-25T09:38:16.894998Z  INFO node{moniker=app-2}:node{moniker=app-2}: 🟢🟢 Consensus has decided on value height=48 round=0 value=b2326e56578cc1a3
2025-08-25T09:38:16.895054Z DEBUG node{moniker=app-2}:node{moniker=app-2}: 🎁 block size: 545, height: 48
2025-08-25T09:38:16.895064Z  INFO node{moniker=app-2}:node{moniker=app-2}: 👉 stats at height 48: #txs=0, txs/s=0.00, chain_bytes=26160, bytes/s=2675.71
2025-08-25T09:38:16.895068Z DEBUG node{moniker=app-2}:node{moniker=app-2}: 🦄 Block at height 48 contains 0 transactions
2025-08-25T09:38:16.896504Z DEBUG node{moniker=app-2}:node{moniker=app-2}: 💡 New block added at height 48 with hash: 0xa272383ca8aa008006d39e47769304e2bf79d0663f6bd763784a35a7685fe5f6
2025-08-25T09:38:16.896512Z DEBUG node{moniker=app-2}:node{moniker=app-2}: 🟠 set_latest_forkchoice_state: 0xa272383ca8aa008006d39e47769304e2bf79d0663f6bd763784a35a7685fe5f6
2025-08-25T09:38:16.897822Z DEBUG node{moniker=app-2}:node{moniker=app-2}: ➡️ payload_status: PayloadStatus { status: Valid, latest_valid_hash: Some(0xa272383ca8aa008006d39e47769304e2bf79d0663f6bd763784a35a7685fe5f6) }
2025-08-25T09:38:16.897834Z DEBUG node{moniker=app-2}:node{moniker=app-2}: 🚀 Forkchoice updated to height 48 for block hash=0xa272383ca8aa008006d39e47769304e2bf79d0663f6bd763784a35a7685fe5f6 and latest_valid_hash=0xa272383ca8aa008006d39e47769304e2bf79d0663f6bd763784a35a7685fe5f6
2025-08-25T09:38:16.897837Z  INFO node{moniker=app-2}:node{moniker=app-2}: Looking for certificate height=48 round=0
2025-08-25T09:38:16.914812Z  INFO node{moniker=app-2}:node{moniker=app-2}: Committed block_data[0..32]: 710e6491041053a1cee1513879985a265ff2d930598bfd799685382b55d0ef50
2025-08-25T09:38:16.935144Z DEBUG node{moniker=app-2}:wal{height=49}: Reset WAL height=49
2025-08-25T09:38:16.935546Z DEBUG node{moniker=app-2}:consensus{height=49 round=0}: No WAL entries to replay height=49
2025-08-25T09:38:16.935586Z  INFO node{moniker=app-2}:consensus{height=49 round=0}: Starting new height height=49
2025-08-25T09:38:16.935592Z  INFO node{moniker=app-2}:consensus{height=49 round=0}: Starting new round height=49 round=0 proposer=DE7BA2BE72D2225286133990FF5810B691A5261C role=Validator
2025-08-25T09:38:16.935763Z DEBUG node{moniker=app-2}:sync{height.tip=47 height.sync=48}: Starting new height height.tip=48 height.sync=49 restart=false
2025-08-25T09:38:16.935773Z DEBUG node{moniker=app-2}:sync{height.tip=47 height.sync=48}: No peer to request sync from height.sync=49
2025-08-25T09:38:16.940726Z DEBUG node{moniker=app-2}:wal{height=49}: Flushed WAL to disk wal.entries=0 wal.size=12
2025-08-25T09:38:16.942924Z DEBUG node{moniker=app-2}:node{moniker=app-2}: metis-test:consensus-chan recv!!! msg:StartedRound { height: Height(49), round: Some(0), proposer: Address(DE7BA2BE72D2225286133990FF5810B691A5261C), role: Validator, reply_value: Sender { inner: Some(Inner { state: State { is_complete: false, is_closed: false, is_rx_task_set: false, is_tx_task_set: false } }) } }
2025-08-25T09:38:16.942941Z  INFO node{moniker=app-2}:node{moniker=app-2}: 🟢🟢 Started round height=49 round=0 proposer=DE7BA2BE72D2225286133990FF5810B691A5261C role=Validator
2025-08-25T09:38:16.942955Z ERROR node{moniker=app-2}:consensus{height=49 round=0}: Error when processing effect: Messaging(RecvErr)
2025-08-25T09:38:16.942976Z DEBUG node{moniker=app-2}:consensus{height=49 round=0}: Transitioned to new step step.previous=Unstarted step.new=Propose
2025-08-25T09:38:16.942982Z  INFO node{moniker=app-2}:consensus{height=49 round=0}: Scheduling timeout round=0 step=Propose
2025-08-25T09:38:16.942990Z DEBUG node{moniker=app-2}:consensus{height=49 round=0}: Replaying inputs count=0
2025-08-25T09:38:16.944523Z DEBUG node{moniker=app-2}:node{moniker=app-2}: metis-test:consensus-chan recv!!! msg:ReceivedProposalPart { from: PeerId("12D3KooWEFmACkQS9HNWY86xGVM3LS7fRpQ8saTb5VdfdYCzuUvE"), part: StreamMessage { stream_id: StreamId(b"\0\0\0\0\0\0\01\0\0\0\0\0\0\0\x10"), sequence: 0, content: Data(Init(ProposalInit { height: Height(49), round: Some(0), proposer: Address(DE7BA2BE72D2225286133990FF5810B691A5261C) })) }, reply: Sender { inner: Some(Inner { state: State { is_complete: false, is_closed: false, is_rx_task_set: true, is_tx_task_set: false } }) } }
2025-08-25T09:38:16.944549Z  INFO node{moniker=app-2}:node{moniker=app-2}: Received proposal part from=12D3KooWEFmACkQS9HNWY86xGVM3LS7fRpQ8saTb5VdfdYCzuUvE part.sequence=0 part.type=init part.size=28
2025-08-25T09:38:16.944996Z DEBUG node{moniker=app-2}:node{moniker=app-2}: metis-test:consensus-chan recv!!! msg:ReceivedProposalPart { from: PeerId("12D3KooWEFmACkQS9HNWY86xGVM3LS7fRpQ8saTb5VdfdYCzuUvE"), part: StreamMessage { stream_id: StreamId(b"\0\0\0\0\0\0\01\0\0\0\0\0\0\0\x10"), sequence: 1, content: Data(Data(ProposalData { bytes: "<...>", len: 545 })) }, reply: Sender { inner: Some(Inner { state: State { is_complete: false, is_closed: false, is_rx_task_set: true, is_tx_task_set: false } }) } }
2025-08-25T09:38:16.945013Z  INFO node{moniker=app-2}:node{moniker=app-2}: Received proposal part from=12D3KooWEFmACkQS9HNWY86xGVM3LS7fRpQ8saTb5VdfdYCzuUvE part.sequence=1 part.type=data part.size=551
2025-08-25T09:38:16.945908Z DEBUG node{moniker=app-2}:node{moniker=app-2}: metis-test:consensus-chan recv!!! msg:ReceivedProposalPart { from: PeerId("12D3KooWEFmACkQS9HNWY86xGVM3LS7fRpQ8saTb5VdfdYCzuUvE"), part: StreamMessage { stream_id: StreamId(b"\0\0\0\0\0\0\01\0\0\0\0\0\0\0\x10"), sequence: 2, content: Data(Fin(ProposalFin { signature: Signature(Signature { R_bytes: "7a10e43878cbe79bf41d6ed9698e5474f6a175f6ca8b4eb613f7853c6434a11a", s_bytes: "a5aeefc71ced2263e24e76480809f20766f94872c4f9a2221a2871d7e69fc30b" }) })) }, reply: Sender { inner: Some(Inner { state: State { is_complete: false, is_closed: false, is_rx_task_set: true, is_tx_task_set: false } }) } }
2025-08-25T09:38:16.945935Z  INFO node{moniker=app-2}:node{moniker=app-2}: Received proposal part from=12D3KooWEFmACkQS9HNWY86xGVM3LS7fRpQ8saTb5VdfdYCzuUvE part.sequence=2 part.type=fin part.size=70
2025-08-25T09:38:16.946853Z DEBUG node{moniker=app-2}:node{moniker=app-2}: metis-test:consensus-chan recv!!! msg:ReceivedProposalPart { from: PeerId("12D3KooWEFmACkQS9HNWY86xGVM3LS7fRpQ8saTb5VdfdYCzuUvE"), part: StreamMessage { stream_id: StreamId(b"\0\0\0\0\0\0\01\0\0\0\0\0\0\0\x10"), sequence: 3, content: Fin }, reply: Sender { inner: Some(Inner { state: State { is_complete: false, is_closed: false, is_rx_task_set: true, is_tx_task_set: false } }) } }
2025-08-25T09:38:16.946870Z  INFO node{moniker=app-2}:node{moniker=app-2}: Received proposal part from=12D3KooWEFmACkQS9HNWY86xGVM3LS7fRpQ8saTb5VdfdYCzuUvE part.sequence=3 part.type=end of stream part.size=0
2025-08-25T09:38:16.947201Z  INFO node{moniker=app-2}:node{moniker=app-2}: Proposal data[0..32]: a272383ca8aa008006d39e47769304e2bf79d0663f6bd763784a35a7685fe5f6, total_size: 545 bytes, id: ce8d657e372af970
2025-08-25T09:38:16.951582Z  INFO node{moniker=app-2}:consensus{height=49 round=0}: Received vote height=49 vote_height=49 address=DE7BA2BE72D2225286133990FF5810B691A5261C Prevote(height: 49, round: 0, value: ce8d657e372af970, from: DE7BA2BE72D2225286133990FF5810B691A5261C)
2025-08-25T09:38:16.960711Z DEBUG node{moniker=app-2}:wal{height=49}: Wrote log entry type=Consensus(Vote) entry.size=118 
2025-08-25T09:38:16.961081Z  INFO node{moniker=app-2}:consensus{height=49 round=0}: Received proposal consensus.height=49 proposal.height=49 proposal.round=0 proposer=DE7BA2BE72D2225286133990FF5810B691A5261C Proposal(height: 49, round: 0, pol_round: -1, value: ce8d657e372af970, from: DE7BA2BE72D2225286133990FF5810B691A5261C)
2025-08-25T09:38:16.961126Z DEBUG node{moniker=app-2}:node{moniker=app-2}: ✅ Received complete proposal: ProposedValue { height: Height(49), round: Some(0), valid_round: Nil, proposer: Address(DE7BA2BE72D2225286133990FF5810B691A5261C), value: Value { value: 14883663936295205232, extensions: b"\xa2r8<\xa8\xaa\0\x80\x06\xd3\x9eGv\x93\x04\xe2\xbfy\xd0f?k\xd7cxJ5\xa7h_\xe5\xf6********************\xec&\xdf\x94B\xc5\xd4\xa0\xa0\xccSH\xc9`\x11[C\xda\x08\xc7\xae\xf6\xbeNL\xcc_\x13l\xa8\x92\xa6V\xe8\x1f\x17\x1b\xccU\xa6\xff\x83E\xe6\x92\xc0\xf8n[H\xe0\x1b\x99l\xad\xc0\x01b/\xb5\xe3c\xb4!\0\0\0\0\0\0\0\0\0\0\0\0\0\0\0\0\0\0\0\0\0\0\0\0\0\0\0\0\0\0\0\0\0\0\0\0\0\0\0\0\0\0\0\0\0\0\0\0\0\0\0\0\0\0\0\0\0\0\0\0\0\0\0\0\0\0\0\0\0\0\0\0\0\0\0\0\0\0\0\0\0\0\0\0\0\0\0\0\0\0\0\0\0\0\0\0\0\0\0\0\0\0\0\0\0\0\0\0\0\0\0\0\0\0\0\0\0\0\0\0\0\0\0\0\0\0\0\0\0\0\0\0\0\0\0\0\0\0\0\0\0\0\0\0\0\0\0\0\0\0\0\0\0\0\0\0\0\0\0\0\0\0\0\0\0\0\0\0\0\0\0\0\0\0\0\0\0\0\0\0\0\0\0\0\0\0\0\0\0\0\0\0\0\0\0\0\0\0\0\0\0\0\0\0\0\0\0\0\0\0\0\0\0\0\0\0\0\0\0\0\0\0\0\0\0\0\0\0\0\0\0\0\0\0\0\0\0\0\0\0\0\0\0\0\0\0\0\0\0\0\0\0\0\0\0\0\0\0\0\0\0\0\0\0\0\0\0\0\0\0\0\0\0\0\0\0\0\0\0\0\0\0\0\0\0\0\0\01\0\0\0\0\0\0\0E0\xe0\x01\0\0\0\0\0\0\0\0\0\0\0\04/\xach\0\0\0\0\x10\x02\0\0n\xf9\x15\0\0\0\0\0\0\0\0\0\0\0\0\0\0\0\0\0\0\0\0\0\0\0\0\0\0\0\0\0}\x01\xafP\xc44\xab\xdcv\xd3\xf5\x9d\x8efgMf+\xf1\xab\x97xER\x88\x0b\x80\xbf8N\x90\xe2!\x02\0\0!\x02\0\0\0\0\0\0\0\0\0\0\0\0\0\0\0\0\0\0reth/v1.4.1/linux" }, validity: Valid }
2025-08-25T09:38:16.961257Z DEBUG node{moniker=app-2}:wal{height=49}: Wrote log entry type=Consensus(Proposal) entry.size=668 
2025-08-25T09:38:16.961288Z DEBUG node{moniker=app-2}:consensus{height=49 round=0}: No full proposal for this round yet, stored proposal for later proposal.height=49 proposal.round=0
2025-08-25T09:38:16.961313Z DEBUG node{moniker=app-2}:consensus{height=49 round=0}: We have a full proposal for this round, checking... proposal.height=49 proposal.round=0
2025-08-25T09:38:16.961328Z DEBUG node{moniker=app-2}:consensus{height=49 round=0}: Transitioned to new step step.previous=Propose step.new=Prevote
2025-08-25T09:38:16.961340Z  INFO node{moniker=app-2}:consensus{height=49 round=0}: Voting vote_type=Prevote value=ce8d657e372af970 round=0
2025-08-25T09:38:16.961531Z  INFO node{moniker=app-2}:consensus{height=49 round=0}: Received vote height=49 vote_height=49 address=02CB1B49DA09615BD4A12212C39378556D990DFD Prevote(height: 49, round: 0, value: ce8d657e372af970, from: 02CB1B49DA09615BD4A12212C39378556D990DFD)
2025-08-25T09:38:16.961687Z DEBUG node{moniker=app-2}:wal{height=49}: Wrote log entry type=Consensus(Vote) entry.size=118 
2025-08-25T09:38:16.961733Z DEBUG node{moniker=app-2}:consensus{height=49 round=0}: Transitioned to new step step.previous=Prevote step.new=Precommit
2025-08-25T09:38:16.961740Z  INFO node{moniker=app-2}:consensus{height=49 round=0}: Voting vote_type=Precommit value=ce8d657e372af970 round=0
2025-08-25T09:38:16.961779Z DEBUG node{moniker=app-2}:node{moniker=app-2}: metis-test:consensus-chan recv!!! msg:ExtendVote { height: Height(49), round: Some(0), value_id: ValueId(14883663936295205232), reply: Sender { inner: Some(Inner { state: State { is_complete: false, is_closed: false, is_rx_task_set: true, is_tx_task_set: false } }) } }
2025-08-25T09:38:16.962016Z  INFO node{moniker=app-2}:consensus{height=49 round=0}: Received vote height=49 vote_height=49 address=02CB1B49DA09615BD4A12212C39378556D990DFD Precommit(height: 49, round: 0, value: ce8d657e372af970, from: 02CB1B49DA09615BD4A12212C39378556D990DFD)
2025-08-25T09:38:16.962079Z DEBUG node{moniker=app-2}:wal{height=49}: Wrote log entry type=Consensus(Vote) entry.size=120 
2025-08-25T09:38:16.965306Z DEBUG node{moniker=app-2}:wal{height=49}: Flushed WAL to disk wal.entries=4 wal.size=1088
2025-08-25T09:38:16.965866Z DEBUG node{moniker=app-2}:network: Published message channel=/consensus size=111
2025-08-25T09:38:16.967807Z DEBUG node{moniker=app-2}:wal{height=49}: Flushed WAL to disk wal.entries=4 wal.size=1088
2025-08-25T09:38:16.967979Z DEBUG node{moniker=app-2}:network: Published message channel=/consensus size=109
2025-08-25T09:38:16.987776Z  INFO node{moniker=app-2}:consensus{height=49 round=0}: Received vote height=49 vote_height=49 address=DE7BA2BE72D2225286133990FF5810B691A5261C Precommit(height: 49, round: 0, value: ce8d657e372af970, from: DE7BA2BE72D2225286133990FF5810B691A5261C)
2025-08-25T09:38:16.988267Z DEBUG node{moniker=app-2}:wal{height=49}: Wrote log entry type=Consensus(Vote) entry.size=120 
2025-08-25T09:38:16.988661Z DEBUG node{moniker=app-2}:consensus{height=49 round=0}: Transitioned to new step step.previous=Precommit step.new=Commit
2025-08-25T09:38:16.988673Z  INFO node{moniker=app-2}:consensus{height=49 round=0}: Decided round=0 height=49 value=ce8d657e372af970
2025-08-25T09:38:16.999737Z DEBUG node{moniker=app-2}:wal{height=49}: Flushed WAL to disk wal.entries=5 wal.size=1221
2025-08-25T09:38:16.999897Z DEBUG node{moniker=app-2}:sync{height.tip=48 height.sync=49}: Updating request state height.tip=49
2025-08-25T09:38:16.999915Z DEBUG node{moniker=app-2}:node{moniker=app-2}: metis-test:consensus-chan recv!!! msg:Decided { certificate: CommitCertificate { height: Height(49), round: Some(0), value_id: ValueId(14883663936295205232), commit_signatures: [CommitSignature { address: Address(02CB1B49DA09615BD4A12212C39378556D990DFD), signature: Signature(Signature { R_bytes: "755084f3434db2e1d4b0a1f60071ab421eba2f038976851e00c4ac14a6246721", s_bytes: "b2c5dc2e75793394203e40b67b1d0bd616213ab93757dd6a8a9dcc3b33c78f06" }) }, CommitSignature { address: Address(DE7BA2BE72D2225286133990FF5810B691A5261C), signature: Signature(Signature { R_bytes: "3d05d2d1be028b902073349c570bc1ade5bb6acede973b0e80ea3b381e9a0fda", s_bytes: "92db07db8a1c2179146407fa1fc2032c2a6c22858df35c15f813c2cdd3b91908" }) }] }, extensions: VoteExtensions { extensions: [] }, reply: Sender { inner: Some(Inner { state: State { is_complete: false, is_closed: false, is_rx_task_set: true, is_tx_task_set: false } }) } }
2025-08-25T09:38:16.999936Z  INFO node{moniker=app-2}:node{moniker=app-2}: 🟢🟢 Consensus has decided on value height=49 round=0 value=ce8d657e372af970
2025-08-25T09:38:17.000008Z DEBUG node{moniker=app-2}:node{moniker=app-2}: 🎁 block size: 545, height: 49
2025-08-25T09:38:17.000018Z  INFO node{moniker=app-2}:node{moniker=app-2}: 👉 stats at height 49: #txs=0, txs/s=0.00, chain_bytes=26705, bytes/s=2702.45
2025-08-25T09:38:17.000180Z DEBUG node{moniker=app-2}:node{moniker=app-2}: 🦄 Block at height 49 contains 0 transactions
2025-08-25T09:38:17.002368Z DEBUG node{moniker=app-2}:node{moniker=app-2}: 💡 New block added at height 49 with hash: 0x7d01af50c434abdc76d3f59d8e66674d662bf1ab97784552880b80bf384e90e2
2025-08-25T09:38:17.002379Z DEBUG node{moniker=app-2}:node{moniker=app-2}: 🟠 set_latest_forkchoice_state: 0x7d01af50c434abdc76d3f59d8e66674d662bf1ab97784552880b80bf384e90e2
2025-08-25T09:38:17.004054Z DEBUG node{moniker=app-2}:node{moniker=app-2}: ➡️ payload_status: PayloadStatus { status: Valid, latest_valid_hash: Some(0x7d01af50c434abdc76d3f59d8e66674d662bf1ab97784552880b80bf384e90e2) }
2025-08-25T09:38:17.004063Z DEBUG node{moniker=app-2}:node{moniker=app-2}: 🚀 Forkchoice updated to height 49 for block hash=0x7d01af50c434abdc76d3f59d8e66674d662bf1ab97784552880b80bf384e90e2 and latest_valid_hash=0x7d01af50c434abdc76d3f59d8e66674d662bf1ab97784552880b80bf384e90e2
2025-08-25T09:38:17.004066Z  INFO node{moniker=app-2}:node{moniker=app-2}: Looking for certificate height=49 round=0
2025-08-25T09:38:17.010696Z  INFO node{moniker=app-2}:node{moniker=app-2}: Committed block_data[0..32]: a272383ca8aa008006d39e47769304e2bf79d0663f6bd763784a35a7685fe5f6
2025-08-25T09:38:17.029365Z DEBUG node{moniker=app-2}:wal{height=50}: Reset WAL height=50
2025-08-25T09:38:17.029440Z DEBUG node{moniker=app-2}:consensus{height=50 round=0}: No WAL entries to replay height=50
2025-08-25T09:38:17.029495Z  INFO node{moniker=app-2}:consensus{height=50 round=0}: Starting new height height=50
2025-08-25T09:38:17.029504Z  INFO node{moniker=app-2}:consensus{height=50 round=0}: Starting new round height=50 round=0 proposer=815F9FA61D7C4F1E4A9E30D40DCA1115BB48F759 role=Validator
2025-08-25T09:38:17.029536Z DEBUG node{moniker=app-2}:sync{height.tip=48 height.sync=49}: Starting new height height.tip=49 height.sync=50 restart=false
2025-08-25T09:38:17.029543Z DEBUG node{moniker=app-2}:sync{height.tip=48 height.sync=49}: No peer to request sync from height.sync=50
2025-08-25T09:38:17.032422Z DEBUG node{moniker=app-2}:wal{height=50}: Flushed WAL to disk wal.entries=0 wal.size=12
2025-08-25T09:38:17.032513Z DEBUG node{moniker=app-2}:node{moniker=app-2}: metis-test:consensus-chan recv!!! msg:StartedRound { height: Height(50), round: Some(0), proposer: Address(815F9FA61D7C4F1E4A9E30D40DCA1115BB48F759), role: Validator, reply_value: Sender { inner: Some(Inner { state: State { is_complete: false, is_closed: false, is_rx_task_set: false, is_tx_task_set: false } }) } }
2025-08-25T09:38:17.032528Z  INFO node{moniker=app-2}:node{moniker=app-2}: 🟢🟢 Started round height=50 round=0 proposer=815F9FA61D7C4F1E4A9E30D40DCA1115BB48F759 role=Validator
2025-08-25T09:38:17.032543Z ERROR node{moniker=app-2}:consensus{height=50 round=0}: Error when processing effect: Messaging(RecvErr)
2025-08-25T09:38:17.032569Z DEBUG node{moniker=app-2}:consensus{height=50 round=0}: Transitioned to new step step.previous=Unstarted step.new=Propose
2025-08-25T09:38:17.032576Z  INFO node{moniker=app-2}:consensus{height=50 round=0}: Scheduling timeout round=0 step=Propose
2025-08-25T09:38:17.032587Z DEBUG node{moniker=app-2}:consensus{height=50 round=0}: Replaying inputs count=0
2025-08-25T09:38:17.043734Z DEBUG node{moniker=app-2}:node{moniker=app-2}: metis-test:consensus-chan recv!!! msg:ReceivedProposalPart { from: PeerId("12D3KooWD4wDmZaWggpGH9ACLhNztqnBvszLRcmBLzZdKwDiWmYh"), part: StreamMessage { stream_id: StreamId(b"\0\0\0\0\0\0\02\0\0\0\0\0\0\0\x10"), sequence: 0, content: Data(Init(ProposalInit { height: Height(50), round: Some(0), proposer: Address(815F9FA61D7C4F1E4A9E30D40DCA1115BB48F759) })) }, reply: Sender { inner: Some(Inner { state: State { is_complete: false, is_closed: false, is_rx_task_set: true, is_tx_task_set: false } }) } }
2025-08-25T09:38:17.043847Z  INFO node{moniker=app-2}:node{moniker=app-2}: Received proposal part from=12D3KooWD4wDmZaWggpGH9ACLhNztqnBvszLRcmBLzZdKwDiWmYh part.sequence=0 part.type=init part.size=28
2025-08-25T09:38:17.045020Z DEBUG node{moniker=app-2}:node{moniker=app-2}: metis-test:consensus-chan recv!!! msg:ReceivedProposalPart { from: PeerId("12D3KooWD4wDmZaWggpGH9ACLhNztqnBvszLRcmBLzZdKwDiWmYh"), part: StreamMessage { stream_id: StreamId(b"\0\0\0\0\0\0\02\0\0\0\0\0\0\0\x10"), sequence: 1, content: Data(Data(ProposalData { bytes: "<...>", len: 545 })) }, reply: Sender { inner: Some(Inner { state: State { is_complete: false, is_closed: false, is_rx_task_set: true, is_tx_task_set: false } }) } }
2025-08-25T09:38:17.045211Z  INFO node{moniker=app-2}:node{moniker=app-2}: Received proposal part from=12D3KooWD4wDmZaWggpGH9ACLhNztqnBvszLRcmBLzZdKwDiWmYh part.sequence=1 part.type=data part.size=551
2025-08-25T09:38:17.045271Z DEBUG node{moniker=app-2}:node{moniker=app-2}: metis-test:consensus-chan recv!!! msg:ReceivedProposalPart { from: PeerId("12D3KooWD4wDmZaWggpGH9ACLhNztqnBvszLRcmBLzZdKwDiWmYh"), part: StreamMessage { stream_id: StreamId(b"\0\0\0\0\0\0\02\0\0\0\0\0\0\0\x10"), sequence: 2, content: Data(Fin(ProposalFin { signature: Signature(Signature { R_bytes: "aa9b990f9ad3ab954266607d9612393a38d0136ab61b9808f5e35e0f782e5aab", s_bytes: "cc39f6086d4133828baee9c9049b04a00640bf1aed3bac36027a2f140e54ec0f" }) })) }, reply: Sender { inner: Some(Inner { state: State { is_complete: false, is_closed: false, is_rx_task_set: true, is_tx_task_set: false } }) } }
2025-08-25T09:38:17.045285Z  INFO node{moniker=app-2}:node{moniker=app-2}: Received proposal part from=12D3KooWD4wDmZaWggpGH9ACLhNztqnBvszLRcmBLzZdKwDiWmYh part.sequence=2 part.type=fin part.size=70
2025-08-25T09:38:17.045297Z DEBUG node{moniker=app-2}:node{moniker=app-2}: metis-test:consensus-chan recv!!! msg:ReceivedProposalPart { from: PeerId("12D3KooWD4wDmZaWggpGH9ACLhNztqnBvszLRcmBLzZdKwDiWmYh"), part: StreamMessage { stream_id: StreamId(b"\0\0\0\0\0\0\02\0\0\0\0\0\0\0\x10"), sequence: 3, content: Fin }, reply: Sender { inner: Some(Inner { state: State { is_complete: false, is_closed: false, is_rx_task_set: true, is_tx_task_set: false } }) } }
2025-08-25T09:38:17.045304Z  INFO node{moniker=app-2}:node{moniker=app-2}: Received proposal part from=12D3KooWD4wDmZaWggpGH9ACLhNztqnBvszLRcmBLzZdKwDiWmYh part.sequence=3 part.type=end of stream part.size=0
2025-08-25T09:38:17.045587Z  INFO node{moniker=app-2}:node{moniker=app-2}: Proposal data[0..32]: 7d01af50c434abdc76d3f59d8e66674d662bf1ab97784552880b80bf384e90e2, total_size: 545 bytes, id: 67ce0d5cffba80ff
2025-08-25T09:38:17.048389Z  INFO node{moniker=app-2}:consensus{height=50 round=0}: Received vote height=50 vote_height=50 address=815F9FA61D7C4F1E4A9E30D40DCA1115BB48F759 Prevote(height: 50, round: 0, value: 67ce0d5cffba80ff, from: 815F9FA61D7C4F1E4A9E30D40DCA1115BB48F759)
2025-08-25T09:38:17.058438Z DEBUG node{moniker=app-2}:wal{height=50}: Wrote log entry type=Consensus(Vote) entry.size=117 
2025-08-25T09:38:17.058757Z  INFO node{moniker=app-2}:consensus{height=50 round=0}: Received proposal consensus.height=50 proposal.height=50 proposal.round=0 proposer=815F9FA61D7C4F1E4A9E30D40DCA1115BB48F759 Proposal(height: 50, round: 0, pol_round: -1, value: 67ce0d5cffba80ff, from: 815F9FA61D7C4F1E4A9E30D40DCA1115BB48F759)
2025-08-25T09:38:17.058801Z DEBUG node{moniker=app-2}:node{moniker=app-2}: ✅ Received complete proposal: ProposedValue { height: Height(50), round: Some(0), valid_round: Nil, proposer: Address(815F9FA61D7C4F1E4A9E30D40DCA1115BB48F759), value: Value { value: 7479930724187537663, extensions: b"}\x01\xafP\xc44\xab\xdcv\xd3\xf5\x9d\x8efgMf+\xf1\xab\x97xER\x88\x0b\x80\xbf8N\x90\xe2********************\xec&\xdf\x94B\xc5\xd4\xa0\xa0\xccSH\xc9`\x11[C\xda\x08\xc7\xae\xf6\xbeNL\xcc_\x13l\xa8\x92\xa6V\xe8\x1f\x17\x1b\xccU\xa6\xff\x83E\xe6\x92\xc0\xf8n[H\xe0\x1b\x99l\xad\xc0\x01b/\xb5\xe3c\xb4!\0\0\0\0\0\0\0\0\0\0\0\0\0\0\0\0\0\0\0\0\0\0\0\0\0\0\0\0\0\0\0\0\0\0\0\0\0\0\0\0\0\0\0\0\0\0\0\0\0\0\0\0\0\0\0\0\0\0\0\0\0\0\0\0\0\0\0\0\0\0\0\0\0\0\0\0\0\0\0\0\0\0\0\0\0\0\0\0\0\0\0\0\0\0\0\0\0\0\0\0\0\0\0\0\0\0\0\0\0\0\0\0\0\0\0\0\0\0\0\0\0\0\0\0\0\0\0\0\0\0\0\0\0\0\0\0\0\0\0\0\0\0\0\0\0\0\0\0\0\0\0\0\0\0\0\0\0\0\0\0\0\0\0\0\0\0\0\0\0\0\0\0\0\0\0\0\0\0\0\0\0\0\0\0\0\0\0\0\0\0\0\0\0\0\0\0\0\0\0\0\0\0\0\0\0\0\0\0\0\0\0\0\0\0\0\0\0\0\0\0\0\0\0\0\0\0\0\0\0\0\0\0\0\0\0\0\0\0\0\0\0\0\0\0\0\0\0\0\0\0\0\0\0\0\0\0\0\0\0\0\0\0\0\0\0\0\0\0\0\0\0\0\0\0\0\0\0\0\0\0\0\0\0\0\0\0\0\02\0\0\0\0\0\0\0P\xa8\xe0\x01\0\0\0\0\0\0\0\0\0\0\0\05/\xach\0\0\0\0\x10\x02\0\0A:\x13\0\0\0\0\0\0\0\0\0\0\0\0\0\0\0\0\0\0\0\0\0\0\0\0\0\0\0\0\05\x0c\0\x9aX\xfb\x9d\xb7\x04\xba\xb7\xfa\xd8gDCJ:_\xeb\x8eO\xad\x93\x96\xb9\x9a\x84G1\x89F!\x02\0\0!\x02\0\0\0\0\0\0\0\0\0\0\0\0\0\0\0\0\0\0reth/v1.4.1/linux" }, validity: Valid }
2025-08-25T09:38:17.059068Z DEBUG node{moniker=app-2}:wal{height=50}: Wrote log entry type=Consensus(Proposal) entry.size=667 
2025-08-25T09:38:17.059209Z DEBUG node{moniker=app-2}:consensus{height=50 round=0}: No full proposal for this round yet, stored proposal for later proposal.height=50 proposal.round=0
2025-08-25T09:38:17.059231Z DEBUG node{moniker=app-2}:consensus{height=50 round=0}: We have a full proposal for this round, checking... proposal.height=50 proposal.round=0
2025-08-25T09:38:17.059244Z DEBUG node{moniker=app-2}:consensus{height=50 round=0}: Transitioned to new step step.previous=Propose step.new=Prevote
2025-08-25T09:38:17.059252Z  INFO node{moniker=app-2}:consensus{height=50 round=0}: Voting vote_type=Prevote value=67ce0d5cffba80ff round=0
2025-08-25T09:38:17.059414Z  INFO node{moniker=app-2}:consensus{height=50 round=0}: Received vote height=50 vote_height=50 address=02CB1B49DA09615BD4A12212C39378556D990DFD Prevote(height: 50, round: 0, value: 67ce0d5cffba80ff, from: 02CB1B49DA09615BD4A12212C39378556D990DFD)
2025-08-25T09:38:17.059498Z DEBUG node{moniker=app-2}:wal{height=50}: Wrote log entry type=Consensus(Vote) entry.size=117 
2025-08-25T09:38:17.059583Z DEBUG node{moniker=app-2}:sync{height.tip=49 height.sync=50}: Received peer status status.peer_id=12D3KooWEFmACkQS9HNWY86xGVM3LS7fRpQ8saTb5VdfdYCzuUvE status.tip_height=49
2025-08-25T09:38:17.059618Z DEBUG node{moniker=app-2}:consensus{height=50 round=0}: Transitioned to new step step.previous=Prevote step.new=Precommit
2025-08-25T09:38:17.059623Z  INFO node{moniker=app-2}:consensus{height=50 round=0}: Voting vote_type=Precommit value=67ce0d5cffba80ff round=0
2025-08-25T09:38:17.059636Z DEBUG node{moniker=app-2}:node{moniker=app-2}: metis-test:consensus-chan recv!!! msg:ExtendVote { height: Height(50), round: Some(0), value_id: ValueId(7479930724187537663), reply: Sender { inner: Some(Inner { state: State { is_complete: false, is_closed: false, is_rx_task_set: true, is_tx_task_set: false } }) } }
2025-08-25T09:38:17.059793Z  INFO node{moniker=app-2}:consensus{height=50 round=0}: Received vote height=50 vote_height=50 address=02CB1B49DA09615BD4A12212C39378556D990DFD Precommit(height: 50, round: 0, value: 67ce0d5cffba80ff, from: 02CB1B49DA09615BD4A12212C39378556D990DFD)
2025-08-25T09:38:17.059848Z DEBUG node{moniker=app-2}:wal{height=50}: Wrote log entry type=Consensus(Vote) entry.size=119 
2025-08-25T09:38:17.063266Z DEBUG node{moniker=app-2}:wal{height=50}: Flushed WAL to disk wal.entries=4 wal.size=1084
2025-08-25T09:38:17.063515Z DEBUG node{moniker=app-2}:network: Published message channel=/consensus size=110
2025-08-25T09:38:17.064618Z DEBUG node{moniker=app-2}:wal{height=50}: Flushed WAL to disk wal.entries=4 wal.size=1084
2025-08-25T09:38:17.064776Z DEBUG node{moniker=app-2}:network: Published message channel=/consensus size=108
2025-08-25T09:38:17.070452Z  INFO node{moniker=app-2}:consensus{height=50 round=0}: Received vote height=50 vote_height=50 address=815F9FA61D7C4F1E4A9E30D40DCA1115BB48F759 Precommit(height: 50, round: 0, value: 67ce0d5cffba80ff, from: 815F9FA61D7C4F1E4A9E30D40DCA1115BB48F759)
2025-08-25T09:38:17.070999Z DEBUG node{moniker=app-2}:wal{height=50}: Wrote log entry type=Consensus(Vote) entry.size=119 
2025-08-25T09:38:17.071117Z DEBUG node{moniker=app-2}:consensus{height=50 round=0}: Transitioned to new step step.previous=Precommit step.new=Commit
2025-08-25T09:38:17.071125Z  INFO node{moniker=app-2}:consensus{height=50 round=0}: Decided round=0 height=50 value=67ce0d5cffba80ff
2025-08-25T09:38:17.074297Z DEBUG node{moniker=app-2}:wal{height=50}: Flushed WAL to disk wal.entries=5 wal.size=1216
2025-08-25T09:38:17.074368Z DEBUG node{moniker=app-2}:sync{height.tip=49 height.sync=50}: Updating request state height.tip=50
2025-08-25T09:38:17.074379Z DEBUG node{moniker=app-2}:node{moniker=app-2}: metis-test:consensus-chan recv!!! msg:Decided { certificate: CommitCertificate { height: Height(50), round: Some(0), value_id: ValueId(7479930724187537663), commit_signatures: [CommitSignature { address: Address(02CB1B49DA09615BD4A12212C39378556D990DFD), signature: Signature(Signature { R_bytes: "80c093fa3e74192e314d3cb54a8221d95adc16e1f18839f51051ee423b8f1300", s_bytes: "69bc26dfcf41f9aeec1df697bc15c0f255c786eb0bfcb566c7fb57169790a800" }) }, CommitSignature { address: Address(815F9FA61D7C4F1E4A9E30D40DCA1115BB48F759), signature: Signature(Signature { R_bytes: "c5c1d1ae6c07dcd6178dada60a6d6c91745a95d5e812cbed311f92b2ec56ca33", s_bytes: "202f009c06d41e6f3965c6e574d239d76bd32561a0b62d2336183a8a0eb5cc01" }) }] }, extensions: VoteExtensions { extensions: [] }, reply: Sender { inner: Some(Inner { state: State { is_complete: false, is_closed: false, is_rx_task_set: true, is_tx_task_set: false } }) } }
2025-08-25T09:38:17.074396Z  INFO node{moniker=app-2}:node{moniker=app-2}: 🟢🟢 Consensus has decided on value height=50 round=0 value=67ce0d5cffba80ff
2025-08-25T09:38:17.074443Z DEBUG node{moniker=app-2}:node{moniker=app-2}: 🎁 block size: 545, height: 50
2025-08-25T09:38:17.074452Z  INFO node{moniker=app-2}:node{moniker=app-2}: 👉 stats at height 50: #txs=0, txs/s=0.00, chain_bytes=27250, bytes/s=2736.98
2025-08-25T09:38:17.074456Z DEBUG node{moniker=app-2}:node{moniker=app-2}: 🦄 Block at height 50 contains 0 transactions
2025-08-25T09:38:17.075085Z DEBUG node{moniker=app-2}:node{moniker=app-2}: 💡 New block added at height 50 with hash: 0x350c009a58fb9db704bab7fad86744434a3a5feb8e4fad9396b99a8447318946
2025-08-25T09:38:17.075089Z DEBUG node{moniker=app-2}:node{moniker=app-2}: 🟠 set_latest_forkchoice_state: 0x350c009a58fb9db704bab7fad86744434a3a5feb8e4fad9396b99a8447318946
2025-08-25T09:38:17.075604Z DEBUG node{moniker=app-2}:node{moniker=app-2}: ➡️ payload_status: PayloadStatus { status: Valid, latest_valid_hash: Some(0x350c009a58fb9db704bab7fad86744434a3a5feb8e4fad9396b99a8447318946) }
2025-08-25T09:38:17.075610Z DEBUG node{moniker=app-2}:node{moniker=app-2}: 🚀 Forkchoice updated to height 50 for block hash=0x350c009a58fb9db704bab7fad86744434a3a5feb8e4fad9396b99a8447318946 and latest_valid_hash=0x350c009a58fb9db704bab7fad86744434a3a5feb8e4fad9396b99a8447318946
2025-08-25T09:38:17.075613Z  INFO node{moniker=app-2}:node{moniker=app-2}: Looking for certificate height=50 round=0
2025-08-25T09:38:17.082666Z  INFO node{moniker=app-2}:node{moniker=app-2}: Committed block_data[0..32]: 7d01af50c434abdc76d3f59d8e66674d662bf1ab97784552880b80bf384e90e2
2025-08-25T09:38:17.108595Z DEBUG node{moniker=app-2}:wal{height=51}: Reset WAL height=51
2025-08-25T09:38:17.109297Z DEBUG node{moniker=app-2}:consensus{height=51 round=0}: No WAL entries to replay height=51
2025-08-25T09:38:17.109338Z  INFO node{moniker=app-2}:consensus{height=51 round=0}: Starting new height height=51
2025-08-25T09:38:17.109345Z  INFO node{moniker=app-2}:consensus{height=51 round=0}: Starting new round height=51 round=0 proposer=815F9FA61D7C4F1E4A9E30D40DCA1115BB48F759 role=None
2025-08-25T09:38:17.109448Z DEBUG node{moniker=app-2}:sync{height.tip=49 height.sync=50}: Starting new height height.tip=50 height.sync=51 restart=false
2025-08-25T09:38:17.109456Z DEBUG node{moniker=app-2}:sync{height.tip=49 height.sync=50}: No peer to request sync from height.sync=51
2025-08-25T09:38:17.113550Z DEBUG node{moniker=app-2}:wal{height=51}: Flushed WAL to disk wal.entries=0 wal.size=12
2025-08-25T09:38:17.113678Z DEBUG node{moniker=app-2}:node{moniker=app-2}: metis-test:consensus-chan recv!!! msg:StartedRound { height: Height(51), round: Some(0), proposer: Address(815F9FA61D7C4F1E4A9E30D40DCA1115BB48F759), role: None, reply_value: Sender { inner: Some(Inner { state: State { is_complete: false, is_closed: false, is_rx_task_set: false, is_tx_task_set: false } }) } }
2025-08-25T09:38:17.113699Z  INFO node{moniker=app-2}:node{moniker=app-2}: 🟢🟢 Started round height=51 round=0 proposer=815F9FA61D7C4F1E4A9E30D40DCA1115BB48F759 role=None
2025-08-25T09:38:17.113715Z ERROR node{moniker=app-2}:consensus{height=51 round=0}: Error when processing effect: Messaging(RecvErr)
2025-08-25T09:38:17.113740Z DEBUG node{moniker=app-2}:consensus{height=51 round=0}: Transitioned to new step step.previous=Unstarted step.new=Propose
2025-08-25T09:38:17.113747Z  INFO node{moniker=app-2}:consensus{height=51 round=0}: Scheduling timeout round=0 step=Propose
2025-08-25T09:38:17.113758Z DEBUG node{moniker=app-2}:consensus{height=51 round=0}: Replaying inputs count=0
2025-08-25T09:38:17.125634Z DEBUG node{moniker=app-2}:node{moniker=app-2}: metis-test:consensus-chan recv!!! msg:ReceivedProposalPart { from: PeerId("12D3KooWD4wDmZaWggpGH9ACLhNztqnBvszLRcmBLzZdKwDiWmYh"), part: StreamMessage { stream_id: StreamId(b"\0\0\0\0\0\0\03\0\0\0\0\0\0\0\x11"), sequence: 0, content: Data(Init(ProposalInit { height: Height(51), round: Some(0), proposer: Address(815F9FA61D7C4F1E4A9E30D40DCA1115BB48F759) })) }, reply: Sender { inner: Some(Inner { state: State { is_complete: false, is_closed: false, is_rx_task_set: true, is_tx_task_set: false } }) } }
2025-08-25T09:38:17.125685Z  INFO node{moniker=app-2}:node{moniker=app-2}: Received proposal part from=12D3KooWD4wDmZaWggpGH9ACLhNztqnBvszLRcmBLzZdKwDiWmYh part.sequence=0 part.type=init part.size=28
2025-08-25T09:38:17.126342Z DEBUG node{moniker=app-2}:node{moniker=app-2}: metis-test:consensus-chan recv!!! msg:ReceivedProposalPart { from: PeerId("12D3KooWD4wDmZaWggpGH9ACLhNztqnBvszLRcmBLzZdKwDiWmYh"), part: StreamMessage { stream_id: StreamId(b"\0\0\0\0\0\0\03\0\0\0\0\0\0\0\x11"), sequence: 1, content: Data(Data(ProposalData { bytes: "<...>", len: 545 })) }, reply: Sender { inner: Some(Inner { state: State { is_complete: false, is_closed: false, is_rx_task_set: true, is_tx_task_set: false } }) } }
2025-08-25T09:38:17.126361Z  INFO node{moniker=app-2}:node{moniker=app-2}: Received proposal part from=12D3KooWD4wDmZaWggpGH9ACLhNztqnBvszLRcmBLzZdKwDiWmYh part.sequence=1 part.type=data part.size=551
2025-08-25T09:38:17.126377Z DEBUG node{moniker=app-2}:node{moniker=app-2}: metis-test:consensus-chan recv!!! msg:ReceivedProposalPart { from: PeerId("12D3KooWD4wDmZaWggpGH9ACLhNztqnBvszLRcmBLzZdKwDiWmYh"), part: StreamMessage { stream_id: StreamId(b"\0\0\0\0\0\0\03\0\0\0\0\0\0\0\x11"), sequence: 2, content: Data(Fin(ProposalFin { signature: Signature(Signature { R_bytes: "290d78a5c17f5c03da2ea8601bc2e425e0021d84c0efe7c4ef0aa2ccf70d5c44", s_bytes: "909390216a9f4c8ac5d320aee6cfc3f50eb3366943809a828932e2231b6adf0a" }) })) }, reply: Sender { inner: Some(Inner { state: State { is_complete: false, is_closed: false, is_rx_task_set: true, is_tx_task_set: false } }) } }
2025-08-25T09:38:17.126389Z  INFO node{moniker=app-2}:node{moniker=app-2}: Received proposal part from=12D3KooWD4wDmZaWggpGH9ACLhNztqnBvszLRcmBLzZdKwDiWmYh part.sequence=2 part.type=fin part.size=70
2025-08-25T09:38:17.127184Z DEBUG node{moniker=app-2}:node{moniker=app-2}: metis-test:consensus-chan recv!!! msg:ReceivedProposalPart { from: PeerId("12D3KooWD4wDmZaWggpGH9ACLhNztqnBvszLRcmBLzZdKwDiWmYh"), part: StreamMessage { stream_id: StreamId(b"\0\0\0\0\0\0\03\0\0\0\0\0\0\0\x11"), sequence: 3, content: Fin }, reply: Sender { inner: Some(Inner { state: State { is_complete: false, is_closed: false, is_rx_task_set: true, is_tx_task_set: false } }) } }
2025-08-25T09:38:17.127195Z  INFO node{moniker=app-2}:node{moniker=app-2}: Received proposal part from=12D3KooWD4wDmZaWggpGH9ACLhNztqnBvszLRcmBLzZdKwDiWmYh part.sequence=3 part.type=end of stream part.size=0
2025-08-25T09:38:17.127330Z  INFO node{moniker=app-2}:node{moniker=app-2}: Proposal data[0..32]: 350c009a58fb9db704bab7fad86744434a3a5feb8e4fad9396b99a8447318946, total_size: 545 bytes, id: f4bfd0d81b2b885c
2025-08-25T09:38:17.129216Z  INFO node{moniker=app-2}:consensus{height=51 round=0}: Received vote height=51 vote_height=51 address=815F9FA61D7C4F1E4A9E30D40DCA1115BB48F759 Prevote(height: 51, round: 0, value: f4bfd0d81b2b885c, from: 815F9FA61D7C4F1E4A9E30D40DCA1115BB48F759)
2025-08-25T09:38:17.131861Z DEBUG node{moniker=app-2}:wal{height=51}: Wrote log entry type=Consensus(Vote) entry.size=118 
2025-08-25T09:38:17.132659Z  INFO node{moniker=app-2}:consensus{height=51 round=0}: Received proposal consensus.height=51 proposal.height=51 proposal.round=0 proposer=815F9FA61D7C4F1E4A9E30D40DCA1115BB48F759 Proposal(height: 51, round: 0, pol_round: -1, value: f4bfd0d81b2b885c, from: 815F9FA61D7C4F1E4A9E30D40DCA1115BB48F759)
2025-08-25T09:38:17.133794Z DEBUG node{moniker=app-2}:node{moniker=app-2}: ✅ Received complete proposal: ProposedValue { height: Height(51), round: Some(0), valid_round: Nil, proposer: Address(815F9FA61D7C4F1E4A9E30D40DCA1115BB48F759), value: Value { value: 17636044292393502812, extensions: b"5\x0c\0\x9aX\xfb\x9d\xb7\x04\xba\xb7\xfa\xd8gDCJ:_\xeb\x8eO\xad\x93\x96\xb9\x9a\x84G1\x89F********************\xec&\xdf\x94B\xc5\xd4\xa0\xa0\xccSH\xc9`\x11[C\xda\x08\xc7\xae\xf6\xbeNL\xcc_\x13l\xa8\x92\xa6V\xe8\x1f\x17\x1b\xccU\xa6\xff\x83E\xe6\x92\xc0\xf8n[H\xe0\x1b\x99l\xad\xc0\x01b/\xb5\xe3c\xb4!\0\0\0\0\0\0\0\0\0\0\0\0\0\0\0\0\0\0\0\0\0\0\0\0\0\0\0\0\0\0\0\0\0\0\0\0\0\0\0\0\0\0\0\0\0\0\0\0\0\0\0\0\0\0\0\0\0\0\0\0\0\0\0\0\0\0\0\0\0\0\0\0\0\0\0\0\0\0\0\0\0\0\0\0\0\0\0\0\0\0\0\0\0\0\0\0\0\0\0\0\0\0\0\0\0\0\0\0\0\0\0\0\0\0\0\0\0\0\0\0\0\0\0\0\0\0\0\0\0\0\0\0\0\0\0\0\0\0\0\0\0\0\0\0\0\0\0\0\0\0\0\0\0\0\0\0\0\0\0\0\0\0\0\0\0\0\0\0\0\0\0\0\0\0\0\0\0\0\0\0\0\0\0\0\0\0\0\0\0\0\0\0\0\0\0\0\0\0\0\0\0\0\0\0\0\0\0\0\0\0\0\0\0\0\0\0\0\0\0\0\0\0\0\0\0\0\0\0\0\0\0\0\0\0\0\0\0\0\0\0\0\0\0\0\0\0\0\0\0\0\0\0\0\0\0\0\0\0\0\0\0\0\0\0\0\0\0\0\0\0\0\0\0\0\0\0\0\0\0\0\0\0\0\0\0\0\0\03\0\0\0\0\0\0\0y \xe1\x01\0\0\0\0\0\0\0\0\0\0\0\06/\xach\0\0\0\0\x10\x02\0\0\xf9\xd2\x10\0\0\0\0\0\0\0\0\0\0\0\0\0\0\0\0\0\0\0\0\0\0\0\0\0\0\0\0\0t\xfb[\x04\xff8\xc4\x12\xb0\xa0vE\x9a\x01\xc2\xd6\xf4\xfa\x8d\xdcW\xc5\x17\x04E~x\x95\xf4\xe4\x8d\xf3!\x02\0\0!\x02\0\0\0\0\0\0\0\0\0\0\0\0\0\0\0\0\0\0reth/v1.4.1/linux" }, validity: Valid }
2025-08-25T09:38:17.134144Z DEBUG node{moniker=app-2}:wal{height=51}: Wrote log entry type=Consensus(Proposal) entry.size=668 
2025-08-25T09:38:17.134174Z DEBUG node{moniker=app-2}:consensus{height=51 round=0}: No full proposal for this round yet, stored proposal for later proposal.height=51 proposal.round=0
2025-08-25T09:38:17.134195Z DEBUG node{moniker=app-2}:consensus{height=51 round=0}: We have a full proposal for this round, checking... proposal.height=51 proposal.round=0
2025-08-25T09:38:17.134207Z DEBUG node{moniker=app-2}:consensus{height=51 round=0}: Transitioned to new step step.previous=Propose step.new=Prevote
2025-08-25T09:38:17.141590Z  INFO node{moniker=app-2}:consensus{height=51 round=0}: Received vote height=51 vote_height=51 address=DE7BA2BE72D2225286133990FF5810B691A5261C Precommit(height: 51, round: 0, value: f4bfd0d81b2b885c, from: DE7BA2BE72D2225286133990FF5810B691A5261C)
2025-08-25T09:38:17.142860Z DEBUG node{moniker=app-2}:wal{height=51}: Wrote log entry type=Consensus(Vote) entry.size=120 
2025-08-25T09:38:17.143617Z  INFO node{moniker=app-2}:consensus{height=51 round=0}: Received vote height=51 vote_height=51 address=DE7BA2BE72D2225286133990FF5810B691A5261C Prevote(height: 51, round: 0, value: f4bfd0d81b2b885c, from: DE7BA2BE72D2225286133990FF5810B691A5261C)
2025-08-25T09:38:17.143722Z DEBUG node{moniker=app-2}:wal{height=51}: Wrote log entry type=Consensus(Vote) entry.size=118 
2025-08-25T09:38:17.143815Z DEBUG node{moniker=app-2}:consensus{height=51 round=0}: Transitioned to new step step.previous=Prevote step.new=Precommit
2025-08-25T09:38:17.146426Z DEBUG node{moniker=app-2}:sync{height.tip=50 height.sync=51}: Broadcasting status height.tip=50
2025-08-25T09:38:17.146447Z DEBUG node{moniker=app-2}:node{moniker=app-2}: metis-test:consensus-chan recv!!! msg:GetHistoryMinHeight { reply: Sender { inner: Some(Inner { state: State { is_complete: false, is_closed: false, is_rx_task_set: true, is_tx_task_set: false } }) } }
2025-08-25T09:38:17.146592Z DEBUG node{moniker=app-2}:sync{height.tip=50 height.sync=51}: Peer scores: {}
2025-08-25T09:38:17.146604Z DEBUG node{moniker=app-2}:sync{height.tip=50 height.sync=51}: Received peer status status.peer_id=12D3KooWD4wDmZaWggpGH9ACLhNztqnBvszLRcmBLzZdKwDiWmYh status.tip_height=50
2025-08-25T09:38:17.146634Z DEBUG node{moniker=app-2}:network: Broadcasted message channel=/sync size=46
2025-08-25T09:38:17.150068Z  INFO node{moniker=app-2}:consensus{height=51 round=0}: Received vote height=51 vote_height=51 address=815F9FA61D7C4F1E4A9E30D40DCA1115BB48F759 Precommit(height: 51, round: 0, value: f4bfd0d81b2b885c, from: 815F9FA61D7C4F1E4A9E30D40DCA1115BB48F759)
2025-08-25T09:38:17.152865Z DEBUG node{moniker=app-2}:wal{height=51}: Wrote log entry type=Consensus(Vote) entry.size=120 
2025-08-25T09:38:17.153423Z DEBUG node{moniker=app-2}:consensus{height=51 round=0}: Transitioned to new step step.previous=Precommit step.new=Commit
2025-08-25T09:38:17.153433Z  INFO node{moniker=app-2}:consensus{height=51 round=0}: Decided round=0 height=51 value=f4bfd0d81b2b885c
2025-08-25T09:38:17.158341Z DEBUG node{moniker=app-2}:wal{height=51}: Flushed WAL to disk wal.entries=5 wal.size=1221
2025-08-25T09:38:17.158446Z DEBUG node{moniker=app-2}:sync{height.tip=50 height.sync=51}: Updating request state height.tip=51
2025-08-25T09:38:17.158461Z DEBUG node{moniker=app-2}:node{moniker=app-2}: metis-test:consensus-chan recv!!! msg:Decided { certificate: CommitCertificate { height: Height(51), round: Some(0), value_id: ValueId(17636044292393502812), commit_signatures: [CommitSignature { address: Address(815F9FA61D7C4F1E4A9E30D40DCA1115BB48F759), signature: Signature(Signature { R_bytes: "57af94c615c15daba8e92317e45fc843a119f0c07b880da5d467e1c50934cff1", s_bytes: "c0f2c399a5e5d2447c6e9f4f54db9db7af24f39ed91c433f550c728995db2704" }) }, CommitSignature { address: Address(DE7BA2BE72D2225286133990FF5810B691A5261C), signature: Signature(Signature { R_bytes: "396e6bb27f58dd520548545d699bb84320d772f019283df901f31890a5449750", s_bytes: "8573f8f65891108047ff8c0b4361084494a55537889a894a27a58dd58c0e0506" }) }] }, extensions: VoteExtensions { extensions: [] }, reply: Sender { inner: Some(Inner { state: State { is_complete: false, is_closed: false, is_rx_task_set: true, is_tx_task_set: false } }) } }
2025-08-25T09:38:17.158480Z  INFO node{moniker=app-2}:node{moniker=app-2}: 🟢🟢 Consensus has decided on value height=51 round=0 value=f4bfd0d81b2b885c
2025-08-25T09:38:17.158530Z DEBUG node{moniker=app-2}:node{moniker=app-2}: 🎁 block size: 545, height: 51
2025-08-25T09:38:17.158538Z  INFO node{moniker=app-2}:node{moniker=app-2}: 👉 stats at height 51: #txs=0, txs/s=0.00, chain_bytes=27795, bytes/s=2768.34
2025-08-25T09:38:17.158542Z DEBUG node{moniker=app-2}:node{moniker=app-2}: 🦄 Block at height 51 contains 0 transactions
2025-08-25T09:38:17.159201Z DEBUG node{moniker=app-2}:node{moniker=app-2}: 💡 New block added at height 51 with hash: 0x74fb5b04ff38c412b0a076459a01c2d6f4fa8ddc57c51704457e7895f4e48df3
2025-08-25T09:38:17.159207Z DEBUG node{moniker=app-2}:node{moniker=app-2}: 🟠 set_latest_forkchoice_state: 0x74fb5b04ff38c412b0a076459a01c2d6f4fa8ddc57c51704457e7895f4e48df3
2025-08-25T09:38:17.159610Z DEBUG node{moniker=app-2}:node{moniker=app-2}: ➡️ payload_status: PayloadStatus { status: Valid, latest_valid_hash: Some(0x74fb5b04ff38c412b0a076459a01c2d6f4fa8ddc57c51704457e7895f4e48df3) }
2025-08-25T09:38:17.159615Z DEBUG node{moniker=app-2}:node{moniker=app-2}: 🚀 Forkchoice updated to height 51 for block hash=0x74fb5b04ff38c412b0a076459a01c2d6f4fa8ddc57c51704457e7895f4e48df3 and latest_valid_hash=0x74fb5b04ff38c412b0a076459a01c2d6f4fa8ddc57c51704457e7895f4e48df3
2025-08-25T09:38:17.159617Z  INFO node{moniker=app-2}:node{moniker=app-2}: Looking for certificate height=51 round=0
2025-08-25T09:38:17.166185Z  INFO node{moniker=app-2}:node{moniker=app-2}: Committed block_data[0..32]: 350c009a58fb9db704bab7fad86744434a3a5feb8e4fad9396b99a8447318946
2025-08-25T09:38:17.191653Z DEBUG node{moniker=app-2}:wal{height=52}: Reset WAL height=52
2025-08-25T09:38:17.191707Z DEBUG node{moniker=app-2}:consensus{height=52 round=0}: No WAL entries to replay height=52
2025-08-25T09:38:17.191738Z  INFO node{moniker=app-2}:consensus{height=52 round=0}: Starting new height height=52
2025-08-25T09:38:17.191744Z  INFO node{moniker=app-2}:consensus{height=52 round=0}: Starting new round height=52 round=0 proposer=02CB1B49DA09615BD4A12212C39378556D990DFD role=Proposer
2025-08-25T09:38:17.191767Z DEBUG node{moniker=app-2}:sync{height.tip=50 height.sync=51}: Starting new height height.tip=51 height.sync=52 restart=false
2025-08-25T09:38:17.191773Z DEBUG node{moniker=app-2}:sync{height.tip=50 height.sync=51}: No peer to request sync from height.sync=52
2025-08-25T09:38:17.202863Z DEBUG node{moniker=app-2}:wal{height=52}: Flushed WAL to disk wal.entries=0 wal.size=12
2025-08-25T09:38:17.203545Z DEBUG node{moniker=app-2}:node{moniker=app-2}: metis-test:consensus-chan recv!!! msg:StartedRound { height: Height(52), round: Some(0), proposer: Address(02CB1B49DA09615BD4A12212C39378556D990DFD), role: Proposer, reply_value: Sender { inner: Some(Inner { state: State { is_complete: false, is_closed: false, is_rx_task_set: false, is_tx_task_set: false } }) } }
2025-08-25T09:38:17.203563Z  INFO node{moniker=app-2}:node{moniker=app-2}: 🟢🟢 Started round height=52 round=0 proposer=02CB1B49DA09615BD4A12212C39378556D990DFD role=Proposer
2025-08-25T09:38:17.203590Z ERROR node{moniker=app-2}:consensus{height=52 round=0}: Error when processing effect: Messaging(RecvErr)
2025-08-25T09:38:17.203612Z DEBUG node{moniker=app-2}:consensus{height=52 round=0}: Transitioned to new step step.previous=Unstarted step.new=Propose
2025-08-25T09:38:17.203618Z  INFO node{moniker=app-2}:consensus{height=52 round=0}: Scheduling timeout round=0 step=Propose
2025-08-25T09:38:17.203625Z  INFO node{moniker=app-2}:consensus{height=52 round=0}: Requesting value from application height=52 round=0
2025-08-25T09:38:17.203635Z DEBUG node{moniker=app-2}:consensus{height=52 round=0}: Replaying inputs count=0
2025-08-25T09:38:17.203663Z DEBUG node{moniker=app-2}:node{moniker=app-2}: metis-test:consensus-chan recv!!! msg:GetValue { height: Height(52), round: Some(0), timeout: 3s, reply: Sender { inner: Some(Inner { state: State { is_complete: false, is_closed: false, is_rx_task_set: true, is_tx_task_set: false } }) } }
2025-08-25T09:38:17.203669Z  INFO node{moniker=app-2}:node{moniker=app-2}: 🟢🟢 Consensus is requesting a value to propose height=52 round=0
2025-08-25T09:38:17.203673Z DEBUG node{moniker=app-2}:node{moniker=app-2}: 🟠 generate_block on top of ExecutionBlock { block_hash: 0x74fb5b04ff38c412b0a076459a01c2d6f4fa8ddc57c51704457e7895f4e48df3, block_number: 51, parent_hash: 0x74fb5b04ff38c412b0a076459a01c2d6f4fa8ddc57c51704457e7895f4e48df3, timestamp: 1756114742, prev_randao: 0x0000000000000000000000000000000000000000000000000000000000000000 }
2025-08-25T09:38:17.207775Z DEBUG node{moniker=app-2}:node{moniker=app-2}: 🌈 Got execution payload: ExecutionPayloadV3 { payload_inner: ExecutionPayloadV2 { payload_inner: ExecutionPayloadV1 { parent_hash: 0x74fb5b04ff38c412b0a076459a01c2d6f4fa8ddc57c51704457e7895f4e48df3, fee_recipient: 0x2a2a2a2a2a2a2a2a2a2a2a2a2a2a2a2a2a2a2a2a, state_root: 0xec26df9442c5d4a0a0cc5348c960115b43da08c7aef6be4e4ccc5f136ca892a6, receipts_root: 0x56e81f171bcc55a6ff8345e692c0f86e5b48e01b996cadc001622fb5e363b421, logs_bloom: 0x00000000000000000000000000000000000000000000000000000000000000000000000000000000000000000000000000000000000000000000000000000000000000000000000000000000000000000000000000000000000000000000000000000000000000000000000000000000000000000000000000000000000000000000000000000000000000000000000000000000000000000000000000000000000000000000000000000000000000000000000000000000000000000000000000000000000000000000000000000000000000000000000000000000000000000000000000000000000000000000000000000000000000000000000000000000, prev_randao: 0x0000000000000000000000000000000000000000000000000000000000000000, block_number: 52, gas_limit: 31561920, gas_used: 0, timestamp: 1756114743, extra_data: 0x726574682f76312e342e312f6c696e7578, base_fee_per_gas: 964762, block_hash: 0x6f8006a6590d50e77d97b614382b5461501f9b406eed8a7b6d8c50653c6cd89f, transactions: [] }, withdrawals: [] }, blob_gas_used: 0, excess_blob_gas: 0 }
2025-08-25T09:38:17.207796Z DEBUG node{moniker=app-2}:node{moniker=app-2}: 🎁 block size: 545, height: 52
2025-08-25T09:38:17.218242Z  INFO node{moniker=app-2}:node{moniker=app-2}: Streaming proposal part: StreamMessage { stream_id: StreamId(b"\0\0\0\0\0\0\04\0\0\0\0\0\0\0\x11"), sequence: 0, content: Data(Init(ProposalInit { height: Height(52), round: Some(0), proposer: Address(02CB1B49DA09615BD4A12212C39378556D990DFD) })) } height=52 round=0
2025-08-25T09:38:17.218269Z  INFO node{moniker=app-2}:node{moniker=app-2}: Streaming proposal part: StreamMessage { stream_id: StreamId(b"\0\0\0\0\0\0\04\0\0\0\0\0\0\0\x11"), sequence: 1, content: Data(Data(ProposalData { bytes: "<...>", len: 545 })) } height=52 round=0
2025-08-25T09:38:17.219915Z  INFO node{moniker=app-2}:node{moniker=app-2}: Streaming proposal part: StreamMessage { stream_id: StreamId(b"\0\0\0\0\0\0\04\0\0\0\0\0\0\0\x11"), sequence: 2, content: Data(Fin(ProposalFin { signature: Signature(Signature { R_bytes: "c9342822299e2cfbd498263a202cf44dc4e8ee6033e0b0006635a4167f4eac8b", s_bytes: "911c6c8619a313c9252e7ece1b5df745333ac8115bd19519827e36f42146d807" }) })) } height=52 round=0
2025-08-25T09:38:17.220118Z DEBUG node{moniker=app-2}:network: Published message channel=/proposal_parts size=48
2025-08-25T09:38:17.220168Z  INFO node{moniker=app-2}:node{moniker=app-2}: Streaming proposal part: StreamMessage { stream_id: StreamId(b"\0\0\0\0\0\0\04\0\0\0\0\0\0\0\x11"), sequence: 3, content: Fin } height=52 round=0
2025-08-25T09:38:17.220560Z DEBUG node{moniker=app-2}:wal{height=52}: Wrote log entry type=LocallyProposedValue entry.size=599 
2025-08-25T09:38:17.220734Z DEBUG node{moniker=app-2}:network: Published message channel=/proposal_parts size=574
2025-08-25T09:38:17.221030Z DEBUG node{moniker=app-2}:node{moniker=app-2}: ✅ Proposal sent height=52 round=0
2025-08-25T09:38:17.221145Z DEBUG node{moniker=app-2}:network: Published message channel=/proposal_parts size=92
2025-08-25T09:38:17.221268Z DEBUG node{moniker=app-2}:network: Published message channel=/proposal_parts size=22
2025-08-25T09:38:17.221393Z  INFO node{moniker=app-2}:consensus{height=52 round=0}: Proposing value id=95084649586f73b2 round=0
2025-08-25T09:38:17.221567Z  INFO node{moniker=app-2}:consensus{height=52 round=0}: Received proposal consensus.height=52 proposal.height=52 proposal.round=0 proposer=02CB1B49DA09615BD4A12212C39378556D990DFD Proposal(height: 52, round: 0, pol_round: -1, value: 95084649586f73b2, from: 02CB1B49DA09615BD4A12212C39378556D990DFD)
2025-08-25T09:38:17.221667Z DEBUG node{moniker=app-2}:wal{height=52}: Wrote log entry type=Consensus(Proposal) entry.size=668 
2025-08-25T09:38:17.221700Z DEBUG node{moniker=app-2}:consensus{height=52 round=0}: Transitioned to new step step.previous=Propose step.new=Prevote
2025-08-25T09:38:17.221716Z  INFO node{moniker=app-2}:consensus{height=52 round=0}: Voting vote_type=Prevote value=95084649586f73b2 round=0
2025-08-25T09:38:17.222068Z  INFO node{moniker=app-2}:consensus{height=52 round=0}: Received vote height=52 vote_height=52 address=02CB1B49DA09615BD4A12212C39378556D990DFD Prevote(height: 52, round: 0, value: 95084649586f73b2, from: 02CB1B49DA09615BD4A12212C39378556D990DFD)
2025-08-25T09:38:17.222218Z DEBUG node{moniker=app-2}:wal{height=52}: Wrote log entry type=Consensus(Vote) entry.size=118 
2025-08-25T09:38:17.225635Z DEBUG node{moniker=app-2}:wal{height=52}: Flushed WAL to disk wal.entries=3 wal.size=1436
2025-08-25T09:38:17.225874Z DEBUG node{moniker=app-2}:network: Published message channel=/consensus size=109
2025-08-25T09:38:17.229796Z DEBUG node{moniker=app-2}:wal{height=52}: Flushed WAL to disk wal.entries=3 wal.size=1436
2025-08-25T09:38:17.230250Z DEBUG node{moniker=app-2}:network: Published message channel=/consensus size=659
2025-08-25T09:38:17.239935Z  INFO node{moniker=app-2}:consensus{height=52 round=0}: Received vote height=52 vote_height=52 address=DE7BA2BE72D2225286133990FF5810B691A5261C Precommit(height: 52, round: 0, value: 95084649586f73b2, from: DE7BA2BE72D2225286133990FF5810B691A5261C)
2025-08-25T09:38:17.242514Z DEBUG node{moniker=app-2}:wal{height=52}: Wrote log entry type=Consensus(Vote) entry.size=120 
2025-08-25T09:38:17.243343Z  INFO node{moniker=app-2}:consensus{height=52 round=0}: Received vote height=52 vote_height=52 address=DE7BA2BE72D2225286133990FF5810B691A5261C Prevote(height: 52, round: 0, value: 95084649586f73b2, from: DE7BA2BE72D2225286133990FF5810B691A5261C)
2025-08-25T09:38:17.243450Z DEBUG node{moniker=app-2}:wal{height=52}: Wrote log entry type=Consensus(Vote) entry.size=118 
2025-08-25T09:38:17.243547Z DEBUG node{moniker=app-2}:consensus{height=52 round=0}: Transitioned to new step step.previous=Prevote step.new=Precommit
2025-08-25T09:38:17.243555Z  INFO node{moniker=app-2}:consensus{height=52 round=0}: Voting vote_type=Precommit value=95084649586f73b2 round=0
2025-08-25T09:38:17.243573Z DEBUG node{moniker=app-2}:node{moniker=app-2}: metis-test:consensus-chan recv!!! msg:ExtendVote { height: Height(52), round: Some(0), value_id: ValueId(10738910592295203762), reply: Sender { inner: Some(Inner { state: State { is_complete: false, is_closed: false, is_rx_task_set: true, is_tx_task_set: false } }) } }
2025-08-25T09:38:17.243738Z  INFO node{moniker=app-2}:consensus{height=52 round=0}: Received vote height=52 vote_height=52 address=02CB1B49DA09615BD4A12212C39378556D990DFD Precommit(height: 52, round: 0, value: 95084649586f73b2, from: 02CB1B49DA09615BD4A12212C39378556D990DFD)
2025-08-25T09:38:17.243798Z DEBUG node{moniker=app-2}:wal{height=52}: Wrote log entry type=Consensus(Vote) entry.size=120 
2025-08-25T09:38:17.243823Z DEBUG node{moniker=app-2}:consensus{height=52 round=0}: Transitioned to new step step.previous=Precommit step.new=Commit
2025-08-25T09:38:17.243827Z  INFO node{moniker=app-2}:consensus{height=52 round=0}: Decided round=0 height=52 value=95084649586f73b2
2025-08-25T09:38:17.247505Z DEBUG node{moniker=app-2}:wal{height=52}: Flushed WAL to disk wal.entries=6 wal.size=1833
2025-08-25T09:38:17.247622Z DEBUG node{moniker=app-2}:sync{height.tip=51 height.sync=52}: Updating request state height.tip=52
2025-08-25T09:38:17.247732Z DEBUG node{moniker=app-2}:node{moniker=app-2}: metis-test:consensus-chan recv!!! msg:Decided { certificate: CommitCertificate { height: Height(52), round: Some(0), value_id: ValueId(10738910592295203762), commit_signatures: [CommitSignature { address: Address(02CB1B49DA09615BD4A12212C39378556D990DFD), signature: Signature(Signature { R_bytes: "3151f2f688742814eb718fa7a79b7aed08833f517da16eaa3494414f23edc444", s_bytes: "535e5746cdf43b5a269096a4358425f5e2b01a96f68a03740b0e065d55efe601" }) }, CommitSignature { address: Address(DE7BA2BE72D2225286133990FF5810B691A5261C), signature: Signature(Signature { R_bytes: "2f44310c6629ef5ea54b0a57be2b55502ef3da9f417bb2d7c344aaa6a3ad6285", s_bytes: "ea327a1cf16ade99d9220ed06f06220cd2d14df7bd97a0c3b996213e9b6e8d0b" }) }] }, extensions: VoteExtensions { extensions: [] }, reply: Sender { inner: Some(Inner { state: State { is_complete: false, is_closed: false, is_rx_task_set: true, is_tx_task_set: false } }) } }
2025-08-25T09:38:17.247779Z  INFO node{moniker=app-2}:node{moniker=app-2}: 🟢🟢 Consensus has decided on value height=52 round=0 value=95084649586f73b2
2025-08-25T09:38:17.248016Z DEBUG node{moniker=app-2}:node{moniker=app-2}: 🎁 block size: 545, height: 52
2025-08-25T09:38:17.248056Z  INFO node{moniker=app-2}:node{moniker=app-2}: 👉 stats at height 52: #txs=0, txs/s=0.00, chain_bytes=28340, bytes/s=2797.68
2025-08-25T09:38:17.248061Z DEBUG node{moniker=app-2}:node{moniker=app-2}: 🦄 Block at height 52 contains 0 transactions
2025-08-25T09:38:17.250775Z DEBUG node{moniker=app-2}:wal{height=52}: Flushed WAL to disk wal.entries=6 wal.size=1833
2025-08-25T09:38:17.251041Z DEBUG node{moniker=app-2}:network: Published message channel=/consensus size=111
2025-08-25T09:38:17.252069Z DEBUG node{moniker=app-2}:node{moniker=app-2}: 💡 New block added at height 52 with hash: 0x6f8006a6590d50e77d97b614382b5461501f9b406eed8a7b6d8c50653c6cd89f
2025-08-25T09:38:17.252076Z DEBUG node{moniker=app-2}:node{moniker=app-2}: 🟠 set_latest_forkchoice_state: 0x6f8006a6590d50e77d97b614382b5461501f9b406eed8a7b6d8c50653c6cd89f
2025-08-25T09:38:17.255164Z DEBUG node{moniker=app-2}:node{moniker=app-2}: ➡️ payload_status: PayloadStatus { status: Valid, latest_valid_hash: Some(0x6f8006a6590d50e77d97b614382b5461501f9b406eed8a7b6d8c50653c6cd89f) }
2025-08-25T09:38:17.255197Z DEBUG node{moniker=app-2}:node{moniker=app-2}: 🚀 Forkchoice updated to height 52 for block hash=0x6f8006a6590d50e77d97b614382b5461501f9b406eed8a7b6d8c50653c6cd89f and latest_valid_hash=0x6f8006a6590d50e77d97b614382b5461501f9b406eed8a7b6d8c50653c6cd89f
2025-08-25T09:38:17.255201Z  INFO node{moniker=app-2}:node{moniker=app-2}: Looking for certificate height=52 round=0
2025-08-25T09:38:17.262476Z  INFO node{moniker=app-2}:node{moniker=app-2}: Committed block_data[0..32]: 74fb5b04ff38c412b0a076459a01c2d6f4fa8ddc57c51704457e7895f4e48df3
2025-08-25T09:38:17.272442Z DEBUG node{moniker=app-2}:wal{height=53}: Reset WAL height=53
2025-08-25T09:38:17.272640Z DEBUG node{moniker=app-2}:consensus{height=53 round=0}: No WAL entries to replay height=53
2025-08-25T09:38:17.272685Z  INFO node{moniker=app-2}:consensus{height=53 round=0}: Starting new height height=53
2025-08-25T09:38:17.272699Z  INFO node{moniker=app-2}:consensus{height=53 round=0}: Starting new round height=53 round=0 proposer=02CB1B49DA09615BD4A12212C39378556D990DFD role=Proposer
2025-08-25T09:38:17.272785Z DEBUG node{moniker=app-2}:sync{height.tip=51 height.sync=52}: Starting new height height.tip=52 height.sync=53 restart=false
2025-08-25T09:38:17.272791Z DEBUG node{moniker=app-2}:sync{height.tip=51 height.sync=52}: No peer to request sync from height.sync=53
2025-08-25T09:38:17.275592Z DEBUG node{moniker=app-2}:wal{height=53}: Flushed WAL to disk wal.entries=0 wal.size=12
2025-08-25T09:38:17.275839Z DEBUG node{moniker=app-2}:node{moniker=app-2}: metis-test:consensus-chan recv!!! msg:StartedRound { height: Height(53), round: Some(0), proposer: Address(02CB1B49DA09615BD4A12212C39378556D990DFD), role: Proposer, reply_value: Sender { inner: Some(Inner { state: State { is_complete: false, is_closed: false, is_rx_task_set: false, is_tx_task_set: false } }) } }
2025-08-25T09:38:17.275851Z  INFO node{moniker=app-2}:node{moniker=app-2}: 🟢🟢 Started round height=53 round=0 proposer=02CB1B49DA09615BD4A12212C39378556D990DFD role=Proposer
2025-08-25T09:38:17.275866Z ERROR node{moniker=app-2}:consensus{height=53 round=0}: Error when processing effect: Messaging(RecvErr)
2025-08-25T09:38:17.275885Z DEBUG node{moniker=app-2}:consensus{height=53 round=0}: Transitioned to new step step.previous=Unstarted step.new=Propose
2025-08-25T09:38:17.275891Z  INFO node{moniker=app-2}:consensus{height=53 round=0}: Scheduling timeout round=0 step=Propose
2025-08-25T09:38:17.275897Z  INFO node{moniker=app-2}:consensus{height=53 round=0}: Requesting value from application height=53 round=0
2025-08-25T09:38:17.275907Z DEBUG node{moniker=app-2}:consensus{height=53 round=0}: Replaying inputs count=0
2025-08-25T09:38:17.275978Z DEBUG node{moniker=app-2}:node{moniker=app-2}: metis-test:consensus-chan recv!!! msg:GetValue { height: Height(53), round: Some(0), timeout: 3s, reply: Sender { inner: Some(Inner { state: State { is_complete: false, is_closed: false, is_rx_task_set: true, is_tx_task_set: false } }) } }
2025-08-25T09:38:17.275987Z  INFO node{moniker=app-2}:node{moniker=app-2}: 🟢🟢 Consensus is requesting a value to propose height=53 round=0
2025-08-25T09:38:17.275991Z DEBUG node{moniker=app-2}:node{moniker=app-2}: 🟠 generate_block on top of ExecutionBlock { block_hash: 0x6f8006a6590d50e77d97b614382b5461501f9b406eed8a7b6d8c50653c6cd89f, block_number: 52, parent_hash: 0x6f8006a6590d50e77d97b614382b5461501f9b406eed8a7b6d8c50653c6cd89f, timestamp: 1756114743, prev_randao: 0x0000000000000000000000000000000000000000000000000000000000000000 }
2025-08-25T09:38:17.302666Z DEBUG node{moniker=app-2}:node{moniker=app-2}: 🌈 Got execution payload: ExecutionPayloadV3 { payload_inner: ExecutionPayloadV2 { payload_inner: ExecutionPayloadV1 { parent_hash: 0x6f8006a6590d50e77d97b614382b5461501f9b406eed8a7b6d8c50653c6cd89f, fee_recipient: 0x2a2a2a2a2a2a2a2a2a2a2a2a2a2a2a2a2a2a2a2a, state_root: 0xec26df9442c5d4a0a0cc5348c960115b43da08c7aef6be4e4ccc5f136ca892a6, receipts_root: 0x56e81f171bcc55a6ff8345e692c0f86e5b48e01b996cadc001622fb5e363b421, logs_bloom: 0x00000000000000000000000000000000000000000000000000000000000000000000000000000000000000000000000000000000000000000000000000000000000000000000000000000000000000000000000000000000000000000000000000000000000000000000000000000000000000000000000000000000000000000000000000000000000000000000000000000000000000000000000000000000000000000000000000000000000000000000000000000000000000000000000000000000000000000000000000000000000000000000000000000000000000000000000000000000000000000000000000000000000000000000000000000000, prev_randao: 0x0000000000000000000000000000000000000000000000000000000000000000, block_number: 53, gas_limit: 31592741, gas_used: 0, timestamp: 1756114744, extra_data: 0x726574682f76312e342e312f6c696e7578, base_fee_per_gas: 844167, block_hash: 0x2682145edec0ad380de62d5f996c08b5426006c8f8e33e06ccced18896f0f8bc, transactions: [] }, withdrawals: [] }, blob_gas_used: 0, excess_blob_gas: 0 }
2025-08-25T09:38:17.302694Z DEBUG node{moniker=app-2}:node{moniker=app-2}: 🎁 block size: 545, height: 53
2025-08-25T09:38:17.315820Z  INFO node{moniker=app-2}:node{moniker=app-2}: Streaming proposal part: StreamMessage { stream_id: StreamId(b"\0\0\0\0\0\0\05\0\0\0\0\0\0\0\x12"), sequence: 0, content: Data(Init(ProposalInit { height: Height(53), round: Some(0), proposer: Address(02CB1B49DA09615BD4A12212C39378556D990DFD) })) } height=53 round=0
2025-08-25T09:38:17.315849Z  INFO node{moniker=app-2}:node{moniker=app-2}: Streaming proposal part: StreamMessage { stream_id: StreamId(b"\0\0\0\0\0\0\05\0\0\0\0\0\0\0\x12"), sequence: 1, content: Data(Data(ProposalData { bytes: "<...>", len: 545 })) } height=53 round=0
2025-08-25T09:38:17.315880Z  INFO node{moniker=app-2}:node{moniker=app-2}: Streaming proposal part: StreamMessage { stream_id: StreamId(b"\0\0\0\0\0\0\05\0\0\0\0\0\0\0\x12"), sequence: 2, content: Data(Fin(ProposalFin { signature: Signature(Signature { R_bytes: "d83fc56bf52ed2f37cd5871723c195c28789638fa2dda594e20d515c7e369b25", s_bytes: "a893fc3ccdced48eafa9fbc14904ffd46679e3f7b2461bda01d61c2f0df5ab02" }) })) } height=53 round=0
2025-08-25T09:38:17.316055Z DEBUG node{moniker=app-2}:network: Published message channel=/proposal_parts size=48
2025-08-25T09:38:17.316096Z  INFO node{moniker=app-2}:node{moniker=app-2}: Streaming proposal part: StreamMessage { stream_id: StreamId(b"\0\0\0\0\0\0\05\0\0\0\0\0\0\0\x12"), sequence: 3, content: Fin } height=53 round=0
2025-08-25T09:38:17.316325Z DEBUG node{moniker=app-2}:network: Published message channel=/proposal_parts size=574
2025-08-25T09:38:17.316394Z DEBUG node{moniker=app-2}:node{moniker=app-2}: ✅ Proposal sent height=53 round=0
2025-08-25T09:38:17.316496Z DEBUG node{moniker=app-2}:network: Published message channel=/proposal_parts size=92
2025-08-25T09:38:17.316615Z DEBUG node{moniker=app-2}:network: Published message channel=/proposal_parts size=22
2025-08-25T09:38:17.318704Z DEBUG node{moniker=app-2}:wal{height=53}: Wrote log entry type=LocallyProposedValue entry.size=599 
2025-08-25T09:38:17.318809Z  INFO node{moniker=app-2}:consensus{height=53 round=0}: Proposing value id=a587beb54e4ae620 round=0
2025-08-25T09:38:17.318990Z  INFO node{moniker=app-2}:consensus{height=53 round=0}: Received proposal consensus.height=53 proposal.height=53 proposal.round=0 proposer=02CB1B49DA09615BD4A12212C39378556D990DFD Proposal(height: 53, round: 0, pol_round: -1, value: a587beb54e4ae620, from: 02CB1B49DA09615BD4A12212C39378556D990DFD)
2025-08-25T09:38:17.321477Z DEBUG node{moniker=app-2}:wal{height=53}: Wrote log entry type=Consensus(Proposal) entry.size=668 
2025-08-25T09:38:17.321556Z DEBUG node{moniker=app-2}:consensus{height=53 round=0}: Transitioned to new step step.previous=Propose step.new=Prevote
2025-08-25T09:38:17.321573Z  INFO node{moniker=app-2}:consensus{height=53 round=0}: Voting vote_type=Prevote value=a587beb54e4ae620 round=0
2025-08-25T09:38:17.322023Z  INFO node{moniker=app-2}:consensus{height=53 round=0}: Received vote height=53 vote_height=53 address=02CB1B49DA09615BD4A12212C39378556D990DFD Prevote(height: 53, round: 0, value: a587beb54e4ae620, from: 02CB1B49DA09615BD4A12212C39378556D990DFD)
2025-08-25T09:38:17.322116Z DEBUG node{moniker=app-2}:wal{height=53}: Wrote log entry type=Consensus(Vote) entry.size=118 
2025-08-25T09:38:17.332500Z DEBUG node{moniker=app-2}:wal{height=53}: Flushed WAL to disk wal.entries=3 wal.size=1436
2025-08-25T09:38:17.333235Z DEBUG node{moniker=app-2}:network: Published message channel=/consensus size=109
2025-08-25T09:38:17.366892Z DEBUG node{moniker=app-2}:wal{height=53}: Flushed WAL to disk wal.entries=3 wal.size=1436
2025-08-25T09:38:17.367346Z DEBUG node{moniker=app-2}:network: Published message channel=/consensus size=659
2025-08-25T09:38:17.376232Z  INFO node{moniker=app-2}:consensus{height=53 round=0}: Received vote height=53 vote_height=53 address=815F9FA61D7C4F1E4A9E30D40DCA1115BB48F759 Precommit(height: 53, round: 0, value: a587beb54e4ae620, from: 815F9FA61D7C4F1E4A9E30D40DCA1115BB48F759)
2025-08-25T09:38:17.378281Z DEBUG node{moniker=app-2}:wal{height=53}: Wrote log entry type=Consensus(Vote) entry.size=120 
2025-08-25T09:38:17.379325Z  INFO node{moniker=app-2}:consensus{height=53 round=0}: Received vote height=53 vote_height=53 address=815F9FA61D7C4F1E4A9E30D40DCA1115BB48F759 Prevote(height: 53, round: 0, value: a587beb54e4ae620, from: 815F9FA61D7C4F1E4A9E30D40DCA1115BB48F759)
2025-08-25T09:38:17.379638Z DEBUG node{moniker=app-2}:wal{height=53}: Wrote log entry type=Consensus(Vote) entry.size=118 
2025-08-25T09:38:17.379783Z DEBUG node{moniker=app-2}:consensus{height=53 round=0}: Transitioned to new step step.previous=Prevote step.new=Precommit
2025-08-25T09:38:17.379793Z  INFO node{moniker=app-2}:consensus{height=53 round=0}: Voting vote_type=Precommit value=a587beb54e4ae620 round=0
2025-08-25T09:38:17.379862Z DEBUG node{moniker=app-2}:node{moniker=app-2}: metis-test:consensus-chan recv!!! msg:ExtendVote { height: Height(53), round: Some(0), value_id: ValueId(11927711824025937440), reply: Sender { inner: Some(Inner { state: State { is_complete: false, is_closed: false, is_rx_task_set: true, is_tx_task_set: false } }) } }
2025-08-25T09:38:17.380249Z  INFO node{moniker=app-2}:consensus{height=53 round=0}: Received vote height=53 vote_height=53 address=02CB1B49DA09615BD4A12212C39378556D990DFD Precommit(height: 53, round: 0, value: a587beb54e4ae620, from: 02CB1B49DA09615BD4A12212C39378556D990DFD)
2025-08-25T09:38:17.380331Z DEBUG node{moniker=app-2}:wal{height=53}: Wrote log entry type=Consensus(Vote) entry.size=120 
2025-08-25T09:38:17.380365Z DEBUG node{moniker=app-2}:consensus{height=53 round=0}: Transitioned to new step step.previous=Precommit step.new=Commit
2025-08-25T09:38:17.380374Z  INFO node{moniker=app-2}:consensus{height=53 round=0}: Decided round=0 height=53 value=a587beb54e4ae620
2025-08-25T09:38:17.383667Z DEBUG node{moniker=app-2}:wal{height=53}: Flushed WAL to disk wal.entries=6 wal.size=1833
2025-08-25T09:38:17.383873Z DEBUG node{moniker=app-2}:sync{height.tip=52 height.sync=53}: Updating request state height.tip=53
2025-08-25T09:38:17.383907Z DEBUG node{moniker=app-2}:node{moniker=app-2}: metis-test:consensus-chan recv!!! msg:Decided { certificate: CommitCertificate { height: Height(53), round: Some(0), value_id: ValueId(11927711824025937440), commit_signatures: [CommitSignature { address: Address(02CB1B49DA09615BD4A12212C39378556D990DFD), signature: Signature(Signature { R_bytes: "d21e444ad60cfbebd8666827e01d7167eb182c75db9d3bae9936a4821a47fed0", s_bytes: "d8ba78891683d0fbb01a6b0b6d2a7fe6b342c93dbbd9fee7c09a7795e9c6400b" }) }, CommitSignature { address: Address(815F9FA61D7C4F1E4A9E30D40DCA1115BB48F759), signature: Signature(Signature { R_bytes: "80c0727087e51d89fe99b3734b81dc3f07ef06ce6cb16cfb670517062a62c7ba", s_bytes: "2477b1c71d287cee3ac7248aef5679864c39c78c5d9bfd650bd444e432817a0e" }) }] }, extensions: VoteExtensions { extensions: [] }, reply: Sender { inner: Some(Inner { state: State { is_complete: false, is_closed: false, is_rx_task_set: true, is_tx_task_set: false } }) } }
2025-08-25T09:38:17.383932Z  INFO node{moniker=app-2}:node{moniker=app-2}: 🟢🟢 Consensus has decided on value height=53 round=0 value=a587beb54e4ae620
2025-08-25T09:38:17.384113Z DEBUG node{moniker=app-2}:node{moniker=app-2}: 🎁 block size: 545, height: 53
2025-08-25T09:38:17.384126Z  INFO node{moniker=app-2}:node{moniker=app-2}: 👉 stats at height 53: #txs=0, txs/s=0.00, chain_bytes=28885, bytes/s=2813.69
2025-08-25T09:38:17.384133Z DEBUG node{moniker=app-2}:node{moniker=app-2}: 🦄 Block at height 53 contains 0 transactions
2025-08-25T09:38:17.386480Z DEBUG node{moniker=app-2}:wal{height=53}: Flushed WAL to disk wal.entries=6 wal.size=1833
2025-08-25T09:38:17.386656Z DEBUG node{moniker=app-2}:node{moniker=app-2}: 💡 New block added at height 53 with hash: 0x2682145edec0ad380de62d5f996c08b5426006c8f8e33e06ccced18896f0f8bc
2025-08-25T09:38:17.386663Z DEBUG node{moniker=app-2}:node{moniker=app-2}: 🟠 set_latest_forkchoice_state: 0x2682145edec0ad380de62d5f996c08b5426006c8f8e33e06ccced18896f0f8bc
2025-08-25T09:38:17.386919Z DEBUG node{moniker=app-2}:network: Published message channel=/consensus size=111
2025-08-25T09:38:17.387401Z DEBUG node{moniker=app-2}:node{moniker=app-2}: ➡️ payload_status: PayloadStatus { status: Valid, latest_valid_hash: Some(0x2682145edec0ad380de62d5f996c08b5426006c8f8e33e06ccced18896f0f8bc) }
2025-08-25T09:38:17.387408Z DEBUG node{moniker=app-2}:node{moniker=app-2}: 🚀 Forkchoice updated to height 53 for block hash=0x2682145edec0ad380de62d5f996c08b5426006c8f8e33e06ccced18896f0f8bc and latest_valid_hash=0x2682145edec0ad380de62d5f996c08b5426006c8f8e33e06ccced18896f0f8bc
2025-08-25T09:38:17.387411Z  INFO node{moniker=app-2}:node{moniker=app-2}: Looking for certificate height=53 round=0
2025-08-25T09:38:17.389585Z  INFO node{moniker=app-2}:node{moniker=app-2}: Committed block_data[0..32]: 6f8006a6590d50e77d97b614382b5461501f9b406eed8a7b6d8c50653c6cd89f
2025-08-25T09:38:17.414443Z DEBUG node{moniker=app-2}:wal{height=54}: Reset WAL height=54
2025-08-25T09:38:17.414519Z DEBUG node{moniker=app-2}:consensus{height=54 round=0}: No WAL entries to replay height=54
2025-08-25T09:38:17.414556Z  INFO node{moniker=app-2}:consensus{height=54 round=0}: Starting new height height=54
2025-08-25T09:38:17.414563Z  INFO node{moniker=app-2}:consensus{height=54 round=0}: Starting new round height=54 round=0 proposer=DE7BA2BE72D2225286133990FF5810B691A5261C role=None
2025-08-25T09:38:17.414595Z DEBUG node{moniker=app-2}:sync{height.tip=52 height.sync=53}: Starting new height height.tip=53 height.sync=54 restart=false
2025-08-25T09:38:17.414602Z DEBUG node{moniker=app-2}:sync{height.tip=52 height.sync=53}: No peer to request sync from height.sync=54
2025-08-25T09:38:17.418239Z DEBUG node{moniker=app-2}:wal{height=54}: Flushed WAL to disk wal.entries=0 wal.size=12
2025-08-25T09:38:17.418760Z DEBUG node{moniker=app-2}:node{moniker=app-2}: metis-test:consensus-chan recv!!! msg:StartedRound { height: Height(54), round: Some(0), proposer: Address(DE7BA2BE72D2225286133990FF5810B691A5261C), role: None, reply_value: Sender { inner: Some(Inner { state: State { is_complete: false, is_closed: false, is_rx_task_set: false, is_tx_task_set: false } }) } }
2025-08-25T09:38:17.418775Z  INFO node{moniker=app-2}:node{moniker=app-2}: 🟢🟢 Started round height=54 round=0 proposer=DE7BA2BE72D2225286133990FF5810B691A5261C role=None
2025-08-25T09:38:17.418799Z ERROR node{moniker=app-2}:consensus{height=54 round=0}: Error when processing effect: Messaging(RecvErr)
2025-08-25T09:38:17.418818Z DEBUG node{moniker=app-2}:consensus{height=54 round=0}: Transitioned to new step step.previous=Unstarted step.new=Propose
2025-08-25T09:38:17.418824Z  INFO node{moniker=app-2}:consensus{height=54 round=0}: Scheduling timeout round=0 step=Propose
2025-08-25T09:38:17.418834Z DEBUG node{moniker=app-2}:consensus{height=54 round=0}: Replaying inputs count=0
2025-08-25T09:38:17.436455Z DEBUG node{moniker=app-2}:node{moniker=app-2}: metis-test:consensus-chan recv!!! msg:ReceivedProposalPart { from: PeerId("12D3KooWEFmACkQS9HNWY86xGVM3LS7fRpQ8saTb5VdfdYCzuUvE"), part: StreamMessage { stream_id: StreamId(b"\0\0\0\0\0\0\06\0\0\0\0\0\0\0\x11"), sequence: 0, content: Data(Init(ProposalInit { height: Height(54), round: Some(0), proposer: Address(DE7BA2BE72D2225286133990FF5810B691A5261C) })) }, reply: Sender { inner: Some(Inner { state: State { is_complete: false, is_closed: false, is_rx_task_set: true, is_tx_task_set: false } }) } }
2025-08-25T09:38:17.436621Z  INFO node{moniker=app-2}:node{moniker=app-2}: Received proposal part from=12D3KooWEFmACkQS9HNWY86xGVM3LS7fRpQ8saTb5VdfdYCzuUvE part.sequence=0 part.type=init part.size=28
2025-08-25T09:38:17.437763Z DEBUG node{moniker=app-2}:node{moniker=app-2}: metis-test:consensus-chan recv!!! msg:ReceivedProposalPart { from: PeerId("12D3KooWEFmACkQS9HNWY86xGVM3LS7fRpQ8saTb5VdfdYCzuUvE"), part: StreamMessage { stream_id: StreamId(b"\0\0\0\0\0\0\06\0\0\0\0\0\0\0\x11"), sequence: 1, content: Data(Data(ProposalData { bytes: "<...>", len: 545 })) }, reply: Sender { inner: Some(Inner { state: State { is_complete: false, is_closed: false, is_rx_task_set: true, is_tx_task_set: false } }) } }
2025-08-25T09:38:17.437793Z  INFO node{moniker=app-2}:node{moniker=app-2}: Received proposal part from=12D3KooWEFmACkQS9HNWY86xGVM3LS7fRpQ8saTb5VdfdYCzuUvE part.sequence=1 part.type=data part.size=551
2025-08-25T09:38:17.438596Z DEBUG node{moniker=app-2}:node{moniker=app-2}: metis-test:consensus-chan recv!!! msg:ReceivedProposalPart { from: PeerId("12D3KooWEFmACkQS9HNWY86xGVM3LS7fRpQ8saTb5VdfdYCzuUvE"), part: StreamMessage { stream_id: StreamId(b"\0\0\0\0\0\0\06\0\0\0\0\0\0\0\x11"), sequence: 2, content: Data(Fin(ProposalFin { signature: Signature(Signature { R_bytes: "7785e83e3e7200725b465ee0038234643a4063db80d28a04f71b96073dd29e09", s_bytes: "12ae3740ed0fe6be5be9369f9ebbd5a8307d502c91dc142cf3d73c3a366c580c" }) })) }, reply: Sender { inner: Some(Inner { state: State { is_complete: false, is_closed: false, is_rx_task_set: true, is_tx_task_set: false } }) } }
2025-08-25T09:38:17.438618Z  INFO node{moniker=app-2}:node{moniker=app-2}: Received proposal part from=12D3KooWEFmACkQS9HNWY86xGVM3LS7fRpQ8saTb5VdfdYCzuUvE part.sequence=2 part.type=fin part.size=70
2025-08-25T09:38:17.438636Z DEBUG node{moniker=app-2}:node{moniker=app-2}: metis-test:consensus-chan recv!!! msg:ReceivedProposalPart { from: PeerId("12D3KooWEFmACkQS9HNWY86xGVM3LS7fRpQ8saTb5VdfdYCzuUvE"), part: StreamMessage { stream_id: StreamId(b"\0\0\0\0\0\0\06\0\0\0\0\0\0\0\x11"), sequence: 3, content: Fin }, reply: Sender { inner: Some(Inner { state: State { is_complete: false, is_closed: false, is_rx_task_set: true, is_tx_task_set: false } }) } }
2025-08-25T09:38:17.438645Z  INFO node{moniker=app-2}:node{moniker=app-2}: Received proposal part from=12D3KooWEFmACkQS9HNWY86xGVM3LS7fRpQ8saTb5VdfdYCzuUvE part.sequence=3 part.type=end of stream part.size=0
2025-08-25T09:38:17.438821Z  INFO node{moniker=app-2}:node{moniker=app-2}: Proposal data[0..32]: 2682145edec0ad380de62d5f996c08b5426006c8f8e33e06ccced18896f0f8bc, total_size: 545 bytes, id: edcb6fa2cb55c85b
2025-08-25T09:38:17.442367Z  INFO node{moniker=app-2}:consensus{height=54 round=0}: Received vote height=54 vote_height=54 address=DE7BA2BE72D2225286133990FF5810B691A5261C Prevote(height: 54, round: 0, value: edcb6fa2cb55c85b, from: DE7BA2BE72D2225286133990FF5810B691A5261C)
2025-08-25T09:38:17.443138Z DEBUG node{moniker=app-2}:wal{height=54}: Wrote log entry type=Consensus(Vote) entry.size=118 
2025-08-25T09:38:17.444608Z  INFO node{moniker=app-2}:consensus{height=54 round=0}: Received proposal consensus.height=54 proposal.height=54 proposal.round=0 proposer=DE7BA2BE72D2225286133990FF5810B691A5261C Proposal(height: 54, round: 0, pol_round: -1, value: edcb6fa2cb55c85b, from: DE7BA2BE72D2225286133990FF5810B691A5261C)
2025-08-25T09:38:17.447103Z DEBUG node{moniker=app-2}:node{moniker=app-2}: ✅ Received complete proposal: ProposedValue { height: Height(54), round: Some(0), valid_round: Nil, proposer: Address(DE7BA2BE72D2225286133990FF5810B691A5261C), value: Value { value: 17134911952247965787, extensions: b"&\x82\x14^\xde\xc0\xad8\r\xe6-_\x99l\x08\xb5B`\x06\xc8\xf8\xe3>\x06\xcc\xce\xd1\x88\x96\xf0\xf8\xbc********************\xec&\xdf\x94B\xc5\xd4\xa0\xa0\xccSH\xc9`\x11[C\xda\x08\xc7\xae\xf6\xbeNL\xcc_\x13l\xa8\x92\xa6V\xe8\x1f\x17\x1b\xccU\xa6\xff\x83E\xe6\x92\xc0\xf8n[H\xe0\x1b\x99l\xad\xc0\x01b/\xb5\xe3c\xb4!\0\0\0\0\0\0\0\0\0\0\0\0\0\0\0\0\0\0\0\0\0\0\0\0\0\0\0\0\0\0\0\0\0\0\0\0\0\0\0\0\0\0\0\0\0\0\0\0\0\0\0\0\0\0\0\0\0\0\0\0\0\0\0\0\0\0\0\0\0\0\0\0\0\0\0\0\0\0\0\0\0\0\0\0\0\0\0\0\0\0\0\0\0\0\0\0\0\0\0\0\0\0\0\0\0\0\0\0\0\0\0\0\0\0\0\0\0\0\0\0\0\0\0\0\0\0\0\0\0\0\0\0\0\0\0\0\0\0\0\0\0\0\0\0\0\0\0\0\0\0\0\0\0\0\0\0\0\0\0\0\0\0\0\0\0\0\0\0\0\0\0\0\0\0\0\0\0\0\0\0\0\0\0\0\0\0\0\0\0\0\0\0\0\0\0\0\0\0\0\0\0\0\0\0\0\0\0\0\0\0\0\0\0\0\0\0\0\0\0\0\0\0\0\0\0\0\0\0\0\0\0\0\0\0\0\0\0\0\0\0\0\0\0\0\0\0\0\0\0\0\0\0\0\0\0\0\0\0\0\0\0\0\0\0\0\0\0\0\0\0\0\0\0\0\0\0\0\0\0\0\0\0\0\0\0\0\0\06\0\0\0\0\0\0\0\xa8\x89\xe2\x01\0\0\0\0\0\0\0\0\0\0\0\09/\xach\0\0\0\0\x10\x02\0\0WE\x0b\0\0\0\0\0\0\0\0\0\0\0\0\0\0\0\0\0\0\0\0\0\0\0\0\0\0\0\0\0&Bl\xc0-\xfb\xa6mFXN\x04*\xba\xea\xfe\xcd@\x93\x14\xcd\xb4\xff`!]b\xbe2\xe9n\xf2!\x02\0\0!\x02\0\0\0\0\0\0\0\0\0\0\0\0\0\0\0\0\0\0reth/v1.4.1/linux" }, validity: Valid }
2025-08-25T09:38:17.447361Z DEBUG node{moniker=app-2}:wal{height=54}: Wrote log entry type=Consensus(Proposal) entry.size=668 
2025-08-25T09:38:17.447422Z DEBUG node{moniker=app-2}:consensus{height=54 round=0}: No full proposal for this round yet, stored proposal for later proposal.height=54 proposal.round=0
2025-08-25T09:38:17.447447Z DEBUG node{moniker=app-2}:consensus{height=54 round=0}: We have a full proposal for this round, checking... proposal.height=54 proposal.round=0
2025-08-25T09:38:17.447459Z DEBUG node{moniker=app-2}:consensus{height=54 round=0}: Transitioned to new step step.previous=Propose step.new=Prevote
2025-08-25T09:38:17.454855Z  INFO node{moniker=app-2}:consensus{height=54 round=0}: Received vote height=54 vote_height=54 address=815F9FA61D7C4F1E4A9E30D40DCA1115BB48F759 Precommit(height: 54, round: 0, value: edcb6fa2cb55c85b, from: 815F9FA61D7C4F1E4A9E30D40DCA1115BB48F759)
2025-08-25T09:38:17.455365Z DEBUG node{moniker=app-2}:wal{height=54}: Wrote log entry type=Consensus(Vote) entry.size=120 
2025-08-25T09:38:17.455873Z  INFO node{moniker=app-2}:consensus{height=54 round=0}: Received vote height=54 vote_height=54 address=815F9FA61D7C4F1E4A9E30D40DCA1115BB48F759 Prevote(height: 54, round: 0, value: edcb6fa2cb55c85b, from: 815F9FA61D7C4F1E4A9E30D40DCA1115BB48F759)
2025-08-25T09:38:17.455971Z DEBUG node{moniker=app-2}:wal{height=54}: Wrote log entry type=Consensus(Vote) entry.size=118 
2025-08-25T09:38:17.456154Z DEBUG node{moniker=app-2}:consensus{height=54 round=0}: Transitioned to new step step.previous=Prevote step.new=Precommit
2025-08-25T09:38:17.461200Z  INFO node{moniker=app-2}:consensus{height=54 round=0}: Received vote height=54 vote_height=54 address=DE7BA2BE72D2225286133990FF5810B691A5261C Precommit(height: 54, round: 0, value: edcb6fa2cb55c85b, from: DE7BA2BE72D2225286133990FF5810B691A5261C)
2025-08-25T09:38:17.461360Z DEBUG node{moniker=app-2}:wal{height=54}: Wrote log entry type=Consensus(Vote) entry.size=120 
2025-08-25T09:38:17.461527Z DEBUG node{moniker=app-2}:consensus{height=54 round=0}: Transitioned to new step step.previous=Precommit step.new=Commit
2025-08-25T09:38:17.461540Z  INFO node{moniker=app-2}:consensus{height=54 round=0}: Decided round=0 height=54 value=edcb6fa2cb55c85b
2025-08-25T09:38:17.465477Z DEBUG node{moniker=app-2}:wal{height=54}: Flushed WAL to disk wal.entries=5 wal.size=1221
2025-08-25T09:38:17.465607Z DEBUG node{moniker=app-2}:sync{height.tip=53 height.sync=54}: Updating request state height.tip=54
2025-08-25T09:38:17.465628Z DEBUG node{moniker=app-2}:node{moniker=app-2}: metis-test:consensus-chan recv!!! msg:Decided { certificate: CommitCertificate { height: Height(54), round: Some(0), value_id: ValueId(17134911952247965787), commit_signatures: [CommitSignature { address: Address(815F9FA61D7C4F1E4A9E30D40DCA1115BB48F759), signature: Signature(Signature { R_bytes: "3f683871893ba8ef9736db73b8adb89e1c36442e09c9aa161d876e024297ad6b", s_bytes: "ff32d6b5590f8f40cd67052d6c66dc5e6bae86eeef010fe6c44b3d2962576305" }) }, CommitSignature { address: Address(DE7BA2BE72D2225286133990FF5810B691A5261C), signature: Signature(Signature { R_bytes: "99dadf76cb08a91b808e972e7c149cfc30ec2e1b697a1fb2a8fdaca3f034010e", s_bytes: "8783a4cf517a2723d8af825c4cab137c13fcae430658adbf3a13ecb29d59b90b" }) }] }, extensions: VoteExtensions { extensions: [] }, reply: Sender { inner: Some(Inner { state: State { is_complete: false, is_closed: false, is_rx_task_set: true, is_tx_task_set: false } }) } }
2025-08-25T09:38:17.465660Z  INFO node{moniker=app-2}:node{moniker=app-2}: 🟢🟢 Consensus has decided on value height=54 round=0 value=edcb6fa2cb55c85b
2025-08-25T09:38:17.465760Z DEBUG node{moniker=app-2}:node{moniker=app-2}: 🎁 block size: 545, height: 54
2025-08-25T09:38:17.465778Z  INFO node{moniker=app-2}:node{moniker=app-2}: 👉 stats at height 54: #txs=0, txs/s=0.00, chain_bytes=29430, bytes/s=2844.16
2025-08-25T09:38:17.465787Z DEBUG node{moniker=app-2}:node{moniker=app-2}: 🦄 Block at height 54 contains 0 transactions
2025-08-25T09:38:17.477647Z DEBUG node{moniker=app-2}:node{moniker=app-2}: 💡 New block added at height 54 with hash: 0x26426cc02dfba66d46584e042abaeafecd409314cdb4ff60215d62be32e96ef2
2025-08-25T09:38:17.477666Z DEBUG node{moniker=app-2}:node{moniker=app-2}: 🟠 set_latest_forkchoice_state: 0x26426cc02dfba66d46584e042abaeafecd409314cdb4ff60215d62be32e96ef2
2025-08-25T09:38:17.479429Z DEBUG node{moniker=app-2}:node{moniker=app-2}: ➡️ payload_status: PayloadStatus { status: Valid, latest_valid_hash: Some(0x26426cc02dfba66d46584e042abaeafecd409314cdb4ff60215d62be32e96ef2) }
2025-08-25T09:38:17.479442Z DEBUG node{moniker=app-2}:node{moniker=app-2}: 🚀 Forkchoice updated to height 54 for block hash=0x26426cc02dfba66d46584e042abaeafecd409314cdb4ff60215d62be32e96ef2 and latest_valid_hash=0x26426cc02dfba66d46584e042abaeafecd409314cdb4ff60215d62be32e96ef2
2025-08-25T09:38:17.479445Z  INFO node{moniker=app-2}:node{moniker=app-2}: Looking for certificate height=54 round=0
2025-08-25T09:38:17.489473Z  INFO node{moniker=app-2}:node{moniker=app-2}: Committed block_data[0..32]: 2682145edec0ad380de62d5f996c08b5426006c8f8e33e06ccced18896f0f8bc
2025-08-25T09:38:17.510029Z DEBUG node{moniker=app-2}:wal{height=55}: Reset WAL height=55
2025-08-25T09:38:17.510116Z DEBUG node{moniker=app-2}:consensus{height=55 round=0}: No WAL entries to replay height=55
2025-08-25T09:38:17.510160Z  INFO node{moniker=app-2}:consensus{height=55 round=0}: Starting new height height=55
2025-08-25T09:38:17.510168Z  INFO node{moniker=app-2}:consensus{height=55 round=0}: Starting new round height=55 round=0 proposer=DE7BA2BE72D2225286133990FF5810B691A5261C role=Validator
2025-08-25T09:38:17.510204Z DEBUG node{moniker=app-2}:sync{height.tip=53 height.sync=54}: Starting new height height.tip=54 height.sync=55 restart=false
2025-08-25T09:38:17.510213Z DEBUG node{moniker=app-2}:sync{height.tip=53 height.sync=54}: No peer to request sync from height.sync=55
2025-08-25T09:38:17.513393Z DEBUG node{moniker=app-2}:wal{height=55}: Flushed WAL to disk wal.entries=0 wal.size=12
2025-08-25T09:38:17.513655Z DEBUG node{moniker=app-2}:node{moniker=app-2}: metis-test:consensus-chan recv!!! msg:StartedRound { height: Height(55), round: Some(0), proposer: Address(DE7BA2BE72D2225286133990FF5810B691A5261C), role: Validator, reply_value: Sender { inner: Some(Inner { state: State { is_complete: false, is_closed: false, is_rx_task_set: false, is_tx_task_set: false } }) } }
2025-08-25T09:38:17.513673Z  INFO node{moniker=app-2}:node{moniker=app-2}: 🟢🟢 Started round height=55 round=0 proposer=DE7BA2BE72D2225286133990FF5810B691A5261C role=Validator
2025-08-25T09:38:17.513686Z ERROR node{moniker=app-2}:consensus{height=55 round=0}: Error when processing effect: Messaging(RecvErr)
2025-08-25T09:38:17.513703Z DEBUG node{moniker=app-2}:consensus{height=55 round=0}: Transitioned to new step step.previous=Unstarted step.new=Propose
2025-08-25T09:38:17.513708Z  INFO node{moniker=app-2}:consensus{height=55 round=0}: Scheduling timeout round=0 step=Propose
2025-08-25T09:38:17.513717Z DEBUG node{moniker=app-2}:consensus{height=55 round=0}: Replaying inputs count=0
2025-08-25T09:38:17.528019Z DEBUG node{moniker=app-2}:node{moniker=app-2}: metis-test:consensus-chan recv!!! msg:ReceivedProposalPart { from: PeerId("12D3KooWEFmACkQS9HNWY86xGVM3LS7fRpQ8saTb5VdfdYCzuUvE"), part: StreamMessage { stream_id: StreamId(b"\0\0\0\0\0\0\07\0\0\0\0\0\0\0\x12"), sequence: 0, content: Data(Init(ProposalInit { height: Height(55), round: Some(0), proposer: Address(DE7BA2BE72D2225286133990FF5810B691A5261C) })) }, reply: Sender { inner: Some(Inner { state: State { is_complete: false, is_closed: false, is_rx_task_set: true, is_tx_task_set: false } }) } }
2025-08-25T09:38:17.528074Z  INFO node{moniker=app-2}:node{moniker=app-2}: Received proposal part from=12D3KooWEFmACkQS9HNWY86xGVM3LS7fRpQ8saTb5VdfdYCzuUvE part.sequence=0 part.type=init part.size=28
2025-08-25T09:38:17.529739Z DEBUG node{moniker=app-2}:node{moniker=app-2}: metis-test:consensus-chan recv!!! msg:ReceivedProposalPart { from: PeerId("12D3KooWEFmACkQS9HNWY86xGVM3LS7fRpQ8saTb5VdfdYCzuUvE"), part: StreamMessage { stream_id: StreamId(b"\0\0\0\0\0\0\07\0\0\0\0\0\0\0\x12"), sequence: 1, content: Data(Data(ProposalData { bytes: "<...>", len: 545 })) }, reply: Sender { inner: Some(Inner { state: State { is_complete: false, is_closed: false, is_rx_task_set: true, is_tx_task_set: false } }) } }
2025-08-25T09:38:17.529774Z  INFO node{moniker=app-2}:node{moniker=app-2}: Received proposal part from=12D3KooWEFmACkQS9HNWY86xGVM3LS7fRpQ8saTb5VdfdYCzuUvE part.sequence=1 part.type=data part.size=551
2025-08-25T09:38:17.529809Z DEBUG node{moniker=app-2}:node{moniker=app-2}: metis-test:consensus-chan recv!!! msg:ReceivedProposalPart { from: PeerId("12D3KooWEFmACkQS9HNWY86xGVM3LS7fRpQ8saTb5VdfdYCzuUvE"), part: StreamMessage { stream_id: StreamId(b"\0\0\0\0\0\0\07\0\0\0\0\0\0\0\x12"), sequence: 2, content: Data(Fin(ProposalFin { signature: Signature(Signature { R_bytes: "e2f0e4afa01f2fe1a479e931876b24e3d7da9964f307c5af340579f36a2c70fe", s_bytes: "9bbde0512ab600386801be35b935f41a3bc80c0fa28d8149178e78ed93cd690f" }) })) }, reply: Sender { inner: Some(Inner { state: State { is_complete: false, is_closed: false, is_rx_task_set: true, is_tx_task_set: false } }) } }
2025-08-25T09:38:17.529835Z  INFO node{moniker=app-2}:node{moniker=app-2}: Received proposal part from=12D3KooWEFmACkQS9HNWY86xGVM3LS7fRpQ8saTb5VdfdYCzuUvE part.sequence=2 part.type=fin part.size=70
2025-08-25T09:38:17.531240Z DEBUG node{moniker=app-2}:node{moniker=app-2}: metis-test:consensus-chan recv!!! msg:ReceivedProposalPart { from: PeerId("12D3KooWEFmACkQS9HNWY86xGVM3LS7fRpQ8saTb5VdfdYCzuUvE"), part: StreamMessage { stream_id: StreamId(b"\0\0\0\0\0\0\07\0\0\0\0\0\0\0\x12"), sequence: 3, content: Fin }, reply: Sender { inner: Some(Inner { state: State { is_complete: false, is_closed: false, is_rx_task_set: true, is_tx_task_set: false } }) } }
2025-08-25T09:38:17.531267Z  INFO node{moniker=app-2}:node{moniker=app-2}: Received proposal part from=12D3KooWEFmACkQS9HNWY86xGVM3LS7fRpQ8saTb5VdfdYCzuUvE part.sequence=3 part.type=end of stream part.size=0
2025-08-25T09:38:17.531601Z  INFO node{moniker=app-2}:node{moniker=app-2}: Proposal data[0..32]: 26426cc02dfba66d46584e042abaeafecd409314cdb4ff60215d62be32e96ef2, total_size: 545 bytes, id: acb99348f554e1bc
2025-08-25T09:38:17.535208Z  INFO node{moniker=app-2}:consensus{height=55 round=0}: Received vote height=55 vote_height=55 address=DE7BA2BE72D2225286133990FF5810B691A5261C Prevote(height: 55, round: 0, value: acb99348f554e1bc, from: DE7BA2BE72D2225286133990FF5810B691A5261C)
2025-08-25T09:38:17.536315Z DEBUG node{moniker=app-2}:wal{height=55}: Wrote log entry type=Consensus(Vote) entry.size=118 
2025-08-25T09:38:17.537484Z  INFO node{moniker=app-2}:consensus{height=55 round=0}: Received proposal consensus.height=55 proposal.height=55 proposal.round=0 proposer=DE7BA2BE72D2225286133990FF5810B691A5261C Proposal(height: 55, round: 0, pol_round: -1, value: acb99348f554e1bc, from: DE7BA2BE72D2225286133990FF5810B691A5261C)
2025-08-25T09:38:17.539688Z DEBUG node{moniker=app-2}:wal{height=55}: Wrote log entry type=Consensus(Proposal) entry.size=668 
2025-08-25T09:38:17.539734Z DEBUG node{moniker=app-2}:consensus{height=55 round=0}: No full proposal for this round yet, stored proposal for later proposal.height=55 proposal.round=0
2025-08-25T09:38:17.540795Z DEBUG node{moniker=app-2}:node{moniker=app-2}: ✅ Received complete proposal: ProposedValue { height: Height(55), round: Some(0), valid_round: Nil, proposer: Address(DE7BA2BE72D2225286133990FF5810B691A5261C), value: Value { value: 12446140986777985468, extensions: b"&Bl\xc0-\xfb\xa6mFXN\x04*\xba\xea\xfe\xcd@\x93\x14\xcd\xb4\xff`!]b\xbe2\xe9n\xf2********************\xec&\xdf\x94B\xc5\xd4\xa0\xa0\xccSH\xc9`\x11[C\xda\x08\xc7\xae\xf6\xbeNL\xcc_\x13l\xa8\x92\xa6V\xe8\x1f\x17\x1b\xccU\xa6\xff\x83E\xe6\x92\xc0\xf8n[H\xe0\x1b\x99l\xad\xc0\x01b/\xb5\xe3c\xb4!\0\0\0\0\0\0\0\0\0\0\0\0\0\0\0\0\0\0\0\0\0\0\0\0\0\0\0\0\0\0\0\0\0\0\0\0\0\0\0\0\0\0\0\0\0\0\0\0\0\0\0\0\0\0\0\0\0\0\0\0\0\0\0\0\0\0\0\0\0\0\0\0\0\0\0\0\0\0\0\0\0\0\0\0\0\0\0\0\0\0\0\0\0\0\0\0\0\0\0\0\0\0\0\0\0\0\0\0\0\0\0\0\0\0\0\0\0\0\0\0\0\0\0\0\0\0\0\0\0\0\0\0\0\0\0\0\0\0\0\0\0\0\0\0\0\0\0\0\0\0\0\0\0\0\0\0\0\0\0\0\0\0\0\0\0\0\0\0\0\0\0\0\0\0\0\0\0\0\0\0\0\0\0\0\0\0\0\0\0\0\0\0\0\0\0\0\0\0\0\0\0\0\0\0\0\0\0\0\0\0\0\0\0\0\0\0\0\0\0\0\0\0\0\0\0\0\0\0\0\0\0\0\0\0\0\0\0\0\0\0\0\0\0\0\0\0\0\0\0\0\0\0\0\0\0\0\0\0\0\0\0\0\0\0\0\0\0\0\0\0\0\0\0\0\0\0\0\0\0\0\0\0\0\0\0\0\0\07\0\0\0\0\0\0\0I\x02\xe3\x01\0\0\0\0\0\0\0\0\0\0\0\0:/\xach\0\0\0\0\x10\x02\0\0\xad\xdc\t\0\0\0\0\0\0\0\0\0\0\0\0\0\0\0\0\0\0\0\0\0\0\0\0\0\0\0\0\0\x8d\xe9\xfb\x83\xbeR\xbcE\x07\xef5\xdd\xae\\\x85Y;x\xa9%\xde\xfb\xf0\x1b\xf2\xbcX[\t\xcb\xd6\xd4!\x02\0\0!\x02\0\0\0\0\0\0\0\0\0\0\0\0\0\0\0\0\0\0reth/v1.4.1/linux" }, validity: Valid }
2025-08-25T09:38:17.540905Z DEBUG node{moniker=app-2}:consensus{height=55 round=0}: We have a full proposal for this round, checking... proposal.height=55 proposal.round=0
2025-08-25T09:38:17.540925Z DEBUG node{moniker=app-2}:consensus{height=55 round=0}: Transitioned to new step step.previous=Propose step.new=Prevote
2025-08-25T09:38:17.540938Z  INFO node{moniker=app-2}:consensus{height=55 round=0}: Voting vote_type=Prevote value=acb99348f554e1bc round=0
2025-08-25T09:38:17.541220Z  INFO node{moniker=app-2}:consensus{height=55 round=0}: Received vote height=55 vote_height=55 address=02CB1B49DA09615BD4A12212C39378556D990DFD Prevote(height: 55, round: 0, value: acb99348f554e1bc, from: 02CB1B49DA09615BD4A12212C39378556D990DFD)
2025-08-25T09:38:17.541331Z DEBUG node{moniker=app-2}:wal{height=55}: Wrote log entry type=Consensus(Vote) entry.size=118 
2025-08-25T09:38:17.541377Z DEBUG node{moniker=app-2}:consensus{height=55 round=0}: Transitioned to new step step.previous=Prevote step.new=Precommit
2025-08-25T09:38:17.541384Z  INFO node{moniker=app-2}:consensus{height=55 round=0}: Voting vote_type=Precommit value=acb99348f554e1bc round=0
2025-08-25T09:38:17.541400Z DEBUG node{moniker=app-2}:node{moniker=app-2}: metis-test:consensus-chan recv!!! msg:ExtendVote { height: Height(55), round: Some(0), value_id: ValueId(12446140986777985468), reply: Sender { inner: Some(Inner { state: State { is_complete: false, is_closed: false, is_rx_task_set: true, is_tx_task_set: false } }) } }
2025-08-25T09:38:17.541678Z  INFO node{moniker=app-2}:consensus{height=55 round=0}: Received vote height=55 vote_height=55 address=02CB1B49DA09615BD4A12212C39378556D990DFD Precommit(height: 55, round: 0, value: acb99348f554e1bc, from: 02CB1B49DA09615BD4A12212C39378556D990DFD)
2025-08-25T09:38:17.541773Z DEBUG node{moniker=app-2}:wal{height=55}: Wrote log entry type=Consensus(Vote) entry.size=120 
2025-08-25T09:38:17.544289Z DEBUG node{moniker=app-2}:wal{height=55}: Flushed WAL to disk wal.entries=4 wal.size=1088
2025-08-25T09:38:17.544512Z DEBUG node{moniker=app-2}:network: Published message channel=/consensus size=111
2025-08-25T09:38:17.545807Z DEBUG node{moniker=app-2}:wal{height=55}: Flushed WAL to disk wal.entries=4 wal.size=1088
2025-08-25T09:38:17.546150Z DEBUG node{moniker=app-2}:network: Published message channel=/consensus size=109
2025-08-25T09:38:17.552975Z  INFO node{moniker=app-2}:consensus{height=55 round=0}: Received vote height=55 vote_height=55 address=DE7BA2BE72D2225286133990FF5810B691A5261C Precommit(height: 55, round: 0, value: acb99348f554e1bc, from: DE7BA2BE72D2225286133990FF5810B691A5261C)
2025-08-25T09:38:17.553222Z DEBUG node{moniker=app-2}:wal{height=55}: Wrote log entry type=Consensus(Vote) entry.size=120 
2025-08-25T09:38:17.553300Z DEBUG node{moniker=app-2}:consensus{height=55 round=0}: Transitioned to new step step.previous=Precommit step.new=Commit
2025-08-25T09:38:17.553309Z  INFO node{moniker=app-2}:consensus{height=55 round=0}: Decided round=0 height=55 value=acb99348f554e1bc
2025-08-25T09:38:17.558282Z DEBUG node{moniker=app-2}:wal{height=55}: Flushed WAL to disk wal.entries=5 wal.size=1221
2025-08-25T09:38:17.558518Z DEBUG node{moniker=app-2}:sync{height.tip=54 height.sync=55}: Updating request state height.tip=55
2025-08-25T09:38:17.558535Z DEBUG node{moniker=app-2}:node{moniker=app-2}: metis-test:consensus-chan recv!!! msg:Decided { certificate: CommitCertificate { height: Height(55), round: Some(0), value_id: ValueId(12446140986777985468), commit_signatures: [CommitSignature { address: Address(02CB1B49DA09615BD4A12212C39378556D990DFD), signature: Signature(Signature { R_bytes: "8c51f641891d6a7ff090d2685b1fa690ec5c43bbebbcd970c219a7da43be7f05", s_bytes: "2da1303a3d5e4a8886ff66a496e313499cc58f762fce9f8dd36e45557120e704" }) }, CommitSignature { address: Address(DE7BA2BE72D2225286133990FF5810B691A5261C), signature: Signature(Signature { R_bytes: "5961cc69ea1910cdae01cd93159e49b3b2748409f15a3bdc5174614ab76501aa", s_bytes: "b83e187375e738118de9be2f98a4c4646c5ebb84770abcd9e50127d1cdb30600" }) }] }, extensions: VoteExtensions { extensions: [] }, reply: Sender { inner: Some(Inner { state: State { is_complete: false, is_closed: false, is_rx_task_set: true, is_tx_task_set: false } }) } }
2025-08-25T09:38:17.558731Z  INFO node{moniker=app-2}:node{moniker=app-2}: 🟢🟢 Consensus has decided on value height=55 round=0 value=acb99348f554e1bc
2025-08-25T09:38:17.559207Z DEBUG node{moniker=app-2}:node{moniker=app-2}: 🎁 block size: 545, height: 55
2025-08-25T09:38:17.559221Z  INFO node{moniker=app-2}:node{moniker=app-2}: 👉 stats at height 55: #txs=0, txs/s=0.00, chain_bytes=29975, bytes/s=2870.90
2025-08-25T09:38:17.559226Z DEBUG node{moniker=app-2}:node{moniker=app-2}: 🦄 Block at height 55 contains 0 transactions
2025-08-25T09:38:17.559927Z DEBUG node{moniker=app-2}:node{moniker=app-2}: 💡 New block added at height 55 with hash: 0x8de9fb83be52bc4507ef35ddae5c85593b78a925defbf01bf2bc585b09cbd6d4
2025-08-25T09:38:17.559934Z DEBUG node{moniker=app-2}:node{moniker=app-2}: 🟠 set_latest_forkchoice_state: 0x8de9fb83be52bc4507ef35ddae5c85593b78a925defbf01bf2bc585b09cbd6d4
2025-08-25T09:38:17.560494Z DEBUG node{moniker=app-2}:node{moniker=app-2}: ➡️ payload_status: PayloadStatus { status: Valid, latest_valid_hash: Some(0x8de9fb83be52bc4507ef35ddae5c85593b78a925defbf01bf2bc585b09cbd6d4) }
2025-08-25T09:38:17.560502Z DEBUG node{moniker=app-2}:node{moniker=app-2}: 🚀 Forkchoice updated to height 55 for block hash=0x8de9fb83be52bc4507ef35ddae5c85593b78a925defbf01bf2bc585b09cbd6d4 and latest_valid_hash=0x8de9fb83be52bc4507ef35ddae5c85593b78a925defbf01bf2bc585b09cbd6d4
2025-08-25T09:38:17.560504Z  INFO node{moniker=app-2}:node{moniker=app-2}: Looking for certificate height=55 round=0
2025-08-25T09:38:17.565972Z  INFO node{moniker=app-2}:node{moniker=app-2}: Committed block_data[0..32]: 26426cc02dfba66d46584e042abaeafecd409314cdb4ff60215d62be32e96ef2
2025-08-25T09:38:17.573740Z  INFO Received SIGTERM, initiating shutdown
2025-08-25T09:38:17.580775Z  INFO node{moniker=app-2}:node{moniker=app-2}: Received shutdown signal, exiting run loop
2025-08-25T09:38:17.759397Z ERROR node{moniker=app-2}:node{moniker=app-2}: Application error e=Consensus channel closed unexpectedly
2025-08-25T09:38:17.801837Z DEBUG node{moniker=app-2}:wal{height=56}: Reset WAL height=56
