2025-08-25T09:38:06.993295Z  INFO Loaded configuration file=nodes/1/config/config.toml
2025-08-25T09:38:06.997717Z  INFO node{moniker=app-1}: Discovery is disabled
2025-08-25T09:38:06.997873Z  INFO node{moniker=app-1}:network: Starting network service peer_id=12D3KooWEFmACkQS9HNWY86xGVM3LS7fRpQ8saTb5VdfdYCzuUvE
2025-08-25T09:38:07.003675Z  INFO node{moniker=app-1}:wal.pre_start: Opened WAL at nodes/1/wal/consensus.wal
2025-08-25T09:38:07.003941Z  INFO node{moniker=app-1}:consensus: Consensus is starting
2025-08-25T09:38:07.046590Z DEBUG node{moniker=app-1}:network: Node is listening address=/ip4/127.0.0.1/tcp/27001
2025-08-25T09:38:07.046642Z DEBUG node{moniker=app-1}:network: Dialing peer None at [/ip4/127.0.0.1/tcp/27000], retry #0 connection_id=1
2025-08-25T09:38:07.046729Z DEBUG node{moniker=app-1}:network: Dialing peer None at [/ip4/127.0.0.1/tcp/27002], retry #0 connection_id=2
2025-08-25T09:38:07.046921Z  INFO node{moniker=app-1}:consensus{height=1 round=-1}: Consensus has started
2025-08-25T09:38:07.046972Z  INFO node{moniker=app-1}:node: Actor has started actor=0.0
2025-08-25T09:38:07.046984Z  INFO node{moniker=app-1}:node: Actor has started actor=0.1
2025-08-25T09:38:07.046985Z  INFO node{moniker=app-1}:node: Actor has started actor=0.2
2025-08-25T09:38:07.046987Z  INFO node{moniker=app-1}:node: Actor has started actor=0.3
2025-08-25T09:38:07.046988Z  INFO node{moniker=app-1}:node: Actor has started actor=0.4
2025-08-25T09:38:07.047147Z  INFO metrics: Serving metrics address=127.0.0.1:29001
2025-08-25T09:38:07.047314Z  INFO node{moniker=app-1}:consensus{height=1 round=-1}: Listening address=/ip4/127.0.0.1/tcp/27001
2025-08-25T09:38:07.047316Z  INFO node{moniker=app-1}:consensus{height=1 round=-1}: Phase transition prev=Unstarted new=Ready
2025-08-25T09:38:07.047362Z DEBUG node{moniker=app-1}:node{moniker=app-1}: metis-test:consensus-chan recv!!! msg:ConsensusReady { reply: Sender { inner: Some(Inner { state: State { is_complete: false, is_closed: false, is_rx_task_set: true, is_tx_task_set: false } }) } }
2025-08-25T09:38:07.047375Z  INFO node{moniker=app-1}:node{moniker=app-1}: 🟢🟢 Consensus is ready
2025-08-25T09:38:07.047771Z ERROR node{moniker=app-1}:network: Error dialing peer: Failed to negotiate transport protocol(s): [(/ip4/127.0.0.1/tcp/27000: : Multiple dial errors occurred:
 - Connection refused (os error 61): Multiple dial errors occurred:
 - Connection refused (os error 61): Connection refused (os error 61))]
2025-08-25T09:38:07.047798Z ERROR node{moniker=app-1}:network: Error dialing peer: Failed to negotiate transport protocol(s): [(/ip4/127.0.0.1/tcp/27002: : Multiple dial errors occurred:
 - Connection refused (os error 61): Multiple dial errors occurred:
 - Connection refused (os error 61): Connection refused (os error 61))]
2025-08-25T09:38:07.101743Z DEBUG node{moniker=app-1}:node{moniker=app-1}: response body: JsonResponseBody { jsonrpc: "2.0", error: None, result: Object {"baseFeePerGas": String("0x3b9aca00"), "blobGasUsed": String("0x0"), "difficulty": String("0x0"), "excessBlobGas": String("0x0"), "extraData": String("0x"), "gasLimit": String("0x1c9c380"), "gasUsed": String("0x0"), "hash": String("0x16714171b9a786fa46efc48453759d3045421b81ff348df76ec07425c8f3784c"), "logsBloom": String("0x00000000000000000000000000000000000000000000000000000000000000000000000000000000000000000000000000000000000000000000000000000000000000000000000000000000000000000000000000000000000000000000000000000000000000000000000000000000000000000000000000000000000000000000000000000000000000000000000000000000000000000000000000000000000000000000000000000000000000000000000000000000000000000000000000000000000000000000000000000000000000000000000000000000000000000000000000000000000000000000000000000000000000000000000000000000"), "miner": String("0x0000000000000000000000000000000000000000"), "mixHash": String("0x0000000000000000000000000000000000000000000000000000000000000000"), "nonce": String("0x0000000000000000"), "number": String("0x0"), "parentBeaconBlockRoot": String("0x0000000000000000000000000000000000000000000000000000000000000000"), "parentHash": String("0x0000000000000000000000000000000000000000000000000000000000000000"), "receiptsRoot": String("0x56e81f171bcc55a6ff8345e692c0f86e5b48e01b996cadc001622fb5e363b421"), "sha3Uncles": String("0x1dcc4de8dec75d7aab85b567b6ccd41ad312451b948a7413f0a142fd40d49347"), "size": String("0x247"), "stateRoot": String("0xec26df9442c5d4a0a0cc5348c960115b43da08c7aef6be4e4ccc5f136ca892a6"), "timestamp": String("0x65f23e00"), "transactions": Array [], "transactionsRoot": String("0x56e81f171bcc55a6ff8345e692c0f86e5b48e01b996cadc001622fb5e363b421"), "uncles": Array [], "withdrawals": Array [], "withdrawalsRoot": String("0x56e81f171bcc55a6ff8345e692c0f86e5b48e01b996cadc001622fb5e363b421")}, id: Number(1) }
2025-08-25T09:38:07.101782Z DEBUG node{moniker=app-1}:node{moniker=app-1}: 👉 latest_block: ExecutionBlock { block_hash: 0x16714171b9a786fa46efc48453759d3045421b81ff348df76ec07425c8f3784c, block_number: 0, parent_hash: 0x0000000000000000000000000000000000000000000000000000000000000000, timestamp: 1710374400, prev_randao: 0x0000000000000000000000000000000000000000000000000000000000000000 }
2025-08-25T09:38:07.106408Z DEBUG node{moniker=app-1}:wal{height=1}: Reset WAL height=1
2025-08-25T09:38:07.106459Z DEBUG node{moniker=app-1}:consensus{height=1 round=0}: No WAL entries to replay height=1
2025-08-25T09:38:07.106523Z  INFO node{moniker=app-1}:consensus{height=1 round=0}: Starting new height height=1
2025-08-25T09:38:07.106536Z  INFO node{moniker=app-1}:consensus{height=1 round=0}: Starting new round height=1 round=0 proposer=DE7BA2BE72D2225286133990FF5810B691A5261C role=Proposer
2025-08-25T09:38:07.106897Z DEBUG node{moniker=app-1}:sync{height.tip=0 height.sync=0}: Starting new height height.tip=0 height.sync=1 restart=false
2025-08-25T09:38:07.106903Z DEBUG node{moniker=app-1}:sync{height.tip=0 height.sync=0}: No peer to request sync from height.sync=1
2025-08-25T09:38:07.112119Z DEBUG node{moniker=app-1}:wal{height=1}: Flushed WAL to disk wal.entries=0 wal.size=12
2025-08-25T09:38:07.112163Z DEBUG node{moniker=app-1}:node{moniker=app-1}: metis-test:consensus-chan recv!!! msg:StartedRound { height: Height(1), round: Some(0), proposer: Address(DE7BA2BE72D2225286133990FF5810B691A5261C), role: Proposer, reply_value: Sender { inner: Some(Inner { state: State { is_complete: false, is_closed: false, is_rx_task_set: false, is_tx_task_set: false } }) } }
2025-08-25T09:38:07.112182Z  INFO node{moniker=app-1}:node{moniker=app-1}: 🟢🟢 Started round height=1 round=0 proposer=DE7BA2BE72D2225286133990FF5810B691A5261C role=Proposer
2025-08-25T09:38:07.112200Z ERROR node{moniker=app-1}:consensus{height=1 round=0}: Error when processing effect: Messaging(RecvErr)
2025-08-25T09:38:07.112211Z DEBUG node{moniker=app-1}:consensus{height=1 round=0}: Transitioned to new step step.previous=Unstarted step.new=Propose
2025-08-25T09:38:07.112234Z  INFO node{moniker=app-1}:consensus{height=1 round=0}: Scheduling timeout round=0 step=Propose
2025-08-25T09:38:07.112247Z  INFO node{moniker=app-1}:consensus{height=1 round=0}: Requesting value from application height=1 round=0
2025-08-25T09:38:07.112262Z DEBUG node{moniker=app-1}:consensus{height=1 round=0}: Replaying inputs count=0
2025-08-25T09:38:07.112265Z  INFO node{moniker=app-1}:consensus{height=1 round=0}: Phase transition prev=Ready new=Running
2025-08-25T09:38:07.112275Z DEBUG node{moniker=app-1}:node{moniker=app-1}: metis-test:consensus-chan recv!!! msg:GetValue { height: Height(1), round: Some(0), timeout: 3s, reply: Sender { inner: Some(Inner { state: State { is_complete: false, is_closed: false, is_rx_task_set: true, is_tx_task_set: false } }) } }
2025-08-25T09:38:07.112278Z  INFO node{moniker=app-1}:node{moniker=app-1}: 🟢🟢 Consensus is requesting a value to propose height=1 round=0
2025-08-25T09:38:07.112280Z DEBUG node{moniker=app-1}:node{moniker=app-1}: 🟠 generate_block on top of ExecutionBlock { block_hash: 0x16714171b9a786fa46efc48453759d3045421b81ff348df76ec07425c8f3784c, block_number: 0, parent_hash: 0x0000000000000000000000000000000000000000000000000000000000000000, timestamp: 1710374400, prev_randao: 0x0000000000000000000000000000000000000000000000000000000000000000 }
2025-08-25T09:38:07.134675Z DEBUG node{moniker=app-1}:node{moniker=app-1}: 🌈 Got execution payload: ExecutionPayloadV3 { payload_inner: ExecutionPayloadV2 { payload_inner: ExecutionPayloadV1 { parent_hash: 0x16714171b9a786fa46efc48453759d3045421b81ff348df76ec07425c8f3784c, fee_recipient: 0x2a2a2a2a2a2a2a2a2a2a2a2a2a2a2a2a2a2a2a2a, state_root: 0xec26df9442c5d4a0a0cc5348c960115b43da08c7aef6be4e4ccc5f136ca892a6, receipts_root: 0x56e81f171bcc55a6ff8345e692c0f86e5b48e01b996cadc001622fb5e363b421, logs_bloom: 0x00000000000000000000000000000000000000000000000000000000000000000000000000000000000000000000000000000000000000000000000000000000000000000000000000000000000000000000000000000000000000000000000000000000000000000000000000000000000000000000000000000000000000000000000000000000000000000000000000000000000000000000000000000000000000000000000000000000000000000000000000000000000000000000000000000000000000000000000000000000000000000000000000000000000000000000000000000000000000000000000000000000000000000000000000000000, prev_randao: 0x0000000000000000000000000000000000000000000000000000000000000000, block_number: 1, gas_limit: 30029295, gas_used: 0, timestamp: 1756114687, extra_data: 0x726574682f76312e342e312f6c696e7578, base_fee_per_gas: 875000000, block_hash: 0x848996b9f08f911acc7d30261a44ebdba465a1bad12cdbc2a0f29bad672ebe54, transactions: [] }, withdrawals: [] }, blob_gas_used: 0, excess_blob_gas: 0 }
2025-08-25T09:38:07.134692Z DEBUG node{moniker=app-1}:node{moniker=app-1}: 🎁 block size: 545, height: 1
2025-08-25T09:38:07.141837Z  INFO node{moniker=app-1}:node{moniker=app-1}: Streaming proposal part: StreamMessage { stream_id: StreamId(b"\0\0\0\0\0\0\0\x01\0\0\0\0\0\0\0\0"), sequence: 0, content: Data(Init(ProposalInit { height: Height(1), round: Some(0), proposer: Address(DE7BA2BE72D2225286133990FF5810B691A5261C) })) } height=1 round=0
2025-08-25T09:38:07.141861Z  INFO node{moniker=app-1}:node{moniker=app-1}: Streaming proposal part: StreamMessage { stream_id: StreamId(b"\0\0\0\0\0\0\0\x01\0\0\0\0\0\0\0\0"), sequence: 1, content: Data(Data(ProposalData { bytes: "<...>", len: 545 })) } height=1 round=0
2025-08-25T09:38:07.141877Z  INFO node{moniker=app-1}:node{moniker=app-1}: Streaming proposal part: StreamMessage { stream_id: StreamId(b"\0\0\0\0\0\0\0\x01\0\0\0\0\0\0\0\0"), sequence: 2, content: Data(Fin(ProposalFin { signature: Signature(Signature { R_bytes: "a96acd80e68d3869f96e7c687feba3a7e788c92a534d0e34da15ebdff5fa9f78", s_bytes: "09afe90337040c64cc2320793bf4963af570a40bde742849216b9ebcb403c509" }) })) } height=1 round=0
2025-08-25T09:38:07.329553Z ERROR node{moniker=app-1}:network: Error publishing message: NoPeersSubscribedToTopic channel=/proposal_parts
2025-08-25T09:38:07.329628Z  INFO node{moniker=app-1}:node{moniker=app-1}: Streaming proposal part: StreamMessage { stream_id: StreamId(b"\0\0\0\0\0\0\0\x01\0\0\0\0\0\0\0\0"), sequence: 3, content: Fin } height=1 round=0
2025-08-25T09:38:07.329677Z DEBUG node{moniker=app-1}:wal{height=1}: Wrote log entry type=LocallyProposedValue entry.size=599 
2025-08-25T09:38:07.329927Z ERROR node{moniker=app-1}:network: Error publishing message: NoPeersSubscribedToTopic channel=/proposal_parts
2025-08-25T09:38:07.329948Z DEBUG node{moniker=app-1}:node{moniker=app-1}: ✅ Proposal sent height=1 round=0
2025-08-25T09:38:07.330050Z ERROR node{moniker=app-1}:network: Error publishing message: NoPeersSubscribedToTopic channel=/proposal_parts
2025-08-25T09:38:07.330143Z ERROR node{moniker=app-1}:network: Error publishing message: NoPeersSubscribedToTopic channel=/proposal_parts
2025-08-25T09:38:07.330186Z  INFO node{moniker=app-1}:consensus{height=1 round=0}: Proposing value id=eb0ead959d386e13 round=0
2025-08-25T09:38:07.330270Z  INFO node{moniker=app-1}:consensus{height=1 round=0}: Received proposal consensus.height=1 proposal.height=1 proposal.round=0 proposer=DE7BA2BE72D2225286133990FF5810B691A5261C Proposal(height: 1, round: 0, pol_round: -1, value: eb0ead959d386e13, from: DE7BA2BE72D2225286133990FF5810B691A5261C)
2025-08-25T09:38:07.330341Z DEBUG node{moniker=app-1}:wal{height=1}: Wrote log entry type=Consensus(Proposal) entry.size=668 
2025-08-25T09:38:07.330442Z DEBUG node{moniker=app-1}:consensus{height=1 round=0}: Transitioned to new step step.previous=Propose step.new=Prevote
2025-08-25T09:38:07.330447Z  INFO node{moniker=app-1}:consensus{height=1 round=0}: Voting vote_type=Prevote value=eb0ead959d386e13 round=0
2025-08-25T09:38:07.330517Z  INFO node{moniker=app-1}:consensus{height=1 round=0}: Received vote height=1 vote_height=1 address=DE7BA2BE72D2225286133990FF5810B691A5261C Prevote(height: 1, round: 0, value: eb0ead959d386e13, from: DE7BA2BE72D2225286133990FF5810B691A5261C)
2025-08-25T09:38:07.330579Z DEBUG node{moniker=app-1}:wal{height=1}: Wrote log entry type=Consensus(Vote) entry.size=118 
2025-08-25T09:38:07.331676Z DEBUG node{moniker=app-1}:network: Accepted incoming connection from peer peer=12D3KooWD4wDmZaWggpGH9ACLhNztqnBvszLRcmBLzZdKwDiWmYh connection_id=3
2025-08-25T09:38:07.332125Z DEBUG node{moniker=app-1}:network: Accepted incoming connection from peer peer=12D3KooWR2Quwt2G6MyT6WQkUdfS8nHZu7XcPotkmbhuEoqc94oJ connection_id=4
2025-08-25T09:38:07.332697Z  INFO node{moniker=app-1}:network: Discovered peer peer=12D3KooWR2Quwt2G6MyT6WQkUdfS8nHZu7XcPotkmbhuEoqc94oJ connection_id=4
2025-08-25T09:38:07.332704Z DEBUG node{moniker=app-1}:network: Connection is inbound peer=12D3KooWR2Quwt2G6MyT6WQkUdfS8nHZu7XcPotkmbhuEoqc94oJ connection_id=4
2025-08-25T09:38:07.332709Z  INFO node{moniker=app-1}:network: Connections: 1
2025-08-25T09:38:07.332734Z  INFO node{moniker=app-1}:network: Discovered peer peer=12D3KooWD4wDmZaWggpGH9ACLhNztqnBvszLRcmBLzZdKwDiWmYh connection_id=3
2025-08-25T09:38:07.332738Z DEBUG node{moniker=app-1}:network: Connection is inbound peer=12D3KooWD4wDmZaWggpGH9ACLhNztqnBvszLRcmBLzZdKwDiWmYh connection_id=3
2025-08-25T09:38:07.332741Z  INFO node{moniker=app-1}:network: Connections: 2
2025-08-25T09:38:07.335172Z DEBUG node{moniker=app-1}:wal{height=1}: Flushed WAL to disk wal.entries=3 wal.size=1436
2025-08-25T09:38:07.335475Z DEBUG node{moniker=app-1}:network: Published message channel=/consensus size=109
2025-08-25T09:38:07.338726Z DEBUG node{moniker=app-1}:wal{height=1}: Flushed WAL to disk wal.entries=3 wal.size=1436
2025-08-25T09:38:07.338756Z  INFO node{moniker=app-1}:consensus{height=1 round=0}: Connected to peer peer_id=12D3KooWR2Quwt2G6MyT6WQkUdfS8nHZu7XcPotkmbhuEoqc94oJ
2025-08-25T09:38:07.338761Z DEBUG node{moniker=app-1}:consensus{height=1 round=0}: Connected to another peer connected=1 total=1
2025-08-25T09:38:07.338765Z  INFO node{moniker=app-1}:consensus{height=1 round=0}: Connected to peer peer_id=12D3KooWD4wDmZaWggpGH9ACLhNztqnBvszLRcmBLzZdKwDiWmYh
2025-08-25T09:38:07.338768Z DEBUG node{moniker=app-1}:consensus{height=1 round=0}: Connected to another peer connected=2 total=1
2025-08-25T09:38:07.338829Z DEBUG node{moniker=app-1}:network: Published message channel=/consensus size=659
2025-08-25T09:38:08.049499Z DEBUG node{moniker=app-1}:network: Dialing peer None at [/ip4/127.0.0.1/tcp/27000], retry #1 connection_id=5
2025-08-25T09:38:08.049595Z DEBUG node{moniker=app-1}:network: Dialing peer None at [/ip4/127.0.0.1/tcp/27002], retry #1 connection_id=6
2025-08-25T09:38:08.054478Z DEBUG node{moniker=app-1}:network: Connected to peer peer=12D3KooWD4wDmZaWggpGH9ACLhNztqnBvszLRcmBLzZdKwDiWmYh connection_id=5
2025-08-25T09:38:08.056495Z DEBUG node{moniker=app-1}:network: Connected to peer peer=12D3KooWR2Quwt2G6MyT6WQkUdfS8nHZu7XcPotkmbhuEoqc94oJ connection_id=6
2025-08-25T09:38:08.057621Z  INFO node{moniker=app-1}:network: New connection from known peer peer=12D3KooWD4wDmZaWggpGH9ACLhNztqnBvszLRcmBLzZdKwDiWmYh connection_id=5
2025-08-25T09:38:08.057635Z DEBUG node{moniker=app-1}:network: Additional connection to peer, total connections: 2 peer=12D3KooWD4wDmZaWggpGH9ACLhNztqnBvszLRcmBLzZdKwDiWmYh connection_id=5
2025-08-25T09:38:08.057642Z DEBUG node{moniker=app-1}:network: Connection is inbound peer=12D3KooWD4wDmZaWggpGH9ACLhNztqnBvszLRcmBLzZdKwDiWmYh connection_id=5
2025-08-25T09:38:08.057651Z  INFO node{moniker=app-1}:network: Connections: 3
2025-08-25T09:38:08.058577Z  INFO node{moniker=app-1}:network: New connection from known peer peer=12D3KooWR2Quwt2G6MyT6WQkUdfS8nHZu7XcPotkmbhuEoqc94oJ connection_id=6
2025-08-25T09:38:08.058591Z DEBUG node{moniker=app-1}:network: Additional connection to peer, total connections: 2 peer=12D3KooWR2Quwt2G6MyT6WQkUdfS8nHZu7XcPotkmbhuEoqc94oJ connection_id=6
2025-08-25T09:38:08.058598Z DEBUG node{moniker=app-1}:network: Connection is inbound peer=12D3KooWR2Quwt2G6MyT6WQkUdfS8nHZu7XcPotkmbhuEoqc94oJ connection_id=6
2025-08-25T09:38:08.058605Z  INFO node{moniker=app-1}:network: Connections: 4
2025-08-25T09:38:10.201234Z  INFO node{moniker=app-1}:consensus{height=1 round=0}: Received vote height=1 vote_height=1 address=02CB1B49DA09615BD4A12212C39378556D990DFD Prevote(height: 1, round: 0, value: Nil, from: 02CB1B49DA09615BD4A12212C39378556D990DFD)
2025-08-25T09:38:10.201925Z DEBUG node{moniker=app-1}:wal{height=1}: Wrote log entry type=Consensus(Vote) entry.size=105 
2025-08-25T09:38:10.202011Z  INFO node{moniker=app-1}:consensus{height=1 round=0}: Scheduling timeout round=0 step=Prevote
2025-08-25T09:38:11.200615Z  INFO node{moniker=app-1}:consensus{height=1 round=0}: Received vote height=1 vote_height=1 address=02CB1B49DA09615BD4A12212C39378556D990DFD Precommit(height: 1, round: 0, value: Nil, from: 02CB1B49DA09615BD4A12212C39378556D990DFD)
2025-08-25T09:38:11.202729Z DEBUG node{moniker=app-1}:wal{height=1}: Wrote log entry type=Consensus(Vote) entry.size=107 
2025-08-25T09:38:11.202871Z  WARN node{moniker=app-1}:consensus{height=1 round=0}: Timeout elapsed step=Prevote
2025-08-25T09:38:11.202891Z  WARN node{moniker=app-1}:consensus{height=1 round=0}: Number of validators having voted: 2 / 2
2025-08-25T09:38:11.202897Z  WARN node{moniker=app-1}:consensus{height=1 round=0}: Total voting power of validators: 2
2025-08-25T09:38:11.202902Z  WARN node{moniker=app-1}:consensus{height=1 round=0}: Voting power required: 2
2025-08-25T09:38:11.202906Z  WARN node{moniker=app-1}:consensus{height=1 round=0}: Total voting power of validators having voted: 2
2025-08-25T09:38:11.202911Z  WARN node{moniker=app-1}:consensus{height=1 round=0}: Total voting power of validators having prevoted nil: 1
2025-08-25T09:38:11.202916Z  WARN node{moniker=app-1}:consensus{height=1 round=0}: Total voting power of validators having precommited nil: 1
2025-08-25T09:38:11.202920Z  WARN node{moniker=app-1}:consensus{height=1 round=0}: Total weight of prevotes: 2
2025-08-25T09:38:11.202925Z  WARN node{moniker=app-1}:consensus{height=1 round=0}: Total weight of precommits: 1
2025-08-25T09:38:11.202933Z  INFO node{moniker=app-1}:consensus{height=1 round=0}: Timeout elapsed step=Prevote timeout.round=0 height=1 round=0
2025-08-25T09:38:11.203098Z DEBUG node{moniker=app-1}:wal{height=1}: Wrote log entry type=Timeout entry.size=10 
2025-08-25T09:38:11.203198Z DEBUG node{moniker=app-1}:consensus{height=1 round=0}: Transitioned to new step step.previous=Prevote step.new=Precommit
2025-08-25T09:38:11.203228Z  INFO node{moniker=app-1}:consensus{height=1 round=0}: Voting vote_type=Precommit value=Nil round=0
2025-08-25T09:38:11.203695Z  INFO node{moniker=app-1}:consensus{height=1 round=0}: Received vote height=1 vote_height=1 address=DE7BA2BE72D2225286133990FF5810B691A5261C Precommit(height: 1, round: 0, value: Nil, from: DE7BA2BE72D2225286133990FF5810B691A5261C)
2025-08-25T09:38:11.203793Z DEBUG node{moniker=app-1}:wal{height=1}: Wrote log entry type=Consensus(Vote) entry.size=107 
2025-08-25T09:38:11.203831Z  INFO node{moniker=app-1}:consensus{height=1 round=0}: Scheduling timeout round=0 step=Precommit
2025-08-25T09:38:11.205491Z DEBUG node{moniker=app-1}:wal{height=1}: Flushed WAL to disk wal.entries=7 wal.size=1817
2025-08-25T09:38:11.206211Z DEBUG node{moniker=app-1}:network: Published message channel=/consensus size=98
2025-08-25T09:38:12.205863Z  WARN node{moniker=app-1}:consensus{height=1 round=0}: Timeout elapsed step=Precommit
2025-08-25T09:38:12.205891Z  WARN node{moniker=app-1}:consensus{height=1 round=0}: Number of validators having voted: 2 / 2
2025-08-25T09:38:12.205893Z  WARN node{moniker=app-1}:consensus{height=1 round=0}: Total voting power of validators: 2
2025-08-25T09:38:12.205895Z  WARN node{moniker=app-1}:consensus{height=1 round=0}: Voting power required: 2
2025-08-25T09:38:12.205897Z  WARN node{moniker=app-1}:consensus{height=1 round=0}: Total voting power of validators having voted: 2
2025-08-25T09:38:12.205900Z  WARN node{moniker=app-1}:consensus{height=1 round=0}: Total voting power of validators having prevoted nil: 1
2025-08-25T09:38:12.205903Z  WARN node{moniker=app-1}:consensus{height=1 round=0}: Total voting power of validators having precommited nil: 2
2025-08-25T09:38:12.205904Z  WARN node{moniker=app-1}:consensus{height=1 round=0}: Total weight of prevotes: 2
2025-08-25T09:38:12.205906Z  WARN node{moniker=app-1}:consensus{height=1 round=0}: Total weight of precommits: 2
2025-08-25T09:38:12.205919Z  INFO node{moniker=app-1}:consensus{height=1 round=0}: Timeout elapsed step=Precommit timeout.round=0 height=1 round=0
2025-08-25T09:38:12.206047Z DEBUG node{moniker=app-1}:wal{height=1}: Wrote log entry type=Timeout entry.size=10 
2025-08-25T09:38:12.206118Z DEBUG node{moniker=app-1}:consensus{height=1 round=0}: Transitioned to new step step.previous=Precommit step.new=Unstarted
2025-08-25T09:38:12.206142Z  INFO node{moniker=app-1}:consensus{height=1 round=0}: Sending round certificate cert.certificate.height=1 cert.enter_round=1 number_of_votes=2
2025-08-25T09:38:12.206156Z  INFO node{moniker=app-1}:consensus{height=1 round=0}: Starting new round height=1 round=1 proposer=02CB1B49DA09615BD4A12212C39378556D990DFD role=Validator
2025-08-25T09:38:12.206389Z DEBUG node{moniker=app-1}:network: Published message channel=/liveness size=197
2025-08-25T09:38:12.216278Z DEBUG node{moniker=app-1}:wal{height=1}: Flushed WAL to disk wal.entries=8 wal.size=1840
2025-08-25T09:38:12.216624Z DEBUG node{moniker=app-1}:node{moniker=app-1}: metis-test:consensus-chan recv!!! msg:StartedRound { height: Height(1), round: Some(1), proposer: Address(02CB1B49DA09615BD4A12212C39378556D990DFD), role: Validator, reply_value: Sender { inner: Some(Inner { state: State { is_complete: false, is_closed: false, is_rx_task_set: false, is_tx_task_set: false } }) } }
2025-08-25T09:38:12.216641Z  INFO node{moniker=app-1}:node{moniker=app-1}: 🟢🟢 Started round height=1 round=1 proposer=02CB1B49DA09615BD4A12212C39378556D990DFD role=Validator
2025-08-25T09:38:12.216663Z ERROR node{moniker=app-1}:consensus{height=1 round=0}: Error when processing effect: Messaging(RecvErr)
2025-08-25T09:38:12.216684Z DEBUG node{moniker=app-1}:consensus{height=1 round=0}: Transitioned to new step step.previous=Unstarted step.new=Propose
2025-08-25T09:38:12.216689Z  INFO node{moniker=app-1}:consensus{height=1 round=0}: Scheduling timeout round=1 step=Propose
2025-08-25T09:38:12.217871Z  INFO node{moniker=app-1}:consensus{height=1 round=1}: Received round certificate from=12D3KooWD4wDmZaWggpGH9ACLhNztqnBvszLRcmBLzZdKwDiWmYh certificate.height=1 certificate.round=0 number_of_votes=2
2025-08-25T09:38:12.217889Z  INFO node{moniker=app-1}:consensus{height=1 round=1}: Received round certificate certificate.height=1 certificate.round=0
2025-08-25T09:38:12.217892Z  WARN node{moniker=app-1}:consensus{height=1 round=1}: Precommit round certificate from older round certificate.round=0 consensus.round=1
2025-08-25T09:38:12.218277Z  INFO node{moniker=app-1}:consensus{height=1 round=1}: Received round certificate from=12D3KooWR2Quwt2G6MyT6WQkUdfS8nHZu7XcPotkmbhuEoqc94oJ certificate.height=1 certificate.round=0 number_of_votes=2
2025-08-25T09:38:12.218290Z  INFO node{moniker=app-1}:consensus{height=1 round=1}: Received round certificate certificate.height=1 certificate.round=0
2025-08-25T09:38:12.218293Z  WARN node{moniker=app-1}:consensus{height=1 round=1}: Precommit round certificate from older round certificate.round=0 consensus.round=1
2025-08-25T09:38:12.238290Z DEBUG node{moniker=app-1}:node{moniker=app-1}: metis-test:consensus-chan recv!!! msg:ReceivedProposalPart { from: PeerId("12D3KooWR2Quwt2G6MyT6WQkUdfS8nHZu7XcPotkmbhuEoqc94oJ"), part: StreamMessage { stream_id: StreamId(b"\0\0\0\0\0\0\0\x01\0\0\0\x01\0\0\0\0"), sequence: 0, content: Data(Init(ProposalInit { height: Height(1), round: Some(1), proposer: Address(02CB1B49DA09615BD4A12212C39378556D990DFD) })) }, reply: Sender { inner: Some(Inner { state: State { is_complete: false, is_closed: false, is_rx_task_set: true, is_tx_task_set: false } }) } }
2025-08-25T09:38:12.238327Z  INFO node{moniker=app-1}:node{moniker=app-1}: Received proposal part from=12D3KooWR2Quwt2G6MyT6WQkUdfS8nHZu7XcPotkmbhuEoqc94oJ part.sequence=0 part.type=init part.size=30
2025-08-25T09:38:12.238811Z DEBUG node{moniker=app-1}:node{moniker=app-1}: metis-test:consensus-chan recv!!! msg:ReceivedProposalPart { from: PeerId("12D3KooWR2Quwt2G6MyT6WQkUdfS8nHZu7XcPotkmbhuEoqc94oJ"), part: StreamMessage { stream_id: StreamId(b"\0\0\0\0\0\0\0\x01\0\0\0\x01\0\0\0\0"), sequence: 1, content: Data(Data(ProposalData { bytes: "<...>", len: 545 })) }, reply: Sender { inner: Some(Inner { state: State { is_complete: false, is_closed: false, is_rx_task_set: true, is_tx_task_set: false } }) } }
2025-08-25T09:38:12.238855Z  INFO node{moniker=app-1}:node{moniker=app-1}: Received proposal part from=12D3KooWR2Quwt2G6MyT6WQkUdfS8nHZu7XcPotkmbhuEoqc94oJ part.sequence=1 part.type=data part.size=551
2025-08-25T09:38:12.239359Z DEBUG node{moniker=app-1}:node{moniker=app-1}: metis-test:consensus-chan recv!!! msg:ReceivedProposalPart { from: PeerId("12D3KooWR2Quwt2G6MyT6WQkUdfS8nHZu7XcPotkmbhuEoqc94oJ"), part: StreamMessage { stream_id: StreamId(b"\0\0\0\0\0\0\0\x01\0\0\0\x01\0\0\0\0"), sequence: 2, content: Data(Fin(ProposalFin { signature: Signature(Signature { R_bytes: "44f04929b8432c0c006107bc5fca545157023aee57bb41cc2fabd190efc10241", s_bytes: "cce16d6c4f8512e6b0ed04ab9acdd3babfb760b42bce4a07c0d488eb5389b30b" }) })) }, reply: Sender { inner: Some(Inner { state: State { is_complete: false, is_closed: false, is_rx_task_set: true, is_tx_task_set: false } }) } }
2025-08-25T09:38:12.239375Z  INFO node{moniker=app-1}:node{moniker=app-1}: Received proposal part from=12D3KooWR2Quwt2G6MyT6WQkUdfS8nHZu7XcPotkmbhuEoqc94oJ part.sequence=2 part.type=fin part.size=70
2025-08-25T09:38:12.239397Z DEBUG node{moniker=app-1}:node{moniker=app-1}: metis-test:consensus-chan recv!!! msg:ReceivedProposalPart { from: PeerId("12D3KooWR2Quwt2G6MyT6WQkUdfS8nHZu7XcPotkmbhuEoqc94oJ"), part: StreamMessage { stream_id: StreamId(b"\0\0\0\0\0\0\0\x01\0\0\0\x01\0\0\0\0"), sequence: 3, content: Fin }, reply: Sender { inner: Some(Inner { state: State { is_complete: false, is_closed: false, is_rx_task_set: true, is_tx_task_set: false } }) } }
2025-08-25T09:38:12.239427Z  INFO node{moniker=app-1}:node{moniker=app-1}: Received proposal part from=12D3KooWR2Quwt2G6MyT6WQkUdfS8nHZu7XcPotkmbhuEoqc94oJ part.sequence=3 part.type=end of stream part.size=0
2025-08-25T09:38:12.239618Z  INFO node{moniker=app-1}:node{moniker=app-1}: Proposal data[0..32]: 16714171b9a786fa46efc48453759d3045421b81ff348df76ec07425c8f3784c, total_size: 545 bytes, id: a6479f7db309691a
2025-08-25T09:38:12.243080Z  INFO node{moniker=app-1}:consensus{height=1 round=1}: Received vote height=1 vote_height=1 address=02CB1B49DA09615BD4A12212C39378556D990DFD Prevote(height: 1, round: 1, value: a6479f7db309691a, from: 02CB1B49DA09615BD4A12212C39378556D990DFD)
2025-08-25T09:38:12.245668Z DEBUG node{moniker=app-1}:wal{height=1}: Wrote log entry type=Consensus(Vote) entry.size=120 
2025-08-25T09:38:12.246829Z  INFO node{moniker=app-1}:consensus{height=1 round=1}: Received proposal consensus.height=1 proposal.height=1 proposal.round=1 proposer=02CB1B49DA09615BD4A12212C39378556D990DFD Proposal(height: 1, round: 1, pol_round: -1, value: a6479f7db309691a, from: 02CB1B49DA09615BD4A12212C39378556D990DFD)
2025-08-25T09:38:12.248835Z DEBUG node{moniker=app-1}:node{moniker=app-1}: ✅ Received complete proposal: ProposedValue { height: Height(1), round: Some(1), valid_round: Nil, proposer: Address(02CB1B49DA09615BD4A12212C39378556D990DFD), value: Value { value: 11981720695865960730, extensions: b"\x16qAq\xb9\xa7\x86\xfaF\xef\xc4\x84Su\x9d0EB\x1b\x81\xff4\x8d\xf7n\xc0t%\xc8\xf3xL********************\xec&\xdf\x94B\xc5\xd4\xa0\xa0\xccSH\xc9`\x11[C\xda\x08\xc7\xae\xf6\xbeNL\xcc_\x13l\xa8\x92\xa6V\xe8\x1f\x17\x1b\xccU\xa6\xff\x83E\xe6\x92\xc0\xf8n[H\xe0\x1b\x99l\xad\xc0\x01b/\xb5\xe3c\xb4!\0\0\0\0\0\0\0\0\0\0\0\0\0\0\0\0\0\0\0\0\0\0\0\0\0\0\0\0\0\0\0\0\0\0\0\0\0\0\0\0\0\0\0\0\0\0\0\0\0\0\0\0\0\0\0\0\0\0\0\0\0\0\0\0\0\0\0\0\0\0\0\0\0\0\0\0\0\0\0\0\0\0\0\0\0\0\0\0\0\0\0\0\0\0\0\0\0\0\0\0\0\0\0\0\0\0\0\0\0\0\0\0\0\0\0\0\0\0\0\0\0\0\0\0\0\0\0\0\0\0\0\0\0\0\0\0\0\0\0\0\0\0\0\0\0\0\0\0\0\0\0\0\0\0\0\0\0\0\0\0\0\0\0\0\0\0\0\0\0\0\0\0\0\0\0\0\0\0\0\0\0\0\0\0\0\0\0\0\0\0\0\0\0\0\0\0\0\0\0\0\0\0\0\0\0\0\0\0\0\0\0\0\0\0\0\0\0\0\0\0\0\0\0\0\0\0\0\0\0\0\0\0\0\0\0\0\0\0\0\0\0\0\0\0\0\0\0\0\0\0\0\0\0\0\0\0\0\0\0\0\0\0\0\0\0\0\0\0\0\0\0\0\0\0\0\0\0\0\0\0\0\0\0\0\0\0\0\0\x01\0\0\0\0\0\0\0\xef5\xca\x01\0\0\0\0\0\0\0\0\0\0\0\0\x04/\xach\0\0\0\0\x10\x02\0\0\xc0p'4\0\0\0\0\0\0\0\0\0\0\0\0\0\0\0\0\0\0\0\0\0\0\0\0\0\0\0\0\xfa\x9c!\xeb\xeez\xcf\xf5\xe1+\x1d\x99\x02I\x80\x07g\xef\xf2\xf3$\xfe\xa2\x02\xd6\x9a9!l\xddb\xe5!\x02\0\0!\x02\0\0\0\0\0\0\0\0\0\0\0\0\0\0\0\0\0\0reth/v1.4.1/linux" }, validity: Valid }
2025-08-25T09:38:12.248989Z DEBUG node{moniker=app-1}:wal{height=1}: Wrote log entry type=Consensus(Proposal) entry.size=670 
2025-08-25T09:38:12.249023Z DEBUG node{moniker=app-1}:consensus{height=1 round=1}: No full proposal for this round yet, stored proposal for later proposal.height=1 proposal.round=1
2025-08-25T09:38:12.249052Z DEBUG node{moniker=app-1}:consensus{height=1 round=1}: We have a full proposal for this round, checking... proposal.height=1 proposal.round=1
2025-08-25T09:38:12.249094Z DEBUG node{moniker=app-1}:consensus{height=1 round=1}: Transitioned to new step step.previous=Propose step.new=Prevote
2025-08-25T09:38:12.249103Z  INFO node{moniker=app-1}:consensus{height=1 round=1}: Voting vote_type=Prevote value=a6479f7db309691a round=1
2025-08-25T09:38:12.249263Z  INFO node{moniker=app-1}:consensus{height=1 round=1}: Received vote height=1 vote_height=1 address=DE7BA2BE72D2225286133990FF5810B691A5261C Prevote(height: 1, round: 1, value: a6479f7db309691a, from: DE7BA2BE72D2225286133990FF5810B691A5261C)
2025-08-25T09:38:12.251511Z DEBUG node{moniker=app-1}:wal{height=1}: Wrote log entry type=Consensus(Vote) entry.size=120 
2025-08-25T09:38:12.251577Z DEBUG node{moniker=app-1}:consensus{height=1 round=1}: Transitioned to new step step.previous=Prevote step.new=Precommit
2025-08-25T09:38:12.251623Z  INFO node{moniker=app-1}:consensus{height=1 round=1}: Voting vote_type=Precommit value=a6479f7db309691a round=1
2025-08-25T09:38:12.251651Z DEBUG node{moniker=app-1}:node{moniker=app-1}: metis-test:consensus-chan recv!!! msg:ExtendVote { height: Height(1), round: Some(1), value_id: ValueId(11981720695865960730), reply: Sender { inner: Some(Inner { state: State { is_complete: false, is_closed: false, is_rx_task_set: true, is_tx_task_set: false } }) } }
2025-08-25T09:38:12.251822Z  INFO node{moniker=app-1}:consensus{height=1 round=1}: Received vote height=1 vote_height=1 address=DE7BA2BE72D2225286133990FF5810B691A5261C Precommit(height: 1, round: 1, value: a6479f7db309691a, from: DE7BA2BE72D2225286133990FF5810B691A5261C)
2025-08-25T09:38:12.251893Z DEBUG node{moniker=app-1}:wal{height=1}: Wrote log entry type=Consensus(Vote) entry.size=122 
2025-08-25T09:38:12.252971Z DEBUG node{moniker=app-1}:wal{height=1}: Flushed WAL to disk wal.entries=12 wal.size=2924
2025-08-25T09:38:12.253061Z DEBUG node{moniker=app-1}:wal{height=1}: Flushed WAL to disk wal.entries=12 wal.size=2924
2025-08-25T09:38:12.253154Z DEBUG node{moniker=app-1}:network: Published message channel=/consensus size=113
2025-08-25T09:38:12.253455Z DEBUG node{moniker=app-1}:network: Published message channel=/consensus size=111
2025-08-25T09:38:12.262368Z  INFO node{moniker=app-1}:consensus{height=1 round=1}: Received vote height=1 vote_height=1 address=02CB1B49DA09615BD4A12212C39378556D990DFD Precommit(height: 1, round: 1, value: a6479f7db309691a, from: 02CB1B49DA09615BD4A12212C39378556D990DFD)
2025-08-25T09:38:12.262716Z DEBUG node{moniker=app-1}:wal{height=1}: Wrote log entry type=Consensus(Vote) entry.size=122 
2025-08-25T09:38:12.262813Z DEBUG node{moniker=app-1}:consensus{height=1 round=1}: Transitioned to new step step.previous=Precommit step.new=Commit
2025-08-25T09:38:12.262825Z  INFO node{moniker=app-1}:consensus{height=1 round=1}: Decided round=1 height=1 value=a6479f7db309691a
2025-08-25T09:38:12.264391Z DEBUG node{moniker=app-1}:wal{height=1}: Flushed WAL to disk wal.entries=13 wal.size=3059
2025-08-25T09:38:12.264483Z DEBUG node{moniker=app-1}:sync{height.tip=0 height.sync=1}: Updating request state height.tip=1
2025-08-25T09:38:12.264542Z DEBUG node{moniker=app-1}:node{moniker=app-1}: metis-test:consensus-chan recv!!! msg:Decided { certificate: CommitCertificate { height: Height(1), round: Some(1), value_id: ValueId(11981720695865960730), commit_signatures: [CommitSignature { address: Address(02CB1B49DA09615BD4A12212C39378556D990DFD), signature: Signature(Signature { R_bytes: "6264430dbd0ad576bed0295f2d0bb5123f986288caad31a994ee0d7e291b50f8", s_bytes: "d9de440c512655813c784ef6eeb3347be8d53af456da6d9918dd6c5ec70cc303" }) }, CommitSignature { address: Address(DE7BA2BE72D2225286133990FF5810B691A5261C), signature: Signature(Signature { R_bytes: "da3c797e865448a8fa02be126d809da8cbca25b94532490c6bb624ee415fa585", s_bytes: "f35ead75626799516cb6f7e83fa70c96f48ffb702521b9034fd371b32ba9f20a" }) }] }, extensions: VoteExtensions { extensions: [] }, reply: Sender { inner: Some(Inner { state: State { is_complete: false, is_closed: false, is_rx_task_set: true, is_tx_task_set: false } }) } }
2025-08-25T09:38:12.264561Z  INFO node{moniker=app-1}:node{moniker=app-1}: 🟢🟢 Consensus has decided on value height=1 round=1 value=a6479f7db309691a
2025-08-25T09:38:12.264620Z DEBUG node{moniker=app-1}:node{moniker=app-1}: 🎁 block size: 545, height: 1
2025-08-25T09:38:12.264724Z  INFO node{moniker=app-1}:node{moniker=app-1}: 👉 stats at height 1: #txs=0, txs/s=0.00, chain_bytes=545, bytes/s=103.97
2025-08-25T09:38:12.264729Z DEBUG node{moniker=app-1}:node{moniker=app-1}: 🦄 Block at height 1 contains 0 transactions
2025-08-25T09:38:12.300198Z DEBUG node{moniker=app-1}:node{moniker=app-1}: 💡 New block added at height 1 with hash: 0xfa9c21ebee7acff5e12b1d990249800767eff2f324fea202d69a39216cdd62e5
2025-08-25T09:38:12.300217Z DEBUG node{moniker=app-1}:node{moniker=app-1}: 🟠 set_latest_forkchoice_state: 0xfa9c21ebee7acff5e12b1d990249800767eff2f324fea202d69a39216cdd62e5
2025-08-25T09:38:12.302967Z DEBUG node{moniker=app-1}:node{moniker=app-1}: ➡️ payload_status: PayloadStatus { status: Valid, latest_valid_hash: Some(0xfa9c21ebee7acff5e12b1d990249800767eff2f324fea202d69a39216cdd62e5) }
2025-08-25T09:38:12.303049Z DEBUG node{moniker=app-1}:node{moniker=app-1}: 🚀 Forkchoice updated to height 1 for block hash=0xfa9c21ebee7acff5e12b1d990249800767eff2f324fea202d69a39216cdd62e5 and latest_valid_hash=0xfa9c21ebee7acff5e12b1d990249800767eff2f324fea202d69a39216cdd62e5
2025-08-25T09:38:12.303056Z  INFO node{moniker=app-1}:node{moniker=app-1}: Looking for certificate height=1 round=1
2025-08-25T09:38:12.310633Z  INFO node{moniker=app-1}:node{moniker=app-1}: Committed block_data[0..32]: 16714171b9a786fa46efc48453759d3045421b81ff348df76ec07425c8f3784c
2025-08-25T09:38:12.332502Z DEBUG node{moniker=app-1}:wal{height=2}: Reset WAL height=2
2025-08-25T09:38:12.332616Z DEBUG node{moniker=app-1}:consensus{height=2 round=0}: No WAL entries to replay height=2
2025-08-25T09:38:12.332706Z  INFO node{moniker=app-1}:consensus{height=2 round=0}: Starting new height height=2
2025-08-25T09:38:12.332714Z  INFO node{moniker=app-1}:consensus{height=2 round=0}: Starting new round height=2 round=0 proposer=815F9FA61D7C4F1E4A9E30D40DCA1115BB48F759 role=None
2025-08-25T09:38:12.332743Z DEBUG node{moniker=app-1}:sync{height.tip=0 height.sync=1}: Starting new height height.tip=1 height.sync=2 restart=false
2025-08-25T09:38:12.332749Z DEBUG node{moniker=app-1}:sync{height.tip=0 height.sync=1}: No peer to request sync from height.sync=2
2025-08-25T09:38:12.339189Z DEBUG node{moniker=app-1}:wal{height=2}: Flushed WAL to disk wal.entries=0 wal.size=12
2025-08-25T09:38:12.339336Z DEBUG node{moniker=app-1}:node{moniker=app-1}: metis-test:consensus-chan recv!!! msg:StartedRound { height: Height(2), round: Some(0), proposer: Address(815F9FA61D7C4F1E4A9E30D40DCA1115BB48F759), role: None, reply_value: Sender { inner: Some(Inner { state: State { is_complete: false, is_closed: false, is_rx_task_set: false, is_tx_task_set: false } }) } }
2025-08-25T09:38:12.339350Z  INFO node{moniker=app-1}:node{moniker=app-1}: 🟢🟢 Started round height=2 round=0 proposer=815F9FA61D7C4F1E4A9E30D40DCA1115BB48F759 role=None
2025-08-25T09:38:12.339363Z ERROR node{moniker=app-1}:consensus{height=2 round=0}: Error when processing effect: Messaging(RecvErr)
2025-08-25T09:38:12.339382Z DEBUG node{moniker=app-1}:consensus{height=2 round=0}: Transitioned to new step step.previous=Unstarted step.new=Propose
2025-08-25T09:38:12.339387Z  INFO node{moniker=app-1}:consensus{height=2 round=0}: Scheduling timeout round=0 step=Propose
2025-08-25T09:38:12.339397Z DEBUG node{moniker=app-1}:consensus{height=2 round=0}: Replaying inputs count=0
2025-08-25T09:38:12.350823Z DEBUG node{moniker=app-1}:node{moniker=app-1}: metis-test:consensus-chan recv!!! msg:ReceivedProposalPart { from: PeerId("12D3KooWD4wDmZaWggpGH9ACLhNztqnBvszLRcmBLzZdKwDiWmYh"), part: StreamMessage { stream_id: StreamId(b"\0\0\0\0\0\0\0\x02\0\0\0\0\0\0\0\0"), sequence: 0, content: Data(Init(ProposalInit { height: Height(2), round: Some(0), proposer: Address(815F9FA61D7C4F1E4A9E30D40DCA1115BB48F759) })) }, reply: Sender { inner: Some(Inner { state: State { is_complete: false, is_closed: false, is_rx_task_set: true, is_tx_task_set: false } }) } }
2025-08-25T09:38:12.350858Z  INFO node{moniker=app-1}:node{moniker=app-1}: Received proposal part from=12D3KooWD4wDmZaWggpGH9ACLhNztqnBvszLRcmBLzZdKwDiWmYh part.sequence=0 part.type=init part.size=28
2025-08-25T09:38:12.351790Z DEBUG node{moniker=app-1}:node{moniker=app-1}: metis-test:consensus-chan recv!!! msg:ReceivedProposalPart { from: PeerId("12D3KooWD4wDmZaWggpGH9ACLhNztqnBvszLRcmBLzZdKwDiWmYh"), part: StreamMessage { stream_id: StreamId(b"\0\0\0\0\0\0\0\x02\0\0\0\0\0\0\0\0"), sequence: 1, content: Data(Data(ProposalData { bytes: "<...>", len: 545 })) }, reply: Sender { inner: Some(Inner { state: State { is_complete: false, is_closed: false, is_rx_task_set: true, is_tx_task_set: false } }) } }
2025-08-25T09:38:12.351809Z  INFO node{moniker=app-1}:node{moniker=app-1}: Received proposal part from=12D3KooWD4wDmZaWggpGH9ACLhNztqnBvszLRcmBLzZdKwDiWmYh part.sequence=1 part.type=data part.size=551
2025-08-25T09:38:12.351828Z DEBUG node{moniker=app-1}:node{moniker=app-1}: metis-test:consensus-chan recv!!! msg:ReceivedProposalPart { from: PeerId("12D3KooWD4wDmZaWggpGH9ACLhNztqnBvszLRcmBLzZdKwDiWmYh"), part: StreamMessage { stream_id: StreamId(b"\0\0\0\0\0\0\0\x02\0\0\0\0\0\0\0\0"), sequence: 2, content: Data(Fin(ProposalFin { signature: Signature(Signature { R_bytes: "4b616ad2766bb79815c275b330d906c683af440e15703bc039265295e9492df3", s_bytes: "8ebe84b7ed34d083848a7371b7e95ea23bcd4aa016bcdc1e7c1267147c41bc04" }) })) }, reply: Sender { inner: Some(Inner { state: State { is_complete: false, is_closed: false, is_rx_task_set: true, is_tx_task_set: false } }) } }
2025-08-25T09:38:12.351840Z  INFO node{moniker=app-1}:node{moniker=app-1}: Received proposal part from=12D3KooWD4wDmZaWggpGH9ACLhNztqnBvszLRcmBLzZdKwDiWmYh part.sequence=2 part.type=fin part.size=70
2025-08-25T09:38:12.351851Z DEBUG node{moniker=app-1}:node{moniker=app-1}: metis-test:consensus-chan recv!!! msg:ReceivedProposalPart { from: PeerId("12D3KooWD4wDmZaWggpGH9ACLhNztqnBvszLRcmBLzZdKwDiWmYh"), part: StreamMessage { stream_id: StreamId(b"\0\0\0\0\0\0\0\x02\0\0\0\0\0\0\0\0"), sequence: 3, content: Fin }, reply: Sender { inner: Some(Inner { state: State { is_complete: false, is_closed: false, is_rx_task_set: true, is_tx_task_set: false } }) } }
2025-08-25T09:38:12.351858Z  INFO node{moniker=app-1}:node{moniker=app-1}: Received proposal part from=12D3KooWD4wDmZaWggpGH9ACLhNztqnBvszLRcmBLzZdKwDiWmYh part.sequence=3 part.type=end of stream part.size=0
2025-08-25T09:38:12.352029Z  INFO node{moniker=app-1}:node{moniker=app-1}: Proposal data[0..32]: fa9c21ebee7acff5e12b1d990249800767eff2f324fea202d69a39216cdd62e5, total_size: 545 bytes, id: b989910ef8c2e58d
2025-08-25T09:38:12.355226Z  INFO node{moniker=app-1}:consensus{height=2 round=0}: Received vote height=2 vote_height=2 address=815F9FA61D7C4F1E4A9E30D40DCA1115BB48F759 Prevote(height: 2, round: 0, value: b989910ef8c2e58d, from: 815F9FA61D7C4F1E4A9E30D40DCA1115BB48F759)
2025-08-25T09:38:12.357384Z DEBUG node{moniker=app-1}:wal{height=2}: Wrote log entry type=Consensus(Vote) entry.size=118 
2025-08-25T09:38:12.359433Z  INFO node{moniker=app-1}:consensus{height=2 round=0}: Received proposal consensus.height=2 proposal.height=2 proposal.round=0 proposer=815F9FA61D7C4F1E4A9E30D40DCA1115BB48F759 Proposal(height: 2, round: 0, pol_round: -1, value: b989910ef8c2e58d, from: 815F9FA61D7C4F1E4A9E30D40DCA1115BB48F759)
2025-08-25T09:38:12.360280Z DEBUG node{moniker=app-1}:node{moniker=app-1}: ✅ Received complete proposal: ProposedValue { height: Height(2), round: Some(0), valid_round: Nil, proposer: Address(815F9FA61D7C4F1E4A9E30D40DCA1115BB48F759), value: Value { value: 13369376462315120013, extensions: b"\xfa\x9c!\xeb\xeez\xcf\xf5\xe1+\x1d\x99\x02I\x80\x07g\xef\xf2\xf3$\xfe\xa2\x02\xd6\x9a9!l\xddb\xe5********************\xec&\xdf\x94B\xc5\xd4\xa0\xa0\xccSH\xc9`\x11[C\xda\x08\xc7\xae\xf6\xbeNL\xcc_\x13l\xa8\x92\xa6V\xe8\x1f\x17\x1b\xccU\xa6\xff\x83E\xe6\x92\xc0\xf8n[H\xe0\x1b\x99l\xad\xc0\x01b/\xb5\xe3c\xb4!\0\0\0\0\0\0\0\0\0\0\0\0\0\0\0\0\0\0\0\0\0\0\0\0\0\0\0\0\0\0\0\0\0\0\0\0\0\0\0\0\0\0\0\0\0\0\0\0\0\0\0\0\0\0\0\0\0\0\0\0\0\0\0\0\0\0\0\0\0\0\0\0\0\0\0\0\0\0\0\0\0\0\0\0\0\0\0\0\0\0\0\0\0\0\0\0\0\0\0\0\0\0\0\0\0\0\0\0\0\0\0\0\0\0\0\0\0\0\0\0\0\0\0\0\0\0\0\0\0\0\0\0\0\0\0\0\0\0\0\0\0\0\0\0\0\0\0\0\0\0\0\0\0\0\0\0\0\0\0\0\0\0\0\0\0\0\0\0\0\0\0\0\0\0\0\0\0\0\0\0\0\0\0\0\0\0\0\0\0\0\0\0\0\0\0\0\0\0\0\0\0\0\0\0\0\0\0\0\0\0\0\0\0\0\0\0\0\0\0\0\0\0\0\0\0\0\0\0\0\0\0\0\0\0\0\0\0\0\0\0\0\0\0\0\0\0\0\0\0\0\0\0\0\0\0\0\0\0\0\0\0\0\0\0\0\0\0\0\0\0\0\0\0\0\0\0\0\0\0\0\0\0\0\0\0\0\0\0\x02\0\0\0\0\0\0\0{\xa8\xca\x01\0\0\0\0\0\0\0\0\0\0\0\0\x05/\xach\0\0\0\0\x10\x02\0\0\xa8\x82\xa2-\0\0\0\0\0\0\0\0\0\0\0\0\0\0\0\0\0\0\0\0\0\0\0\0\0\0\0\0\x91\x0fB4\xd1\\\x8c\xc1\xf5U[\x01\x8a\xe9\xf6=\x02\xe0\xac\xd7\xe7}\xb7\xc6\xfe8q>\xd2L-@!\x02\0\0!\x02\0\0\0\0\0\0\0\0\0\0\0\0\0\0\0\0\0\0reth/v1.4.1/linux" }, validity: Valid }
2025-08-25T09:38:12.360412Z DEBUG node{moniker=app-1}:wal{height=2}: Wrote log entry type=Consensus(Proposal) entry.size=668 
2025-08-25T09:38:12.360458Z DEBUG node{moniker=app-1}:consensus{height=2 round=0}: No full proposal for this round yet, stored proposal for later proposal.height=2 proposal.round=0
2025-08-25T09:38:12.360482Z DEBUG node{moniker=app-1}:consensus{height=2 round=0}: We have a full proposal for this round, checking... proposal.height=2 proposal.round=0
2025-08-25T09:38:12.360495Z DEBUG node{moniker=app-1}:consensus{height=2 round=0}: Transitioned to new step step.previous=Propose step.new=Prevote
2025-08-25T09:38:12.368378Z  INFO node{moniker=app-1}:consensus{height=2 round=0}: Received vote height=2 vote_height=2 address=02CB1B49DA09615BD4A12212C39378556D990DFD Precommit(height: 2, round: 0, value: b989910ef8c2e58d, from: 02CB1B49DA09615BD4A12212C39378556D990DFD)
2025-08-25T09:38:12.368596Z DEBUG node{moniker=app-1}:wal{height=2}: Wrote log entry type=Consensus(Vote) entry.size=120 
2025-08-25T09:38:12.369433Z  INFO node{moniker=app-1}:consensus{height=2 round=0}: Received vote height=2 vote_height=2 address=02CB1B49DA09615BD4A12212C39378556D990DFD Prevote(height: 2, round: 0, value: b989910ef8c2e58d, from: 02CB1B49DA09615BD4A12212C39378556D990DFD)
2025-08-25T09:38:12.369606Z DEBUG node{moniker=app-1}:wal{height=2}: Wrote log entry type=Consensus(Vote) entry.size=118 
2025-08-25T09:38:12.369712Z DEBUG node{moniker=app-1}:consensus{height=2 round=0}: Transitioned to new step step.previous=Prevote step.new=Precommit
2025-08-25T09:38:12.377197Z  INFO node{moniker=app-1}:consensus{height=2 round=0}: Received vote height=2 vote_height=2 address=815F9FA61D7C4F1E4A9E30D40DCA1115BB48F759 Precommit(height: 2, round: 0, value: b989910ef8c2e58d, from: 815F9FA61D7C4F1E4A9E30D40DCA1115BB48F759)
2025-08-25T09:38:12.377299Z DEBUG node{moniker=app-1}:wal{height=2}: Wrote log entry type=Consensus(Vote) entry.size=120 
2025-08-25T09:38:12.377457Z DEBUG node{moniker=app-1}:consensus{height=2 round=0}: Transitioned to new step step.previous=Precommit step.new=Commit
2025-08-25T09:38:12.377464Z  INFO node{moniker=app-1}:consensus{height=2 round=0}: Decided round=0 height=2 value=b989910ef8c2e58d
2025-08-25T09:38:12.384715Z DEBUG node{moniker=app-1}:wal{height=2}: Flushed WAL to disk wal.entries=5 wal.size=1221
2025-08-25T09:38:12.384839Z DEBUG node{moniker=app-1}:sync{height.tip=1 height.sync=2}: Updating request state height.tip=2
2025-08-25T09:38:12.384905Z DEBUG node{moniker=app-1}:node{moniker=app-1}: metis-test:consensus-chan recv!!! msg:Decided { certificate: CommitCertificate { height: Height(2), round: Some(0), value_id: ValueId(13369376462315120013), commit_signatures: [CommitSignature { address: Address(02CB1B49DA09615BD4A12212C39378556D990DFD), signature: Signature(Signature { R_bytes: "ef82d61da19cf8ca124fe4faf99383c9cd84d5e05682421d6b1bd0f0a7909ec6", s_bytes: "6cc1c2f37e272d79bcc4270f07c9a547a39b8560ee7f1456688bd20ae74d6e0a" }) }, CommitSignature { address: Address(815F9FA61D7C4F1E4A9E30D40DCA1115BB48F759), signature: Signature(Signature { R_bytes: "8d7acb8dabaf4ea2c033bdd6fbfcc17414bef8d0cf1582aef5d16c116586d664", s_bytes: "56cf826d757696639233b82b72d501542abab691094ea8efd205f6c378d58603" }) }] }, extensions: VoteExtensions { extensions: [] }, reply: Sender { inner: Some(Inner { state: State { is_complete: false, is_closed: false, is_rx_task_set: true, is_tx_task_set: false } }) } }
2025-08-25T09:38:12.384929Z  INFO node{moniker=app-1}:node{moniker=app-1}: 🟢🟢 Consensus has decided on value height=2 round=0 value=b989910ef8c2e58d
2025-08-25T09:38:12.384996Z DEBUG node{moniker=app-1}:node{moniker=app-1}: 🎁 block size: 545, height: 2
2025-08-25T09:38:12.385005Z  INFO node{moniker=app-1}:node{moniker=app-1}: 👉 stats at height 2: #txs=0, txs/s=0.00, chain_bytes=1090, bytes/s=203.27
2025-08-25T09:38:12.385009Z DEBUG node{moniker=app-1}:node{moniker=app-1}: 🦄 Block at height 2 contains 0 transactions
2025-08-25T09:38:12.385628Z DEBUG node{moniker=app-1}:node{moniker=app-1}: 💡 New block added at height 2 with hash: 0x910f4234d15c8cc1f5555b018ae9f63d02e0acd7e77db7c6fe38713ed24c2d40
2025-08-25T09:38:12.385634Z DEBUG node{moniker=app-1}:node{moniker=app-1}: 🟠 set_latest_forkchoice_state: 0x910f4234d15c8cc1f5555b018ae9f63d02e0acd7e77db7c6fe38713ed24c2d40
2025-08-25T09:38:12.386317Z DEBUG node{moniker=app-1}:node{moniker=app-1}: ➡️ payload_status: PayloadStatus { status: Valid, latest_valid_hash: Some(0x910f4234d15c8cc1f5555b018ae9f63d02e0acd7e77db7c6fe38713ed24c2d40) }
2025-08-25T09:38:12.386324Z DEBUG node{moniker=app-1}:node{moniker=app-1}: 🚀 Forkchoice updated to height 2 for block hash=0x910f4234d15c8cc1f5555b018ae9f63d02e0acd7e77db7c6fe38713ed24c2d40 and latest_valid_hash=0x910f4234d15c8cc1f5555b018ae9f63d02e0acd7e77db7c6fe38713ed24c2d40
2025-08-25T09:38:12.386327Z  INFO node{moniker=app-1}:node{moniker=app-1}: Looking for certificate height=2 round=0
2025-08-25T09:38:12.391558Z  INFO node{moniker=app-1}:node{moniker=app-1}: Committed block_data[0..32]: fa9c21ebee7acff5e12b1d990249800767eff2f324fea202d69a39216cdd62e5
2025-08-25T09:38:12.403953Z DEBUG node{moniker=app-1}:wal{height=3}: Reset WAL height=3
2025-08-25T09:38:12.404016Z DEBUG node{moniker=app-1}:consensus{height=3 round=0}: No WAL entries to replay height=3
2025-08-25T09:38:12.404051Z  INFO node{moniker=app-1}:consensus{height=3 round=0}: Starting new height height=3
2025-08-25T09:38:12.404057Z  INFO node{moniker=app-1}:consensus{height=3 round=0}: Starting new round height=3 round=0 proposer=815F9FA61D7C4F1E4A9E30D40DCA1115BB48F759 role=Validator
2025-08-25T09:38:12.404084Z DEBUG node{moniker=app-1}:sync{height.tip=1 height.sync=2}: Starting new height height.tip=2 height.sync=3 restart=false
2025-08-25T09:38:12.404090Z DEBUG node{moniker=app-1}:sync{height.tip=1 height.sync=2}: No peer to request sync from height.sync=3
2025-08-25T09:38:12.407607Z DEBUG node{moniker=app-1}:wal{height=3}: Flushed WAL to disk wal.entries=0 wal.size=12
2025-08-25T09:38:12.407677Z DEBUG node{moniker=app-1}:node{moniker=app-1}: metis-test:consensus-chan recv!!! msg:StartedRound { height: Height(3), round: Some(0), proposer: Address(815F9FA61D7C4F1E4A9E30D40DCA1115BB48F759), role: Validator, reply_value: Sender { inner: Some(Inner { state: State { is_complete: false, is_closed: false, is_rx_task_set: false, is_tx_task_set: false } }) } }
2025-08-25T09:38:12.407690Z  INFO node{moniker=app-1}:node{moniker=app-1}: 🟢🟢 Started round height=3 round=0 proposer=815F9FA61D7C4F1E4A9E30D40DCA1115BB48F759 role=Validator
2025-08-25T09:38:12.407703Z ERROR node{moniker=app-1}:consensus{height=3 round=0}: Error when processing effect: Messaging(RecvErr)
2025-08-25T09:38:12.407722Z DEBUG node{moniker=app-1}:consensus{height=3 round=0}: Transitioned to new step step.previous=Unstarted step.new=Propose
2025-08-25T09:38:12.407727Z  INFO node{moniker=app-1}:consensus{height=3 round=0}: Scheduling timeout round=0 step=Propose
2025-08-25T09:38:12.407735Z DEBUG node{moniker=app-1}:consensus{height=3 round=0}: Replaying inputs count=0
2025-08-25T09:38:12.416646Z DEBUG node{moniker=app-1}:node{moniker=app-1}: metis-test:consensus-chan recv!!! msg:ReceivedProposalPart { from: PeerId("12D3KooWD4wDmZaWggpGH9ACLhNztqnBvszLRcmBLzZdKwDiWmYh"), part: StreamMessage { stream_id: StreamId(b"\0\0\0\0\0\0\0\x03\0\0\0\0\0\0\0\x01"), sequence: 0, content: Data(Init(ProposalInit { height: Height(3), round: Some(0), proposer: Address(815F9FA61D7C4F1E4A9E30D40DCA1115BB48F759) })) }, reply: Sender { inner: Some(Inner { state: State { is_complete: false, is_closed: false, is_rx_task_set: true, is_tx_task_set: false } }) } }
2025-08-25T09:38:12.416684Z  INFO node{moniker=app-1}:node{moniker=app-1}: Received proposal part from=12D3KooWD4wDmZaWggpGH9ACLhNztqnBvszLRcmBLzZdKwDiWmYh part.sequence=0 part.type=init part.size=28
2025-08-25T09:38:12.418068Z DEBUG node{moniker=app-1}:node{moniker=app-1}: metis-test:consensus-chan recv!!! msg:ReceivedProposalPart { from: PeerId("12D3KooWD4wDmZaWggpGH9ACLhNztqnBvszLRcmBLzZdKwDiWmYh"), part: StreamMessage { stream_id: StreamId(b"\0\0\0\0\0\0\0\x03\0\0\0\0\0\0\0\x01"), sequence: 1, content: Data(Data(ProposalData { bytes: "<...>", len: 545 })) }, reply: Sender { inner: Some(Inner { state: State { is_complete: false, is_closed: false, is_rx_task_set: true, is_tx_task_set: false } }) } }
2025-08-25T09:38:12.418090Z  INFO node{moniker=app-1}:node{moniker=app-1}: Received proposal part from=12D3KooWD4wDmZaWggpGH9ACLhNztqnBvszLRcmBLzZdKwDiWmYh part.sequence=1 part.type=data part.size=551
2025-08-25T09:38:12.418110Z DEBUG node{moniker=app-1}:node{moniker=app-1}: metis-test:consensus-chan recv!!! msg:ReceivedProposalPart { from: PeerId("12D3KooWD4wDmZaWggpGH9ACLhNztqnBvszLRcmBLzZdKwDiWmYh"), part: StreamMessage { stream_id: StreamId(b"\0\0\0\0\0\0\0\x03\0\0\0\0\0\0\0\x01"), sequence: 2, content: Data(Fin(ProposalFin { signature: Signature(Signature { R_bytes: "5c1b7eaf5ce72275a7329cb089ab460d221ef599c191ccf575134b3af3f407d3", s_bytes: "7529f21d2905a1fafd2cd0320af80ad2086ac08a9fbba240c7ed04aae88c5205" }) })) }, reply: Sender { inner: Some(Inner { state: State { is_complete: false, is_closed: false, is_rx_task_set: true, is_tx_task_set: false } }) } }
2025-08-25T09:38:12.418127Z  INFO node{moniker=app-1}:node{moniker=app-1}: Received proposal part from=12D3KooWD4wDmZaWggpGH9ACLhNztqnBvszLRcmBLzZdKwDiWmYh part.sequence=2 part.type=fin part.size=70
2025-08-25T09:38:12.418139Z DEBUG node{moniker=app-1}:node{moniker=app-1}: metis-test:consensus-chan recv!!! msg:ReceivedProposalPart { from: PeerId("12D3KooWD4wDmZaWggpGH9ACLhNztqnBvszLRcmBLzZdKwDiWmYh"), part: StreamMessage { stream_id: StreamId(b"\0\0\0\0\0\0\0\x03\0\0\0\0\0\0\0\x01"), sequence: 3, content: Fin }, reply: Sender { inner: Some(Inner { state: State { is_complete: false, is_closed: false, is_rx_task_set: true, is_tx_task_set: false } }) } }
2025-08-25T09:38:12.418148Z  INFO node{moniker=app-1}:node{moniker=app-1}: Received proposal part from=12D3KooWD4wDmZaWggpGH9ACLhNztqnBvszLRcmBLzZdKwDiWmYh part.sequence=3 part.type=end of stream part.size=0
2025-08-25T09:38:12.418350Z  INFO node{moniker=app-1}:node{moniker=app-1}: Proposal data[0..32]: 910f4234d15c8cc1f5555b018ae9f63d02e0acd7e77db7c6fe38713ed24c2d40, total_size: 545 bytes, id: d4676df18f5dceeb
2025-08-25T09:38:12.421029Z  INFO node{moniker=app-1}:consensus{height=3 round=0}: Received vote height=3 vote_height=3 address=815F9FA61D7C4F1E4A9E30D40DCA1115BB48F759 Prevote(height: 3, round: 0, value: d4676df18f5dceeb, from: 815F9FA61D7C4F1E4A9E30D40DCA1115BB48F759)
2025-08-25T09:38:12.428001Z DEBUG node{moniker=app-1}:wal{height=3}: Wrote log entry type=Consensus(Vote) entry.size=118 
2025-08-25T09:38:12.428270Z  INFO node{moniker=app-1}:consensus{height=3 round=0}: Received proposal consensus.height=3 proposal.height=3 proposal.round=0 proposer=815F9FA61D7C4F1E4A9E30D40DCA1115BB48F759 Proposal(height: 3, round: 0, pol_round: -1, value: d4676df18f5dceeb, from: 815F9FA61D7C4F1E4A9E30D40DCA1115BB48F759)
2025-08-25T09:38:12.428313Z DEBUG node{moniker=app-1}:node{moniker=app-1}: ✅ Received complete proposal: ProposedValue { height: Height(3), round: Some(0), valid_round: Nil, proposer: Address(815F9FA61D7C4F1E4A9E30D40DCA1115BB48F759), value: Value { value: 15305322742901755627, extensions: b"\x91\x0fB4\xd1\\\x8c\xc1\xf5U[\x01\x8a\xe9\xf6=\x02\xe0\xac\xd7\xe7}\xb7\xc6\xfe8q>\xd2L-@********************\xec&\xdf\x94B\xc5\xd4\xa0\xa0\xccSH\xc9`\x11[C\xda\x08\xc7\xae\xf6\xbeNL\xcc_\x13l\xa8\x92\xa6V\xe8\x1f\x17\x1b\xccU\xa6\xff\x83E\xe6\x92\xc0\xf8n[H\xe0\x1b\x99l\xad\xc0\x01b/\xb5\xe3c\xb4!\0\0\0\0\0\0\0\0\0\0\0\0\0\0\0\0\0\0\0\0\0\0\0\0\0\0\0\0\0\0\0\0\0\0\0\0\0\0\0\0\0\0\0\0\0\0\0\0\0\0\0\0\0\0\0\0\0\0\0\0\0\0\0\0\0\0\0\0\0\0\0\0\0\0\0\0\0\0\0\0\0\0\0\0\0\0\0\0\0\0\0\0\0\0\0\0\0\0\0\0\0\0\0\0\0\0\0\0\0\0\0\0\0\0\0\0\0\0\0\0\0\0\0\0\0\0\0\0\0\0\0\0\0\0\0\0\0\0\0\0\0\0\0\0\0\0\0\0\0\0\0\0\0\0\0\0\0\0\0\0\0\0\0\0\0\0\0\0\0\0\0\0\0\0\0\0\0\0\0\0\0\0\0\0\0\0\0\0\0\0\0\0\0\0\0\0\0\0\0\0\0\0\0\0\0\0\0\0\0\0\0\0\0\0\0\0\0\0\0\0\0\0\0\0\0\0\0\0\0\0\0\0\0\0\0\0\0\0\0\0\0\0\0\0\0\0\0\0\0\0\0\0\0\0\0\0\0\0\0\0\0\0\0\0\0\0\0\0\0\0\0\0\0\0\0\0\0\0\0\0\0\0\0\0\0\0\0\0\x03\0\0\0\0\0\0\0$\x1b\xcb\x01\0\0\0\0\0\0\0\0\0\0\0\0\x06/\xach\0\0\0\0\x10\x02\0\0S2\xee'\0\0\0\0\0\0\0\0\0\0\0\0\0\0\0\0\0\0\0\0\0\0\0\0\0\0\0\0\xe7\xf6@P\x97\xe2\x1ajm\xfbc\x1a\x9d\xf6\xefm\xccJ\x07\x9f\xf8\xc7\x97A\xe5W\x98\xca\x10\xcc\tv!\x02\0\0!\x02\0\0\0\0\0\0\0\0\0\0\0\0\0\0\0\0\0\0reth/v1.4.1/linux" }, validity: Valid }
2025-08-25T09:38:12.428639Z DEBUG node{moniker=app-1}:wal{height=3}: Wrote log entry type=Consensus(Proposal) entry.size=668 
2025-08-25T09:38:12.428686Z DEBUG node{moniker=app-1}:consensus{height=3 round=0}: No full proposal for this round yet, stored proposal for later proposal.height=3 proposal.round=0
2025-08-25T09:38:12.428721Z DEBUG node{moniker=app-1}:consensus{height=3 round=0}: We have a full proposal for this round, checking... proposal.height=3 proposal.round=0
2025-08-25T09:38:12.428741Z DEBUG node{moniker=app-1}:consensus{height=3 round=0}: Transitioned to new step step.previous=Propose step.new=Prevote
2025-08-25T09:38:12.428758Z  INFO node{moniker=app-1}:consensus{height=3 round=0}: Voting vote_type=Prevote value=d4676df18f5dceeb round=0
2025-08-25T09:38:12.428954Z  INFO node{moniker=app-1}:consensus{height=3 round=0}: Received vote height=3 vote_height=3 address=DE7BA2BE72D2225286133990FF5810B691A5261C Prevote(height: 3, round: 0, value: d4676df18f5dceeb, from: DE7BA2BE72D2225286133990FF5810B691A5261C)
2025-08-25T09:38:12.431384Z DEBUG node{moniker=app-1}:wal{height=3}: Wrote log entry type=Consensus(Vote) entry.size=118 
2025-08-25T09:38:12.431507Z DEBUG node{moniker=app-1}:consensus{height=3 round=0}: Transitioned to new step step.previous=Prevote step.new=Precommit
2025-08-25T09:38:12.431514Z  INFO node{moniker=app-1}:consensus{height=3 round=0}: Voting vote_type=Precommit value=d4676df18f5dceeb round=0
2025-08-25T09:38:12.431533Z DEBUG node{moniker=app-1}:node{moniker=app-1}: metis-test:consensus-chan recv!!! msg:ExtendVote { height: Height(3), round: Some(0), value_id: ValueId(15305322742901755627), reply: Sender { inner: Some(Inner { state: State { is_complete: false, is_closed: false, is_rx_task_set: true, is_tx_task_set: false } }) } }
2025-08-25T09:38:12.431710Z  INFO node{moniker=app-1}:consensus{height=3 round=0}: Received vote height=3 vote_height=3 address=DE7BA2BE72D2225286133990FF5810B691A5261C Precommit(height: 3, round: 0, value: d4676df18f5dceeb, from: DE7BA2BE72D2225286133990FF5810B691A5261C)
2025-08-25T09:38:12.431861Z DEBUG node{moniker=app-1}:wal{height=3}: Wrote log entry type=Consensus(Vote) entry.size=120 
2025-08-25T09:38:12.433222Z DEBUG node{moniker=app-1}:wal{height=3}: Flushed WAL to disk wal.entries=4 wal.size=1088
2025-08-25T09:38:12.433434Z DEBUG node{moniker=app-1}:network: Published message channel=/consensus size=111
2025-08-25T09:38:12.434510Z DEBUG node{moniker=app-1}:wal{height=3}: Flushed WAL to disk wal.entries=4 wal.size=1088
2025-08-25T09:38:12.434657Z DEBUG node{moniker=app-1}:network: Published message channel=/consensus size=109
2025-08-25T09:38:12.442265Z  INFO node{moniker=app-1}:consensus{height=3 round=0}: Received vote height=3 vote_height=3 address=815F9FA61D7C4F1E4A9E30D40DCA1115BB48F759 Precommit(height: 3, round: 0, value: d4676df18f5dceeb, from: 815F9FA61D7C4F1E4A9E30D40DCA1115BB48F759)
2025-08-25T09:38:12.444264Z DEBUG node{moniker=app-1}:wal{height=3}: Wrote log entry type=Consensus(Vote) entry.size=120 
2025-08-25T09:38:12.444343Z DEBUG node{moniker=app-1}:consensus{height=3 round=0}: Transitioned to new step step.previous=Precommit step.new=Commit
2025-08-25T09:38:12.444351Z  INFO node{moniker=app-1}:consensus{height=3 round=0}: Decided round=0 height=3 value=d4676df18f5dceeb
2025-08-25T09:38:12.448508Z DEBUG node{moniker=app-1}:wal{height=3}: Flushed WAL to disk wal.entries=5 wal.size=1221
2025-08-25T09:38:12.448583Z DEBUG node{moniker=app-1}:sync{height.tip=2 height.sync=3}: Updating request state height.tip=3
2025-08-25T09:38:12.448594Z DEBUG node{moniker=app-1}:node{moniker=app-1}: metis-test:consensus-chan recv!!! msg:Decided { certificate: CommitCertificate { height: Height(3), round: Some(0), value_id: ValueId(15305322742901755627), commit_signatures: [CommitSignature { address: Address(815F9FA61D7C4F1E4A9E30D40DCA1115BB48F759), signature: Signature(Signature { R_bytes: "bcba047953d3f75e91b6d6dc9d1c737e9b9faedfe6dc877393383380a437f340", s_bytes: "c9c2b9389ed0691def3da4fddf1aa3a031d40f4f3ceb41f856d1b9c655fd7403" }) }, CommitSignature { address: Address(DE7BA2BE72D2225286133990FF5810B691A5261C), signature: Signature(Signature { R_bytes: "09aa4bae72c5532408f9614cf8ce84fb41c664a3772cd7afe717d67a7f4efd51", s_bytes: "7c0efdbc12038e9bf436478f3552e346b8198fb8e19ea1faae62f3e470b0c303" }) }] }, extensions: VoteExtensions { extensions: [] }, reply: Sender { inner: Some(Inner { state: State { is_complete: false, is_closed: false, is_rx_task_set: true, is_tx_task_set: false } }) } }
2025-08-25T09:38:12.448610Z  INFO node{moniker=app-1}:node{moniker=app-1}: 🟢🟢 Consensus has decided on value height=3 round=0 value=d4676df18f5dceeb
2025-08-25T09:38:12.448682Z DEBUG node{moniker=app-1}:node{moniker=app-1}: 🎁 block size: 545, height: 3
2025-08-25T09:38:12.448690Z  INFO node{moniker=app-1}:node{moniker=app-1}: 👉 stats at height 3: #txs=0, txs/s=0.00, chain_bytes=1635, bytes/s=301.33
2025-08-25T09:38:12.448694Z DEBUG node{moniker=app-1}:node{moniker=app-1}: 🦄 Block at height 3 contains 0 transactions
2025-08-25T09:38:12.449340Z DEBUG node{moniker=app-1}:node{moniker=app-1}: 💡 New block added at height 3 with hash: 0xe7f6405097e21a6a6dfb631a9df6ef6dcc4a079ff8c79741e55798ca10cc0976
2025-08-25T09:38:12.449345Z DEBUG node{moniker=app-1}:node{moniker=app-1}: 🟠 set_latest_forkchoice_state: 0xe7f6405097e21a6a6dfb631a9df6ef6dcc4a079ff8c79741e55798ca10cc0976
2025-08-25T09:38:12.450058Z DEBUG node{moniker=app-1}:node{moniker=app-1}: ➡️ payload_status: PayloadStatus { status: Valid, latest_valid_hash: Some(0xe7f6405097e21a6a6dfb631a9df6ef6dcc4a079ff8c79741e55798ca10cc0976) }
2025-08-25T09:38:12.450065Z DEBUG node{moniker=app-1}:node{moniker=app-1}: 🚀 Forkchoice updated to height 3 for block hash=0xe7f6405097e21a6a6dfb631a9df6ef6dcc4a079ff8c79741e55798ca10cc0976 and latest_valid_hash=0xe7f6405097e21a6a6dfb631a9df6ef6dcc4a079ff8c79741e55798ca10cc0976
2025-08-25T09:38:12.450068Z  INFO node{moniker=app-1}:node{moniker=app-1}: Looking for certificate height=3 round=0
2025-08-25T09:38:12.455534Z  INFO node{moniker=app-1}:node{moniker=app-1}: Committed block_data[0..32]: 910f4234d15c8cc1f5555b018ae9f63d02e0acd7e77db7c6fe38713ed24c2d40
2025-08-25T09:38:12.469213Z DEBUG node{moniker=app-1}:wal{height=4}: Reset WAL height=4
2025-08-25T09:38:12.469277Z DEBUG node{moniker=app-1}:consensus{height=4 round=0}: No WAL entries to replay height=4
2025-08-25T09:38:12.469362Z  INFO node{moniker=app-1}:consensus{height=4 round=0}: Starting new height height=4
2025-08-25T09:38:12.469373Z  INFO node{moniker=app-1}:consensus{height=4 round=0}: Starting new round height=4 round=0 proposer=02CB1B49DA09615BD4A12212C39378556D990DFD role=Validator
2025-08-25T09:38:12.469406Z DEBUG node{moniker=app-1}:sync{height.tip=2 height.sync=3}: Starting new height height.tip=3 height.sync=4 restart=false
2025-08-25T09:38:12.469413Z DEBUG node{moniker=app-1}:sync{height.tip=2 height.sync=3}: No peer to request sync from height.sync=4
2025-08-25T09:38:12.473173Z DEBUG node{moniker=app-1}:wal{height=4}: Flushed WAL to disk wal.entries=0 wal.size=12
2025-08-25T09:38:12.473419Z DEBUG node{moniker=app-1}:node{moniker=app-1}: metis-test:consensus-chan recv!!! msg:StartedRound { height: Height(4), round: Some(0), proposer: Address(02CB1B49DA09615BD4A12212C39378556D990DFD), role: Validator, reply_value: Sender { inner: Some(Inner { state: State { is_complete: false, is_closed: false, is_rx_task_set: false, is_tx_task_set: false } }) } }
2025-08-25T09:38:12.473435Z  INFO node{moniker=app-1}:node{moniker=app-1}: 🟢🟢 Started round height=4 round=0 proposer=02CB1B49DA09615BD4A12212C39378556D990DFD role=Validator
2025-08-25T09:38:12.473449Z ERROR node{moniker=app-1}:consensus{height=4 round=0}: Error when processing effect: Messaging(RecvErr)
2025-08-25T09:38:12.473469Z DEBUG node{moniker=app-1}:consensus{height=4 round=0}: Transitioned to new step step.previous=Unstarted step.new=Propose
2025-08-25T09:38:12.473474Z  INFO node{moniker=app-1}:consensus{height=4 round=0}: Scheduling timeout round=0 step=Propose
2025-08-25T09:38:12.473483Z DEBUG node{moniker=app-1}:consensus{height=4 round=0}: Replaying inputs count=0
2025-08-25T09:38:12.493449Z DEBUG node{moniker=app-1}:node{moniker=app-1}: metis-test:consensus-chan recv!!! msg:ReceivedProposalPart { from: PeerId("12D3KooWR2Quwt2G6MyT6WQkUdfS8nHZu7XcPotkmbhuEoqc94oJ"), part: StreamMessage { stream_id: StreamId(b"\0\0\0\0\0\0\0\x04\0\0\0\0\0\0\0\x01"), sequence: 0, content: Data(Init(ProposalInit { height: Height(4), round: Some(0), proposer: Address(02CB1B49DA09615BD4A12212C39378556D990DFD) })) }, reply: Sender { inner: Some(Inner { state: State { is_complete: false, is_closed: false, is_rx_task_set: true, is_tx_task_set: false } }) } }
2025-08-25T09:38:12.493488Z  INFO node{moniker=app-1}:node{moniker=app-1}: Received proposal part from=12D3KooWR2Quwt2G6MyT6WQkUdfS8nHZu7XcPotkmbhuEoqc94oJ part.sequence=0 part.type=init part.size=28
2025-08-25T09:38:12.494120Z DEBUG node{moniker=app-1}:node{moniker=app-1}: metis-test:consensus-chan recv!!! msg:ReceivedProposalPart { from: PeerId("12D3KooWR2Quwt2G6MyT6WQkUdfS8nHZu7XcPotkmbhuEoqc94oJ"), part: StreamMessage { stream_id: StreamId(b"\0\0\0\0\0\0\0\x04\0\0\0\0\0\0\0\x01"), sequence: 1, content: Data(Data(ProposalData { bytes: "<...>", len: 545 })) }, reply: Sender { inner: Some(Inner { state: State { is_complete: false, is_closed: false, is_rx_task_set: true, is_tx_task_set: false } }) } }
2025-08-25T09:38:12.494140Z  INFO node{moniker=app-1}:node{moniker=app-1}: Received proposal part from=12D3KooWR2Quwt2G6MyT6WQkUdfS8nHZu7XcPotkmbhuEoqc94oJ part.sequence=1 part.type=data part.size=551
2025-08-25T09:38:12.494154Z DEBUG node{moniker=app-1}:node{moniker=app-1}: metis-test:consensus-chan recv!!! msg:ReceivedProposalPart { from: PeerId("12D3KooWR2Quwt2G6MyT6WQkUdfS8nHZu7XcPotkmbhuEoqc94oJ"), part: StreamMessage { stream_id: StreamId(b"\0\0\0\0\0\0\0\x04\0\0\0\0\0\0\0\x01"), sequence: 2, content: Data(Fin(ProposalFin { signature: Signature(Signature { R_bytes: "00ae77521658ebc671dd02f10446a406c03be8d0a10ab4b98488ddd01f94141b", s_bytes: "26d1da3035c1266ca581d9ead181d9ee15b13746f5b62a441719a0d0ed30490c" }) })) }, reply: Sender { inner: Some(Inner { state: State { is_complete: false, is_closed: false, is_rx_task_set: true, is_tx_task_set: false } }) } }
2025-08-25T09:38:12.494166Z  INFO node{moniker=app-1}:node{moniker=app-1}: Received proposal part from=12D3KooWR2Quwt2G6MyT6WQkUdfS8nHZu7XcPotkmbhuEoqc94oJ part.sequence=2 part.type=fin part.size=70
2025-08-25T09:38:12.494566Z DEBUG node{moniker=app-1}:node{moniker=app-1}: metis-test:consensus-chan recv!!! msg:ReceivedProposalPart { from: PeerId("12D3KooWR2Quwt2G6MyT6WQkUdfS8nHZu7XcPotkmbhuEoqc94oJ"), part: StreamMessage { stream_id: StreamId(b"\0\0\0\0\0\0\0\x04\0\0\0\0\0\0\0\x01"), sequence: 3, content: Fin }, reply: Sender { inner: Some(Inner { state: State { is_complete: false, is_closed: false, is_rx_task_set: true, is_tx_task_set: false } }) } }
2025-08-25T09:38:12.494579Z  INFO node{moniker=app-1}:node{moniker=app-1}: Received proposal part from=12D3KooWR2Quwt2G6MyT6WQkUdfS8nHZu7XcPotkmbhuEoqc94oJ part.sequence=3 part.type=end of stream part.size=0
2025-08-25T09:38:12.494750Z  INFO node{moniker=app-1}:node{moniker=app-1}: Proposal data[0..32]: e7f6405097e21a6a6dfb631a9df6ef6dcc4a079ff8c79741e55798ca10cc0976, total_size: 545 bytes, id: c0515b9796c40be5
2025-08-25T09:38:12.497064Z  INFO node{moniker=app-1}:consensus{height=4 round=0}: Received vote height=4 vote_height=4 address=02CB1B49DA09615BD4A12212C39378556D990DFD Prevote(height: 4, round: 0, value: c0515b9796c40be5, from: 02CB1B49DA09615BD4A12212C39378556D990DFD)
2025-08-25T09:38:12.500541Z DEBUG node{moniker=app-1}:wal{height=4}: Wrote log entry type=Consensus(Vote) entry.size=118 
2025-08-25T09:38:12.502315Z  INFO node{moniker=app-1}:consensus{height=4 round=0}: Received proposal consensus.height=4 proposal.height=4 proposal.round=0 proposer=02CB1B49DA09615BD4A12212C39378556D990DFD Proposal(height: 4, round: 0, pol_round: -1, value: c0515b9796c40be5, from: 02CB1B49DA09615BD4A12212C39378556D990DFD)
2025-08-25T09:38:12.503600Z DEBUG node{moniker=app-1}:wal{height=4}: Wrote log entry type=Consensus(Proposal) entry.size=668 
2025-08-25T09:38:12.503686Z DEBUG node{moniker=app-1}:node{moniker=app-1}: ✅ Received complete proposal: ProposedValue { height: Height(4), round: Some(0), valid_round: Nil, proposer: Address(02CB1B49DA09615BD4A12212C39378556D990DFD), value: Value { value: 13857958235023346661, extensions: b"\xe7\xf6@P\x97\xe2\x1ajm\xfbc\x1a\x9d\xf6\xefm\xccJ\x07\x9f\xf8\xc7\x97A\xe5W\x98\xca\x10\xcc\tv********************\xec&\xdf\x94B\xc5\xd4\xa0\xa0\xccSH\xc9`\x11[C\xda\x08\xc7\xae\xf6\xbeNL\xcc_\x13l\xa8\x92\xa6V\xe8\x1f\x17\x1b\xccU\xa6\xff\x83E\xe6\x92\xc0\xf8n[H\xe0\x1b\x99l\xad\xc0\x01b/\xb5\xe3c\xb4!\0\0\0\0\0\0\0\0\0\0\0\0\0\0\0\0\0\0\0\0\0\0\0\0\0\0\0\0\0\0\0\0\0\0\0\0\0\0\0\0\0\0\0\0\0\0\0\0\0\0\0\0\0\0\0\0\0\0\0\0\0\0\0\0\0\0\0\0\0\0\0\0\0\0\0\0\0\0\0\0\0\0\0\0\0\0\0\0\0\0\0\0\0\0\0\0\0\0\0\0\0\0\0\0\0\0\0\0\0\0\0\0\0\0\0\0\0\0\0\0\0\0\0\0\0\0\0\0\0\0\0\0\0\0\0\0\0\0\0\0\0\0\0\0\0\0\0\0\0\0\0\0\0\0\0\0\0\0\0\0\0\0\0\0\0\0\0\0\0\0\0\0\0\0\0\0\0\0\0\0\0\0\0\0\0\0\0\0\0\0\0\0\0\0\0\0\0\0\0\0\0\0\0\0\0\0\0\0\0\0\0\0\0\0\0\0\0\0\0\0\0\0\0\0\0\0\0\0\0\0\0\0\0\0\0\0\0\0\0\0\0\0\0\0\0\0\0\0\0\0\0\0\0\0\0\0\0\0\0\0\0\0\0\0\0\0\0\0\0\0\0\0\0\0\0\0\0\0\0\0\0\0\0\0\0\0\0\0\x04\0\0\0\0\0\0\0\xe9\x8d\xcb\x01\0\0\0\0\0\0\0\0\0\0\0\0\x07/\xach\0\0\0\0\x10\x02\0\0\tl\xf0\"\0\0\0\0\0\0\0\0\0\0\0\0\0\0\0\0\0\0\0\0\0\0\0\0\0\0\0\0\x88\x8fN@Cv\xf4\xe6{\"\xc2\x01\x9c[\xa9\xcc\x84\xda\xb6U_^\xfc\x8f5\xe1d\xd5\xc0\xc6\xd93!\x02\0\0!\x02\0\0\0\0\0\0\0\0\0\0\0\0\0\0\0\0\0\0reth/v1.4.1/linux" }, validity: Valid }
2025-08-25T09:38:12.503789Z DEBUG node{moniker=app-1}:consensus{height=4 round=0}: No full proposal for this round yet, stored proposal for later proposal.height=4 proposal.round=0
2025-08-25T09:38:12.503832Z DEBUG node{moniker=app-1}:consensus{height=4 round=0}: We have a full proposal for this round, checking... proposal.height=4 proposal.round=0
2025-08-25T09:38:12.503869Z DEBUG node{moniker=app-1}:consensus{height=4 round=0}: Transitioned to new step step.previous=Propose step.new=Prevote
2025-08-25T09:38:12.503886Z  INFO node{moniker=app-1}:consensus{height=4 round=0}: Voting vote_type=Prevote value=c0515b9796c40be5 round=0
2025-08-25T09:38:12.504293Z  INFO node{moniker=app-1}:consensus{height=4 round=0}: Received vote height=4 vote_height=4 address=DE7BA2BE72D2225286133990FF5810B691A5261C Prevote(height: 4, round: 0, value: c0515b9796c40be5, from: DE7BA2BE72D2225286133990FF5810B691A5261C)
2025-08-25T09:38:12.504384Z DEBUG node{moniker=app-1}:wal{height=4}: Wrote log entry type=Consensus(Vote) entry.size=118 
2025-08-25T09:38:12.504473Z DEBUG node{moniker=app-1}:consensus{height=4 round=0}: Transitioned to new step step.previous=Prevote step.new=Precommit
2025-08-25T09:38:12.504480Z  INFO node{moniker=app-1}:consensus{height=4 round=0}: Voting vote_type=Precommit value=c0515b9796c40be5 round=0
2025-08-25T09:38:12.504497Z DEBUG node{moniker=app-1}:node{moniker=app-1}: metis-test:consensus-chan recv!!! msg:ExtendVote { height: Height(4), round: Some(0), value_id: ValueId(13857958235023346661), reply: Sender { inner: Some(Inner { state: State { is_complete: false, is_closed: false, is_rx_task_set: true, is_tx_task_set: false } }) } }
2025-08-25T09:38:12.504661Z  INFO node{moniker=app-1}:consensus{height=4 round=0}: Received vote height=4 vote_height=4 address=DE7BA2BE72D2225286133990FF5810B691A5261C Precommit(height: 4, round: 0, value: c0515b9796c40be5, from: DE7BA2BE72D2225286133990FF5810B691A5261C)
2025-08-25T09:38:12.504737Z DEBUG node{moniker=app-1}:wal{height=4}: Wrote log entry type=Consensus(Vote) entry.size=120 
2025-08-25T09:38:12.507572Z DEBUG node{moniker=app-1}:wal{height=4}: Flushed WAL to disk wal.entries=4 wal.size=1088
2025-08-25T09:38:12.507861Z DEBUG node{moniker=app-1}:network: Published message channel=/consensus size=111
2025-08-25T09:38:12.510419Z DEBUG node{moniker=app-1}:wal{height=4}: Flushed WAL to disk wal.entries=4 wal.size=1088
2025-08-25T09:38:12.510829Z DEBUG node{moniker=app-1}:network: Published message channel=/consensus size=109
2025-08-25T09:38:12.519777Z  INFO node{moniker=app-1}:consensus{height=4 round=0}: Received vote height=4 vote_height=4 address=02CB1B49DA09615BD4A12212C39378556D990DFD Precommit(height: 4, round: 0, value: c0515b9796c40be5, from: 02CB1B49DA09615BD4A12212C39378556D990DFD)
2025-08-25T09:38:12.519934Z DEBUG node{moniker=app-1}:wal{height=4}: Wrote log entry type=Consensus(Vote) entry.size=120 
2025-08-25T09:38:12.520041Z DEBUG node{moniker=app-1}:consensus{height=4 round=0}: Transitioned to new step step.previous=Precommit step.new=Commit
2025-08-25T09:38:12.520050Z  INFO node{moniker=app-1}:consensus{height=4 round=0}: Decided round=0 height=4 value=c0515b9796c40be5
2025-08-25T09:38:12.526187Z DEBUG node{moniker=app-1}:wal{height=4}: Flushed WAL to disk wal.entries=5 wal.size=1221
2025-08-25T09:38:12.526293Z DEBUG node{moniker=app-1}:sync{height.tip=3 height.sync=4}: Updating request state height.tip=4
2025-08-25T09:38:12.526307Z DEBUG node{moniker=app-1}:node{moniker=app-1}: metis-test:consensus-chan recv!!! msg:Decided { certificate: CommitCertificate { height: Height(4), round: Some(0), value_id: ValueId(13857958235023346661), commit_signatures: [CommitSignature { address: Address(02CB1B49DA09615BD4A12212C39378556D990DFD), signature: Signature(Signature { R_bytes: "7e91502f93fc5dff7cd068d1f6933004e0dff24cd180c4b36753bfa5b7ac69d2", s_bytes: "48359093aa3417a8846ee1a6bffb7d032e8b072d710bc4e53f02ebcb15a2ca02" }) }, CommitSignature { address: Address(DE7BA2BE72D2225286133990FF5810B691A5261C), signature: Signature(Signature { R_bytes: "ab09aad4f401e4e5bf5beb5aa1d66cdcc980d193104d8846521eb6ea6baadf1b", s_bytes: "4f3e50d5d105d47e9ee24d848e927d35fa89c2f6da73754aca27dcb3487bda00" }) }] }, extensions: VoteExtensions { extensions: [] }, reply: Sender { inner: Some(Inner { state: State { is_complete: false, is_closed: false, is_rx_task_set: true, is_tx_task_set: false } }) } }
2025-08-25T09:38:12.526326Z  INFO node{moniker=app-1}:node{moniker=app-1}: 🟢🟢 Consensus has decided on value height=4 round=0 value=c0515b9796c40be5
2025-08-25T09:38:12.526382Z DEBUG node{moniker=app-1}:node{moniker=app-1}: 🎁 block size: 545, height: 4
2025-08-25T09:38:12.526391Z  INFO node{moniker=app-1}:node{moniker=app-1}: 👉 stats at height 4: #txs=0, txs/s=0.00, chain_bytes=2180, bytes/s=396.10
2025-08-25T09:38:12.526395Z DEBUG node{moniker=app-1}:node{moniker=app-1}: 🦄 Block at height 4 contains 0 transactions
2025-08-25T09:38:12.527105Z DEBUG node{moniker=app-1}:node{moniker=app-1}: 💡 New block added at height 4 with hash: 0x888f4e404376f4e67b22c2019c5ba9cc84dab6555f5efc8f35e164d5c0c6d933
2025-08-25T09:38:12.527110Z DEBUG node{moniker=app-1}:node{moniker=app-1}: 🟠 set_latest_forkchoice_state: 0x888f4e404376f4e67b22c2019c5ba9cc84dab6555f5efc8f35e164d5c0c6d933
2025-08-25T09:38:12.527537Z DEBUG node{moniker=app-1}:node{moniker=app-1}: ➡️ payload_status: PayloadStatus { status: Valid, latest_valid_hash: Some(0x888f4e404376f4e67b22c2019c5ba9cc84dab6555f5efc8f35e164d5c0c6d933) }
2025-08-25T09:38:12.527542Z DEBUG node{moniker=app-1}:node{moniker=app-1}: 🚀 Forkchoice updated to height 4 for block hash=0x888f4e404376f4e67b22c2019c5ba9cc84dab6555f5efc8f35e164d5c0c6d933 and latest_valid_hash=0x888f4e404376f4e67b22c2019c5ba9cc84dab6555f5efc8f35e164d5c0c6d933
2025-08-25T09:38:12.527545Z  INFO node{moniker=app-1}:node{moniker=app-1}: Looking for certificate height=4 round=0
2025-08-25T09:38:12.536144Z  INFO node{moniker=app-1}:node{moniker=app-1}: Committed block_data[0..32]: e7f6405097e21a6a6dfb631a9df6ef6dcc4a079ff8c79741e55798ca10cc0976
2025-08-25T09:38:12.556455Z DEBUG node{moniker=app-1}:wal{height=5}: Reset WAL height=5
2025-08-25T09:38:12.556534Z DEBUG node{moniker=app-1}:consensus{height=5 round=0}: No WAL entries to replay height=5
2025-08-25T09:38:12.556568Z  INFO node{moniker=app-1}:consensus{height=5 round=0}: Starting new height height=5
2025-08-25T09:38:12.556575Z  INFO node{moniker=app-1}:consensus{height=5 round=0}: Starting new round height=5 round=0 proposer=02CB1B49DA09615BD4A12212C39378556D990DFD role=None
2025-08-25T09:38:12.556602Z DEBUG node{moniker=app-1}:sync{height.tip=3 height.sync=4}: Starting new height height.tip=4 height.sync=5 restart=false
2025-08-25T09:38:12.556607Z DEBUG node{moniker=app-1}:sync{height.tip=3 height.sync=4}: No peer to request sync from height.sync=5
2025-08-25T09:38:12.559184Z DEBUG node{moniker=app-1}:wal{height=5}: Flushed WAL to disk wal.entries=0 wal.size=12
2025-08-25T09:38:12.559252Z DEBUG node{moniker=app-1}:node{moniker=app-1}: metis-test:consensus-chan recv!!! msg:StartedRound { height: Height(5), round: Some(0), proposer: Address(02CB1B49DA09615BD4A12212C39378556D990DFD), role: None, reply_value: Sender { inner: Some(Inner { state: State { is_complete: false, is_closed: false, is_rx_task_set: false, is_tx_task_set: false } }) } }
2025-08-25T09:38:12.559268Z  INFO node{moniker=app-1}:node{moniker=app-1}: 🟢🟢 Started round height=5 round=0 proposer=02CB1B49DA09615BD4A12212C39378556D990DFD role=None
2025-08-25T09:38:12.559283Z ERROR node{moniker=app-1}:consensus{height=5 round=0}: Error when processing effect: Messaging(RecvErr)
2025-08-25T09:38:12.559300Z DEBUG node{moniker=app-1}:consensus{height=5 round=0}: Transitioned to new step step.previous=Unstarted step.new=Propose
2025-08-25T09:38:12.559306Z  INFO node{moniker=app-1}:consensus{height=5 round=0}: Scheduling timeout round=0 step=Propose
2025-08-25T09:38:12.559315Z DEBUG node{moniker=app-1}:consensus{height=5 round=0}: Replaying inputs count=0
2025-08-25T09:38:12.563579Z DEBUG node{moniker=app-1}:node{moniker=app-1}: metis-test:consensus-chan recv!!! msg:ReceivedProposalPart { from: PeerId("12D3KooWR2Quwt2G6MyT6WQkUdfS8nHZu7XcPotkmbhuEoqc94oJ"), part: StreamMessage { stream_id: StreamId(b"\0\0\0\0\0\0\0\x05\0\0\0\0\0\0\0\x02"), sequence: 0, content: Data(Init(ProposalInit { height: Height(5), round: Some(0), proposer: Address(02CB1B49DA09615BD4A12212C39378556D990DFD) })) }, reply: Sender { inner: Some(Inner { state: State { is_complete: false, is_closed: false, is_rx_task_set: true, is_tx_task_set: false } }) } }
2025-08-25T09:38:12.563618Z  INFO node{moniker=app-1}:node{moniker=app-1}: Received proposal part from=12D3KooWR2Quwt2G6MyT6WQkUdfS8nHZu7XcPotkmbhuEoqc94oJ part.sequence=0 part.type=init part.size=28
2025-08-25T09:38:12.564370Z DEBUG node{moniker=app-1}:node{moniker=app-1}: metis-test:consensus-chan recv!!! msg:ReceivedProposalPart { from: PeerId("12D3KooWR2Quwt2G6MyT6WQkUdfS8nHZu7XcPotkmbhuEoqc94oJ"), part: StreamMessage { stream_id: StreamId(b"\0\0\0\0\0\0\0\x05\0\0\0\0\0\0\0\x02"), sequence: 1, content: Data(Data(ProposalData { bytes: "<...>", len: 545 })) }, reply: Sender { inner: Some(Inner { state: State { is_complete: false, is_closed: false, is_rx_task_set: true, is_tx_task_set: false } }) } }
2025-08-25T09:38:12.564391Z  INFO node{moniker=app-1}:node{moniker=app-1}: Received proposal part from=12D3KooWR2Quwt2G6MyT6WQkUdfS8nHZu7XcPotkmbhuEoqc94oJ part.sequence=1 part.type=data part.size=551
2025-08-25T09:38:12.565131Z DEBUG node{moniker=app-1}:node{moniker=app-1}: metis-test:consensus-chan recv!!! msg:ReceivedProposalPart { from: PeerId("12D3KooWR2Quwt2G6MyT6WQkUdfS8nHZu7XcPotkmbhuEoqc94oJ"), part: StreamMessage { stream_id: StreamId(b"\0\0\0\0\0\0\0\x05\0\0\0\0\0\0\0\x02"), sequence: 2, content: Data(Fin(ProposalFin { signature: Signature(Signature { R_bytes: "31f8b47527d3f4fefd5a37d8233594a574686ebb975f863b459bd2f14bf92dd8", s_bytes: "ee1bda26db7d9e55636e7522affb6a700920669b2ddd5e5301f4261c49c0a205" }) })) }, reply: Sender { inner: Some(Inner { state: State { is_complete: false, is_closed: false, is_rx_task_set: true, is_tx_task_set: false } }) } }
2025-08-25T09:38:12.565154Z  INFO node{moniker=app-1}:node{moniker=app-1}: Received proposal part from=12D3KooWR2Quwt2G6MyT6WQkUdfS8nHZu7XcPotkmbhuEoqc94oJ part.sequence=2 part.type=fin part.size=70
2025-08-25T09:38:12.565174Z DEBUG node{moniker=app-1}:node{moniker=app-1}: metis-test:consensus-chan recv!!! msg:ReceivedProposalPart { from: PeerId("12D3KooWR2Quwt2G6MyT6WQkUdfS8nHZu7XcPotkmbhuEoqc94oJ"), part: StreamMessage { stream_id: StreamId(b"\0\0\0\0\0\0\0\x05\0\0\0\0\0\0\0\x02"), sequence: 3, content: Fin }, reply: Sender { inner: Some(Inner { state: State { is_complete: false, is_closed: false, is_rx_task_set: true, is_tx_task_set: false } }) } }
2025-08-25T09:38:12.565187Z  INFO node{moniker=app-1}:node{moniker=app-1}: Received proposal part from=12D3KooWR2Quwt2G6MyT6WQkUdfS8nHZu7XcPotkmbhuEoqc94oJ part.sequence=3 part.type=end of stream part.size=0
2025-08-25T09:38:12.565457Z  INFO node{moniker=app-1}:node{moniker=app-1}: Proposal data[0..32]: 888f4e404376f4e67b22c2019c5ba9cc84dab6555f5efc8f35e164d5c0c6d933, total_size: 545 bytes, id: c8e12c4fcce64f32
2025-08-25T09:38:12.570002Z  INFO node{moniker=app-1}:consensus{height=5 round=0}: Received vote height=5 vote_height=5 address=02CB1B49DA09615BD4A12212C39378556D990DFD Prevote(height: 5, round: 0, value: c8e12c4fcce64f32, from: 02CB1B49DA09615BD4A12212C39378556D990DFD)
2025-08-25T09:38:12.579448Z DEBUG node{moniker=app-1}:node{moniker=app-1}: ✅ Received complete proposal: ProposedValue { height: Height(5), round: Some(0), valid_round: Nil, proposer: Address(02CB1B49DA09615BD4A12212C39378556D990DFD), value: Value { value: 14474899398597168946, extensions: b"\x88\x8fN@Cv\xf4\xe6{\"\xc2\x01\x9c[\xa9\xcc\x84\xda\xb6U_^\xfc\x8f5\xe1d\xd5\xc0\xc6\xd93********************\xec&\xdf\x94B\xc5\xd4\xa0\xa0\xccSH\xc9`\x11[C\xda\x08\xc7\xae\xf6\xbeNL\xcc_\x13l\xa8\x92\xa6V\xe8\x1f\x17\x1b\xccU\xa6\xff\x83E\xe6\x92\xc0\xf8n[H\xe0\x1b\x99l\xad\xc0\x01b/\xb5\xe3c\xb4!\0\0\0\0\0\0\0\0\0\0\0\0\0\0\0\0\0\0\0\0\0\0\0\0\0\0\0\0\0\0\0\0\0\0\0\0\0\0\0\0\0\0\0\0\0\0\0\0\0\0\0\0\0\0\0\0\0\0\0\0\0\0\0\0\0\0\0\0\0\0\0\0\0\0\0\0\0\0\0\0\0\0\0\0\0\0\0\0\0\0\0\0\0\0\0\0\0\0\0\0\0\0\0\0\0\0\0\0\0\0\0\0\0\0\0\0\0\0\0\0\0\0\0\0\0\0\0\0\0\0\0\0\0\0\0\0\0\0\0\0\0\0\0\0\0\0\0\0\0\0\0\0\0\0\0\0\0\0\0\0\0\0\0\0\0\0\0\0\0\0\0\0\0\0\0\0\0\0\0\0\0\0\0\0\0\0\0\0\0\0\0\0\0\0\0\0\0\0\0\0\0\0\0\0\0\0\0\0\0\0\0\0\0\0\0\0\0\0\0\0\0\0\0\0\0\0\0\0\0\0\0\0\0\0\0\0\0\0\0\0\0\0\0\0\0\0\0\0\0\0\0\0\0\0\0\0\0\0\0\0\0\0\0\0\0\0\0\0\0\0\0\0\0\0\0\0\0\0\0\0\0\0\0\0\0\0\0\0\x05\0\0\0\0\0\0\0\xcb\0\xcc\x01\0\0\0\0\0\0\0\0\0\0\0\0\x08/\xach\0\0\0\0\x10\x02\0\0\x88^\x92\x1e\0\0\0\0\0\0\0\0\0\0\0\0\0\0\0\0\0\0\0\0\0\0\0\0\0\0\0\0\x0b\x8ftg\x96\x1d\xb4\xf5+\xe5:\x1a\xfb\xb6\r\x90\x99j\xff\xfcM;\xdf\xab_\xc6\xdbi\xceQ\xf5\xec!\x02\0\0!\x02\0\0\0\0\0\0\0\0\0\0\0\0\0\0\0\0\0\0reth/v1.4.1/linux" }, validity: Valid }
2025-08-25T09:38:12.582451Z DEBUG node{moniker=app-1}:wal{height=5}: Wrote log entry type=Consensus(Vote) entry.size=118 
2025-08-25T09:38:12.582688Z  INFO node{moniker=app-1}:consensus{height=5 round=0}: Received proposal consensus.height=5 proposal.height=5 proposal.round=0 proposer=02CB1B49DA09615BD4A12212C39378556D990DFD Proposal(height: 5, round: 0, pol_round: -1, value: c8e12c4fcce64f32, from: 02CB1B49DA09615BD4A12212C39378556D990DFD)
2025-08-25T09:38:12.582769Z DEBUG node{moniker=app-1}:wal{height=5}: Wrote log entry type=Consensus(Proposal) entry.size=668 
2025-08-25T09:38:12.582788Z DEBUG node{moniker=app-1}:consensus{height=5 round=0}: No full proposal for this round yet, stored proposal for later proposal.height=5 proposal.round=0
2025-08-25T09:38:12.582808Z DEBUG node{moniker=app-1}:consensus{height=5 round=0}: We have a full proposal for this round, checking... proposal.height=5 proposal.round=0
2025-08-25T09:38:12.582819Z DEBUG node{moniker=app-1}:consensus{height=5 round=0}: Transitioned to new step step.previous=Propose step.new=Prevote
2025-08-25T09:38:12.589404Z  INFO node{moniker=app-1}:consensus{height=5 round=0}: Received vote height=5 vote_height=5 address=815F9FA61D7C4F1E4A9E30D40DCA1115BB48F759 Precommit(height: 5, round: 0, value: c8e12c4fcce64f32, from: 815F9FA61D7C4F1E4A9E30D40DCA1115BB48F759)
2025-08-25T09:38:12.591568Z DEBUG node{moniker=app-1}:wal{height=5}: Wrote log entry type=Consensus(Vote) entry.size=120 
2025-08-25T09:38:12.592306Z  INFO node{moniker=app-1}:consensus{height=5 round=0}: Received vote height=5 vote_height=5 address=815F9FA61D7C4F1E4A9E30D40DCA1115BB48F759 Prevote(height: 5, round: 0, value: c8e12c4fcce64f32, from: 815F9FA61D7C4F1E4A9E30D40DCA1115BB48F759)
2025-08-25T09:38:12.592403Z DEBUG node{moniker=app-1}:wal{height=5}: Wrote log entry type=Consensus(Vote) entry.size=118 
2025-08-25T09:38:12.592502Z DEBUG node{moniker=app-1}:consensus{height=5 round=0}: Transitioned to new step step.previous=Prevote step.new=Precommit
2025-08-25T09:38:12.598833Z  INFO node{moniker=app-1}:consensus{height=5 round=0}: Received vote height=5 vote_height=5 address=02CB1B49DA09615BD4A12212C39378556D990DFD Precommit(height: 5, round: 0, value: c8e12c4fcce64f32, from: 02CB1B49DA09615BD4A12212C39378556D990DFD)
2025-08-25T09:38:12.599011Z DEBUG node{moniker=app-1}:wal{height=5}: Wrote log entry type=Consensus(Vote) entry.size=120 
2025-08-25T09:38:12.599055Z DEBUG node{moniker=app-1}:consensus{height=5 round=0}: Transitioned to new step step.previous=Precommit step.new=Commit
2025-08-25T09:38:12.599061Z  INFO node{moniker=app-1}:consensus{height=5 round=0}: Decided round=0 height=5 value=c8e12c4fcce64f32
2025-08-25T09:38:12.602798Z DEBUG node{moniker=app-1}:wal{height=5}: Flushed WAL to disk wal.entries=5 wal.size=1221
2025-08-25T09:38:12.602902Z DEBUG node{moniker=app-1}:sync{height.tip=4 height.sync=5}: Updating request state height.tip=5
2025-08-25T09:38:12.602917Z DEBUG node{moniker=app-1}:node{moniker=app-1}: metis-test:consensus-chan recv!!! msg:Decided { certificate: CommitCertificate { height: Height(5), round: Some(0), value_id: ValueId(14474899398597168946), commit_signatures: [CommitSignature { address: Address(02CB1B49DA09615BD4A12212C39378556D990DFD), signature: Signature(Signature { R_bytes: "9c2978772a22ec6a4a11231393b230301ddfec097b072c451dc2780c1229f806", s_bytes: "e5ceba00dfedf0e3ddc7c604e5668a9973a9059480a5f9b41d65c6e76ece910a" }) }, CommitSignature { address: Address(815F9FA61D7C4F1E4A9E30D40DCA1115BB48F759), signature: Signature(Signature { R_bytes: "ac29d119b3d38260e7359b233db32fbae971154f40cc9801a7f7c51b13b076ad", s_bytes: "1e00707685553a42d9f081fb104c6132e207d6d1632af0fae80304a2dbdc750d" }) }] }, extensions: VoteExtensions { extensions: [] }, reply: Sender { inner: Some(Inner { state: State { is_complete: false, is_closed: false, is_rx_task_set: true, is_tx_task_set: false } }) } }
2025-08-25T09:38:12.602937Z  INFO node{moniker=app-1}:node{moniker=app-1}: 🟢🟢 Consensus has decided on value height=5 round=0 value=c8e12c4fcce64f32
2025-08-25T09:38:12.603136Z DEBUG node{moniker=app-1}:node{moniker=app-1}: 🎁 block size: 545, height: 5
2025-08-25T09:38:12.603148Z  INFO node{moniker=app-1}:node{moniker=app-1}: 👉 stats at height 5: #txs=0, txs/s=0.00, chain_bytes=2725, bytes/s=488.32
2025-08-25T09:38:12.603154Z DEBUG node{moniker=app-1}:node{moniker=app-1}: 🦄 Block at height 5 contains 0 transactions
2025-08-25T09:38:12.607020Z DEBUG node{moniker=app-1}:node{moniker=app-1}: 💡 New block added at height 5 with hash: 0x0b8f7467961db4f52be53a1afbb60d90996afffc4d3bdfab5fc6db69ce51f5ec
2025-08-25T09:38:12.607038Z DEBUG node{moniker=app-1}:node{moniker=app-1}: 🟠 set_latest_forkchoice_state: 0x0b8f7467961db4f52be53a1afbb60d90996afffc4d3bdfab5fc6db69ce51f5ec
2025-08-25T09:38:12.609197Z DEBUG node{moniker=app-1}:node{moniker=app-1}: ➡️ payload_status: PayloadStatus { status: Valid, latest_valid_hash: Some(0x0b8f7467961db4f52be53a1afbb60d90996afffc4d3bdfab5fc6db69ce51f5ec) }
2025-08-25T09:38:12.609213Z DEBUG node{moniker=app-1}:node{moniker=app-1}: 🚀 Forkchoice updated to height 5 for block hash=0x0b8f7467961db4f52be53a1afbb60d90996afffc4d3bdfab5fc6db69ce51f5ec and latest_valid_hash=0x0b8f7467961db4f52be53a1afbb60d90996afffc4d3bdfab5fc6db69ce51f5ec
2025-08-25T09:38:12.609217Z  INFO node{moniker=app-1}:node{moniker=app-1}: Looking for certificate height=5 round=0
2025-08-25T09:38:12.614689Z  INFO node{moniker=app-1}:node{moniker=app-1}: Committed block_data[0..32]: 888f4e404376f4e67b22c2019c5ba9cc84dab6555f5efc8f35e164d5c0c6d933
2025-08-25T09:38:12.636466Z DEBUG node{moniker=app-1}:wal{height=6}: Reset WAL height=6
2025-08-25T09:38:12.636566Z DEBUG node{moniker=app-1}:consensus{height=6 round=0}: No WAL entries to replay height=6
2025-08-25T09:38:12.636606Z  INFO node{moniker=app-1}:consensus{height=6 round=0}: Starting new height height=6
2025-08-25T09:38:12.636614Z  INFO node{moniker=app-1}:consensus{height=6 round=0}: Starting new round height=6 round=0 proposer=DE7BA2BE72D2225286133990FF5810B691A5261C role=Proposer
2025-08-25T09:38:12.636642Z DEBUG node{moniker=app-1}:sync{height.tip=4 height.sync=5}: Starting new height height.tip=5 height.sync=6 restart=false
2025-08-25T09:38:12.636649Z DEBUG node{moniker=app-1}:sync{height.tip=4 height.sync=5}: No peer to request sync from height.sync=6
2025-08-25T09:38:12.639236Z DEBUG node{moniker=app-1}:wal{height=6}: Flushed WAL to disk wal.entries=0 wal.size=12
2025-08-25T09:38:12.639436Z DEBUG node{moniker=app-1}:node{moniker=app-1}: metis-test:consensus-chan recv!!! msg:StartedRound { height: Height(6), round: Some(0), proposer: Address(DE7BA2BE72D2225286133990FF5810B691A5261C), role: Proposer, reply_value: Sender { inner: Some(Inner { state: State { is_complete: false, is_closed: false, is_rx_task_set: false, is_tx_task_set: false } }) } }
2025-08-25T09:38:12.639459Z  INFO node{moniker=app-1}:node{moniker=app-1}: 🟢🟢 Started round height=6 round=0 proposer=DE7BA2BE72D2225286133990FF5810B691A5261C role=Proposer
2025-08-25T09:38:12.639519Z ERROR node{moniker=app-1}:consensus{height=6 round=0}: Error when processing effect: Messaging(RecvErr)
2025-08-25T09:38:12.639587Z DEBUG node{moniker=app-1}:consensus{height=6 round=0}: Transitioned to new step step.previous=Unstarted step.new=Propose
2025-08-25T09:38:12.639594Z  INFO node{moniker=app-1}:consensus{height=6 round=0}: Scheduling timeout round=0 step=Propose
2025-08-25T09:38:12.639602Z  INFO node{moniker=app-1}:consensus{height=6 round=0}: Requesting value from application height=6 round=0
2025-08-25T09:38:12.639613Z DEBUG node{moniker=app-1}:consensus{height=6 round=0}: Replaying inputs count=0
2025-08-25T09:38:12.639643Z DEBUG node{moniker=app-1}:node{moniker=app-1}: metis-test:consensus-chan recv!!! msg:GetValue { height: Height(6), round: Some(0), timeout: 3s, reply: Sender { inner: Some(Inner { state: State { is_complete: false, is_closed: false, is_rx_task_set: true, is_tx_task_set: false } }) } }
2025-08-25T09:38:12.639651Z  INFO node{moniker=app-1}:node{moniker=app-1}: 🟢🟢 Consensus is requesting a value to propose height=6 round=0
2025-08-25T09:38:12.639655Z DEBUG node{moniker=app-1}:node{moniker=app-1}: 🟠 generate_block on top of ExecutionBlock { block_hash: 0x0b8f7467961db4f52be53a1afbb60d90996afffc4d3bdfab5fc6db69ce51f5ec, block_number: 5, parent_hash: 0x0b8f7467961db4f52be53a1afbb60d90996afffc4d3bdfab5fc6db69ce51f5ec, timestamp: 1756114696, prev_randao: 0x0000000000000000000000000000000000000000000000000000000000000000 }
2025-08-25T09:38:12.643053Z DEBUG node{moniker=app-1}:node{moniker=app-1}: 🌈 Got execution payload: ExecutionPayloadV3 { payload_inner: ExecutionPayloadV2 { payload_inner: ExecutionPayloadV1 { parent_hash: 0x0b8f7467961db4f52be53a1afbb60d90996afffc4d3bdfab5fc6db69ce51f5ec, fee_recipient: 0x2a2a2a2a2a2a2a2a2a2a2a2a2a2a2a2a2a2a2a2a, state_root: 0xec26df9442c5d4a0a0cc5348c960115b43da08c7aef6be4e4ccc5f136ca892a6, receipts_root: 0x56e81f171bcc55a6ff8345e692c0f86e5b48e01b996cadc001622fb5e363b421, logs_bloom: 0x00000000000000000000000000000000000000000000000000000000000000000000000000000000000000000000000000000000000000000000000000000000000000000000000000000000000000000000000000000000000000000000000000000000000000000000000000000000000000000000000000000000000000000000000000000000000000000000000000000000000000000000000000000000000000000000000000000000000000000000000000000000000000000000000000000000000000000000000000000000000000000000000000000000000000000000000000000000000000000000000000000000000000000000000000000000, prev_randao: 0x0000000000000000000000000000000000000000000000000000000000000000, block_number: 6, gas_limit: 30176202, gas_used: 0, timestamp: 1756114697, extra_data: 0x726574682f76312e342e312f6c696e7578, base_fee_per_gas: 448795319, block_hash: 0x8f1b5d06efc564d8b1dc31a9d232ebb6bf820a47b3fe5a270cd0483f986d04f0, transactions: [] }, withdrawals: [] }, blob_gas_used: 0, excess_blob_gas: 0 }
2025-08-25T09:38:12.643111Z DEBUG node{moniker=app-1}:node{moniker=app-1}: 🎁 block size: 545, height: 6
2025-08-25T09:38:12.648829Z  INFO node{moniker=app-1}:node{moniker=app-1}: Streaming proposal part: StreamMessage { stream_id: StreamId(b"\0\0\0\0\0\0\0\x06\0\0\0\0\0\0\0\x01"), sequence: 0, content: Data(Init(ProposalInit { height: Height(6), round: Some(0), proposer: Address(DE7BA2BE72D2225286133990FF5810B691A5261C) })) } height=6 round=0
2025-08-25T09:38:12.648857Z  INFO node{moniker=app-1}:node{moniker=app-1}: Streaming proposal part: StreamMessage { stream_id: StreamId(b"\0\0\0\0\0\0\0\x06\0\0\0\0\0\0\0\x01"), sequence: 1, content: Data(Data(ProposalData { bytes: "<...>", len: 545 })) } height=6 round=0
2025-08-25T09:38:12.648887Z  INFO node{moniker=app-1}:node{moniker=app-1}: Streaming proposal part: StreamMessage { stream_id: StreamId(b"\0\0\0\0\0\0\0\x06\0\0\0\0\0\0\0\x01"), sequence: 2, content: Data(Fin(ProposalFin { signature: Signature(Signature { R_bytes: "bca5085b247626bcbc25ac9030b4f293da2d4ab99da920844160271618529085", s_bytes: "c2b19641dfea0d8bb96ff2bc8abfa0f2f8d39ad36ec2df3a6a61604a51acfb00" }) })) } height=6 round=0
2025-08-25T09:38:12.649052Z DEBUG node{moniker=app-1}:network: Published message channel=/proposal_parts size=48
2025-08-25T09:38:12.649105Z  INFO node{moniker=app-1}:node{moniker=app-1}: Streaming proposal part: StreamMessage { stream_id: StreamId(b"\0\0\0\0\0\0\0\x06\0\0\0\0\0\0\0\x01"), sequence: 3, content: Fin } height=6 round=0
2025-08-25T09:38:12.649175Z DEBUG node{moniker=app-1}:wal{height=6}: Wrote log entry type=LocallyProposedValue entry.size=599 
2025-08-25T09:38:12.649356Z DEBUG node{moniker=app-1}:network: Published message channel=/proposal_parts size=574
2025-08-25T09:38:12.649432Z DEBUG node{moniker=app-1}:node{moniker=app-1}: ✅ Proposal sent height=6 round=0
2025-08-25T09:38:12.649661Z DEBUG node{moniker=app-1}:network: Published message channel=/proposal_parts size=92
2025-08-25T09:38:12.650172Z DEBUG node{moniker=app-1}:network: Published message channel=/proposal_parts size=22
2025-08-25T09:38:12.650397Z  INFO node{moniker=app-1}:consensus{height=6 round=0}: Proposing value id=86bb03ca1fb8288e round=0
2025-08-25T09:38:12.650819Z  INFO node{moniker=app-1}:consensus{height=6 round=0}: Received proposal consensus.height=6 proposal.height=6 proposal.round=0 proposer=DE7BA2BE72D2225286133990FF5810B691A5261C Proposal(height: 6, round: 0, pol_round: -1, value: 86bb03ca1fb8288e, from: DE7BA2BE72D2225286133990FF5810B691A5261C)
2025-08-25T09:38:12.651559Z DEBUG node{moniker=app-1}:wal{height=6}: Wrote log entry type=Consensus(Proposal) entry.size=668 
2025-08-25T09:38:12.651860Z DEBUG node{moniker=app-1}:consensus{height=6 round=0}: Transitioned to new step step.previous=Propose step.new=Prevote
2025-08-25T09:38:12.651877Z  INFO node{moniker=app-1}:consensus{height=6 round=0}: Voting vote_type=Prevote value=86bb03ca1fb8288e round=0
2025-08-25T09:38:12.652291Z  INFO node{moniker=app-1}:consensus{height=6 round=0}: Received vote height=6 vote_height=6 address=DE7BA2BE72D2225286133990FF5810B691A5261C Prevote(height: 6, round: 0, value: 86bb03ca1fb8288e, from: DE7BA2BE72D2225286133990FF5810B691A5261C)
2025-08-25T09:38:12.652651Z DEBUG node{moniker=app-1}:wal{height=6}: Wrote log entry type=Consensus(Vote) entry.size=118 
2025-08-25T09:38:12.657291Z DEBUG node{moniker=app-1}:wal{height=6}: Flushed WAL to disk wal.entries=3 wal.size=1436
2025-08-25T09:38:12.657511Z DEBUG node{moniker=app-1}:network: Published message channel=/consensus size=109
2025-08-25T09:38:12.658814Z DEBUG node{moniker=app-1}:wal{height=6}: Flushed WAL to disk wal.entries=3 wal.size=1436
2025-08-25T09:38:12.659189Z DEBUG node{moniker=app-1}:network: Published message channel=/consensus size=659
2025-08-25T09:38:12.670302Z  INFO node{moniker=app-1}:consensus{height=6 round=0}: Received vote height=6 vote_height=6 address=815F9FA61D7C4F1E4A9E30D40DCA1115BB48F759 Precommit(height: 6, round: 0, value: 86bb03ca1fb8288e, from: 815F9FA61D7C4F1E4A9E30D40DCA1115BB48F759)
2025-08-25T09:38:12.672318Z DEBUG node{moniker=app-1}:wal{height=6}: Wrote log entry type=Consensus(Vote) entry.size=120 
2025-08-25T09:38:12.673657Z  INFO node{moniker=app-1}:consensus{height=6 round=0}: Received vote height=6 vote_height=6 address=815F9FA61D7C4F1E4A9E30D40DCA1115BB48F759 Prevote(height: 6, round: 0, value: 86bb03ca1fb8288e, from: 815F9FA61D7C4F1E4A9E30D40DCA1115BB48F759)
2025-08-25T09:38:12.673828Z DEBUG node{moniker=app-1}:wal{height=6}: Wrote log entry type=Consensus(Vote) entry.size=118 
2025-08-25T09:38:12.674119Z DEBUG node{moniker=app-1}:consensus{height=6 round=0}: Transitioned to new step step.previous=Prevote step.new=Precommit
2025-08-25T09:38:12.674133Z  INFO node{moniker=app-1}:consensus{height=6 round=0}: Voting vote_type=Precommit value=86bb03ca1fb8288e round=0
2025-08-25T09:38:12.674163Z DEBUG node{moniker=app-1}:node{moniker=app-1}: metis-test:consensus-chan recv!!! msg:ExtendVote { height: Height(6), round: Some(0), value_id: ValueId(9708357588377675918), reply: Sender { inner: Some(Inner { state: State { is_complete: false, is_closed: false, is_rx_task_set: true, is_tx_task_set: false } }) } }
2025-08-25T09:38:12.674570Z  INFO node{moniker=app-1}:consensus{height=6 round=0}: Received vote height=6 vote_height=6 address=DE7BA2BE72D2225286133990FF5810B691A5261C Precommit(height: 6, round: 0, value: 86bb03ca1fb8288e, from: DE7BA2BE72D2225286133990FF5810B691A5261C)
2025-08-25T09:38:12.674739Z DEBUG node{moniker=app-1}:wal{height=6}: Wrote log entry type=Consensus(Vote) entry.size=120 
2025-08-25T09:38:12.674798Z DEBUG node{moniker=app-1}:consensus{height=6 round=0}: Transitioned to new step step.previous=Precommit step.new=Commit
2025-08-25T09:38:12.674807Z  INFO node{moniker=app-1}:consensus{height=6 round=0}: Decided round=0 height=6 value=86bb03ca1fb8288e
2025-08-25T09:38:12.677378Z DEBUG node{moniker=app-1}:wal{height=6}: Flushed WAL to disk wal.entries=6 wal.size=1833
2025-08-25T09:38:12.677624Z DEBUG node{moniker=app-1}:sync{height.tip=5 height.sync=6}: Updating request state height.tip=6
2025-08-25T09:38:12.677671Z DEBUG node{moniker=app-1}:node{moniker=app-1}: metis-test:consensus-chan recv!!! msg:Decided { certificate: CommitCertificate { height: Height(6), round: Some(0), value_id: ValueId(9708357588377675918), commit_signatures: [CommitSignature { address: Address(815F9FA61D7C4F1E4A9E30D40DCA1115BB48F759), signature: Signature(Signature { R_bytes: "bb7484f8f1bf3f26f0ed0582afb445ab8ffc1c910951e9f986b2ff19a8672732", s_bytes: "fcfcc3c23b43a7909de7adb05aa8e6be01af1dcff70dc1769628a41a5e45dd0d" }) }, CommitSignature { address: Address(DE7BA2BE72D2225286133990FF5810B691A5261C), signature: Signature(Signature { R_bytes: "0a9d50c402252f6f85d34c0aeee17878b0c7103c42fa2da483d7dec2f159b471", s_bytes: "452ce8fde7d070f6cf02f46cf750c359908326b00dd7454a2b5c5812ef973d08" }) }] }, extensions: VoteExtensions { extensions: [] }, reply: Sender { inner: Some(Inner { state: State { is_complete: false, is_closed: false, is_rx_task_set: true, is_tx_task_set: false } }) } }
2025-08-25T09:38:12.677845Z  INFO node{moniker=app-1}:node{moniker=app-1}: 🟢🟢 Consensus has decided on value height=6 round=0 value=86bb03ca1fb8288e
2025-08-25T09:38:12.677919Z DEBUG node{moniker=app-1}:node{moniker=app-1}: 🎁 block size: 545, height: 6
2025-08-25T09:38:12.677929Z  INFO node{moniker=app-1}:node{moniker=app-1}: 👉 stats at height 6: #txs=0, txs/s=0.00, chain_bytes=3270, bytes/s=578.23
2025-08-25T09:38:12.677934Z DEBUG node{moniker=app-1}:node{moniker=app-1}: 🦄 Block at height 6 contains 0 transactions
2025-08-25T09:38:12.680169Z DEBUG node{moniker=app-1}:node{moniker=app-1}: 💡 New block added at height 6 with hash: 0x8f1b5d06efc564d8b1dc31a9d232ebb6bf820a47b3fe5a270cd0483f986d04f0
2025-08-25T09:38:12.680178Z DEBUG node{moniker=app-1}:node{moniker=app-1}: 🟠 set_latest_forkchoice_state: 0x8f1b5d06efc564d8b1dc31a9d232ebb6bf820a47b3fe5a270cd0483f986d04f0
2025-08-25T09:38:12.681163Z DEBUG node{moniker=app-1}:wal{height=6}: Flushed WAL to disk wal.entries=6 wal.size=1833
2025-08-25T09:38:12.681237Z DEBUG node{moniker=app-1}:node{moniker=app-1}: ➡️ payload_status: PayloadStatus { status: Valid, latest_valid_hash: Some(0x8f1b5d06efc564d8b1dc31a9d232ebb6bf820a47b3fe5a270cd0483f986d04f0) }
2025-08-25T09:38:12.681245Z DEBUG node{moniker=app-1}:node{moniker=app-1}: 🚀 Forkchoice updated to height 6 for block hash=0x8f1b5d06efc564d8b1dc31a9d232ebb6bf820a47b3fe5a270cd0483f986d04f0 and latest_valid_hash=0x8f1b5d06efc564d8b1dc31a9d232ebb6bf820a47b3fe5a270cd0483f986d04f0
2025-08-25T09:38:12.681249Z  INFO node{moniker=app-1}:node{moniker=app-1}: Looking for certificate height=6 round=0
2025-08-25T09:38:12.681488Z DEBUG node{moniker=app-1}:network: Published message channel=/consensus size=111
2025-08-25T09:38:12.686427Z  INFO node{moniker=app-1}:node{moniker=app-1}: Committed block_data[0..32]: 0b8f7467961db4f52be53a1afbb60d90996afffc4d3bdfab5fc6db69ce51f5ec
2025-08-25T09:38:12.704143Z DEBUG node{moniker=app-1}:wal{height=7}: Reset WAL height=7
2025-08-25T09:38:12.704246Z DEBUG node{moniker=app-1}:consensus{height=7 round=0}: No WAL entries to replay height=7
2025-08-25T09:38:12.705054Z  INFO node{moniker=app-1}:consensus{height=7 round=0}: Starting new height height=7
2025-08-25T09:38:12.705080Z  INFO node{moniker=app-1}:consensus{height=7 round=0}: Starting new round height=7 round=0 proposer=DE7BA2BE72D2225286133990FF5810B691A5261C role=Proposer
2025-08-25T09:38:12.705113Z DEBUG node{moniker=app-1}:sync{height.tip=5 height.sync=6}: Starting new height height.tip=6 height.sync=7 restart=false
2025-08-25T09:38:12.705119Z DEBUG node{moniker=app-1}:sync{height.tip=5 height.sync=6}: No peer to request sync from height.sync=7
2025-08-25T09:38:12.711289Z DEBUG node{moniker=app-1}:wal{height=7}: Flushed WAL to disk wal.entries=0 wal.size=12
2025-08-25T09:38:12.711467Z DEBUG node{moniker=app-1}:node{moniker=app-1}: metis-test:consensus-chan recv!!! msg:StartedRound { height: Height(7), round: Some(0), proposer: Address(DE7BA2BE72D2225286133990FF5810B691A5261C), role: Proposer, reply_value: Sender { inner: Some(Inner { state: State { is_complete: false, is_closed: false, is_rx_task_set: false, is_tx_task_set: false } }) } }
2025-08-25T09:38:12.711492Z  INFO node{moniker=app-1}:node{moniker=app-1}: 🟢🟢 Started round height=7 round=0 proposer=DE7BA2BE72D2225286133990FF5810B691A5261C role=Proposer
2025-08-25T09:38:12.711516Z ERROR node{moniker=app-1}:consensus{height=7 round=0}: Error when processing effect: Messaging(RecvErr)
2025-08-25T09:38:12.711553Z DEBUG node{moniker=app-1}:consensus{height=7 round=0}: Transitioned to new step step.previous=Unstarted step.new=Propose
2025-08-25T09:38:12.711562Z  INFO node{moniker=app-1}:consensus{height=7 round=0}: Scheduling timeout round=0 step=Propose
2025-08-25T09:38:12.711575Z  INFO node{moniker=app-1}:consensus{height=7 round=0}: Requesting value from application height=7 round=0
2025-08-25T09:38:12.711591Z DEBUG node{moniker=app-1}:consensus{height=7 round=0}: Replaying inputs count=0
2025-08-25T09:38:12.711630Z DEBUG node{moniker=app-1}:node{moniker=app-1}: metis-test:consensus-chan recv!!! msg:GetValue { height: Height(7), round: Some(0), timeout: 3s, reply: Sender { inner: Some(Inner { state: State { is_complete: false, is_closed: false, is_rx_task_set: true, is_tx_task_set: false } }) } }
2025-08-25T09:38:12.711641Z  INFO node{moniker=app-1}:node{moniker=app-1}: 🟢🟢 Consensus is requesting a value to propose height=7 round=0
2025-08-25T09:38:12.711648Z DEBUG node{moniker=app-1}:node{moniker=app-1}: 🟠 generate_block on top of ExecutionBlock { block_hash: 0x8f1b5d06efc564d8b1dc31a9d232ebb6bf820a47b3fe5a270cd0483f986d04f0, block_number: 6, parent_hash: 0x8f1b5d06efc564d8b1dc31a9d232ebb6bf820a47b3fe5a270cd0483f986d04f0, timestamp: 1756114697, prev_randao: 0x0000000000000000000000000000000000000000000000000000000000000000 }
2025-08-25T09:38:12.716602Z DEBUG node{moniker=app-1}:node{moniker=app-1}: 🌈 Got execution payload: ExecutionPayloadV3 { payload_inner: ExecutionPayloadV2 { payload_inner: ExecutionPayloadV1 { parent_hash: 0x8f1b5d06efc564d8b1dc31a9d232ebb6bf820a47b3fe5a270cd0483f986d04f0, fee_recipient: 0x2a2a2a2a2a2a2a2a2a2a2a2a2a2a2a2a2a2a2a2a, state_root: 0xec26df9442c5d4a0a0cc5348c960115b43da08c7aef6be4e4ccc5f136ca892a6, receipts_root: 0x56e81f171bcc55a6ff8345e692c0f86e5b48e01b996cadc001622fb5e363b421, logs_bloom: 0x00000000000000000000000000000000000000000000000000000000000000000000000000000000000000000000000000000000000000000000000000000000000000000000000000000000000000000000000000000000000000000000000000000000000000000000000000000000000000000000000000000000000000000000000000000000000000000000000000000000000000000000000000000000000000000000000000000000000000000000000000000000000000000000000000000000000000000000000000000000000000000000000000000000000000000000000000000000000000000000000000000000000000000000000000000000, prev_randao: 0x0000000000000000000000000000000000000000000000000000000000000000, block_number: 7, gas_limit: 30205669, gas_used: 0, timestamp: 1756114698, extra_data: 0x726574682f76312e342e312f6c696e7578, base_fee_per_gas: 392695905, block_hash: 0xe6911bb839d4c004f30147e6b1a9c505d10be19ecf44db17eb190f713c014f6b, transactions: [] }, withdrawals: [] }, blob_gas_used: 0, excess_blob_gas: 0 }
2025-08-25T09:38:12.716643Z DEBUG node{moniker=app-1}:node{moniker=app-1}: 🎁 block size: 545, height: 7
2025-08-25T09:38:12.724468Z  INFO node{moniker=app-1}:node{moniker=app-1}: Streaming proposal part: StreamMessage { stream_id: StreamId(b"\0\0\0\0\0\0\0\x07\0\0\0\0\0\0\0\x02"), sequence: 0, content: Data(Init(ProposalInit { height: Height(7), round: Some(0), proposer: Address(DE7BA2BE72D2225286133990FF5810B691A5261C) })) } height=7 round=0
2025-08-25T09:38:12.724492Z  INFO node{moniker=app-1}:node{moniker=app-1}: Streaming proposal part: StreamMessage { stream_id: StreamId(b"\0\0\0\0\0\0\0\x07\0\0\0\0\0\0\0\x02"), sequence: 1, content: Data(Data(ProposalData { bytes: "<...>", len: 545 })) } height=7 round=0
2025-08-25T09:38:12.724519Z  INFO node{moniker=app-1}:node{moniker=app-1}: Streaming proposal part: StreamMessage { stream_id: StreamId(b"\0\0\0\0\0\0\0\x07\0\0\0\0\0\0\0\x02"), sequence: 2, content: Data(Fin(ProposalFin { signature: Signature(Signature { R_bytes: "795dc4a495a904e9189cddf70a167c7259b7cb7ee2668a6ff1c94619bd0c4276", s_bytes: "d1b61a8cc788de98fb28cfec73a94be4a1bc30eb58b50c93e9abf3862fe19102" }) })) } height=7 round=0
2025-08-25T09:38:12.724690Z DEBUG node{moniker=app-1}:network: Published message channel=/proposal_parts size=48
2025-08-25T09:38:12.724735Z  INFO node{moniker=app-1}:node{moniker=app-1}: Streaming proposal part: StreamMessage { stream_id: StreamId(b"\0\0\0\0\0\0\0\x07\0\0\0\0\0\0\0\x02"), sequence: 3, content: Fin } height=7 round=0
2025-08-25T09:38:12.724801Z DEBUG node{moniker=app-1}:wal{height=7}: Wrote log entry type=LocallyProposedValue entry.size=599 
2025-08-25T09:38:12.725004Z DEBUG node{moniker=app-1}:network: Published message channel=/proposal_parts size=574
2025-08-25T09:38:12.725095Z DEBUG node{moniker=app-1}:node{moniker=app-1}: ✅ Proposal sent height=7 round=0
2025-08-25T09:38:12.725260Z DEBUG node{moniker=app-1}:network: Published message channel=/proposal_parts size=92
2025-08-25T09:38:12.725449Z DEBUG node{moniker=app-1}:network: Published message channel=/proposal_parts size=22
2025-08-25T09:38:12.725578Z  INFO node{moniker=app-1}:consensus{height=7 round=0}: Proposing value id=b7262dc4ace47536 round=0
2025-08-25T09:38:12.725874Z  INFO node{moniker=app-1}:consensus{height=7 round=0}: Received proposal consensus.height=7 proposal.height=7 proposal.round=0 proposer=DE7BA2BE72D2225286133990FF5810B691A5261C Proposal(height: 7, round: 0, pol_round: -1, value: b7262dc4ace47536, from: DE7BA2BE72D2225286133990FF5810B691A5261C)
2025-08-25T09:38:12.726099Z DEBUG node{moniker=app-1}:wal{height=7}: Wrote log entry type=Consensus(Proposal) entry.size=668 
2025-08-25T09:38:12.726268Z DEBUG node{moniker=app-1}:consensus{height=7 round=0}: Transitioned to new step step.previous=Propose step.new=Prevote
2025-08-25T09:38:12.726281Z  INFO node{moniker=app-1}:consensus{height=7 round=0}: Voting vote_type=Prevote value=b7262dc4ace47536 round=0
2025-08-25T09:38:12.726561Z  INFO node{moniker=app-1}:consensus{height=7 round=0}: Received vote height=7 vote_height=7 address=DE7BA2BE72D2225286133990FF5810B691A5261C Prevote(height: 7, round: 0, value: b7262dc4ace47536, from: DE7BA2BE72D2225286133990FF5810B691A5261C)
2025-08-25T09:38:12.726728Z DEBUG node{moniker=app-1}:wal{height=7}: Wrote log entry type=Consensus(Vote) entry.size=118 
2025-08-25T09:38:12.729067Z DEBUG node{moniker=app-1}:wal{height=7}: Flushed WAL to disk wal.entries=3 wal.size=1436
2025-08-25T09:38:12.729286Z DEBUG node{moniker=app-1}:network: Published message channel=/consensus size=109
2025-08-25T09:38:12.732747Z DEBUG node{moniker=app-1}:wal{height=7}: Flushed WAL to disk wal.entries=3 wal.size=1436
2025-08-25T09:38:12.733110Z DEBUG node{moniker=app-1}:network: Published message channel=/consensus size=659
2025-08-25T09:38:12.747789Z  INFO node{moniker=app-1}:consensus{height=7 round=0}: Received vote height=7 vote_height=7 address=02CB1B49DA09615BD4A12212C39378556D990DFD Precommit(height: 7, round: 0, value: b7262dc4ace47536, from: 02CB1B49DA09615BD4A12212C39378556D990DFD)
2025-08-25T09:38:12.748641Z DEBUG node{moniker=app-1}:wal{height=7}: Wrote log entry type=Consensus(Vote) entry.size=120 
2025-08-25T09:38:12.749274Z  INFO node{moniker=app-1}:consensus{height=7 round=0}: Received vote height=7 vote_height=7 address=02CB1B49DA09615BD4A12212C39378556D990DFD Prevote(height: 7, round: 0, value: b7262dc4ace47536, from: 02CB1B49DA09615BD4A12212C39378556D990DFD)
2025-08-25T09:38:12.749434Z DEBUG node{moniker=app-1}:wal{height=7}: Wrote log entry type=Consensus(Vote) entry.size=118 
2025-08-25T09:38:12.749699Z DEBUG node{moniker=app-1}:consensus{height=7 round=0}: Transitioned to new step step.previous=Prevote step.new=Precommit
2025-08-25T09:38:12.749708Z  INFO node{moniker=app-1}:consensus{height=7 round=0}: Voting vote_type=Precommit value=b7262dc4ace47536 round=0
2025-08-25T09:38:12.749725Z DEBUG node{moniker=app-1}:node{moniker=app-1}: metis-test:consensus-chan recv!!! msg:ExtendVote { height: Height(7), round: Some(0), value_id: ValueId(13197286080793310518), reply: Sender { inner: Some(Inner { state: State { is_complete: false, is_closed: false, is_rx_task_set: true, is_tx_task_set: false } }) } }
2025-08-25T09:38:12.749888Z  INFO node{moniker=app-1}:consensus{height=7 round=0}: Received vote height=7 vote_height=7 address=DE7BA2BE72D2225286133990FF5810B691A5261C Precommit(height: 7, round: 0, value: b7262dc4ace47536, from: DE7BA2BE72D2225286133990FF5810B691A5261C)
2025-08-25T09:38:12.749951Z DEBUG node{moniker=app-1}:wal{height=7}: Wrote log entry type=Consensus(Vote) entry.size=120 
2025-08-25T09:38:12.749973Z DEBUG node{moniker=app-1}:consensus{height=7 round=0}: Transitioned to new step step.previous=Precommit step.new=Commit
2025-08-25T09:38:12.749978Z  INFO node{moniker=app-1}:consensus{height=7 round=0}: Decided round=0 height=7 value=b7262dc4ace47536
2025-08-25T09:38:12.752325Z DEBUG node{moniker=app-1}:wal{height=7}: Flushed WAL to disk wal.entries=6 wal.size=1833
2025-08-25T09:38:12.752669Z DEBUG node{moniker=app-1}:sync{height.tip=6 height.sync=7}: Updating request state height.tip=7
2025-08-25T09:38:12.752773Z DEBUG node{moniker=app-1}:node{moniker=app-1}: metis-test:consensus-chan recv!!! msg:Decided { certificate: CommitCertificate { height: Height(7), round: Some(0), value_id: ValueId(13197286080793310518), commit_signatures: [CommitSignature { address: Address(02CB1B49DA09615BD4A12212C39378556D990DFD), signature: Signature(Signature { R_bytes: "e0828c8a68d0974846c8270cf18197b8e9c5792c29aa1242efe283adde3ae4b1", s_bytes: "4c883a1bfba44780607bb0d6fe27f3d6b60671ff9746fb77b2fadf42214ed800" }) }, CommitSignature { address: Address(DE7BA2BE72D2225286133990FF5810B691A5261C), signature: Signature(Signature { R_bytes: "66683c0bac46c4ea69e0668da76c8f5b117b26dc22df8574cc55986b0d274f41", s_bytes: "c8ef1fd61b52f887d9770a657411b592360314df02f11bfacd6bec77f6529805" }) }] }, extensions: VoteExtensions { extensions: [] }, reply: Sender { inner: Some(Inner { state: State { is_complete: false, is_closed: false, is_rx_task_set: true, is_tx_task_set: false } }) } }
2025-08-25T09:38:12.752789Z  INFO node{moniker=app-1}:node{moniker=app-1}: 🟢🟢 Consensus has decided on value height=7 round=0 value=b7262dc4ace47536
2025-08-25T09:38:12.752862Z DEBUG node{moniker=app-1}:node{moniker=app-1}: 🎁 block size: 545, height: 7
2025-08-25T09:38:12.752871Z  INFO node{moniker=app-1}:node{moniker=app-1}: 👉 stats at height 7: #txs=0, txs/s=0.00, chain_bytes=3815, bytes/s=665.78
2025-08-25T09:38:12.752874Z DEBUG node{moniker=app-1}:node{moniker=app-1}: 🦄 Block at height 7 contains 0 transactions
2025-08-25T09:38:12.755356Z DEBUG node{moniker=app-1}:wal{height=7}: Flushed WAL to disk wal.entries=6 wal.size=1833
2025-08-25T09:38:12.755556Z DEBUG node{moniker=app-1}:network: Published message channel=/consensus size=111
2025-08-25T09:38:12.756766Z DEBUG node{moniker=app-1}:node{moniker=app-1}: 💡 New block added at height 7 with hash: 0xe6911bb839d4c004f30147e6b1a9c505d10be19ecf44db17eb190f713c014f6b
2025-08-25T09:38:12.756772Z DEBUG node{moniker=app-1}:node{moniker=app-1}: 🟠 set_latest_forkchoice_state: 0xe6911bb839d4c004f30147e6b1a9c505d10be19ecf44db17eb190f713c014f6b
2025-08-25T09:38:12.757752Z DEBUG node{moniker=app-1}:node{moniker=app-1}: ➡️ payload_status: PayloadStatus { status: Valid, latest_valid_hash: Some(0xe6911bb839d4c004f30147e6b1a9c505d10be19ecf44db17eb190f713c014f6b) }
2025-08-25T09:38:12.757762Z DEBUG node{moniker=app-1}:node{moniker=app-1}: 🚀 Forkchoice updated to height 7 for block hash=0xe6911bb839d4c004f30147e6b1a9c505d10be19ecf44db17eb190f713c014f6b and latest_valid_hash=0xe6911bb839d4c004f30147e6b1a9c505d10be19ecf44db17eb190f713c014f6b
2025-08-25T09:38:12.757765Z  INFO node{moniker=app-1}:node{moniker=app-1}: Looking for certificate height=7 round=0
2025-08-25T09:38:12.766816Z  INFO node{moniker=app-1}:node{moniker=app-1}: Committed block_data[0..32]: 8f1b5d06efc564d8b1dc31a9d232ebb6bf820a47b3fe5a270cd0483f986d04f0
2025-08-25T09:38:12.790226Z DEBUG node{moniker=app-1}:wal{height=8}: Reset WAL height=8
2025-08-25T09:38:12.790316Z DEBUG node{moniker=app-1}:consensus{height=8 round=0}: No WAL entries to replay height=8
2025-08-25T09:38:12.790365Z  INFO node{moniker=app-1}:consensus{height=8 round=0}: Starting new height height=8
2025-08-25T09:38:12.790376Z  INFO node{moniker=app-1}:consensus{height=8 round=0}: Starting new round height=8 round=0 proposer=815F9FA61D7C4F1E4A9E30D40DCA1115BB48F759 role=None
2025-08-25T09:38:12.790418Z DEBUG node{moniker=app-1}:sync{height.tip=6 height.sync=7}: Starting new height height.tip=7 height.sync=8 restart=false
2025-08-25T09:38:12.790428Z DEBUG node{moniker=app-1}:sync{height.tip=6 height.sync=7}: No peer to request sync from height.sync=8
2025-08-25T09:38:12.793343Z DEBUG node{moniker=app-1}:wal{height=8}: Flushed WAL to disk wal.entries=0 wal.size=12
2025-08-25T09:38:12.793396Z DEBUG node{moniker=app-1}:node{moniker=app-1}: metis-test:consensus-chan recv!!! msg:StartedRound { height: Height(8), round: Some(0), proposer: Address(815F9FA61D7C4F1E4A9E30D40DCA1115BB48F759), role: None, reply_value: Sender { inner: Some(Inner { state: State { is_complete: false, is_closed: false, is_rx_task_set: false, is_tx_task_set: false } }) } }
2025-08-25T09:38:12.793407Z  INFO node{moniker=app-1}:node{moniker=app-1}: 🟢🟢 Started round height=8 round=0 proposer=815F9FA61D7C4F1E4A9E30D40DCA1115BB48F759 role=None
2025-08-25T09:38:12.793418Z ERROR node{moniker=app-1}:consensus{height=8 round=0}: Error when processing effect: Messaging(RecvErr)
2025-08-25T09:38:12.793433Z DEBUG node{moniker=app-1}:consensus{height=8 round=0}: Transitioned to new step step.previous=Unstarted step.new=Propose
2025-08-25T09:38:12.793438Z  INFO node{moniker=app-1}:consensus{height=8 round=0}: Scheduling timeout round=0 step=Propose
2025-08-25T09:38:12.793446Z DEBUG node{moniker=app-1}:consensus{height=8 round=0}: Replaying inputs count=0
2025-08-25T09:38:12.811883Z DEBUG node{moniker=app-1}:node{moniker=app-1}: metis-test:consensus-chan recv!!! msg:ReceivedProposalPart { from: PeerId("12D3KooWD4wDmZaWggpGH9ACLhNztqnBvszLRcmBLzZdKwDiWmYh"), part: StreamMessage { stream_id: StreamId(b"\0\0\0\0\0\0\0\x08\0\0\0\0\0\0\0\x02"), sequence: 0, content: Data(Init(ProposalInit { height: Height(8), round: Some(0), proposer: Address(815F9FA61D7C4F1E4A9E30D40DCA1115BB48F759) })) }, reply: Sender { inner: Some(Inner { state: State { is_complete: false, is_closed: false, is_rx_task_set: true, is_tx_task_set: false } }) } }
2025-08-25T09:38:12.811923Z  INFO node{moniker=app-1}:node{moniker=app-1}: Received proposal part from=12D3KooWD4wDmZaWggpGH9ACLhNztqnBvszLRcmBLzZdKwDiWmYh part.sequence=0 part.type=init part.size=28
2025-08-25T09:38:12.811953Z DEBUG node{moniker=app-1}:node{moniker=app-1}: metis-test:consensus-chan recv!!! msg:ReceivedProposalPart { from: PeerId("12D3KooWD4wDmZaWggpGH9ACLhNztqnBvszLRcmBLzZdKwDiWmYh"), part: StreamMessage { stream_id: StreamId(b"\0\0\0\0\0\0\0\x08\0\0\0\0\0\0\0\x02"), sequence: 1, content: Data(Data(ProposalData { bytes: "<...>", len: 545 })) }, reply: Sender { inner: Some(Inner { state: State { is_complete: false, is_closed: false, is_rx_task_set: true, is_tx_task_set: false } }) } }
2025-08-25T09:38:12.811966Z  INFO node{moniker=app-1}:node{moniker=app-1}: Received proposal part from=12D3KooWD4wDmZaWggpGH9ACLhNztqnBvszLRcmBLzZdKwDiWmYh part.sequence=1 part.type=data part.size=551
2025-08-25T09:38:12.813057Z DEBUG node{moniker=app-1}:node{moniker=app-1}: metis-test:consensus-chan recv!!! msg:ReceivedProposalPart { from: PeerId("12D3KooWD4wDmZaWggpGH9ACLhNztqnBvszLRcmBLzZdKwDiWmYh"), part: StreamMessage { stream_id: StreamId(b"\0\0\0\0\0\0\0\x08\0\0\0\0\0\0\0\x02"), sequence: 2, content: Data(Fin(ProposalFin { signature: Signature(Signature { R_bytes: "0c84e07064441f19bbfecb4ea671c20d9b4ebff118dd07f0ebb0c2e59a1d0463", s_bytes: "cc347fe4ceaa5e482c3a66c9188ed9f7e6467e272ba8d2fe1aa54fd807a3590d" }) })) }, reply: Sender { inner: Some(Inner { state: State { is_complete: false, is_closed: false, is_rx_task_set: true, is_tx_task_set: false } }) } }
2025-08-25T09:38:12.813078Z  INFO node{moniker=app-1}:node{moniker=app-1}: Received proposal part from=12D3KooWD4wDmZaWggpGH9ACLhNztqnBvszLRcmBLzZdKwDiWmYh part.sequence=2 part.type=fin part.size=70
2025-08-25T09:38:12.813094Z DEBUG node{moniker=app-1}:node{moniker=app-1}: metis-test:consensus-chan recv!!! msg:ReceivedProposalPart { from: PeerId("12D3KooWD4wDmZaWggpGH9ACLhNztqnBvszLRcmBLzZdKwDiWmYh"), part: StreamMessage { stream_id: StreamId(b"\0\0\0\0\0\0\0\x08\0\0\0\0\0\0\0\x02"), sequence: 3, content: Fin }, reply: Sender { inner: Some(Inner { state: State { is_complete: false, is_closed: false, is_rx_task_set: true, is_tx_task_set: false } }) } }
2025-08-25T09:38:12.813101Z  INFO node{moniker=app-1}:node{moniker=app-1}: Received proposal part from=12D3KooWD4wDmZaWggpGH9ACLhNztqnBvszLRcmBLzZdKwDiWmYh part.sequence=3 part.type=end of stream part.size=0
2025-08-25T09:38:12.813239Z  INFO node{moniker=app-1}:node{moniker=app-1}: Proposal data[0..32]: e6911bb839d4c004f30147e6b1a9c505d10be19ecf44db17eb190f713c014f6b, total_size: 545 bytes, id: 2a853211129bcbdb
2025-08-25T09:38:12.817931Z  INFO node{moniker=app-1}:consensus{height=8 round=0}: Received vote height=8 vote_height=8 address=815F9FA61D7C4F1E4A9E30D40DCA1115BB48F759 Prevote(height: 8, round: 0, value: 2a853211129bcbdb, from: 815F9FA61D7C4F1E4A9E30D40DCA1115BB48F759)
2025-08-25T09:38:12.822993Z DEBUG node{moniker=app-1}:node{moniker=app-1}: ✅ Received complete proposal: ProposedValue { height: Height(8), round: Some(0), valid_round: Nil, proposer: Address(815F9FA61D7C4F1E4A9E30D40DCA1115BB48F759), value: Value { value: 3063910170403523547, extensions: b"\xe6\x91\x1b\xb89\xd4\xc0\x04\xf3\x01G\xe6\xb1\xa9\xc5\x05\xd1\x0b\xe1\x9e\xcfD\xdb\x17\xeb\x19\x0fq<\x01Ok********************\xec&\xdf\x94B\xc5\xd4\xa0\xa0\xccSH\xc9`\x11[C\xda\x08\xc7\xae\xf6\xbeNL\xcc_\x13l\xa8\x92\xa6V\xe8\x1f\x17\x1b\xccU\xa6\xff\x83E\xe6\x92\xc0\xf8n[H\xe0\x1b\x99l\xad\xc0\x01b/\xb5\xe3c\xb4!\0\0\0\0\0\0\0\0\0\0\0\0\0\0\0\0\0\0\0\0\0\0\0\0\0\0\0\0\0\0\0\0\0\0\0\0\0\0\0\0\0\0\0\0\0\0\0\0\0\0\0\0\0\0\0\0\0\0\0\0\0\0\0\0\0\0\0\0\0\0\0\0\0\0\0\0\0\0\0\0\0\0\0\0\0\0\0\0\0\0\0\0\0\0\0\0\0\0\0\0\0\0\0\0\0\0\0\0\0\0\0\0\0\0\0\0\0\0\0\0\0\0\0\0\0\0\0\0\0\0\0\0\0\0\0\0\0\0\0\0\0\0\0\0\0\0\0\0\0\0\0\0\0\0\0\0\0\0\0\0\0\0\0\0\0\0\0\0\0\0\0\0\0\0\0\0\0\0\0\0\0\0\0\0\0\0\0\0\0\0\0\0\0\0\0\0\0\0\0\0\0\0\0\0\0\0\0\0\0\0\0\0\0\0\0\0\0\0\0\0\0\0\0\0\0\0\0\0\0\0\0\0\0\0\0\0\0\0\0\0\0\0\0\0\0\0\0\0\0\0\0\0\0\0\0\0\0\0\0\0\0\0\0\0\0\0\0\0\0\0\0\0\0\0\0\0\0\0\0\0\0\0\0\0\0\0\0\0\x08\0\0\0\0\0\0\0\x1dZ\xcd\x01\0\0\0\0\0\0\0\0\0\0\0\0\x0b/\xach\0\0\0\0\x10\x02\0\0U\x0e{\x14\0\0\0\0\0\0\0\0\0\0\0\0\0\0\0\0\0\0\0\0\0\0\0\0\0\0\0\0\xc86v\x1f\x8e\xef\xbb}[(\x80(E\xe4l\x8a\xa0%9\x885\xdd\xe7x*\x95T\xd0&>&\xce!\x02\0\0!\x02\0\0\0\0\0\0\0\0\0\0\0\0\0\0\0\0\0\0reth/v1.4.1/linux" }, validity: Valid }
2025-08-25T09:38:12.823317Z DEBUG node{moniker=app-1}:wal{height=8}: Wrote log entry type=Consensus(Vote) entry.size=117 
2025-08-25T09:38:12.823615Z  INFO node{moniker=app-1}:consensus{height=8 round=0}: Received proposal consensus.height=8 proposal.height=8 proposal.round=0 proposer=815F9FA61D7C4F1E4A9E30D40DCA1115BB48F759 Proposal(height: 8, round: 0, pol_round: -1, value: 2a853211129bcbdb, from: 815F9FA61D7C4F1E4A9E30D40DCA1115BB48F759)
2025-08-25T09:38:12.824731Z DEBUG node{moniker=app-1}:wal{height=8}: Wrote log entry type=Consensus(Proposal) entry.size=667 
2025-08-25T09:38:12.824765Z DEBUG node{moniker=app-1}:consensus{height=8 round=0}: No full proposal for this round yet, stored proposal for later proposal.height=8 proposal.round=0
2025-08-25T09:38:12.824782Z DEBUG node{moniker=app-1}:consensus{height=8 round=0}: We have a full proposal for this round, checking... proposal.height=8 proposal.round=0
2025-08-25T09:38:12.824789Z DEBUG node{moniker=app-1}:consensus{height=8 round=0}: Transitioned to new step step.previous=Propose step.new=Prevote
2025-08-25T09:38:12.827820Z  INFO node{moniker=app-1}:consensus{height=8 round=0}: Received vote height=8 vote_height=8 address=02CB1B49DA09615BD4A12212C39378556D990DFD Precommit(height: 8, round: 0, value: 2a853211129bcbdb, from: 02CB1B49DA09615BD4A12212C39378556D990DFD)
2025-08-25T09:38:12.827911Z DEBUG node{moniker=app-1}:wal{height=8}: Wrote log entry type=Consensus(Vote) entry.size=119 
2025-08-25T09:38:12.831403Z  INFO node{moniker=app-1}:consensus{height=8 round=0}: Received vote height=8 vote_height=8 address=02CB1B49DA09615BD4A12212C39378556D990DFD Prevote(height: 8, round: 0, value: 2a853211129bcbdb, from: 02CB1B49DA09615BD4A12212C39378556D990DFD)
2025-08-25T09:38:12.831528Z DEBUG node{moniker=app-1}:wal{height=8}: Wrote log entry type=Consensus(Vote) entry.size=117 
2025-08-25T09:38:12.835188Z DEBUG node{moniker=app-1}:consensus{height=8 round=0}: Transitioned to new step step.previous=Prevote step.new=Precommit
2025-08-25T09:38:12.843779Z  INFO node{moniker=app-1}:consensus{height=8 round=0}: Received vote height=8 vote_height=8 address=815F9FA61D7C4F1E4A9E30D40DCA1115BB48F759 Precommit(height: 8, round: 0, value: 2a853211129bcbdb, from: 815F9FA61D7C4F1E4A9E30D40DCA1115BB48F759)
2025-08-25T09:38:12.843896Z DEBUG node{moniker=app-1}:wal{height=8}: Wrote log entry type=Consensus(Vote) entry.size=119 
2025-08-25T09:38:12.844025Z DEBUG node{moniker=app-1}:consensus{height=8 round=0}: Transitioned to new step step.previous=Precommit step.new=Commit
2025-08-25T09:38:12.844033Z  INFO node{moniker=app-1}:consensus{height=8 round=0}: Decided round=0 height=8 value=2a853211129bcbdb
2025-08-25T09:38:12.847859Z DEBUG node{moniker=app-1}:wal{height=8}: Flushed WAL to disk wal.entries=5 wal.size=1216
2025-08-25T09:38:12.848003Z DEBUG node{moniker=app-1}:sync{height.tip=7 height.sync=8}: Updating request state height.tip=8
2025-08-25T09:38:12.848024Z DEBUG node{moniker=app-1}:node{moniker=app-1}: metis-test:consensus-chan recv!!! msg:Decided { certificate: CommitCertificate { height: Height(8), round: Some(0), value_id: ValueId(3063910170403523547), commit_signatures: [CommitSignature { address: Address(02CB1B49DA09615BD4A12212C39378556D990DFD), signature: Signature(Signature { R_bytes: "11c3840d9a9713ff4a7145c406c9baa83fa4dd69ec669aa7c50ae04d03e8cf5a", s_bytes: "1350d7870825bd042189b4249a8d858c709c179e3c3abe8a5a56d1d82856d403" }) }, CommitSignature { address: Address(815F9FA61D7C4F1E4A9E30D40DCA1115BB48F759), signature: Signature(Signature { R_bytes: "d542457cb85ce0a9126498d76502b476a2cde1b9fda284a2ae4ca0714b20fa36", s_bytes: "4458d6755f38b8d809039f9a1586ccbd9481c72b0a4789780edc56cdc08c7d0b" }) }] }, extensions: VoteExtensions { extensions: [] }, reply: Sender { inner: Some(Inner { state: State { is_complete: false, is_closed: false, is_rx_task_set: true, is_tx_task_set: false } }) } }
2025-08-25T09:38:12.848052Z  INFO node{moniker=app-1}:node{moniker=app-1}: 🟢🟢 Consensus has decided on value height=8 round=0 value=2a853211129bcbdb
2025-08-25T09:38:12.848135Z DEBUG node{moniker=app-1}:node{moniker=app-1}: 🎁 block size: 545, height: 8
2025-08-25T09:38:12.848148Z  INFO node{moniker=app-1}:node{moniker=app-1}: 👉 stats at height 8: #txs=0, txs/s=0.00, chain_bytes=4360, bytes/s=748.45
2025-08-25T09:38:12.848155Z DEBUG node{moniker=app-1}:node{moniker=app-1}: 🦄 Block at height 8 contains 0 transactions
2025-08-25T09:38:12.852783Z DEBUG node{moniker=app-1}:node{moniker=app-1}: 💡 New block added at height 8 with hash: 0xc836761f8eefbb7d5b28802845e46c8aa025398835dde7782a9554d0263e26ce
2025-08-25T09:38:12.852836Z DEBUG node{moniker=app-1}:node{moniker=app-1}: 🟠 set_latest_forkchoice_state: 0xc836761f8eefbb7d5b28802845e46c8aa025398835dde7782a9554d0263e26ce
2025-08-25T09:38:12.855997Z DEBUG node{moniker=app-1}:node{moniker=app-1}: ➡️ payload_status: PayloadStatus { status: Valid, latest_valid_hash: Some(0xc836761f8eefbb7d5b28802845e46c8aa025398835dde7782a9554d0263e26ce) }
2025-08-25T09:38:12.856015Z DEBUG node{moniker=app-1}:node{moniker=app-1}: 🚀 Forkchoice updated to height 8 for block hash=0xc836761f8eefbb7d5b28802845e46c8aa025398835dde7782a9554d0263e26ce and latest_valid_hash=0xc836761f8eefbb7d5b28802845e46c8aa025398835dde7782a9554d0263e26ce
2025-08-25T09:38:12.856019Z  INFO node{moniker=app-1}:node{moniker=app-1}: Looking for certificate height=8 round=0
2025-08-25T09:38:12.861776Z  INFO node{moniker=app-1}:node{moniker=app-1}: Committed block_data[0..32]: e6911bb839d4c004f30147e6b1a9c505d10be19ecf44db17eb190f713c014f6b
2025-08-25T09:38:12.886345Z DEBUG node{moniker=app-1}:wal{height=9}: Reset WAL height=9
2025-08-25T09:38:12.886673Z DEBUG node{moniker=app-1}:consensus{height=9 round=0}: No WAL entries to replay height=9
2025-08-25T09:38:12.886721Z  INFO node{moniker=app-1}:consensus{height=9 round=0}: Starting new height height=9
2025-08-25T09:38:12.886796Z  INFO node{moniker=app-1}:consensus{height=9 round=0}: Starting new round height=9 round=0 proposer=815F9FA61D7C4F1E4A9E30D40DCA1115BB48F759 role=Validator
2025-08-25T09:38:12.886834Z DEBUG node{moniker=app-1}:sync{height.tip=7 height.sync=8}: Starting new height height.tip=8 height.sync=9 restart=false
2025-08-25T09:38:12.886841Z DEBUG node{moniker=app-1}:sync{height.tip=7 height.sync=8}: No peer to request sync from height.sync=9
2025-08-25T09:38:12.893296Z DEBUG node{moniker=app-1}:wal{height=9}: Flushed WAL to disk wal.entries=0 wal.size=12
2025-08-25T09:38:12.893375Z DEBUG node{moniker=app-1}:node{moniker=app-1}: metis-test:consensus-chan recv!!! msg:StartedRound { height: Height(9), round: Some(0), proposer: Address(815F9FA61D7C4F1E4A9E30D40DCA1115BB48F759), role: Validator, reply_value: Sender { inner: Some(Inner { state: State { is_complete: false, is_closed: false, is_rx_task_set: false, is_tx_task_set: false } }) } }
2025-08-25T09:38:12.893390Z  INFO node{moniker=app-1}:node{moniker=app-1}: 🟢🟢 Started round height=9 round=0 proposer=815F9FA61D7C4F1E4A9E30D40DCA1115BB48F759 role=Validator
2025-08-25T09:38:12.893404Z ERROR node{moniker=app-1}:consensus{height=9 round=0}: Error when processing effect: Messaging(RecvErr)
2025-08-25T09:38:12.893425Z DEBUG node{moniker=app-1}:consensus{height=9 round=0}: Transitioned to new step step.previous=Unstarted step.new=Propose
2025-08-25T09:38:12.893431Z  INFO node{moniker=app-1}:consensus{height=9 round=0}: Scheduling timeout round=0 step=Propose
2025-08-25T09:38:12.893441Z DEBUG node{moniker=app-1}:consensus{height=9 round=0}: Replaying inputs count=0
2025-08-25T09:38:12.893507Z DEBUG node{moniker=app-1}:node{moniker=app-1}: metis-test:consensus-chan recv!!! msg:ReceivedProposalPart { from: PeerId("12D3KooWD4wDmZaWggpGH9ACLhNztqnBvszLRcmBLzZdKwDiWmYh"), part: StreamMessage { stream_id: StreamId(b"\0\0\0\0\0\0\0\t\0\0\0\0\0\0\0\x03"), sequence: 0, content: Data(Init(ProposalInit { height: Height(9), round: Some(0), proposer: Address(815F9FA61D7C4F1E4A9E30D40DCA1115BB48F759) })) }, reply: Sender { inner: Some(Inner { state: State { is_complete: false, is_closed: false, is_rx_task_set: true, is_tx_task_set: false } }) } }
2025-08-25T09:38:12.893530Z  INFO node{moniker=app-1}:node{moniker=app-1}: Received proposal part from=12D3KooWD4wDmZaWggpGH9ACLhNztqnBvszLRcmBLzZdKwDiWmYh part.sequence=0 part.type=init part.size=28
2025-08-25T09:38:12.893556Z DEBUG node{moniker=app-1}:node{moniker=app-1}: metis-test:consensus-chan recv!!! msg:ReceivedProposalPart { from: PeerId("12D3KooWD4wDmZaWggpGH9ACLhNztqnBvszLRcmBLzZdKwDiWmYh"), part: StreamMessage { stream_id: StreamId(b"\0\0\0\0\0\0\0\t\0\0\0\0\0\0\0\x03"), sequence: 1, content: Data(Data(ProposalData { bytes: "<...>", len: 545 })) }, reply: Sender { inner: Some(Inner { state: State { is_complete: false, is_closed: false, is_rx_task_set: true, is_tx_task_set: false } }) } }
2025-08-25T09:38:12.893568Z  INFO node{moniker=app-1}:node{moniker=app-1}: Received proposal part from=12D3KooWD4wDmZaWggpGH9ACLhNztqnBvszLRcmBLzZdKwDiWmYh part.sequence=1 part.type=data part.size=551
2025-08-25T09:38:12.893582Z DEBUG node{moniker=app-1}:node{moniker=app-1}: metis-test:consensus-chan recv!!! msg:ReceivedProposalPart { from: PeerId("12D3KooWD4wDmZaWggpGH9ACLhNztqnBvszLRcmBLzZdKwDiWmYh"), part: StreamMessage { stream_id: StreamId(b"\0\0\0\0\0\0\0\t\0\0\0\0\0\0\0\x03"), sequence: 2, content: Data(Fin(ProposalFin { signature: Signature(Signature { R_bytes: "b5b7eafb615904eb59b0638c705146d78f6c36aa30df2e335db084751a13d401", s_bytes: "b0d1215bf780aca0677751a5ef012c02aff6784cd53fc5013efdc421883e5b0d" }) })) }, reply: Sender { inner: Some(Inner { state: State { is_complete: false, is_closed: false, is_rx_task_set: true, is_tx_task_set: false } }) } }
2025-08-25T09:38:12.893596Z  INFO node{moniker=app-1}:node{moniker=app-1}: Received proposal part from=12D3KooWD4wDmZaWggpGH9ACLhNztqnBvszLRcmBLzZdKwDiWmYh part.sequence=2 part.type=fin part.size=70
2025-08-25T09:38:12.893608Z DEBUG node{moniker=app-1}:node{moniker=app-1}: metis-test:consensus-chan recv!!! msg:ReceivedProposalPart { from: PeerId("12D3KooWD4wDmZaWggpGH9ACLhNztqnBvszLRcmBLzZdKwDiWmYh"), part: StreamMessage { stream_id: StreamId(b"\0\0\0\0\0\0\0\t\0\0\0\0\0\0\0\x03"), sequence: 3, content: Fin }, reply: Sender { inner: Some(Inner { state: State { is_complete: false, is_closed: false, is_rx_task_set: true, is_tx_task_set: false } }) } }
2025-08-25T09:38:12.893709Z  INFO node{moniker=app-1}:node{moniker=app-1}: Received proposal part from=12D3KooWD4wDmZaWggpGH9ACLhNztqnBvszLRcmBLzZdKwDiWmYh part.sequence=3 part.type=end of stream part.size=0
2025-08-25T09:38:12.894194Z  INFO node{moniker=app-1}:node{moniker=app-1}: Proposal data[0..32]: c836761f8eefbb7d5b28802845e46c8aa025398835dde7782a9554d0263e26ce, total_size: 545 bytes, id: 17956f0587683bac
2025-08-25T09:38:12.906398Z DEBUG node{moniker=app-1}:node{moniker=app-1}: ✅ Received complete proposal: ProposedValue { height: Height(9), round: Some(0), valid_round: Nil, proposer: Address(815F9FA61D7C4F1E4A9E30D40DCA1115BB48F759), value: Value { value: 1699386503939505068, extensions: b"\xc86v\x1f\x8e\xef\xbb}[(\x80(E\xe4l\x8a\xa0%9\x885\xdd\xe7x*\x95T\xd0&>&\xce********************\xec&\xdf\x94B\xc5\xd4\xa0\xa0\xccSH\xc9`\x11[C\xda\x08\xc7\xae\xf6\xbeNL\xcc_\x13l\xa8\x92\xa6V\xe8\x1f\x17\x1b\xccU\xa6\xff\x83E\xe6\x92\xc0\xf8n[H\xe0\x1b\x99l\xad\xc0\x01b/\xb5\xe3c\xb4!\0\0\0\0\0\0\0\0\0\0\0\0\0\0\0\0\0\0\0\0\0\0\0\0\0\0\0\0\0\0\0\0\0\0\0\0\0\0\0\0\0\0\0\0\0\0\0\0\0\0\0\0\0\0\0\0\0\0\0\0\0\0\0\0\0\0\0\0\0\0\0\0\0\0\0\0\0\0\0\0\0\0\0\0\0\0\0\0\0\0\0\0\0\0\0\0\0\0\0\0\0\0\0\0\0\0\0\0\0\0\0\0\0\0\0\0\0\0\0\0\0\0\0\0\0\0\0\0\0\0\0\0\0\0\0\0\0\0\0\0\0\0\0\0\0\0\0\0\0\0\0\0\0\0\0\0\0\0\0\0\0\0\0\0\0\0\0\0\0\0\0\0\0\0\0\0\0\0\0\0\0\0\0\0\0\0\0\0\0\0\0\0\0\0\0\0\0\0\0\0\0\0\0\0\0\0\0\0\0\0\0\0\0\0\0\0\0\0\0\0\0\0\0\0\0\0\0\0\0\0\0\0\0\0\0\0\0\0\0\0\0\0\0\0\0\0\0\0\0\0\0\0\0\0\0\0\0\0\0\0\0\0\0\0\0\0\0\0\0\0\0\0\0\0\0\0\0\0\0\0\0\0\0\0\0\0\0\0\t\0\0\0\0\0\0\0r\xcd\xcd\x01\0\0\0\0\0\0\0\0\0\0\0\0\x0c/\xach\0\0\0\0\x10\x02\0\0\x8b\xac\xeb\x11\0\0\0\0\0\0\0\0\0\0\0\0\0\0\0\0\0\0\0\0\0\0\0\0\0\0\0\0\xdbC[\xb9&\rq>)\xf3\x12\x0f\x9c[4u\x1dbzT)Q\xc9\xd1\xf6\xf0{\xfc\x08/\x87\x17!\x02\0\0!\x02\0\0\0\0\0\0\0\0\0\0\0\0\0\0\0\0\0\0reth/v1.4.1/linux" }, validity: Valid }
2025-08-25T09:38:12.906889Z DEBUG node{moniker=app-1}:wal{height=9}: Wrote log entry type=LocallyProposedValue entry.size=598 
2025-08-25T09:38:12.912120Z  INFO node{moniker=app-1}:consensus{height=9 round=0}: Received vote height=9 vote_height=9 address=815F9FA61D7C4F1E4A9E30D40DCA1115BB48F759 Prevote(height: 9, round: 0, value: 17956f0587683bac, from: 815F9FA61D7C4F1E4A9E30D40DCA1115BB48F759)
2025-08-25T09:38:12.914184Z DEBUG node{moniker=app-1}:wal{height=9}: Wrote log entry type=Consensus(Vote) entry.size=117 
2025-08-25T09:38:12.915002Z  INFO node{moniker=app-1}:consensus{height=9 round=0}: Received proposal consensus.height=9 proposal.height=9 proposal.round=0 proposer=815F9FA61D7C4F1E4A9E30D40DCA1115BB48F759 Proposal(height: 9, round: 0, pol_round: -1, value: 17956f0587683bac, from: 815F9FA61D7C4F1E4A9E30D40DCA1115BB48F759)
2025-08-25T09:38:12.915270Z DEBUG node{moniker=app-1}:wal{height=9}: Wrote log entry type=Consensus(Proposal) entry.size=667 
2025-08-25T09:38:12.915445Z DEBUG node{moniker=app-1}:consensus{height=9 round=0}: Transitioned to new step step.previous=Propose step.new=Prevote
2025-08-25T09:38:12.915464Z  INFO node{moniker=app-1}:consensus{height=9 round=0}: Voting vote_type=Prevote value=17956f0587683bac round=0
2025-08-25T09:38:12.915721Z  INFO node{moniker=app-1}:consensus{height=9 round=0}: Received vote height=9 vote_height=9 address=DE7BA2BE72D2225286133990FF5810B691A5261C Prevote(height: 9, round: 0, value: 17956f0587683bac, from: DE7BA2BE72D2225286133990FF5810B691A5261C)
2025-08-25T09:38:12.915791Z DEBUG node{moniker=app-1}:wal{height=9}: Wrote log entry type=Consensus(Vote) entry.size=117 
2025-08-25T09:38:12.915825Z DEBUG node{moniker=app-1}:consensus{height=9 round=0}: Transitioned to new step step.previous=Prevote step.new=Precommit
2025-08-25T09:38:12.915830Z  INFO node{moniker=app-1}:consensus{height=9 round=0}: Voting vote_type=Precommit value=17956f0587683bac round=0
2025-08-25T09:38:12.915848Z DEBUG node{moniker=app-1}:node{moniker=app-1}: metis-test:consensus-chan recv!!! msg:ExtendVote { height: Height(9), round: Some(0), value_id: ValueId(1699386503939505068), reply: Sender { inner: Some(Inner { state: State { is_complete: false, is_closed: false, is_rx_task_set: true, is_tx_task_set: false } }) } }
2025-08-25T09:38:12.916006Z  INFO node{moniker=app-1}:consensus{height=9 round=0}: Received vote height=9 vote_height=9 address=DE7BA2BE72D2225286133990FF5810B691A5261C Precommit(height: 9, round: 0, value: 17956f0587683bac, from: DE7BA2BE72D2225286133990FF5810B691A5261C)
2025-08-25T09:38:12.916066Z DEBUG node{moniker=app-1}:wal{height=9}: Wrote log entry type=Consensus(Vote) entry.size=119 
2025-08-25T09:38:12.919230Z DEBUG node{moniker=app-1}:wal{height=9}: Flushed WAL to disk wal.entries=5 wal.size=1695
2025-08-25T09:38:12.919464Z DEBUG node{moniker=app-1}:network: Published message channel=/consensus size=110
2025-08-25T09:38:12.922377Z DEBUG node{moniker=app-1}:wal{height=9}: Flushed WAL to disk wal.entries=5 wal.size=1695
2025-08-25T09:38:12.922710Z DEBUG node{moniker=app-1}:network: Published message channel=/consensus size=108
2025-08-25T09:38:12.931168Z  INFO node{moniker=app-1}:consensus{height=9 round=0}: Received vote height=9 vote_height=9 address=815F9FA61D7C4F1E4A9E30D40DCA1115BB48F759 Precommit(height: 9, round: 0, value: 17956f0587683bac, from: 815F9FA61D7C4F1E4A9E30D40DCA1115BB48F759)
2025-08-25T09:38:12.931436Z DEBUG node{moniker=app-1}:wal{height=9}: Wrote log entry type=Consensus(Vote) entry.size=119 
2025-08-25T09:38:12.931481Z DEBUG node{moniker=app-1}:consensus{height=9 round=0}: Transitioned to new step step.previous=Precommit step.new=Commit
2025-08-25T09:38:12.931489Z  INFO node{moniker=app-1}:consensus{height=9 round=0}: Decided round=0 height=9 value=17956f0587683bac
2025-08-25T09:38:12.939178Z DEBUG node{moniker=app-1}:wal{height=9}: Flushed WAL to disk wal.entries=6 wal.size=1827
2025-08-25T09:38:12.939324Z DEBUG node{moniker=app-1}:sync{height.tip=8 height.sync=9}: Updating request state height.tip=9
2025-08-25T09:38:12.939342Z DEBUG node{moniker=app-1}:node{moniker=app-1}: metis-test:consensus-chan recv!!! msg:Decided { certificate: CommitCertificate { height: Height(9), round: Some(0), value_id: ValueId(1699386503939505068), commit_signatures: [CommitSignature { address: Address(815F9FA61D7C4F1E4A9E30D40DCA1115BB48F759), signature: Signature(Signature { R_bytes: "960bcfcadbca5c637e6a55861b6d76c2dbc6bdb02b3137aed8a9f4003356fd91", s_bytes: "dfeb2d7d64049c268f15eef17a7a380aca42eb7b1e99741ac2464b4b7bf4ff00" }) }, CommitSignature { address: Address(DE7BA2BE72D2225286133990FF5810B691A5261C), signature: Signature(Signature { R_bytes: "0cc4a2afa45ddceb2c6e25107709af889c7293713df4eb45a05bef825c0cac12", s_bytes: "1f817f6bbdbd08e68e0aafa8cb80969704013eaa0cd208831f049ab3942cf400" }) }] }, extensions: VoteExtensions { extensions: [] }, reply: Sender { inner: Some(Inner { state: State { is_complete: false, is_closed: false, is_rx_task_set: true, is_tx_task_set: false } }) } }
2025-08-25T09:38:12.939364Z  INFO node{moniker=app-1}:node{moniker=app-1}: 🟢🟢 Consensus has decided on value height=9 round=0 value=17956f0587683bac
2025-08-25T09:38:12.939557Z DEBUG node{moniker=app-1}:node{moniker=app-1}: 🎁 block size: 545, height: 9
2025-08-25T09:38:12.939571Z  INFO node{moniker=app-1}:node{moniker=app-1}: 👉 stats at height 9: #txs=0, txs/s=0.00, chain_bytes=4905, bytes/s=829.00
2025-08-25T09:38:12.939576Z DEBUG node{moniker=app-1}:node{moniker=app-1}: 🦄 Block at height 9 contains 0 transactions
2025-08-25T09:38:12.940350Z DEBUG node{moniker=app-1}:node{moniker=app-1}: 💡 New block added at height 9 with hash: 0xdb435bb9260d713e29f3120f9c5b34751d627a542951c9d1f6f07bfc082f8717
2025-08-25T09:38:12.940359Z DEBUG node{moniker=app-1}:node{moniker=app-1}: 🟠 set_latest_forkchoice_state: 0xdb435bb9260d713e29f3120f9c5b34751d627a542951c9d1f6f07bfc082f8717
2025-08-25T09:38:12.940896Z DEBUG node{moniker=app-1}:node{moniker=app-1}: ➡️ payload_status: PayloadStatus { status: Valid, latest_valid_hash: Some(0xdb435bb9260d713e29f3120f9c5b34751d627a542951c9d1f6f07bfc082f8717) }
2025-08-25T09:38:12.940903Z DEBUG node{moniker=app-1}:node{moniker=app-1}: 🚀 Forkchoice updated to height 9 for block hash=0xdb435bb9260d713e29f3120f9c5b34751d627a542951c9d1f6f07bfc082f8717 and latest_valid_hash=0xdb435bb9260d713e29f3120f9c5b34751d627a542951c9d1f6f07bfc082f8717
2025-08-25T09:38:12.940906Z  INFO node{moniker=app-1}:node{moniker=app-1}: Looking for certificate height=9 round=0
2025-08-25T09:38:12.945577Z  INFO node{moniker=app-1}:node{moniker=app-1}: Committed block_data[0..32]: c836761f8eefbb7d5b28802845e46c8aa025398835dde7782a9554d0263e26ce
2025-08-25T09:38:12.975126Z DEBUG node{moniker=app-1}:wal{height=10}: Reset WAL height=10
2025-08-25T09:38:12.975406Z DEBUG node{moniker=app-1}:consensus{height=10 round=0}: No WAL entries to replay height=10
2025-08-25T09:38:12.975567Z  INFO node{moniker=app-1}:consensus{height=10 round=0}: Starting new height height=10
2025-08-25T09:38:12.975572Z  INFO node{moniker=app-1}:consensus{height=10 round=0}: Starting new round height=10 round=0 proposer=02CB1B49DA09615BD4A12212C39378556D990DFD role=Validator
2025-08-25T09:38:12.975593Z DEBUG node{moniker=app-1}:sync{height.tip=8 height.sync=9}: Starting new height height.tip=9 height.sync=10 restart=false
2025-08-25T09:38:12.975597Z DEBUG node{moniker=app-1}:sync{height.tip=8 height.sync=9}: No peer to request sync from height.sync=10
2025-08-25T09:38:12.978979Z DEBUG node{moniker=app-1}:wal{height=10}: Flushed WAL to disk wal.entries=0 wal.size=12
2025-08-25T09:38:12.979061Z DEBUG node{moniker=app-1}:node{moniker=app-1}: metis-test:consensus-chan recv!!! msg:StartedRound { height: Height(10), round: Some(0), proposer: Address(02CB1B49DA09615BD4A12212C39378556D990DFD), role: Validator, reply_value: Sender { inner: Some(Inner { state: State { is_complete: false, is_closed: false, is_rx_task_set: false, is_tx_task_set: false } }) } }
2025-08-25T09:38:12.979071Z  INFO node{moniker=app-1}:node{moniker=app-1}: 🟢🟢 Started round height=10 round=0 proposer=02CB1B49DA09615BD4A12212C39378556D990DFD role=Validator
2025-08-25T09:38:12.979080Z ERROR node{moniker=app-1}:consensus{height=10 round=0}: Error when processing effect: Messaging(RecvErr)
2025-08-25T09:38:12.979096Z DEBUG node{moniker=app-1}:consensus{height=10 round=0}: Transitioned to new step step.previous=Unstarted step.new=Propose
2025-08-25T09:38:12.979100Z  INFO node{moniker=app-1}:consensus{height=10 round=0}: Scheduling timeout round=0 step=Propose
2025-08-25T09:38:12.979106Z DEBUG node{moniker=app-1}:consensus{height=10 round=0}: Replaying inputs count=0
2025-08-25T09:38:12.985351Z DEBUG node{moniker=app-1}:node{moniker=app-1}: metis-test:consensus-chan recv!!! msg:ReceivedProposalPart { from: PeerId("12D3KooWR2Quwt2G6MyT6WQkUdfS8nHZu7XcPotkmbhuEoqc94oJ"), part: StreamMessage { stream_id: StreamId(b"\0\0\0\0\0\0\0\n\0\0\0\0\0\0\0\x03"), sequence: 0, content: Data(Init(ProposalInit { height: Height(10), round: Some(0), proposer: Address(02CB1B49DA09615BD4A12212C39378556D990DFD) })) }, reply: Sender { inner: Some(Inner { state: State { is_complete: false, is_closed: false, is_rx_task_set: true, is_tx_task_set: false } }) } }
2025-08-25T09:38:12.985371Z  INFO node{moniker=app-1}:node{moniker=app-1}: Received proposal part from=12D3KooWR2Quwt2G6MyT6WQkUdfS8nHZu7XcPotkmbhuEoqc94oJ part.sequence=0 part.type=init part.size=28
2025-08-25T09:38:12.985783Z DEBUG node{moniker=app-1}:node{moniker=app-1}: metis-test:consensus-chan recv!!! msg:ReceivedProposalPart { from: PeerId("12D3KooWR2Quwt2G6MyT6WQkUdfS8nHZu7XcPotkmbhuEoqc94oJ"), part: StreamMessage { stream_id: StreamId(b"\0\0\0\0\0\0\0\n\0\0\0\0\0\0\0\x03"), sequence: 1, content: Data(Data(ProposalData { bytes: "<...>", len: 545 })) }, reply: Sender { inner: Some(Inner { state: State { is_complete: false, is_closed: false, is_rx_task_set: true, is_tx_task_set: false } }) } }
2025-08-25T09:38:12.985792Z  INFO node{moniker=app-1}:node{moniker=app-1}: Received proposal part from=12D3KooWR2Quwt2G6MyT6WQkUdfS8nHZu7XcPotkmbhuEoqc94oJ part.sequence=1 part.type=data part.size=551
2025-08-25T09:38:12.985799Z DEBUG node{moniker=app-1}:node{moniker=app-1}: metis-test:consensus-chan recv!!! msg:ReceivedProposalPart { from: PeerId("12D3KooWR2Quwt2G6MyT6WQkUdfS8nHZu7XcPotkmbhuEoqc94oJ"), part: StreamMessage { stream_id: StreamId(b"\0\0\0\0\0\0\0\n\0\0\0\0\0\0\0\x03"), sequence: 2, content: Data(Fin(ProposalFin { signature: Signature(Signature { R_bytes: "3363f043a4af046400606a21cfda57aa7260e17948db22ee8373b80411f5b4f7", s_bytes: "9b0d0a3cdd8a15eefd443d57f873f0f0cca10a01d0b420f9564525b14489cc04" }) })) }, reply: Sender { inner: Some(Inner { state: State { is_complete: false, is_closed: false, is_rx_task_set: true, is_tx_task_set: false } }) } }
2025-08-25T09:38:12.985805Z  INFO node{moniker=app-1}:node{moniker=app-1}: Received proposal part from=12D3KooWR2Quwt2G6MyT6WQkUdfS8nHZu7XcPotkmbhuEoqc94oJ part.sequence=2 part.type=fin part.size=70
2025-08-25T09:38:12.985810Z DEBUG node{moniker=app-1}:node{moniker=app-1}: metis-test:consensus-chan recv!!! msg:ReceivedProposalPart { from: PeerId("12D3KooWR2Quwt2G6MyT6WQkUdfS8nHZu7XcPotkmbhuEoqc94oJ"), part: StreamMessage { stream_id: StreamId(b"\0\0\0\0\0\0\0\n\0\0\0\0\0\0\0\x03"), sequence: 3, content: Fin }, reply: Sender { inner: Some(Inner { state: State { is_complete: false, is_closed: false, is_rx_task_set: true, is_tx_task_set: false } }) } }
2025-08-25T09:38:12.985813Z  INFO node{moniker=app-1}:node{moniker=app-1}: Received proposal part from=12D3KooWR2Quwt2G6MyT6WQkUdfS8nHZu7XcPotkmbhuEoqc94oJ part.sequence=3 part.type=end of stream part.size=0
2025-08-25T09:38:12.985875Z  INFO node{moniker=app-1}:node{moniker=app-1}: Proposal data[0..32]: db435bb9260d713e29f3120f9c5b34751d627a542951c9d1f6f07bfc082f8717, total_size: 545 bytes, id: 6f12b29d2f99622a
2025-08-25T09:38:12.988881Z  INFO node{moniker=app-1}:consensus{height=10 round=0}: Received vote height=10 vote_height=10 address=02CB1B49DA09615BD4A12212C39378556D990DFD Prevote(height: 10, round: 0, value: 6f12b29d2f99622a, from: 02CB1B49DA09615BD4A12212C39378556D990DFD)
2025-08-25T09:38:12.997275Z DEBUG node{moniker=app-1}:node{moniker=app-1}: ✅ Received complete proposal: ProposedValue { height: Height(10), round: Some(0), valid_round: Nil, proposer: Address(02CB1B49DA09615BD4A12212C39378556D990DFD), value: Value { value: 8003655875968983594, extensions: b"\xdbC[\xb9&\rq>)\xf3\x12\x0f\x9c[4u\x1dbzT)Q\xc9\xd1\xf6\xf0{\xfc\x08/\x87\x17********************\xec&\xdf\x94B\xc5\xd4\xa0\xa0\xccSH\xc9`\x11[C\xda\x08\xc7\xae\xf6\xbeNL\xcc_\x13l\xa8\x92\xa6V\xe8\x1f\x17\x1b\xccU\xa6\xff\x83E\xe6\x92\xc0\xf8n[H\xe0\x1b\x99l\xad\xc0\x01b/\xb5\xe3c\xb4!\0\0\0\0\0\0\0\0\0\0\0\0\0\0\0\0\0\0\0\0\0\0\0\0\0\0\0\0\0\0\0\0\0\0\0\0\0\0\0\0\0\0\0\0\0\0\0\0\0\0\0\0\0\0\0\0\0\0\0\0\0\0\0\0\0\0\0\0\0\0\0\0\0\0\0\0\0\0\0\0\0\0\0\0\0\0\0\0\0\0\0\0\0\0\0\0\0\0\0\0\0\0\0\0\0\0\0\0\0\0\0\0\0\0\0\0\0\0\0\0\0\0\0\0\0\0\0\0\0\0\0\0\0\0\0\0\0\0\0\0\0\0\0\0\0\0\0\0\0\0\0\0\0\0\0\0\0\0\0\0\0\0\0\0\0\0\0\0\0\0\0\0\0\0\0\0\0\0\0\0\0\0\0\0\0\0\0\0\0\0\0\0\0\0\0\0\0\0\0\0\0\0\0\0\0\0\0\0\0\0\0\0\0\0\0\0\0\0\0\0\0\0\0\0\0\0\0\0\0\0\0\0\0\0\0\0\0\0\0\0\0\0\0\0\0\0\0\0\0\0\0\0\0\0\0\0\0\0\0\0\0\0\0\0\0\0\0\0\0\0\0\0\0\0\0\0\0\0\0\0\0\0\0\0\0\0\0\0\n\0\0\0\0\0\0\0\xe4@\xce\x01\0\0\0\0\0\0\0\0\0\0\0\0\r/\xach\0\0\0\0\x10\x02\0\0\xfa6\xae\x0f\0\0\0\0\0\0\0\0\0\0\0\0\0\0\0\0\0\0\0\0\0\0\0\0\0\0\0\0+\xab\xb0\xb7\x91\xa5w=\x87\x11\xa2\xc5|,Z\x9a}L\xb8^\x11Wx\x14&\xd1\t\xd2\xa7\xa1\x17c!\x02\0\0!\x02\0\0\0\0\0\0\0\0\0\0\0\0\0\0\0\0\0\0reth/v1.4.1/linux" }, validity: Valid }
2025-08-25T09:38:13.000255Z DEBUG node{moniker=app-1}:wal{height=10}: Wrote log entry type=Consensus(Vote) entry.size=117 
2025-08-25T09:38:13.000594Z  INFO node{moniker=app-1}:consensus{height=10 round=0}: Received proposal consensus.height=10 proposal.height=10 proposal.round=0 proposer=02CB1B49DA09615BD4A12212C39378556D990DFD Proposal(height: 10, round: 0, pol_round: -1, value: 6f12b29d2f99622a, from: 02CB1B49DA09615BD4A12212C39378556D990DFD)
2025-08-25T09:38:13.000663Z DEBUG node{moniker=app-1}:wal{height=10}: Wrote log entry type=Consensus(Proposal) entry.size=667 
2025-08-25T09:38:13.000683Z DEBUG node{moniker=app-1}:consensus{height=10 round=0}: No full proposal for this round yet, stored proposal for later proposal.height=10 proposal.round=0
2025-08-25T09:38:13.000698Z DEBUG node{moniker=app-1}:consensus{height=10 round=0}: We have a full proposal for this round, checking... proposal.height=10 proposal.round=0
2025-08-25T09:38:13.000709Z DEBUG node{moniker=app-1}:consensus{height=10 round=0}: Transitioned to new step step.previous=Propose step.new=Prevote
2025-08-25T09:38:13.000718Z  INFO node{moniker=app-1}:consensus{height=10 round=0}: Voting vote_type=Prevote value=6f12b29d2f99622a round=0
2025-08-25T09:38:13.000919Z  INFO node{moniker=app-1}:consensus{height=10 round=0}: Received vote height=10 vote_height=10 address=DE7BA2BE72D2225286133990FF5810B691A5261C Prevote(height: 10, round: 0, value: 6f12b29d2f99622a, from: DE7BA2BE72D2225286133990FF5810B691A5261C)
2025-08-25T09:38:13.000993Z DEBUG node{moniker=app-1}:wal{height=10}: Wrote log entry type=Consensus(Vote) entry.size=117 
2025-08-25T09:38:13.001032Z DEBUG node{moniker=app-1}:consensus{height=10 round=0}: Transitioned to new step step.previous=Prevote step.new=Precommit
2025-08-25T09:38:13.001039Z  INFO node{moniker=app-1}:consensus{height=10 round=0}: Voting vote_type=Precommit value=6f12b29d2f99622a round=0
2025-08-25T09:38:13.001055Z DEBUG node{moniker=app-1}:node{moniker=app-1}: metis-test:consensus-chan recv!!! msg:ExtendVote { height: Height(10), round: Some(0), value_id: ValueId(8003655875968983594), reply: Sender { inner: Some(Inner { state: State { is_complete: false, is_closed: false, is_rx_task_set: true, is_tx_task_set: false } }) } }
2025-08-25T09:38:13.001229Z  INFO node{moniker=app-1}:consensus{height=10 round=0}: Received vote height=10 vote_height=10 address=DE7BA2BE72D2225286133990FF5810B691A5261C Precommit(height: 10, round: 0, value: 6f12b29d2f99622a, from: DE7BA2BE72D2225286133990FF5810B691A5261C)
2025-08-25T09:38:13.001288Z DEBUG node{moniker=app-1}:wal{height=10}: Wrote log entry type=Consensus(Vote) entry.size=119 
2025-08-25T09:38:13.002726Z DEBUG node{moniker=app-1}:wal{height=10}: Flushed WAL to disk wal.entries=4 wal.size=1084
2025-08-25T09:38:13.002901Z DEBUG node{moniker=app-1}:network: Published message channel=/consensus size=110
2025-08-25T09:38:13.002915Z DEBUG node{moniker=app-1}:wal{height=10}: Flushed WAL to disk wal.entries=4 wal.size=1084
2025-08-25T09:38:13.003138Z DEBUG node{moniker=app-1}:network: Published message channel=/consensus size=108
2025-08-25T09:38:13.011488Z  INFO node{moniker=app-1}:consensus{height=10 round=0}: Received vote height=10 vote_height=10 address=02CB1B49DA09615BD4A12212C39378556D990DFD Precommit(height: 10, round: 0, value: 6f12b29d2f99622a, from: 02CB1B49DA09615BD4A12212C39378556D990DFD)
2025-08-25T09:38:13.012222Z DEBUG node{moniker=app-1}:wal{height=10}: Wrote log entry type=Consensus(Vote) entry.size=119 
2025-08-25T09:38:13.012476Z DEBUG node{moniker=app-1}:consensus{height=10 round=0}: Transitioned to new step step.previous=Precommit step.new=Commit
2025-08-25T09:38:13.012485Z  INFO node{moniker=app-1}:consensus{height=10 round=0}: Decided round=0 height=10 value=6f12b29d2f99622a
2025-08-25T09:38:13.016492Z DEBUG node{moniker=app-1}:wal{height=10}: Flushed WAL to disk wal.entries=5 wal.size=1216
2025-08-25T09:38:13.016541Z DEBUG node{moniker=app-1}:sync{height.tip=9 height.sync=10}: Updating request state height.tip=10
2025-08-25T09:38:13.016552Z DEBUG node{moniker=app-1}:node{moniker=app-1}: metis-test:consensus-chan recv!!! msg:Decided { certificate: CommitCertificate { height: Height(10), round: Some(0), value_id: ValueId(8003655875968983594), commit_signatures: [CommitSignature { address: Address(02CB1B49DA09615BD4A12212C39378556D990DFD), signature: Signature(Signature { R_bytes: "cd968155280e01be99f31900bd2e05c88ef6428a26e473191ff69ae8045b3d1d", s_bytes: "33cbf902f56ed1133ae8d709e099d10f3181b254ba12785238570e28e785ad0a" }) }, CommitSignature { address: Address(DE7BA2BE72D2225286133990FF5810B691A5261C), signature: Signature(Signature { R_bytes: "2913ba23971daa70a40d5a9720c35c9855b264873b078642d45fb9d8ded73018", s_bytes: "ac6f2f4c3f64d72f9332afbfbf9b480225c55d2c9305fe2fdda5cd651f73c00d" }) }] }, extensions: VoteExtensions { extensions: [] }, reply: Sender { inner: Some(Inner { state: State { is_complete: false, is_closed: false, is_rx_task_set: true, is_tx_task_set: false } }) } }
2025-08-25T09:38:13.016564Z  INFO node{moniker=app-1}:node{moniker=app-1}: 🟢🟢 Consensus has decided on value height=10 round=0 value=6f12b29d2f99622a
2025-08-25T09:38:13.016598Z DEBUG node{moniker=app-1}:node{moniker=app-1}: 🎁 block size: 545, height: 10
2025-08-25T09:38:13.016603Z  INFO node{moniker=app-1}:node{moniker=app-1}: 👉 stats at height 10: #txs=0, txs/s=0.00, chain_bytes=5450, bytes/s=909.27
2025-08-25T09:38:13.016605Z DEBUG node{moniker=app-1}:node{moniker=app-1}: 🦄 Block at height 10 contains 0 transactions
2025-08-25T09:38:13.017442Z DEBUG node{moniker=app-1}:node{moniker=app-1}: 💡 New block added at height 10 with hash: 0x2babb0b791a5773d8711a2c57c2c5a9a7d4cb85e1157781426d109d2a7a11763
2025-08-25T09:38:13.017444Z DEBUG node{moniker=app-1}:node{moniker=app-1}: 🟠 set_latest_forkchoice_state: 0x2babb0b791a5773d8711a2c57c2c5a9a7d4cb85e1157781426d109d2a7a11763
2025-08-25T09:38:13.017837Z DEBUG node{moniker=app-1}:node{moniker=app-1}: ➡️ payload_status: PayloadStatus { status: Valid, latest_valid_hash: Some(0x2babb0b791a5773d8711a2c57c2c5a9a7d4cb85e1157781426d109d2a7a11763) }
2025-08-25T09:38:13.017840Z DEBUG node{moniker=app-1}:node{moniker=app-1}: 🚀 Forkchoice updated to height 10 for block hash=0x2babb0b791a5773d8711a2c57c2c5a9a7d4cb85e1157781426d109d2a7a11763 and latest_valid_hash=0x2babb0b791a5773d8711a2c57c2c5a9a7d4cb85e1157781426d109d2a7a11763
2025-08-25T09:38:13.017841Z  INFO node{moniker=app-1}:node{moniker=app-1}: Looking for certificate height=10 round=0
2025-08-25T09:38:13.025292Z  INFO node{moniker=app-1}:node{moniker=app-1}: Committed block_data[0..32]: db435bb9260d713e29f3120f9c5b34751d627a542951c9d1f6f07bfc082f8717
2025-08-25T09:38:13.047409Z DEBUG node{moniker=app-1}:wal{height=11}: Reset WAL height=11
2025-08-25T09:38:13.047476Z DEBUG node{moniker=app-1}:consensus{height=11 round=0}: No WAL entries to replay height=11
2025-08-25T09:38:13.047514Z  INFO node{moniker=app-1}:consensus{height=11 round=0}: Starting new height height=11
2025-08-25T09:38:13.047521Z  INFO node{moniker=app-1}:consensus{height=11 round=0}: Starting new round height=11 round=0 proposer=02CB1B49DA09615BD4A12212C39378556D990DFD role=None
2025-08-25T09:38:13.047683Z DEBUG node{moniker=app-1}:sync{height.tip=9 height.sync=10}: Starting new height height.tip=10 height.sync=11 restart=false
2025-08-25T09:38:13.047691Z DEBUG node{moniker=app-1}:sync{height.tip=9 height.sync=10}: No peer to request sync from height.sync=11
2025-08-25T09:38:13.052888Z DEBUG node{moniker=app-1}:wal{height=11}: Flushed WAL to disk wal.entries=0 wal.size=12
2025-08-25T09:38:13.053140Z DEBUG node{moniker=app-1}:node{moniker=app-1}: metis-test:consensus-chan recv!!! msg:StartedRound { height: Height(11), round: Some(0), proposer: Address(02CB1B49DA09615BD4A12212C39378556D990DFD), role: None, reply_value: Sender { inner: Some(Inner { state: State { is_complete: false, is_closed: false, is_rx_task_set: false, is_tx_task_set: false } }) } }
2025-08-25T09:38:13.053159Z  INFO node{moniker=app-1}:node{moniker=app-1}: 🟢🟢 Started round height=11 round=0 proposer=02CB1B49DA09615BD4A12212C39378556D990DFD role=None
2025-08-25T09:38:13.053176Z ERROR node{moniker=app-1}:consensus{height=11 round=0}: Error when processing effect: Messaging(RecvErr)
2025-08-25T09:38:13.053199Z DEBUG node{moniker=app-1}:consensus{height=11 round=0}: Transitioned to new step step.previous=Unstarted step.new=Propose
2025-08-25T09:38:13.053206Z  INFO node{moniker=app-1}:consensus{height=11 round=0}: Scheduling timeout round=0 step=Propose
2025-08-25T09:38:13.053218Z DEBUG node{moniker=app-1}:consensus{height=11 round=0}: Replaying inputs count=0
2025-08-25T09:38:13.065235Z DEBUG node{moniker=app-1}:node{moniker=app-1}: metis-test:consensus-chan recv!!! msg:ReceivedProposalPart { from: PeerId("12D3KooWR2Quwt2G6MyT6WQkUdfS8nHZu7XcPotkmbhuEoqc94oJ"), part: StreamMessage { stream_id: StreamId(b"\0\0\0\0\0\0\0\x0b\0\0\0\0\0\0\0\x04"), sequence: 0, content: Data(Init(ProposalInit { height: Height(11), round: Some(0), proposer: Address(02CB1B49DA09615BD4A12212C39378556D990DFD) })) }, reply: Sender { inner: Some(Inner { state: State { is_complete: false, is_closed: false, is_rx_task_set: true, is_tx_task_set: false } }) } }
2025-08-25T09:38:13.065303Z  INFO node{moniker=app-1}:node{moniker=app-1}: Received proposal part from=12D3KooWR2Quwt2G6MyT6WQkUdfS8nHZu7XcPotkmbhuEoqc94oJ part.sequence=0 part.type=init part.size=28
2025-08-25T09:38:13.065330Z DEBUG node{moniker=app-1}:node{moniker=app-1}: metis-test:consensus-chan recv!!! msg:ReceivedProposalPart { from: PeerId("12D3KooWR2Quwt2G6MyT6WQkUdfS8nHZu7XcPotkmbhuEoqc94oJ"), part: StreamMessage { stream_id: StreamId(b"\0\0\0\0\0\0\0\x0b\0\0\0\0\0\0\0\x04"), sequence: 1, content: Data(Data(ProposalData { bytes: "<...>", len: 545 })) }, reply: Sender { inner: Some(Inner { state: State { is_complete: false, is_closed: false, is_rx_task_set: true, is_tx_task_set: false } }) } }
2025-08-25T09:38:13.065340Z  INFO node{moniker=app-1}:node{moniker=app-1}: Received proposal part from=12D3KooWR2Quwt2G6MyT6WQkUdfS8nHZu7XcPotkmbhuEoqc94oJ part.sequence=1 part.type=data part.size=551
2025-08-25T09:38:13.065350Z DEBUG node{moniker=app-1}:node{moniker=app-1}: metis-test:consensus-chan recv!!! msg:ReceivedProposalPart { from: PeerId("12D3KooWR2Quwt2G6MyT6WQkUdfS8nHZu7XcPotkmbhuEoqc94oJ"), part: StreamMessage { stream_id: StreamId(b"\0\0\0\0\0\0\0\x0b\0\0\0\0\0\0\0\x04"), sequence: 2, content: Data(Fin(ProposalFin { signature: Signature(Signature { R_bytes: "c1fc696380716638681adc71471d841625f8515c142e064028ffab583a4ad109", s_bytes: "63c0ecb74aa2d364099255f766a27be52b992f9d0c2fcaae6069b2e1adfa4509" }) })) }, reply: Sender { inner: Some(Inner { state: State { is_complete: false, is_closed: false, is_rx_task_set: true, is_tx_task_set: false } }) } }
2025-08-25T09:38:13.065361Z  INFO node{moniker=app-1}:node{moniker=app-1}: Received proposal part from=12D3KooWR2Quwt2G6MyT6WQkUdfS8nHZu7XcPotkmbhuEoqc94oJ part.sequence=2 part.type=fin part.size=70
2025-08-25T09:38:13.065370Z DEBUG node{moniker=app-1}:node{moniker=app-1}: metis-test:consensus-chan recv!!! msg:ReceivedProposalPart { from: PeerId("12D3KooWR2Quwt2G6MyT6WQkUdfS8nHZu7XcPotkmbhuEoqc94oJ"), part: StreamMessage { stream_id: StreamId(b"\0\0\0\0\0\0\0\x0b\0\0\0\0\0\0\0\x04"), sequence: 3, content: Fin }, reply: Sender { inner: Some(Inner { state: State { is_complete: false, is_closed: false, is_rx_task_set: true, is_tx_task_set: false } }) } }
2025-08-25T09:38:13.065376Z  INFO node{moniker=app-1}:node{moniker=app-1}: Received proposal part from=12D3KooWR2Quwt2G6MyT6WQkUdfS8nHZu7XcPotkmbhuEoqc94oJ part.sequence=3 part.type=end of stream part.size=0
2025-08-25T09:38:13.065507Z  INFO node{moniker=app-1}:node{moniker=app-1}: Proposal data[0..32]: 2babb0b791a5773d8711a2c57c2c5a9a7d4cb85e1157781426d109d2a7a11763, total_size: 545 bytes, id: 9b8eb0bd159f6d3d
2025-08-25T09:38:13.076402Z DEBUG node{moniker=app-1}:node{moniker=app-1}: ✅ Received complete proposal: ProposedValue { height: Height(11), round: Some(0), valid_round: Nil, proposer: Address(02CB1B49DA09615BD4A12212C39378556D990DFD), value: Value { value: 11209090848729820477, extensions: b"+\xab\xb0\xb7\x91\xa5w=\x87\x11\xa2\xc5|,Z\x9a}L\xb8^\x11Wx\x14&\xd1\t\xd2\xa7\xa1\x17c********************\xec&\xdf\x94B\xc5\xd4\xa0\xa0\xccSH\xc9`\x11[C\xda\x08\xc7\xae\xf6\xbeNL\xcc_\x13l\xa8\x92\xa6V\xe8\x1f\x17\x1b\xccU\xa6\xff\x83E\xe6\x92\xc0\xf8n[H\xe0\x1b\x99l\xad\xc0\x01b/\xb5\xe3c\xb4!\0\0\0\0\0\0\0\0\0\0\0\0\0\0\0\0\0\0\0\0\0\0\0\0\0\0\0\0\0\0\0\0\0\0\0\0\0\0\0\0\0\0\0\0\0\0\0\0\0\0\0\0\0\0\0\0\0\0\0\0\0\0\0\0\0\0\0\0\0\0\0\0\0\0\0\0\0\0\0\0\0\0\0\0\0\0\0\0\0\0\0\0\0\0\0\0\0\0\0\0\0\0\0\0\0\0\0\0\0\0\0\0\0\0\0\0\0\0\0\0\0\0\0\0\0\0\0\0\0\0\0\0\0\0\0\0\0\0\0\0\0\0\0\0\0\0\0\0\0\0\0\0\0\0\0\0\0\0\0\0\0\0\0\0\0\0\0\0\0\0\0\0\0\0\0\0\0\0\0\0\0\0\0\0\0\0\0\0\0\0\0\0\0\0\0\0\0\0\0\0\0\0\0\0\0\0\0\0\0\0\0\0\0\0\0\0\0\0\0\0\0\0\0\0\0\0\0\0\0\0\0\0\0\0\0\0\0\0\0\0\0\0\0\0\0\0\0\0\0\0\0\0\0\0\0\0\0\0\0\0\0\0\0\0\0\0\0\0\0\0\0\0\0\0\0\0\0\0\0\0\0\0\0\0\0\0\0\0\x0b\0\0\0\0\0\0\0s\xb4\xce\x01\0\0\0\0\0\0\0\0\0\0\0\0\x0e/\xach\0\0\0\0\x10\x02\0\0\x1bp\xb8\r\0\0\0\0\0\0\0\0\0\0\0\0\0\0\0\0\0\0\0\0\0\0\0\0\0\0\0\0\x0f:\x9b_\x06E1\x7f\x1a\xca\xd7\xec\x08'\xe1]>\x7fc\xcf\0\x16\r{\x1e\x1a?\xa0\x8f#\xe0<!\x02\0\0!\x02\0\0\0\0\0\0\0\0\0\0\0\0\0\0\0\0\0\0reth/v1.4.1/linux" }, validity: Valid }
2025-08-25T09:38:13.077084Z DEBUG node{moniker=app-1}:wal{height=11}: Wrote log entry type=LocallyProposedValue entry.size=599 
2025-08-25T09:38:13.081383Z  INFO node{moniker=app-1}:consensus{height=11 round=0}: Received vote height=11 vote_height=11 address=02CB1B49DA09615BD4A12212C39378556D990DFD Prevote(height: 11, round: 0, value: 9b8eb0bd159f6d3d, from: 02CB1B49DA09615BD4A12212C39378556D990DFD)
2025-08-25T09:38:13.084220Z DEBUG node{moniker=app-1}:wal{height=11}: Wrote log entry type=Consensus(Vote) entry.size=118 
2025-08-25T09:38:13.085317Z  INFO node{moniker=app-1}:consensus{height=11 round=0}: Received proposal consensus.height=11 proposal.height=11 proposal.round=0 proposer=02CB1B49DA09615BD4A12212C39378556D990DFD Proposal(height: 11, round: 0, pol_round: -1, value: 9b8eb0bd159f6d3d, from: 02CB1B49DA09615BD4A12212C39378556D990DFD)
2025-08-25T09:38:13.085919Z DEBUG node{moniker=app-1}:wal{height=11}: Wrote log entry type=Consensus(Proposal) entry.size=668 
2025-08-25T09:38:13.086135Z DEBUG node{moniker=app-1}:consensus{height=11 round=0}: Transitioned to new step step.previous=Propose step.new=Prevote
2025-08-25T09:38:13.091867Z  INFO node{moniker=app-1}:consensus{height=11 round=0}: Received vote height=11 vote_height=11 address=815F9FA61D7C4F1E4A9E30D40DCA1115BB48F759 Precommit(height: 11, round: 0, value: 9b8eb0bd159f6d3d, from: 815F9FA61D7C4F1E4A9E30D40DCA1115BB48F759)
2025-08-25T09:38:13.093983Z DEBUG node{moniker=app-1}:wal{height=11}: Wrote log entry type=Consensus(Vote) entry.size=120 
2025-08-25T09:38:13.095330Z  INFO node{moniker=app-1}:consensus{height=11 round=0}: Received vote height=11 vote_height=11 address=815F9FA61D7C4F1E4A9E30D40DCA1115BB48F759 Prevote(height: 11, round: 0, value: 9b8eb0bd159f6d3d, from: 815F9FA61D7C4F1E4A9E30D40DCA1115BB48F759)
2025-08-25T09:38:13.095488Z DEBUG node{moniker=app-1}:wal{height=11}: Wrote log entry type=Consensus(Vote) entry.size=118 
2025-08-25T09:38:13.095792Z DEBUG node{moniker=app-1}:consensus{height=11 round=0}: Transitioned to new step step.previous=Prevote step.new=Precommit
2025-08-25T09:38:13.104449Z  INFO node{moniker=app-1}:consensus{height=11 round=0}: Received vote height=11 vote_height=11 address=02CB1B49DA09615BD4A12212C39378556D990DFD Precommit(height: 11, round: 0, value: 9b8eb0bd159f6d3d, from: 02CB1B49DA09615BD4A12212C39378556D990DFD)
2025-08-25T09:38:13.104583Z DEBUG node{moniker=app-1}:wal{height=11}: Wrote log entry type=Consensus(Vote) entry.size=120 
2025-08-25T09:38:13.104792Z DEBUG node{moniker=app-1}:consensus{height=11 round=0}: Transitioned to new step step.previous=Precommit step.new=Commit
2025-08-25T09:38:13.104801Z  INFO node{moniker=app-1}:consensus{height=11 round=0}: Decided round=0 height=11 value=9b8eb0bd159f6d3d
2025-08-25T09:38:13.111290Z DEBUG node{moniker=app-1}:wal{height=11}: Flushed WAL to disk wal.entries=6 wal.size=1833
2025-08-25T09:38:13.111655Z DEBUG node{moniker=app-1}:sync{height.tip=10 height.sync=11}: Updating request state height.tip=11
2025-08-25T09:38:13.111707Z DEBUG node{moniker=app-1}:node{moniker=app-1}: metis-test:consensus-chan recv!!! msg:Decided { certificate: CommitCertificate { height: Height(11), round: Some(0), value_id: ValueId(11209090848729820477), commit_signatures: [CommitSignature { address: Address(02CB1B49DA09615BD4A12212C39378556D990DFD), signature: Signature(Signature { R_bytes: "17573a071c2888877d693d62128a4d48f249e7754a6c33f9c43fffe595dec5c5", s_bytes: "3214b8481d5bd24688f90ee0605ecb639edd254120646ff7d7aa425a8c7e8b02" }) }, CommitSignature { address: Address(815F9FA61D7C4F1E4A9E30D40DCA1115BB48F759), signature: Signature(Signature { R_bytes: "969ffdb40e1bbef159354127ee49731dc2013bbaab5cd26686295df1ccca62fc", s_bytes: "d984b38c668ca6b7611a8102006126f8686793c505279560299e3ab998c1c605" }) }] }, extensions: VoteExtensions { extensions: [] }, reply: Sender { inner: Some(Inner { state: State { is_complete: false, is_closed: false, is_rx_task_set: true, is_tx_task_set: false } }) } }
2025-08-25T09:38:13.111729Z  INFO node{moniker=app-1}:node{moniker=app-1}: 🟢🟢 Consensus has decided on value height=11 round=0 value=9b8eb0bd159f6d3d
2025-08-25T09:38:13.111796Z DEBUG node{moniker=app-1}:node{moniker=app-1}: 🎁 block size: 545, height: 11
2025-08-25T09:38:13.111805Z  INFO node{moniker=app-1}:node{moniker=app-1}: 👉 stats at height 11: #txs=0, txs/s=0.00, chain_bytes=5995, bytes/s=984.56
2025-08-25T09:38:13.111810Z DEBUG node{moniker=app-1}:node{moniker=app-1}: 🦄 Block at height 11 contains 0 transactions
2025-08-25T09:38:13.112804Z DEBUG node{moniker=app-1}:node{moniker=app-1}: 💡 New block added at height 11 with hash: 0x0f3a9b5f0645317f1acad7ec0827e15d3e7f63cf00160d7b1e1a3fa08f23e03c
2025-08-25T09:38:13.112811Z DEBUG node{moniker=app-1}:node{moniker=app-1}: 🟠 set_latest_forkchoice_state: 0x0f3a9b5f0645317f1acad7ec0827e15d3e7f63cf00160d7b1e1a3fa08f23e03c
2025-08-25T09:38:13.113326Z DEBUG node{moniker=app-1}:node{moniker=app-1}: ➡️ payload_status: PayloadStatus { status: Valid, latest_valid_hash: Some(0x0f3a9b5f0645317f1acad7ec0827e15d3e7f63cf00160d7b1e1a3fa08f23e03c) }
2025-08-25T09:38:13.113332Z DEBUG node{moniker=app-1}:node{moniker=app-1}: 🚀 Forkchoice updated to height 11 for block hash=0x0f3a9b5f0645317f1acad7ec0827e15d3e7f63cf00160d7b1e1a3fa08f23e03c and latest_valid_hash=0x0f3a9b5f0645317f1acad7ec0827e15d3e7f63cf00160d7b1e1a3fa08f23e03c
2025-08-25T09:38:13.113335Z  INFO node{moniker=app-1}:node{moniker=app-1}: Looking for certificate height=11 round=0
2025-08-25T09:38:13.119931Z  INFO node{moniker=app-1}:node{moniker=app-1}: Committed block_data[0..32]: 2babb0b791a5773d8711a2c57c2c5a9a7d4cb85e1157781426d109d2a7a11763
2025-08-25T09:38:13.138401Z DEBUG node{moniker=app-1}:wal{height=12}: Reset WAL height=12
2025-08-25T09:38:13.138554Z DEBUG node{moniker=app-1}:consensus{height=12 round=0}: No WAL entries to replay height=12
2025-08-25T09:38:13.138682Z  INFO node{moniker=app-1}:consensus{height=12 round=0}: Starting new height height=12
2025-08-25T09:38:13.138689Z  INFO node{moniker=app-1}:consensus{height=12 round=0}: Starting new round height=12 round=0 proposer=DE7BA2BE72D2225286133990FF5810B691A5261C role=Proposer
2025-08-25T09:38:13.138740Z DEBUG node{moniker=app-1}:sync{height.tip=10 height.sync=11}: Starting new height height.tip=11 height.sync=12 restart=false
2025-08-25T09:38:13.138746Z DEBUG node{moniker=app-1}:sync{height.tip=10 height.sync=11}: No peer to request sync from height.sync=12
2025-08-25T09:38:13.143630Z DEBUG node{moniker=app-1}:wal{height=12}: Flushed WAL to disk wal.entries=0 wal.size=12
2025-08-25T09:38:13.143731Z DEBUG node{moniker=app-1}:node{moniker=app-1}: metis-test:consensus-chan recv!!! msg:StartedRound { height: Height(12), round: Some(0), proposer: Address(DE7BA2BE72D2225286133990FF5810B691A5261C), role: Proposer, reply_value: Sender { inner: Some(Inner { state: State { is_complete: false, is_closed: false, is_rx_task_set: false, is_tx_task_set: false } }) } }
2025-08-25T09:38:13.143745Z  INFO node{moniker=app-1}:node{moniker=app-1}: 🟢🟢 Started round height=12 round=0 proposer=DE7BA2BE72D2225286133990FF5810B691A5261C role=Proposer
2025-08-25T09:38:13.143758Z ERROR node{moniker=app-1}:consensus{height=12 round=0}: Error when processing effect: Messaging(RecvErr)
2025-08-25T09:38:13.143776Z DEBUG node{moniker=app-1}:consensus{height=12 round=0}: Transitioned to new step step.previous=Unstarted step.new=Propose
2025-08-25T09:38:13.143782Z  INFO node{moniker=app-1}:consensus{height=12 round=0}: Scheduling timeout round=0 step=Propose
2025-08-25T09:38:13.143789Z  INFO node{moniker=app-1}:consensus{height=12 round=0}: Requesting value from application height=12 round=0
2025-08-25T09:38:13.143798Z DEBUG node{moniker=app-1}:consensus{height=12 round=0}: Replaying inputs count=0
2025-08-25T09:38:13.143819Z DEBUG node{moniker=app-1}:node{moniker=app-1}: metis-test:consensus-chan recv!!! msg:GetValue { height: Height(12), round: Some(0), timeout: 3s, reply: Sender { inner: Some(Inner { state: State { is_complete: false, is_closed: false, is_rx_task_set: true, is_tx_task_set: false } }) } }
2025-08-25T09:38:13.143825Z  INFO node{moniker=app-1}:node{moniker=app-1}: 🟢🟢 Consensus is requesting a value to propose height=12 round=0
2025-08-25T09:38:13.143828Z DEBUG node{moniker=app-1}:node{moniker=app-1}: 🟠 generate_block on top of ExecutionBlock { block_hash: 0x0f3a9b5f0645317f1acad7ec0827e15d3e7f63cf00160d7b1e1a3fa08f23e03c, block_number: 11, parent_hash: 0x0f3a9b5f0645317f1acad7ec0827e15d3e7f63cf00160d7b1e1a3fa08f23e03c, timestamp: 1756114702, prev_randao: 0x0000000000000000000000000000000000000000000000000000000000000000 }
2025-08-25T09:38:13.145659Z DEBUG node{moniker=app-1}:node{moniker=app-1}: 🌈 Got execution payload: ExecutionPayloadV3 { payload_inner: ExecutionPayloadV2 { payload_inner: ExecutionPayloadV1 { parent_hash: 0x0f3a9b5f0645317f1acad7ec0827e15d3e7f63cf00160d7b1e1a3fa08f23e03c, fee_recipient: 0x2a2a2a2a2a2a2a2a2a2a2a2a2a2a2a2a2a2a2a2a, state_root: 0xec26df9442c5d4a0a0cc5348c960115b43da08c7aef6be4e4ccc5f136ca892a6, receipts_root: 0x56e81f171bcc55a6ff8345e692c0f86e5b48e01b996cadc001622fb5e363b421, logs_bloom: 0x00000000000000000000000000000000000000000000000000000000000000000000000000000000000000000000000000000000000000000000000000000000000000000000000000000000000000000000000000000000000000000000000000000000000000000000000000000000000000000000000000000000000000000000000000000000000000000000000000000000000000000000000000000000000000000000000000000000000000000000000000000000000000000000000000000000000000000000000000000000000000000000000000000000000000000000000000000000000000000000000000000000000000000000000000000000, prev_randao: 0x0000000000000000000000000000000000000000000000000000000000000000, block_number: 12, gas_limit: 30353439, gas_used: 0, timestamp: 1756114703, extra_data: 0x726574682f76312e342e312f6c696e7578, base_fee_per_gas: 201417240, block_hash: 0xc268038d9bdf723e764778c3086c70c182b8905d7f6efefaeb33eeefba78a293, transactions: [] }, withdrawals: [] }, blob_gas_used: 0, excess_blob_gas: 0 }
2025-08-25T09:38:13.145675Z DEBUG node{moniker=app-1}:node{moniker=app-1}: 🎁 block size: 545, height: 12
2025-08-25T09:38:13.152534Z  INFO node{moniker=app-1}:node{moniker=app-1}: Streaming proposal part: StreamMessage { stream_id: StreamId(b"\0\0\0\0\0\0\0\x0c\0\0\0\0\0\0\0\x03"), sequence: 0, content: Data(Init(ProposalInit { height: Height(12), round: Some(0), proposer: Address(DE7BA2BE72D2225286133990FF5810B691A5261C) })) } height=12 round=0
2025-08-25T09:38:13.152557Z  INFO node{moniker=app-1}:node{moniker=app-1}: Streaming proposal part: StreamMessage { stream_id: StreamId(b"\0\0\0\0\0\0\0\x0c\0\0\0\0\0\0\0\x03"), sequence: 1, content: Data(Data(ProposalData { bytes: "<...>", len: 545 })) } height=12 round=0
2025-08-25T09:38:13.152583Z  INFO node{moniker=app-1}:node{moniker=app-1}: Streaming proposal part: StreamMessage { stream_id: StreamId(b"\0\0\0\0\0\0\0\x0c\0\0\0\0\0\0\0\x03"), sequence: 2, content: Data(Fin(ProposalFin { signature: Signature(Signature { R_bytes: "fd97b74aa730127a419fcb9e449ccf971c79f57862ee101bb611ebccf6e33327", s_bytes: "3c337cc85ab7e7dca53e5ce0ed9e850ea981696ff4c2633211f543c84970e50f" }) })) } height=12 round=0
2025-08-25T09:38:13.152749Z DEBUG node{moniker=app-1}:network: Published message channel=/proposal_parts size=48
2025-08-25T09:38:13.152786Z  INFO node{moniker=app-1}:node{moniker=app-1}: Streaming proposal part: StreamMessage { stream_id: StreamId(b"\0\0\0\0\0\0\0\x0c\0\0\0\0\0\0\0\x03"), sequence: 3, content: Fin } height=12 round=0
2025-08-25T09:38:13.152870Z DEBUG node{moniker=app-1}:wal{height=12}: Wrote log entry type=LocallyProposedValue entry.size=598 
2025-08-25T09:38:13.153044Z DEBUG node{moniker=app-1}:network: Published message channel=/proposal_parts size=574
2025-08-25T09:38:13.153110Z DEBUG node{moniker=app-1}:node{moniker=app-1}: ✅ Proposal sent height=12 round=0
2025-08-25T09:38:13.153220Z DEBUG node{moniker=app-1}:network: Published message channel=/proposal_parts size=92
2025-08-25T09:38:13.153240Z  INFO node{moniker=app-1}:consensus{height=12 round=0}: Proposing value id=51ba4e4d64cadaa9 round=0
2025-08-25T09:38:13.153434Z  INFO node{moniker=app-1}:consensus{height=12 round=0}: Received proposal consensus.height=12 proposal.height=12 proposal.round=0 proposer=DE7BA2BE72D2225286133990FF5810B691A5261C Proposal(height: 12, round: 0, pol_round: -1, value: 51ba4e4d64cadaa9, from: DE7BA2BE72D2225286133990FF5810B691A5261C)
2025-08-25T09:38:13.153604Z DEBUG node{moniker=app-1}:network: Published message channel=/proposal_parts size=22
2025-08-25T09:38:13.154007Z DEBUG node{moniker=app-1}:wal{height=12}: Wrote log entry type=Consensus(Proposal) entry.size=667 
2025-08-25T09:38:13.154105Z DEBUG node{moniker=app-1}:consensus{height=12 round=0}: Transitioned to new step step.previous=Propose step.new=Prevote
2025-08-25T09:38:13.154114Z  INFO node{moniker=app-1}:consensus{height=12 round=0}: Voting vote_type=Prevote value=51ba4e4d64cadaa9 round=0
2025-08-25T09:38:13.154292Z  INFO node{moniker=app-1}:consensus{height=12 round=0}: Received vote height=12 vote_height=12 address=DE7BA2BE72D2225286133990FF5810B691A5261C Prevote(height: 12, round: 0, value: 51ba4e4d64cadaa9, from: DE7BA2BE72D2225286133990FF5810B691A5261C)
2025-08-25T09:38:13.154456Z DEBUG node{moniker=app-1}:wal{height=12}: Wrote log entry type=Consensus(Vote) entry.size=117 
2025-08-25T09:38:13.157343Z DEBUG node{moniker=app-1}:wal{height=12}: Flushed WAL to disk wal.entries=3 wal.size=1433
2025-08-25T09:38:13.157511Z DEBUG node{moniker=app-1}:network: Published message channel=/consensus size=108
2025-08-25T09:38:13.160426Z DEBUG node{moniker=app-1}:wal{height=12}: Flushed WAL to disk wal.entries=3 wal.size=1433
2025-08-25T09:38:13.160775Z DEBUG node{moniker=app-1}:network: Published message channel=/consensus size=658
2025-08-25T09:38:13.170407Z  INFO node{moniker=app-1}:consensus{height=12 round=0}: Received vote height=12 vote_height=12 address=815F9FA61D7C4F1E4A9E30D40DCA1115BB48F759 Precommit(height: 12, round: 0, value: 51ba4e4d64cadaa9, from: 815F9FA61D7C4F1E4A9E30D40DCA1115BB48F759)
2025-08-25T09:38:13.174551Z DEBUG node{moniker=app-1}:wal{height=12}: Wrote log entry type=Consensus(Vote) entry.size=119 
2025-08-25T09:38:13.175660Z  INFO node{moniker=app-1}:consensus{height=12 round=0}: Received vote height=12 vote_height=12 address=815F9FA61D7C4F1E4A9E30D40DCA1115BB48F759 Prevote(height: 12, round: 0, value: 51ba4e4d64cadaa9, from: 815F9FA61D7C4F1E4A9E30D40DCA1115BB48F759)
2025-08-25T09:38:13.175788Z DEBUG node{moniker=app-1}:wal{height=12}: Wrote log entry type=Consensus(Vote) entry.size=117 
2025-08-25T09:38:13.175869Z DEBUG node{moniker=app-1}:consensus{height=12 round=0}: Transitioned to new step step.previous=Prevote step.new=Precommit
2025-08-25T09:38:13.175877Z  INFO node{moniker=app-1}:consensus{height=12 round=0}: Voting vote_type=Precommit value=51ba4e4d64cadaa9 round=0
2025-08-25T09:38:13.175904Z DEBUG node{moniker=app-1}:node{moniker=app-1}: metis-test:consensus-chan recv!!! msg:ExtendVote { height: Height(12), round: Some(0), value_id: ValueId(5889105557050809001), reply: Sender { inner: Some(Inner { state: State { is_complete: false, is_closed: false, is_rx_task_set: true, is_tx_task_set: false } }) } }
2025-08-25T09:38:13.176322Z  INFO node{moniker=app-1}:consensus{height=12 round=0}: Received vote height=12 vote_height=12 address=DE7BA2BE72D2225286133990FF5810B691A5261C Precommit(height: 12, round: 0, value: 51ba4e4d64cadaa9, from: DE7BA2BE72D2225286133990FF5810B691A5261C)
2025-08-25T09:38:13.176462Z DEBUG node{moniker=app-1}:wal{height=12}: Wrote log entry type=Consensus(Vote) entry.size=119 
2025-08-25T09:38:13.176539Z DEBUG node{moniker=app-1}:consensus{height=12 round=0}: Transitioned to new step step.previous=Precommit step.new=Commit
2025-08-25T09:38:13.176552Z  INFO node{moniker=app-1}:consensus{height=12 round=0}: Decided round=0 height=12 value=51ba4e4d64cadaa9
2025-08-25T09:38:13.180384Z DEBUG node{moniker=app-1}:wal{height=12}: Flushed WAL to disk wal.entries=6 wal.size=1827
2025-08-25T09:38:13.180479Z DEBUG node{moniker=app-1}:sync{height.tip=11 height.sync=12}: Updating request state height.tip=12
2025-08-25T09:38:13.180500Z DEBUG node{moniker=app-1}:node{moniker=app-1}: metis-test:consensus-chan recv!!! msg:Decided { certificate: CommitCertificate { height: Height(12), round: Some(0), value_id: ValueId(5889105557050809001), commit_signatures: [CommitSignature { address: Address(815F9FA61D7C4F1E4A9E30D40DCA1115BB48F759), signature: Signature(Signature { R_bytes: "e158e3224c626ff1321759248250809ddf6a2575179e32a000c4a69065b70d64", s_bytes: "b0b52007b25f9df0f426526e3599d846ceafc642fed238e1c6a58a180a37660b" }) }, CommitSignature { address: Address(DE7BA2BE72D2225286133990FF5810B691A5261C), signature: Signature(Signature { R_bytes: "bb13cd2f5fa96dfc2cf91af36ad0c3e1da08c291831c18ab07d39562ba7671e9", s_bytes: "2462e87338a132e505b64e38d6c7050c9856639a31e170e5f8a85634b25c1703" }) }] }, extensions: VoteExtensions { extensions: [] }, reply: Sender { inner: Some(Inner { state: State { is_complete: false, is_closed: false, is_rx_task_set: true, is_tx_task_set: false } }) } }
2025-08-25T09:38:13.180535Z  INFO node{moniker=app-1}:node{moniker=app-1}: 🟢🟢 Consensus has decided on value height=12 round=0 value=51ba4e4d64cadaa9
2025-08-25T09:38:13.180590Z DEBUG node{moniker=app-1}:node{moniker=app-1}: 🎁 block size: 545, height: 12
2025-08-25T09:38:13.180600Z  INFO node{moniker=app-1}:node{moniker=app-1}: 👉 stats at height 12: #txs=0, txs/s=0.00, chain_bytes=6540, bytes/s=1062.07
2025-08-25T09:38:13.180604Z DEBUG node{moniker=app-1}:node{moniker=app-1}: 🦄 Block at height 12 contains 0 transactions
2025-08-25T09:38:13.182551Z DEBUG node{moniker=app-1}:node{moniker=app-1}: 💡 New block added at height 12 with hash: 0xc268038d9bdf723e764778c3086c70c182b8905d7f6efefaeb33eeefba78a293
2025-08-25T09:38:13.182559Z DEBUG node{moniker=app-1}:node{moniker=app-1}: 🟠 set_latest_forkchoice_state: 0xc268038d9bdf723e764778c3086c70c182b8905d7f6efefaeb33eeefba78a293
2025-08-25T09:38:13.183211Z DEBUG node{moniker=app-1}:node{moniker=app-1}: ➡️ payload_status: PayloadStatus { status: Valid, latest_valid_hash: Some(0xc268038d9bdf723e764778c3086c70c182b8905d7f6efefaeb33eeefba78a293) }
2025-08-25T09:38:13.183219Z DEBUG node{moniker=app-1}:node{moniker=app-1}: 🚀 Forkchoice updated to height 12 for block hash=0xc268038d9bdf723e764778c3086c70c182b8905d7f6efefaeb33eeefba78a293 and latest_valid_hash=0xc268038d9bdf723e764778c3086c70c182b8905d7f6efefaeb33eeefba78a293
2025-08-25T09:38:13.183221Z  INFO node{moniker=app-1}:node{moniker=app-1}: Looking for certificate height=12 round=0
2025-08-25T09:38:13.183560Z DEBUG node{moniker=app-1}:wal{height=12}: Flushed WAL to disk wal.entries=6 wal.size=1827
2025-08-25T09:38:13.183755Z DEBUG node{moniker=app-1}:network: Published message channel=/consensus size=110
2025-08-25T09:38:13.187269Z  INFO node{moniker=app-1}:node{moniker=app-1}: Committed block_data[0..32]: 0f3a9b5f0645317f1acad7ec0827e15d3e7f63cf00160d7b1e1a3fa08f23e03c
2025-08-25T09:38:13.214362Z DEBUG node{moniker=app-1}:wal{height=13}: Reset WAL height=13
2025-08-25T09:38:13.214434Z DEBUG node{moniker=app-1}:consensus{height=13 round=0}: No WAL entries to replay height=13
2025-08-25T09:38:13.214474Z  INFO node{moniker=app-1}:consensus{height=13 round=0}: Starting new height height=13
2025-08-25T09:38:13.214480Z  INFO node{moniker=app-1}:consensus{height=13 round=0}: Starting new round height=13 round=0 proposer=DE7BA2BE72D2225286133990FF5810B691A5261C role=Proposer
2025-08-25T09:38:13.214537Z DEBUG node{moniker=app-1}:sync{height.tip=11 height.sync=12}: Starting new height height.tip=12 height.sync=13 restart=false
2025-08-25T09:38:13.214545Z DEBUG node{moniker=app-1}:sync{height.tip=11 height.sync=12}: No peer to request sync from height.sync=13
2025-08-25T09:38:13.215792Z DEBUG node{moniker=app-1}:wal{height=13}: Flushed WAL to disk wal.entries=0 wal.size=12
2025-08-25T09:38:13.216278Z DEBUG node{moniker=app-1}:node{moniker=app-1}: metis-test:consensus-chan recv!!! msg:StartedRound { height: Height(13), round: Some(0), proposer: Address(DE7BA2BE72D2225286133990FF5810B691A5261C), role: Proposer, reply_value: Sender { inner: Some(Inner { state: State { is_complete: false, is_closed: false, is_rx_task_set: false, is_tx_task_set: false } }) } }
2025-08-25T09:38:13.216290Z  INFO node{moniker=app-1}:node{moniker=app-1}: 🟢🟢 Started round height=13 round=0 proposer=DE7BA2BE72D2225286133990FF5810B691A5261C role=Proposer
2025-08-25T09:38:13.216301Z ERROR node{moniker=app-1}:consensus{height=13 round=0}: Error when processing effect: Messaging(RecvErr)
2025-08-25T09:38:13.216317Z DEBUG node{moniker=app-1}:consensus{height=13 round=0}: Transitioned to new step step.previous=Unstarted step.new=Propose
2025-08-25T09:38:13.216323Z  INFO node{moniker=app-1}:consensus{height=13 round=0}: Scheduling timeout round=0 step=Propose
2025-08-25T09:38:13.216329Z  INFO node{moniker=app-1}:consensus{height=13 round=0}: Requesting value from application height=13 round=0
2025-08-25T09:38:13.216338Z DEBUG node{moniker=app-1}:consensus{height=13 round=0}: Replaying inputs count=0
2025-08-25T09:38:13.216359Z DEBUG node{moniker=app-1}:node{moniker=app-1}: metis-test:consensus-chan recv!!! msg:GetValue { height: Height(13), round: Some(0), timeout: 3s, reply: Sender { inner: Some(Inner { state: State { is_complete: false, is_closed: false, is_rx_task_set: true, is_tx_task_set: false } }) } }
2025-08-25T09:38:13.216364Z  INFO node{moniker=app-1}:node{moniker=app-1}: 🟢🟢 Consensus is requesting a value to propose height=13 round=0
2025-08-25T09:38:13.216368Z DEBUG node{moniker=app-1}:node{moniker=app-1}: 🟠 generate_block on top of ExecutionBlock { block_hash: 0xc268038d9bdf723e764778c3086c70c182b8905d7f6efefaeb33eeefba78a293, block_number: 12, parent_hash: 0xc268038d9bdf723e764778c3086c70c182b8905d7f6efefaeb33eeefba78a293, timestamp: 1756114703, prev_randao: 0x0000000000000000000000000000000000000000000000000000000000000000 }
2025-08-25T09:38:13.218250Z DEBUG node{moniker=app-1}:node{moniker=app-1}: 🌈 Got execution payload: ExecutionPayloadV3 { payload_inner: ExecutionPayloadV2 { payload_inner: ExecutionPayloadV1 { parent_hash: 0xc268038d9bdf723e764778c3086c70c182b8905d7f6efefaeb33eeefba78a293, fee_recipient: 0x2a2a2a2a2a2a2a2a2a2a2a2a2a2a2a2a2a2a2a2a, state_root: 0xec26df9442c5d4a0a0cc5348c960115b43da08c7aef6be4e4ccc5f136ca892a6, receipts_root: 0x56e81f171bcc55a6ff8345e692c0f86e5b48e01b996cadc001622fb5e363b421, logs_bloom: 0x00000000000000000000000000000000000000000000000000000000000000000000000000000000000000000000000000000000000000000000000000000000000000000000000000000000000000000000000000000000000000000000000000000000000000000000000000000000000000000000000000000000000000000000000000000000000000000000000000000000000000000000000000000000000000000000000000000000000000000000000000000000000000000000000000000000000000000000000000000000000000000000000000000000000000000000000000000000000000000000000000000000000000000000000000000000, prev_randao: 0x0000000000000000000000000000000000000000000000000000000000000000, block_number: 13, gas_limit: 30383080, gas_used: 0, timestamp: 1756114704, extra_data: 0x726574682f76312e342e312f6c696e7578, base_fee_per_gas: 176240085, block_hash: 0xec7f87711e439b912d92ac3a7005d314a960cafb2bbe64c438cec7c3f206a665, transactions: [] }, withdrawals: [] }, blob_gas_used: 0, excess_blob_gas: 0 }
2025-08-25T09:38:13.218272Z DEBUG node{moniker=app-1}:node{moniker=app-1}: 🎁 block size: 545, height: 13
2025-08-25T09:38:13.230767Z  INFO node{moniker=app-1}:node{moniker=app-1}: Streaming proposal part: StreamMessage { stream_id: StreamId(b"\0\0\0\0\0\0\0\r\0\0\0\0\0\0\0\x04"), sequence: 0, content: Data(Init(ProposalInit { height: Height(13), round: Some(0), proposer: Address(DE7BA2BE72D2225286133990FF5810B691A5261C) })) } height=13 round=0
2025-08-25T09:38:13.230793Z  INFO node{moniker=app-1}:node{moniker=app-1}: Streaming proposal part: StreamMessage { stream_id: StreamId(b"\0\0\0\0\0\0\0\r\0\0\0\0\0\0\0\x04"), sequence: 1, content: Data(Data(ProposalData { bytes: "<...>", len: 545 })) } height=13 round=0
2025-08-25T09:38:13.230821Z  INFO node{moniker=app-1}:node{moniker=app-1}: Streaming proposal part: StreamMessage { stream_id: StreamId(b"\0\0\0\0\0\0\0\r\0\0\0\0\0\0\0\x04"), sequence: 2, content: Data(Fin(ProposalFin { signature: Signature(Signature { R_bytes: "e6cfbfea7a71173da3fc8d207912a9dc494a25844feffa87cc04774176e6201e", s_bytes: "c55da0095ed78a4c32b8640114a4df2de3a6a6c207ffda9509c4cd6de2b60e01" }) })) } height=13 round=0
2025-08-25T09:38:13.230968Z DEBUG node{moniker=app-1}:network: Published message channel=/proposal_parts size=48
2025-08-25T09:38:13.231005Z  INFO node{moniker=app-1}:node{moniker=app-1}: Streaming proposal part: StreamMessage { stream_id: StreamId(b"\0\0\0\0\0\0\0\r\0\0\0\0\0\0\0\x04"), sequence: 3, content: Fin } height=13 round=0
2025-08-25T09:38:13.231075Z DEBUG node{moniker=app-1}:wal{height=13}: Wrote log entry type=LocallyProposedValue entry.size=599 
2025-08-25T09:38:13.231222Z DEBUG node{moniker=app-1}:network: Published message channel=/proposal_parts size=574
2025-08-25T09:38:13.231278Z DEBUG node{moniker=app-1}:node{moniker=app-1}: ✅ Proposal sent height=13 round=0
2025-08-25T09:38:13.231372Z DEBUG node{moniker=app-1}:network: Published message channel=/proposal_parts size=92
2025-08-25T09:38:13.231397Z  INFO node{moniker=app-1}:consensus{height=13 round=0}: Proposing value id=e7b24396c0f7791b round=0
2025-08-25T09:38:13.231575Z  INFO node{moniker=app-1}:consensus{height=13 round=0}: Received proposal consensus.height=13 proposal.height=13 proposal.round=0 proposer=DE7BA2BE72D2225286133990FF5810B691A5261C Proposal(height: 13, round: 0, pol_round: -1, value: e7b24396c0f7791b, from: DE7BA2BE72D2225286133990FF5810B691A5261C)
2025-08-25T09:38:13.231690Z DEBUG node{moniker=app-1}:network: Published message channel=/proposal_parts size=22
2025-08-25T09:38:13.231907Z DEBUG node{moniker=app-1}:wal{height=13}: Wrote log entry type=Consensus(Proposal) entry.size=668 
2025-08-25T09:38:13.231960Z DEBUG node{moniker=app-1}:consensus{height=13 round=0}: Transitioned to new step step.previous=Propose step.new=Prevote
2025-08-25T09:38:13.231968Z  INFO node{moniker=app-1}:consensus{height=13 round=0}: Voting vote_type=Prevote value=e7b24396c0f7791b round=0
2025-08-25T09:38:13.232117Z  INFO node{moniker=app-1}:consensus{height=13 round=0}: Received vote height=13 vote_height=13 address=DE7BA2BE72D2225286133990FF5810B691A5261C Prevote(height: 13, round: 0, value: e7b24396c0f7791b, from: DE7BA2BE72D2225286133990FF5810B691A5261C)
2025-08-25T09:38:13.232270Z DEBUG node{moniker=app-1}:wal{height=13}: Wrote log entry type=Consensus(Vote) entry.size=118 
2025-08-25T09:38:13.235332Z DEBUG node{moniker=app-1}:wal{height=13}: Flushed WAL to disk wal.entries=3 wal.size=1436
2025-08-25T09:38:13.235545Z DEBUG node{moniker=app-1}:network: Published message channel=/consensus size=109
2025-08-25T09:38:13.238271Z DEBUG node{moniker=app-1}:wal{height=13}: Flushed WAL to disk wal.entries=3 wal.size=1436
2025-08-25T09:38:13.238422Z DEBUG node{moniker=app-1}:network: Published message channel=/consensus size=659
2025-08-25T09:38:13.250752Z  INFO node{moniker=app-1}:consensus{height=13 round=0}: Received vote height=13 vote_height=13 address=02CB1B49DA09615BD4A12212C39378556D990DFD Precommit(height: 13, round: 0, value: e7b24396c0f7791b, from: 02CB1B49DA09615BD4A12212C39378556D990DFD)
2025-08-25T09:38:13.251130Z DEBUG node{moniker=app-1}:wal{height=13}: Wrote log entry type=Consensus(Vote) entry.size=120 
2025-08-25T09:38:13.252151Z  INFO node{moniker=app-1}:consensus{height=13 round=0}: Received vote height=13 vote_height=13 address=02CB1B49DA09615BD4A12212C39378556D990DFD Prevote(height: 13, round: 0, value: e7b24396c0f7791b, from: 02CB1B49DA09615BD4A12212C39378556D990DFD)
2025-08-25T09:38:13.252270Z DEBUG node{moniker=app-1}:wal{height=13}: Wrote log entry type=Consensus(Vote) entry.size=118 
2025-08-25T09:38:13.252350Z DEBUG node{moniker=app-1}:consensus{height=13 round=0}: Transitioned to new step step.previous=Prevote step.new=Precommit
2025-08-25T09:38:13.252359Z  INFO node{moniker=app-1}:consensus{height=13 round=0}: Voting vote_type=Precommit value=e7b24396c0f7791b round=0
2025-08-25T09:38:13.252378Z DEBUG node{moniker=app-1}:node{moniker=app-1}: metis-test:consensus-chan recv!!! msg:ExtendVote { height: Height(13), round: Some(0), value_id: ValueId(16695481083377449243), reply: Sender { inner: Some(Inner { state: State { is_complete: false, is_closed: false, is_rx_task_set: true, is_tx_task_set: false } }) } }
2025-08-25T09:38:13.252543Z  INFO node{moniker=app-1}:consensus{height=13 round=0}: Received vote height=13 vote_height=13 address=DE7BA2BE72D2225286133990FF5810B691A5261C Precommit(height: 13, round: 0, value: e7b24396c0f7791b, from: DE7BA2BE72D2225286133990FF5810B691A5261C)
2025-08-25T09:38:13.252602Z DEBUG node{moniker=app-1}:wal{height=13}: Wrote log entry type=Consensus(Vote) entry.size=120 
2025-08-25T09:38:13.252628Z DEBUG node{moniker=app-1}:consensus{height=13 round=0}: Transitioned to new step step.previous=Precommit step.new=Commit
2025-08-25T09:38:13.252632Z  INFO node{moniker=app-1}:consensus{height=13 round=0}: Decided round=0 height=13 value=e7b24396c0f7791b
2025-08-25T09:38:13.254806Z DEBUG node{moniker=app-1}:wal{height=13}: Flushed WAL to disk wal.entries=6 wal.size=1833
2025-08-25T09:38:13.254936Z DEBUG node{moniker=app-1}:sync{height.tip=12 height.sync=13}: Updating request state height.tip=13
2025-08-25T09:38:13.254976Z DEBUG node{moniker=app-1}:node{moniker=app-1}: metis-test:consensus-chan recv!!! msg:Decided { certificate: CommitCertificate { height: Height(13), round: Some(0), value_id: ValueId(16695481083377449243), commit_signatures: [CommitSignature { address: Address(02CB1B49DA09615BD4A12212C39378556D990DFD), signature: Signature(Signature { R_bytes: "b4ad75834b674abefad9129001b66326a5c7c7d1d858cab2180b390624050b18", s_bytes: "9ca87e34dcf6c1c93ef8059451f5bc5ec3e6ff41a0b86fd5e2591f88e849c00d" }) }, CommitSignature { address: Address(DE7BA2BE72D2225286133990FF5810B691A5261C), signature: Signature(Signature { R_bytes: "df7a8754dabc7f9316d79257165a59c76dd69bd5ff9431bf3e8af49d6a9a59f7", s_bytes: "181f3f086f0dfbd47668554d3f1a8a769db3da656c177b148c3169eb8ad47a03" }) }] }, extensions: VoteExtensions { extensions: [] }, reply: Sender { inner: Some(Inner { state: State { is_complete: false, is_closed: false, is_rx_task_set: true, is_tx_task_set: false } }) } }
2025-08-25T09:38:13.255009Z  INFO node{moniker=app-1}:node{moniker=app-1}: 🟢🟢 Consensus has decided on value height=13 round=0 value=e7b24396c0f7791b
2025-08-25T09:38:13.255135Z DEBUG node{moniker=app-1}:node{moniker=app-1}: 🎁 block size: 545, height: 13
2025-08-25T09:38:13.255156Z  INFO node{moniker=app-1}:node{moniker=app-1}: 👉 stats at height 13: #txs=0, txs/s=0.00, chain_bytes=7085, bytes/s=1136.81
2025-08-25T09:38:13.255165Z DEBUG node{moniker=app-1}:node{moniker=app-1}: 🦄 Block at height 13 contains 0 transactions
2025-08-25T09:38:13.258962Z DEBUG node{moniker=app-1}:wal{height=13}: Flushed WAL to disk wal.entries=6 wal.size=1833
2025-08-25T09:38:13.259252Z DEBUG node{moniker=app-1}:network: Published message channel=/consensus size=111
2025-08-25T09:38:13.266326Z DEBUG node{moniker=app-1}:node{moniker=app-1}: 💡 New block added at height 13 with hash: 0xec7f87711e439b912d92ac3a7005d314a960cafb2bbe64c438cec7c3f206a665
2025-08-25T09:38:13.266345Z DEBUG node{moniker=app-1}:node{moniker=app-1}: 🟠 set_latest_forkchoice_state: 0xec7f87711e439b912d92ac3a7005d314a960cafb2bbe64c438cec7c3f206a665
2025-08-25T09:38:13.281926Z DEBUG node{moniker=app-1}:node{moniker=app-1}: ➡️ payload_status: PayloadStatus { status: Valid, latest_valid_hash: Some(0xec7f87711e439b912d92ac3a7005d314a960cafb2bbe64c438cec7c3f206a665) }
2025-08-25T09:38:13.281947Z DEBUG node{moniker=app-1}:node{moniker=app-1}: 🚀 Forkchoice updated to height 13 for block hash=0xec7f87711e439b912d92ac3a7005d314a960cafb2bbe64c438cec7c3f206a665 and latest_valid_hash=0xec7f87711e439b912d92ac3a7005d314a960cafb2bbe64c438cec7c3f206a665
2025-08-25T09:38:13.281951Z  INFO node{moniker=app-1}:node{moniker=app-1}: Looking for certificate height=13 round=0
2025-08-25T09:38:13.285576Z  INFO node{moniker=app-1}:node{moniker=app-1}: Committed block_data[0..32]: c268038d9bdf723e764778c3086c70c182b8905d7f6efefaeb33eeefba78a293
2025-08-25T09:38:13.309565Z DEBUG node{moniker=app-1}:wal{height=14}: Reset WAL height=14
2025-08-25T09:38:13.309622Z DEBUG node{moniker=app-1}:consensus{height=14 round=0}: No WAL entries to replay height=14
2025-08-25T09:38:13.309656Z  INFO node{moniker=app-1}:consensus{height=14 round=0}: Starting new height height=14
2025-08-25T09:38:13.309663Z  INFO node{moniker=app-1}:consensus{height=14 round=0}: Starting new round height=14 round=0 proposer=815F9FA61D7C4F1E4A9E30D40DCA1115BB48F759 role=None
2025-08-25T09:38:13.309692Z DEBUG node{moniker=app-1}:sync{height.tip=12 height.sync=13}: Starting new height height.tip=13 height.sync=14 restart=false
2025-08-25T09:38:13.309699Z DEBUG node{moniker=app-1}:sync{height.tip=12 height.sync=13}: No peer to request sync from height.sync=14
2025-08-25T09:38:13.311140Z DEBUG node{moniker=app-1}:wal{height=14}: Flushed WAL to disk wal.entries=0 wal.size=12
2025-08-25T09:38:13.311223Z DEBUG node{moniker=app-1}:node{moniker=app-1}: metis-test:consensus-chan recv!!! msg:StartedRound { height: Height(14), round: Some(0), proposer: Address(815F9FA61D7C4F1E4A9E30D40DCA1115BB48F759), role: None, reply_value: Sender { inner: Some(Inner { state: State { is_complete: false, is_closed: false, is_rx_task_set: false, is_tx_task_set: false } }) } }
2025-08-25T09:38:13.311243Z  INFO node{moniker=app-1}:node{moniker=app-1}: 🟢🟢 Started round height=14 round=0 proposer=815F9FA61D7C4F1E4A9E30D40DCA1115BB48F759 role=None
2025-08-25T09:38:13.311264Z ERROR node{moniker=app-1}:consensus{height=14 round=0}: Error when processing effect: Messaging(RecvErr)
2025-08-25T09:38:13.311289Z DEBUG node{moniker=app-1}:consensus{height=14 round=0}: Transitioned to new step step.previous=Unstarted step.new=Propose
2025-08-25T09:38:13.311297Z  INFO node{moniker=app-1}:consensus{height=14 round=0}: Scheduling timeout round=0 step=Propose
2025-08-25T09:38:13.311311Z DEBUG node{moniker=app-1}:consensus{height=14 round=0}: Replaying inputs count=0
2025-08-25T09:38:13.328433Z DEBUG node{moniker=app-1}:node{moniker=app-1}: metis-test:consensus-chan recv!!! msg:ReceivedProposalPart { from: PeerId("12D3KooWD4wDmZaWggpGH9ACLhNztqnBvszLRcmBLzZdKwDiWmYh"), part: StreamMessage { stream_id: StreamId(b"\0\0\0\0\0\0\0\x0e\0\0\0\0\0\0\0\x04"), sequence: 0, content: Data(Init(ProposalInit { height: Height(14), round: Some(0), proposer: Address(815F9FA61D7C4F1E4A9E30D40DCA1115BB48F759) })) }, reply: Sender { inner: Some(Inner { state: State { is_complete: false, is_closed: false, is_rx_task_set: true, is_tx_task_set: false } }) } }
2025-08-25T09:38:13.328530Z  INFO node{moniker=app-1}:node{moniker=app-1}: Received proposal part from=12D3KooWD4wDmZaWggpGH9ACLhNztqnBvszLRcmBLzZdKwDiWmYh part.sequence=0 part.type=init part.size=28
2025-08-25T09:38:13.329671Z DEBUG node{moniker=app-1}:node{moniker=app-1}: metis-test:consensus-chan recv!!! msg:ReceivedProposalPart { from: PeerId("12D3KooWD4wDmZaWggpGH9ACLhNztqnBvszLRcmBLzZdKwDiWmYh"), part: StreamMessage { stream_id: StreamId(b"\0\0\0\0\0\0\0\x0e\0\0\0\0\0\0\0\x04"), sequence: 1, content: Data(Data(ProposalData { bytes: "<...>", len: 545 })) }, reply: Sender { inner: Some(Inner { state: State { is_complete: false, is_closed: false, is_rx_task_set: true, is_tx_task_set: false } }) } }
2025-08-25T09:38:13.329700Z  INFO node{moniker=app-1}:node{moniker=app-1}: Received proposal part from=12D3KooWD4wDmZaWggpGH9ACLhNztqnBvszLRcmBLzZdKwDiWmYh part.sequence=1 part.type=data part.size=551
2025-08-25T09:38:13.329727Z DEBUG node{moniker=app-1}:node{moniker=app-1}: metis-test:consensus-chan recv!!! msg:ReceivedProposalPart { from: PeerId("12D3KooWD4wDmZaWggpGH9ACLhNztqnBvszLRcmBLzZdKwDiWmYh"), part: StreamMessage { stream_id: StreamId(b"\0\0\0\0\0\0\0\x0e\0\0\0\0\0\0\0\x04"), sequence: 2, content: Data(Fin(ProposalFin { signature: Signature(Signature { R_bytes: "36e77fcc4646b2de08bdd8f8a73aeb86cc50e1c532ccf3eb583478295d9a0825", s_bytes: "1ac5796bc8319365fbd531841e371737038d084e7684bb81836912452cc1630c" }) })) }, reply: Sender { inner: Some(Inner { state: State { is_complete: false, is_closed: false, is_rx_task_set: true, is_tx_task_set: false } }) } }
2025-08-25T09:38:13.329747Z  INFO node{moniker=app-1}:node{moniker=app-1}: Received proposal part from=12D3KooWD4wDmZaWggpGH9ACLhNztqnBvszLRcmBLzZdKwDiWmYh part.sequence=2 part.type=fin part.size=70
2025-08-25T09:38:13.331053Z DEBUG node{moniker=app-1}:node{moniker=app-1}: metis-test:consensus-chan recv!!! msg:ReceivedProposalPart { from: PeerId("12D3KooWD4wDmZaWggpGH9ACLhNztqnBvszLRcmBLzZdKwDiWmYh"), part: StreamMessage { stream_id: StreamId(b"\0\0\0\0\0\0\0\x0e\0\0\0\0\0\0\0\x04"), sequence: 3, content: Fin }, reply: Sender { inner: Some(Inner { state: State { is_complete: false, is_closed: false, is_rx_task_set: true, is_tx_task_set: false } }) } }
2025-08-25T09:38:13.331077Z  INFO node{moniker=app-1}:node{moniker=app-1}: Received proposal part from=12D3KooWD4wDmZaWggpGH9ACLhNztqnBvszLRcmBLzZdKwDiWmYh part.sequence=3 part.type=end of stream part.size=0
2025-08-25T09:38:13.331316Z  INFO node{moniker=app-1}:node{moniker=app-1}: Proposal data[0..32]: ec7f87711e439b912d92ac3a7005d314a960cafb2bbe64c438cec7c3f206a665, total_size: 545 bytes, id: 907540771dfe8939
2025-08-25T09:38:13.332944Z  INFO node{moniker=app-1}:consensus{height=14 round=0}: Received vote height=14 vote_height=14 address=815F9FA61D7C4F1E4A9E30D40DCA1115BB48F759 Prevote(height: 14, round: 0, value: 907540771dfe8939, from: 815F9FA61D7C4F1E4A9E30D40DCA1115BB48F759)
2025-08-25T09:38:13.341237Z DEBUG node{moniker=app-1}:wal{height=14}: Wrote log entry type=Consensus(Vote) entry.size=118 
2025-08-25T09:38:13.341563Z  INFO node{moniker=app-1}:consensus{height=14 round=0}: Received proposal consensus.height=14 proposal.height=14 proposal.round=0 proposer=815F9FA61D7C4F1E4A9E30D40DCA1115BB48F759 Proposal(height: 14, round: 0, pol_round: -1, value: 907540771dfe8939, from: 815F9FA61D7C4F1E4A9E30D40DCA1115BB48F759)
2025-08-25T09:38:13.344585Z DEBUG node{moniker=app-1}:wal{height=14}: Wrote log entry type=Consensus(Proposal) entry.size=668 
2025-08-25T09:38:13.344685Z DEBUG node{moniker=app-1}:node{moniker=app-1}: ✅ Received complete proposal: ProposedValue { height: Height(14), round: Some(0), valid_round: Nil, proposer: Address(815F9FA61D7C4F1E4A9E30D40DCA1115BB48F759), value: Value { value: 10409296994085275961, extensions: b"\xec\x7f\x87q\x1eC\x9b\x91-\x92\xac:p\x05\xd3\x14\xa9`\xca\xfb+\xbed\xc48\xce\xc7\xc3\xf2\x06\xa6e********************\xec&\xdf\x94B\xc5\xd4\xa0\xa0\xccSH\xc9`\x11[C\xda\x08\xc7\xae\xf6\xbeNL\xcc_\x13l\xa8\x92\xa6V\xe8\x1f\x17\x1b\xccU\xa6\xff\x83E\xe6\x92\xc0\xf8n[H\xe0\x1b\x99l\xad\xc0\x01b/\xb5\xe3c\xb4!\0\0\0\0\0\0\0\0\0\0\0\0\0\0\0\0\0\0\0\0\0\0\0\0\0\0\0\0\0\0\0\0\0\0\0\0\0\0\0\0\0\0\0\0\0\0\0\0\0\0\0\0\0\0\0\0\0\0\0\0\0\0\0\0\0\0\0\0\0\0\0\0\0\0\0\0\0\0\0\0\0\0\0\0\0\0\0\0\0\0\0\0\0\0\0\0\0\0\0\0\0\0\0\0\0\0\0\0\0\0\0\0\0\0\0\0\0\0\0\0\0\0\0\0\0\0\0\0\0\0\0\0\0\0\0\0\0\0\0\0\0\0\0\0\0\0\0\0\0\0\0\0\0\0\0\0\0\0\0\0\0\0\0\0\0\0\0\0\0\0\0\0\0\0\0\0\0\0\0\0\0\0\0\0\0\0\0\0\0\0\0\0\0\0\0\0\0\0\0\0\0\0\0\0\0\0\0\0\0\0\0\0\0\0\0\0\0\0\0\0\0\0\0\0\0\0\0\0\0\0\0\0\0\0\0\0\0\0\0\0\0\0\0\0\0\0\0\0\0\0\0\0\0\0\0\0\0\0\0\0\0\0\0\0\0\0\0\0\0\0\0\0\0\0\0\0\0\0\0\0\0\0\0\0\0\0\0\0\x0e\0\0\0\0\0\0\0\xcd\x0f\xd0\x01\0\0\0\0\0\0\0\0\0\0\0\0\x11/\xach\0\0\0\0\x10\x02\0\0\x1b\x0f1\t\0\0\0\0\0\0\0\0\0\0\0\0\0\0\0\0\0\0\0\0\0\0\0\0\0\0\0\0\xca\xb8\xa3\xdb/mv\xfc\xfe\x98*5\xd0\xc8H\xf0J\xf2\x03\x87Z.\x1ep\x92\xe9\0\x173\x9d\xe2Z!\x02\0\0!\x02\0\0\0\0\0\0\0\0\0\0\0\0\0\0\0\0\0\0reth/v1.4.1/linux" }, validity: Valid }
2025-08-25T09:38:13.344713Z DEBUG node{moniker=app-1}:consensus{height=14 round=0}: No full proposal for this round yet, stored proposal for later proposal.height=14 proposal.round=0
2025-08-25T09:38:13.344750Z DEBUG node{moniker=app-1}:consensus{height=14 round=0}: We have a full proposal for this round, checking... proposal.height=14 proposal.round=0
2025-08-25T09:38:13.344797Z DEBUG node{moniker=app-1}:consensus{height=14 round=0}: Transitioned to new step step.previous=Propose step.new=Prevote
2025-08-25T09:38:13.353061Z  INFO node{moniker=app-1}:consensus{height=14 round=0}: Received vote height=14 vote_height=14 address=02CB1B49DA09615BD4A12212C39378556D990DFD Precommit(height: 14, round: 0, value: 907540771dfe8939, from: 02CB1B49DA09615BD4A12212C39378556D990DFD)
2025-08-25T09:38:13.357173Z DEBUG node{moniker=app-1}:wal{height=14}: Wrote log entry type=Consensus(Vote) entry.size=120 
2025-08-25T09:38:13.357756Z  INFO node{moniker=app-1}:consensus{height=14 round=0}: Received vote height=14 vote_height=14 address=02CB1B49DA09615BD4A12212C39378556D990DFD Prevote(height: 14, round: 0, value: 907540771dfe8939, from: 02CB1B49DA09615BD4A12212C39378556D990DFD)
2025-08-25T09:38:13.357821Z DEBUG node{moniker=app-1}:wal{height=14}: Wrote log entry type=Consensus(Vote) entry.size=118 
2025-08-25T09:38:13.357900Z DEBUG node{moniker=app-1}:consensus{height=14 round=0}: Transitioned to new step step.previous=Prevote step.new=Precommit
2025-08-25T09:38:13.365708Z  INFO node{moniker=app-1}:consensus{height=14 round=0}: Received vote height=14 vote_height=14 address=815F9FA61D7C4F1E4A9E30D40DCA1115BB48F759 Precommit(height: 14, round: 0, value: 907540771dfe8939, from: 815F9FA61D7C4F1E4A9E30D40DCA1115BB48F759)
2025-08-25T09:38:13.365831Z DEBUG node{moniker=app-1}:wal{height=14}: Wrote log entry type=Consensus(Vote) entry.size=120 
2025-08-25T09:38:13.365871Z DEBUG node{moniker=app-1}:consensus{height=14 round=0}: Transitioned to new step step.previous=Precommit step.new=Commit
2025-08-25T09:38:13.365876Z  INFO node{moniker=app-1}:consensus{height=14 round=0}: Decided round=0 height=14 value=907540771dfe8939
2025-08-25T09:38:13.369207Z DEBUG node{moniker=app-1}:wal{height=14}: Flushed WAL to disk wal.entries=5 wal.size=1221
2025-08-25T09:38:13.369258Z DEBUG node{moniker=app-1}:sync{height.tip=13 height.sync=14}: Updating request state height.tip=14
2025-08-25T09:38:13.369265Z DEBUG node{moniker=app-1}:node{moniker=app-1}: metis-test:consensus-chan recv!!! msg:Decided { certificate: CommitCertificate { height: Height(14), round: Some(0), value_id: ValueId(10409296994085275961), commit_signatures: [CommitSignature { address: Address(02CB1B49DA09615BD4A12212C39378556D990DFD), signature: Signature(Signature { R_bytes: "70ef8c837a98e03f500be8866e75b922d373322640a0961988b5586c63452c73", s_bytes: "6757d1a746889563c4f02f39b75b40731df6835c7745d6963041e683bec36403" }) }, CommitSignature { address: Address(815F9FA61D7C4F1E4A9E30D40DCA1115BB48F759), signature: Signature(Signature { R_bytes: "7a3aa66612684d62aa9a4236d5f3103e1ba5d2f6c606959a6d3b2494bdd82553", s_bytes: "bf9feadda3508607e25d68264634d091888c4452f90daf38b82c9710a897da0a" }) }] }, extensions: VoteExtensions { extensions: [] }, reply: Sender { inner: Some(Inner { state: State { is_complete: false, is_closed: false, is_rx_task_set: true, is_tx_task_set: false } }) } }
2025-08-25T09:38:13.369294Z  INFO node{moniker=app-1}:node{moniker=app-1}: 🟢🟢 Consensus has decided on value height=14 round=0 value=907540771dfe8939
2025-08-25T09:38:13.369326Z DEBUG node{moniker=app-1}:node{moniker=app-1}: 🎁 block size: 545, height: 14
2025-08-25T09:38:13.369330Z  INFO node{moniker=app-1}:node{moniker=app-1}: 👉 stats at height 14: #txs=0, txs/s=0.00, chain_bytes=7630, bytes/s=1202.23
2025-08-25T09:38:13.369333Z DEBUG node{moniker=app-1}:node{moniker=app-1}: 🦄 Block at height 14 contains 0 transactions
2025-08-25T09:38:13.370795Z DEBUG node{moniker=app-1}:node{moniker=app-1}: 💡 New block added at height 14 with hash: 0xcab8a3db2f6d76fcfe982a35d0c848f04af203875a2e1e7092e90017339de25a
2025-08-25T09:38:13.370800Z DEBUG node{moniker=app-1}:node{moniker=app-1}: 🟠 set_latest_forkchoice_state: 0xcab8a3db2f6d76fcfe982a35d0c848f04af203875a2e1e7092e90017339de25a
2025-08-25T09:38:13.371720Z DEBUG node{moniker=app-1}:node{moniker=app-1}: ➡️ payload_status: PayloadStatus { status: Valid, latest_valid_hash: Some(0xcab8a3db2f6d76fcfe982a35d0c848f04af203875a2e1e7092e90017339de25a) }
2025-08-25T09:38:13.371725Z DEBUG node{moniker=app-1}:node{moniker=app-1}: 🚀 Forkchoice updated to height 14 for block hash=0xcab8a3db2f6d76fcfe982a35d0c848f04af203875a2e1e7092e90017339de25a and latest_valid_hash=0xcab8a3db2f6d76fcfe982a35d0c848f04af203875a2e1e7092e90017339de25a
2025-08-25T09:38:13.371727Z  INFO node{moniker=app-1}:node{moniker=app-1}: Looking for certificate height=14 round=0
2025-08-25T09:38:13.377558Z  INFO node{moniker=app-1}:node{moniker=app-1}: Committed block_data[0..32]: ec7f87711e439b912d92ac3a7005d314a960cafb2bbe64c438cec7c3f206a665
2025-08-25T09:38:13.395687Z DEBUG node{moniker=app-1}:wal{height=15}: Reset WAL height=15
2025-08-25T09:38:13.395727Z DEBUG node{moniker=app-1}:consensus{height=15 round=0}: No WAL entries to replay height=15
2025-08-25T09:38:13.395747Z  INFO node{moniker=app-1}:consensus{height=15 round=0}: Starting new height height=15
2025-08-25T09:38:13.395751Z  INFO node{moniker=app-1}:consensus{height=15 round=0}: Starting new round height=15 round=0 proposer=815F9FA61D7C4F1E4A9E30D40DCA1115BB48F759 role=Validator
2025-08-25T09:38:13.395764Z DEBUG node{moniker=app-1}:sync{height.tip=13 height.sync=14}: Starting new height height.tip=14 height.sync=15 restart=false
2025-08-25T09:38:13.395768Z DEBUG node{moniker=app-1}:sync{height.tip=13 height.sync=14}: No peer to request sync from height.sync=15
2025-08-25T09:38:13.400472Z DEBUG node{moniker=app-1}:wal{height=15}: Flushed WAL to disk wal.entries=0 wal.size=12
2025-08-25T09:38:13.400578Z DEBUG node{moniker=app-1}:node{moniker=app-1}: metis-test:consensus-chan recv!!! msg:StartedRound { height: Height(15), round: Some(0), proposer: Address(815F9FA61D7C4F1E4A9E30D40DCA1115BB48F759), role: Validator, reply_value: Sender { inner: Some(Inner { state: State { is_complete: false, is_closed: false, is_rx_task_set: false, is_tx_task_set: false } }) } }
2025-08-25T09:38:13.400586Z  INFO node{moniker=app-1}:node{moniker=app-1}: 🟢🟢 Started round height=15 round=0 proposer=815F9FA61D7C4F1E4A9E30D40DCA1115BB48F759 role=Validator
2025-08-25T09:38:13.400593Z ERROR node{moniker=app-1}:consensus{height=15 round=0}: Error when processing effect: Messaging(RecvErr)
2025-08-25T09:38:13.400603Z DEBUG node{moniker=app-1}:consensus{height=15 round=0}: Transitioned to new step step.previous=Unstarted step.new=Propose
2025-08-25T09:38:13.400606Z  INFO node{moniker=app-1}:consensus{height=15 round=0}: Scheduling timeout round=0 step=Propose
2025-08-25T09:38:13.400611Z DEBUG node{moniker=app-1}:consensus{height=15 round=0}: Replaying inputs count=0
2025-08-25T09:38:13.410912Z DEBUG node{moniker=app-1}:node{moniker=app-1}: metis-test:consensus-chan recv!!! msg:ReceivedProposalPart { from: PeerId("12D3KooWD4wDmZaWggpGH9ACLhNztqnBvszLRcmBLzZdKwDiWmYh"), part: StreamMessage { stream_id: StreamId(b"\0\0\0\0\0\0\0\x0f\0\0\0\0\0\0\0\x05"), sequence: 0, content: Data(Init(ProposalInit { height: Height(15), round: Some(0), proposer: Address(815F9FA61D7C4F1E4A9E30D40DCA1115BB48F759) })) }, reply: Sender { inner: Some(Inner { state: State { is_complete: false, is_closed: false, is_rx_task_set: true, is_tx_task_set: false } }) } }
2025-08-25T09:38:13.410936Z  INFO node{moniker=app-1}:node{moniker=app-1}: Received proposal part from=12D3KooWD4wDmZaWggpGH9ACLhNztqnBvszLRcmBLzZdKwDiWmYh part.sequence=0 part.type=init part.size=28
2025-08-25T09:38:13.411336Z DEBUG node{moniker=app-1}:node{moniker=app-1}: metis-test:consensus-chan recv!!! msg:ReceivedProposalPart { from: PeerId("12D3KooWD4wDmZaWggpGH9ACLhNztqnBvszLRcmBLzZdKwDiWmYh"), part: StreamMessage { stream_id: StreamId(b"\0\0\0\0\0\0\0\x0f\0\0\0\0\0\0\0\x05"), sequence: 1, content: Data(Data(ProposalData { bytes: "<...>", len: 545 })) }, reply: Sender { inner: Some(Inner { state: State { is_complete: false, is_closed: false, is_rx_task_set: true, is_tx_task_set: false } }) } }
2025-08-25T09:38:13.411346Z  INFO node{moniker=app-1}:node{moniker=app-1}: Received proposal part from=12D3KooWD4wDmZaWggpGH9ACLhNztqnBvszLRcmBLzZdKwDiWmYh part.sequence=1 part.type=data part.size=551
2025-08-25T09:38:13.411355Z DEBUG node{moniker=app-1}:node{moniker=app-1}: metis-test:consensus-chan recv!!! msg:ReceivedProposalPart { from: PeerId("12D3KooWD4wDmZaWggpGH9ACLhNztqnBvszLRcmBLzZdKwDiWmYh"), part: StreamMessage { stream_id: StreamId(b"\0\0\0\0\0\0\0\x0f\0\0\0\0\0\0\0\x05"), sequence: 2, content: Data(Fin(ProposalFin { signature: Signature(Signature { R_bytes: "cd597dad51dead3b111117cdaa119e318cb11883fd093706b7baa9c47c0c66a8", s_bytes: "e05c4b15fbc4c20565703f38eaab8cae0cf1883edb575150530472220dbaa70e" }) })) }, reply: Sender { inner: Some(Inner { state: State { is_complete: false, is_closed: false, is_rx_task_set: true, is_tx_task_set: false } }) } }
2025-08-25T09:38:13.411362Z  INFO node{moniker=app-1}:node{moniker=app-1}: Received proposal part from=12D3KooWD4wDmZaWggpGH9ACLhNztqnBvszLRcmBLzZdKwDiWmYh part.sequence=2 part.type=fin part.size=70
2025-08-25T09:38:13.411557Z DEBUG node{moniker=app-1}:node{moniker=app-1}: metis-test:consensus-chan recv!!! msg:ReceivedProposalPart { from: PeerId("12D3KooWD4wDmZaWggpGH9ACLhNztqnBvszLRcmBLzZdKwDiWmYh"), part: StreamMessage { stream_id: StreamId(b"\0\0\0\0\0\0\0\x0f\0\0\0\0\0\0\0\x05"), sequence: 3, content: Fin }, reply: Sender { inner: Some(Inner { state: State { is_complete: false, is_closed: false, is_rx_task_set: true, is_tx_task_set: false } }) } }
2025-08-25T09:38:13.411562Z  INFO node{moniker=app-1}:node{moniker=app-1}: Received proposal part from=12D3KooWD4wDmZaWggpGH9ACLhNztqnBvszLRcmBLzZdKwDiWmYh part.sequence=3 part.type=end of stream part.size=0
2025-08-25T09:38:13.411625Z  INFO node{moniker=app-1}:node{moniker=app-1}: Proposal data[0..32]: cab8a3db2f6d76fcfe982a35d0c848f04af203875a2e1e7092e90017339de25a, total_size: 545 bytes, id: a5a16cd71c31447e
2025-08-25T09:38:13.414049Z  INFO node{moniker=app-1}:consensus{height=15 round=0}: Received vote height=15 vote_height=15 address=815F9FA61D7C4F1E4A9E30D40DCA1115BB48F759 Prevote(height: 15, round: 0, value: a5a16cd71c31447e, from: 815F9FA61D7C4F1E4A9E30D40DCA1115BB48F759)
2025-08-25T09:38:13.414133Z DEBUG node{moniker=app-1}:wal{height=15}: Wrote log entry type=Consensus(Vote) entry.size=118 
2025-08-25T09:38:13.417181Z  INFO node{moniker=app-1}:consensus{height=15 round=0}: Received proposal consensus.height=15 proposal.height=15 proposal.round=0 proposer=815F9FA61D7C4F1E4A9E30D40DCA1115BB48F759 Proposal(height: 15, round: 0, pol_round: -1, value: a5a16cd71c31447e, from: 815F9FA61D7C4F1E4A9E30D40DCA1115BB48F759)
2025-08-25T09:38:13.420914Z DEBUG node{moniker=app-1}:wal{height=15}: Wrote log entry type=Consensus(Proposal) entry.size=668 
2025-08-25T09:38:13.420943Z DEBUG node{moniker=app-1}:consensus{height=15 round=0}: No full proposal for this round yet, stored proposal for later proposal.height=15 proposal.round=0
2025-08-25T09:38:13.423273Z DEBUG node{moniker=app-1}:node{moniker=app-1}: ✅ Received complete proposal: ProposedValue { height: Height(15), round: Some(0), valid_round: Nil, proposer: Address(815F9FA61D7C4F1E4A9E30D40DCA1115BB48F759), value: Value { value: 11934940158655284350, extensions: b"\xca\xb8\xa3\xdb/mv\xfc\xfe\x98*5\xd0\xc8H\xf0J\xf2\x03\x87Z.\x1ep\x92\xe9\0\x173\x9d\xe2Z********************\xec&\xdf\x94B\xc5\xd4\xa0\xa0\xccSH\xc9`\x11[C\xda\x08\xc7\xae\xf6\xbeNL\xcc_\x13l\xa8\x92\xa6V\xe8\x1f\x17\x1b\xccU\xa6\xff\x83E\xe6\x92\xc0\xf8n[H\xe0\x1b\x99l\xad\xc0\x01b/\xb5\xe3c\xb4!\0\0\0\0\0\0\0\0\0\0\0\0\0\0\0\0\0\0\0\0\0\0\0\0\0\0\0\0\0\0\0\0\0\0\0\0\0\0\0\0\0\0\0\0\0\0\0\0\0\0\0\0\0\0\0\0\0\0\0\0\0\0\0\0\0\0\0\0\0\0\0\0\0\0\0\0\0\0\0\0\0\0\0\0\0\0\0\0\0\0\0\0\0\0\0\0\0\0\0\0\0\0\0\0\0\0\0\0\0\0\0\0\0\0\0\0\0\0\0\0\0\0\0\0\0\0\0\0\0\0\0\0\0\0\0\0\0\0\0\0\0\0\0\0\0\0\0\0\0\0\0\0\0\0\0\0\0\0\0\0\0\0\0\0\0\0\0\0\0\0\0\0\0\0\0\0\0\0\0\0\0\0\0\0\0\0\0\0\0\0\0\0\0\0\0\0\0\0\0\0\0\0\0\0\0\0\0\0\0\0\0\0\0\0\0\0\0\0\0\0\0\0\0\0\0\0\0\0\0\0\0\0\0\0\0\0\0\0\0\0\0\0\0\0\0\0\0\0\0\0\0\0\0\0\0\0\0\0\0\0\0\0\0\0\0\0\0\0\0\0\0\0\0\0\0\0\0\0\0\0\0\0\0\0\0\0\0\0\x0f\0\0\0\0\0\0\0\xcf\x83\xd0\x01\0\0\0\0\0\0\0\0\0\0\0\0\x12/\xach\0\0\0\0\x10\x02\0\08\xed\n\x08\0\0\0\0\0\0\0\0\0\0\0\0\0\0\0\0\0\0\0\0\0\0\0\0\0\0\0\0mJu\xdf\xe6G\x14t\xb0\x8f\x07>\x88\xf7\xc5z4\x95\n\x1d\xd4\xbe\xcf\xb8\xef\x9b\xa5\x81.\xc6\xe9Z!\x02\0\0!\x02\0\0\0\0\0\0\0\0\0\0\0\0\0\0\0\0\0\0reth/v1.4.1/linux" }, validity: Valid }
2025-08-25T09:38:13.423300Z DEBUG node{moniker=app-1}:consensus{height=15 round=0}: We have a full proposal for this round, checking... proposal.height=15 proposal.round=0
2025-08-25T09:38:13.423309Z DEBUG node{moniker=app-1}:consensus{height=15 round=0}: Transitioned to new step step.previous=Propose step.new=Prevote
2025-08-25T09:38:13.423315Z  INFO node{moniker=app-1}:consensus{height=15 round=0}: Voting vote_type=Prevote value=a5a16cd71c31447e round=0
2025-08-25T09:38:13.423395Z  INFO node{moniker=app-1}:consensus{height=15 round=0}: Received vote height=15 vote_height=15 address=DE7BA2BE72D2225286133990FF5810B691A5261C Prevote(height: 15, round: 0, value: a5a16cd71c31447e, from: DE7BA2BE72D2225286133990FF5810B691A5261C)
2025-08-25T09:38:13.423435Z DEBUG node{moniker=app-1}:wal{height=15}: Wrote log entry type=Consensus(Vote) entry.size=118 
2025-08-25T09:38:13.423452Z DEBUG node{moniker=app-1}:consensus{height=15 round=0}: Transitioned to new step step.previous=Prevote step.new=Precommit
2025-08-25T09:38:13.423455Z  INFO node{moniker=app-1}:consensus{height=15 round=0}: Voting vote_type=Precommit value=a5a16cd71c31447e round=0
2025-08-25T09:38:13.423461Z DEBUG node{moniker=app-1}:node{moniker=app-1}: metis-test:consensus-chan recv!!! msg:ExtendVote { height: Height(15), round: Some(0), value_id: ValueId(11934940158655284350), reply: Sender { inner: Some(Inner { state: State { is_complete: false, is_closed: false, is_rx_task_set: true, is_tx_task_set: false } }) } }
2025-08-25T09:38:13.423532Z  INFO node{moniker=app-1}:consensus{height=15 round=0}: Received vote height=15 vote_height=15 address=DE7BA2BE72D2225286133990FF5810B691A5261C Precommit(height: 15, round: 0, value: a5a16cd71c31447e, from: DE7BA2BE72D2225286133990FF5810B691A5261C)
2025-08-25T09:38:13.423567Z DEBUG node{moniker=app-1}:wal{height=15}: Wrote log entry type=Consensus(Vote) entry.size=120 
2025-08-25T09:38:13.426514Z DEBUG node{moniker=app-1}:wal{height=15}: Flushed WAL to disk wal.entries=4 wal.size=1088
2025-08-25T09:38:13.426599Z DEBUG node{moniker=app-1}:network: Published message channel=/consensus size=111
2025-08-25T09:38:13.429456Z DEBUG node{moniker=app-1}:wal{height=15}: Flushed WAL to disk wal.entries=4 wal.size=1088
2025-08-25T09:38:13.429572Z DEBUG node{moniker=app-1}:network: Published message channel=/consensus size=109
2025-08-25T09:38:13.437029Z  INFO node{moniker=app-1}:consensus{height=15 round=0}: Received vote height=15 vote_height=15 address=815F9FA61D7C4F1E4A9E30D40DCA1115BB48F759 Precommit(height: 15, round: 0, value: a5a16cd71c31447e, from: 815F9FA61D7C4F1E4A9E30D40DCA1115BB48F759)
2025-08-25T09:38:13.437177Z DEBUG node{moniker=app-1}:wal{height=15}: Wrote log entry type=Consensus(Vote) entry.size=120 
2025-08-25T09:38:13.437197Z DEBUG node{moniker=app-1}:consensus{height=15 round=0}: Transitioned to new step step.previous=Precommit step.new=Commit
2025-08-25T09:38:13.437200Z  INFO node{moniker=app-1}:consensus{height=15 round=0}: Decided round=0 height=15 value=a5a16cd71c31447e
2025-08-25T09:38:13.443164Z DEBUG node{moniker=app-1}:wal{height=15}: Flushed WAL to disk wal.entries=5 wal.size=1221
2025-08-25T09:38:13.443202Z DEBUG node{moniker=app-1}:sync{height.tip=14 height.sync=15}: Updating request state height.tip=15
2025-08-25T09:38:13.443208Z DEBUG node{moniker=app-1}:node{moniker=app-1}: metis-test:consensus-chan recv!!! msg:Decided { certificate: CommitCertificate { height: Height(15), round: Some(0), value_id: ValueId(11934940158655284350), commit_signatures: [CommitSignature { address: Address(815F9FA61D7C4F1E4A9E30D40DCA1115BB48F759), signature: Signature(Signature { R_bytes: "56afe2a9a47876f691f014496167d71ad40cff63caae013a80ae73a049b7347e", s_bytes: "257c1009699621bf28762b019d29d4cd18f2760b0f829f2e265e4fd6d0b64e04" }) }, CommitSignature { address: Address(DE7BA2BE72D2225286133990FF5810B691A5261C), signature: Signature(Signature { R_bytes: "ef5053a9757eebf129671987f7cbf3681af307611c913bad6bdcef136d151be1", s_bytes: "55ed67e54ecc70adf77c87d9af68556b2218ef82b298002907be775b6fbb9c09" }) }] }, extensions: VoteExtensions { extensions: [] }, reply: Sender { inner: Some(Inner { state: State { is_complete: false, is_closed: false, is_rx_task_set: true, is_tx_task_set: false } }) } }
2025-08-25T09:38:13.443218Z  INFO node{moniker=app-1}:node{moniker=app-1}: 🟢🟢 Consensus has decided on value height=15 round=0 value=a5a16cd71c31447e
2025-08-25T09:38:13.443249Z DEBUG node{moniker=app-1}:node{moniker=app-1}: 🎁 block size: 545, height: 15
2025-08-25T09:38:13.443255Z  INFO node{moniker=app-1}:node{moniker=app-1}: 👉 stats at height 15: #txs=0, txs/s=0.00, chain_bytes=8175, bytes/s=1273.27
2025-08-25T09:38:13.443257Z DEBUG node{moniker=app-1}:node{moniker=app-1}: 🦄 Block at height 15 contains 0 transactions
2025-08-25T09:38:13.443826Z DEBUG node{moniker=app-1}:node{moniker=app-1}: 💡 New block added at height 15 with hash: 0x6d4a75dfe6471474b08f073e88f7c57a34950a1dd4becfb8ef9ba5812ec6e95a
2025-08-25T09:38:13.443828Z DEBUG node{moniker=app-1}:node{moniker=app-1}: 🟠 set_latest_forkchoice_state: 0x6d4a75dfe6471474b08f073e88f7c57a34950a1dd4becfb8ef9ba5812ec6e95a
2025-08-25T09:38:13.444161Z DEBUG node{moniker=app-1}:node{moniker=app-1}: ➡️ payload_status: PayloadStatus { status: Valid, latest_valid_hash: Some(0x6d4a75dfe6471474b08f073e88f7c57a34950a1dd4becfb8ef9ba5812ec6e95a) }
2025-08-25T09:38:13.444163Z DEBUG node{moniker=app-1}:node{moniker=app-1}: 🚀 Forkchoice updated to height 15 for block hash=0x6d4a75dfe6471474b08f073e88f7c57a34950a1dd4becfb8ef9ba5812ec6e95a and latest_valid_hash=0x6d4a75dfe6471474b08f073e88f7c57a34950a1dd4becfb8ef9ba5812ec6e95a
2025-08-25T09:38:13.444164Z  INFO node{moniker=app-1}:node{moniker=app-1}: Looking for certificate height=15 round=0
2025-08-25T09:38:13.455436Z  INFO node{moniker=app-1}:node{moniker=app-1}: Committed block_data[0..32]: cab8a3db2f6d76fcfe982a35d0c848f04af203875a2e1e7092e90017339de25a
2025-08-25T09:38:13.472580Z DEBUG node{moniker=app-1}:wal{height=16}: Reset WAL height=16
2025-08-25T09:38:13.472633Z DEBUG node{moniker=app-1}:consensus{height=16 round=0}: No WAL entries to replay height=16
2025-08-25T09:38:13.472649Z  INFO node{moniker=app-1}:consensus{height=16 round=0}: Starting new height height=16
2025-08-25T09:38:13.472652Z  INFO node{moniker=app-1}:consensus{height=16 round=0}: Starting new round height=16 round=0 proposer=02CB1B49DA09615BD4A12212C39378556D990DFD role=Validator
2025-08-25T09:38:13.472661Z DEBUG node{moniker=app-1}:sync{height.tip=14 height.sync=15}: Starting new height height.tip=15 height.sync=16 restart=false
2025-08-25T09:38:13.472664Z DEBUG node{moniker=app-1}:sync{height.tip=14 height.sync=15}: No peer to request sync from height.sync=16
2025-08-25T09:38:13.475321Z DEBUG node{moniker=app-1}:wal{height=16}: Flushed WAL to disk wal.entries=0 wal.size=12
2025-08-25T09:38:13.475346Z DEBUG node{moniker=app-1}:node{moniker=app-1}: metis-test:consensus-chan recv!!! msg:StartedRound { height: Height(16), round: Some(0), proposer: Address(02CB1B49DA09615BD4A12212C39378556D990DFD), role: Validator, reply_value: Sender { inner: Some(Inner { state: State { is_complete: false, is_closed: false, is_rx_task_set: false, is_tx_task_set: false } }) } }
2025-08-25T09:38:13.475354Z  INFO node{moniker=app-1}:node{moniker=app-1}: 🟢🟢 Started round height=16 round=0 proposer=02CB1B49DA09615BD4A12212C39378556D990DFD role=Validator
2025-08-25T09:38:13.475360Z ERROR node{moniker=app-1}:consensus{height=16 round=0}: Error when processing effect: Messaging(RecvErr)
2025-08-25T09:38:13.475368Z DEBUG node{moniker=app-1}:consensus{height=16 round=0}: Transitioned to new step step.previous=Unstarted step.new=Propose
2025-08-25T09:38:13.475371Z  INFO node{moniker=app-1}:consensus{height=16 round=0}: Scheduling timeout round=0 step=Propose
2025-08-25T09:38:13.475375Z DEBUG node{moniker=app-1}:consensus{height=16 round=0}: Replaying inputs count=0
2025-08-25T09:38:13.495518Z DEBUG node{moniker=app-1}:node{moniker=app-1}: metis-test:consensus-chan recv!!! msg:ReceivedProposalPart { from: PeerId("12D3KooWR2Quwt2G6MyT6WQkUdfS8nHZu7XcPotkmbhuEoqc94oJ"), part: StreamMessage { stream_id: StreamId(b"\0\0\0\0\0\0\0\x10\0\0\0\0\0\0\0\x05"), sequence: 0, content: Data(Init(ProposalInit { height: Height(16), round: Some(0), proposer: Address(02CB1B49DA09615BD4A12212C39378556D990DFD) })) }, reply: Sender { inner: Some(Inner { state: State { is_complete: false, is_closed: false, is_rx_task_set: true, is_tx_task_set: false } }) } }
2025-08-25T09:38:13.495539Z  INFO node{moniker=app-1}:node{moniker=app-1}: Received proposal part from=12D3KooWR2Quwt2G6MyT6WQkUdfS8nHZu7XcPotkmbhuEoqc94oJ part.sequence=0 part.type=init part.size=28
2025-08-25T09:38:13.495555Z DEBUG node{moniker=app-1}:node{moniker=app-1}: metis-test:consensus-chan recv!!! msg:ReceivedProposalPart { from: PeerId("12D3KooWR2Quwt2G6MyT6WQkUdfS8nHZu7XcPotkmbhuEoqc94oJ"), part: StreamMessage { stream_id: StreamId(b"\0\0\0\0\0\0\0\x10\0\0\0\0\0\0\0\x05"), sequence: 1, content: Data(Data(ProposalData { bytes: "<...>", len: 545 })) }, reply: Sender { inner: Some(Inner { state: State { is_complete: false, is_closed: false, is_rx_task_set: true, is_tx_task_set: false } }) } }
2025-08-25T09:38:13.495561Z  INFO node{moniker=app-1}:node{moniker=app-1}: Received proposal part from=12D3KooWR2Quwt2G6MyT6WQkUdfS8nHZu7XcPotkmbhuEoqc94oJ part.sequence=1 part.type=data part.size=551
2025-08-25T09:38:13.495959Z DEBUG node{moniker=app-1}:node{moniker=app-1}: metis-test:consensus-chan recv!!! msg:ReceivedProposalPart { from: PeerId("12D3KooWR2Quwt2G6MyT6WQkUdfS8nHZu7XcPotkmbhuEoqc94oJ"), part: StreamMessage { stream_id: StreamId(b"\0\0\0\0\0\0\0\x10\0\0\0\0\0\0\0\x05"), sequence: 2, content: Data(Fin(ProposalFin { signature: Signature(Signature { R_bytes: "b0c9b03e41a74283906505e0e961edd8d0946f51f8fcda5dcab8ff0294d23666", s_bytes: "567f45d8fbfbdfc0ecef955c9cf31fea0daceb9f0d9cf87d525a43dc13be930c" }) })) }, reply: Sender { inner: Some(Inner { state: State { is_complete: false, is_closed: false, is_rx_task_set: true, is_tx_task_set: false } }) } }
2025-08-25T09:38:13.495986Z  INFO node{moniker=app-1}:node{moniker=app-1}: Received proposal part from=12D3KooWR2Quwt2G6MyT6WQkUdfS8nHZu7XcPotkmbhuEoqc94oJ part.sequence=2 part.type=fin part.size=70
2025-08-25T09:38:13.496000Z DEBUG node{moniker=app-1}:node{moniker=app-1}: metis-test:consensus-chan recv!!! msg:ReceivedProposalPart { from: PeerId("12D3KooWR2Quwt2G6MyT6WQkUdfS8nHZu7XcPotkmbhuEoqc94oJ"), part: StreamMessage { stream_id: StreamId(b"\0\0\0\0\0\0\0\x10\0\0\0\0\0\0\0\x05"), sequence: 3, content: Fin }, reply: Sender { inner: Some(Inner { state: State { is_complete: false, is_closed: false, is_rx_task_set: true, is_tx_task_set: false } }) } }
2025-08-25T09:38:13.496006Z  INFO node{moniker=app-1}:node{moniker=app-1}: Received proposal part from=12D3KooWR2Quwt2G6MyT6WQkUdfS8nHZu7XcPotkmbhuEoqc94oJ part.sequence=3 part.type=end of stream part.size=0
2025-08-25T09:38:13.496091Z  INFO node{moniker=app-1}:node{moniker=app-1}: Proposal data[0..32]: 6d4a75dfe6471474b08f073e88f7c57a34950a1dd4becfb8ef9ba5812ec6e95a, total_size: 545 bytes, id: 40744c0a1d06a1ab
2025-08-25T09:38:13.498784Z  INFO node{moniker=app-1}:consensus{height=16 round=0}: Received vote height=16 vote_height=16 address=02CB1B49DA09615BD4A12212C39378556D990DFD Prevote(height: 16, round: 0, value: 40744c0a1d06a1ab, from: 02CB1B49DA09615BD4A12212C39378556D990DFD)
2025-08-25T09:38:13.506806Z DEBUG node{moniker=app-1}:wal{height=16}: Wrote log entry type=Consensus(Vote) entry.size=117 
2025-08-25T09:38:13.506990Z  INFO node{moniker=app-1}:consensus{height=16 round=0}: Received proposal consensus.height=16 proposal.height=16 proposal.round=0 proposer=02CB1B49DA09615BD4A12212C39378556D990DFD Proposal(height: 16, round: 0, pol_round: -1, value: 40744c0a1d06a1ab, from: 02CB1B49DA09615BD4A12212C39378556D990DFD)
2025-08-25T09:38:13.514129Z DEBUG node{moniker=app-1}:wal{height=16}: Wrote log entry type=Consensus(Proposal) entry.size=667 
2025-08-25T09:38:13.514214Z DEBUG node{moniker=app-1}:node{moniker=app-1}: ✅ Received complete proposal: ProposedValue { height: Height(16), round: Some(0), valid_round: Nil, proposer: Address(02CB1B49DA09615BD4A12212C39378556D990DFD), value: Value { value: 4644420722046181803, extensions: b"mJu\xdf\xe6G\x14t\xb0\x8f\x07>\x88\xf7\xc5z4\x95\n\x1d\xd4\xbe\xcf\xb8\xef\x9b\xa5\x81.\xc6\xe9Z********************\xec&\xdf\x94B\xc5\xd4\xa0\xa0\xccSH\xc9`\x11[C\xda\x08\xc7\xae\xf6\xbeNL\xcc_\x13l\xa8\x92\xa6V\xe8\x1f\x17\x1b\xccU\xa6\xff\x83E\xe6\x92\xc0\xf8n[H\xe0\x1b\x99l\xad\xc0\x01b/\xb5\xe3c\xb4!\0\0\0\0\0\0\0\0\0\0\0\0\0\0\0\0\0\0\0\0\0\0\0\0\0\0\0\0\0\0\0\0\0\0\0\0\0\0\0\0\0\0\0\0\0\0\0\0\0\0\0\0\0\0\0\0\0\0\0\0\0\0\0\0\0\0\0\0\0\0\0\0\0\0\0\0\0\0\0\0\0\0\0\0\0\0\0\0\0\0\0\0\0\0\0\0\0\0\0\0\0\0\0\0\0\0\0\0\0\0\0\0\0\0\0\0\0\0\0\0\0\0\0\0\0\0\0\0\0\0\0\0\0\0\0\0\0\0\0\0\0\0\0\0\0\0\0\0\0\0\0\0\0\0\0\0\0\0\0\0\0\0\0\0\0\0\0\0\0\0\0\0\0\0\0\0\0\0\0\0\0\0\0\0\0\0\0\0\0\0\0\0\0\0\0\0\0\0\0\0\0\0\0\0\0\0\0\0\0\0\0\0\0\0\0\0\0\0\0\0\0\0\0\0\0\0\0\0\0\0\0\0\0\0\0\0\0\0\0\0\0\0\0\0\0\0\0\0\0\0\0\0\0\0\0\0\0\0\0\0\0\0\0\0\0\0\0\0\0\0\0\0\0\0\0\0\0\0\0\0\0\0\0\0\0\0\0\0\x10\0\0\0\0\0\0\0\xee\xf7\xd0\x01\0\0\0\0\0\0\0\0\0\0\0\0\x13/\xach\0\0\0\0\x10\x02\0\0\x91\x8f\t\x07\0\0\0\0\0\0\0\0\0\0\0\0\0\0\0\0\0\0\0\0\0\0\0\0\0\0\0\0YpoM\x89\xd0j\x87\xa4\xa7\x03\x88\x82\xee4\xf0\xf4\x81\xb15\xd2\xcf\xd1\xfa~\xda\x87\xf1\x85\xad\xc7M!\x02\0\0!\x02\0\0\0\0\0\0\0\0\0\0\0\0\0\0\0\0\0\0reth/v1.4.1/linux" }, validity: Valid }
2025-08-25T09:38:13.514258Z DEBUG node{moniker=app-1}:consensus{height=16 round=0}: No full proposal for this round yet, stored proposal for later proposal.height=16 proposal.round=0
2025-08-25T09:38:13.514278Z DEBUG node{moniker=app-1}:consensus{height=16 round=0}: We have a full proposal for this round, checking... proposal.height=16 proposal.round=0
2025-08-25T09:38:13.514286Z DEBUG node{moniker=app-1}:consensus{height=16 round=0}: Transitioned to new step step.previous=Propose step.new=Prevote
2025-08-25T09:38:13.514308Z  INFO node{moniker=app-1}:consensus{height=16 round=0}: Voting vote_type=Prevote value=40744c0a1d06a1ab round=0
2025-08-25T09:38:13.514498Z  INFO node{moniker=app-1}:consensus{height=16 round=0}: Received vote height=16 vote_height=16 address=DE7BA2BE72D2225286133990FF5810B691A5261C Prevote(height: 16, round: 0, value: 40744c0a1d06a1ab, from: DE7BA2BE72D2225286133990FF5810B691A5261C)
2025-08-25T09:38:13.514607Z DEBUG node{moniker=app-1}:wal{height=16}: Wrote log entry type=Consensus(Vote) entry.size=117 
2025-08-25T09:38:13.514638Z DEBUG node{moniker=app-1}:consensus{height=16 round=0}: Transitioned to new step step.previous=Prevote step.new=Precommit
2025-08-25T09:38:13.514648Z  INFO node{moniker=app-1}:consensus{height=16 round=0}: Voting vote_type=Precommit value=40744c0a1d06a1ab round=0
2025-08-25T09:38:13.514660Z DEBUG node{moniker=app-1}:node{moniker=app-1}: metis-test:consensus-chan recv!!! msg:ExtendVote { height: Height(16), round: Some(0), value_id: ValueId(4644420722046181803), reply: Sender { inner: Some(Inner { state: State { is_complete: false, is_closed: false, is_rx_task_set: true, is_tx_task_set: false } }) } }
2025-08-25T09:38:13.515020Z  INFO node{moniker=app-1}:consensus{height=16 round=0}: Received vote height=16 vote_height=16 address=DE7BA2BE72D2225286133990FF5810B691A5261C Precommit(height: 16, round: 0, value: 40744c0a1d06a1ab, from: DE7BA2BE72D2225286133990FF5810B691A5261C)
2025-08-25T09:38:13.515098Z DEBUG node{moniker=app-1}:wal{height=16}: Wrote log entry type=Consensus(Vote) entry.size=119 
2025-08-25T09:38:13.518017Z DEBUG node{moniker=app-1}:wal{height=16}: Flushed WAL to disk wal.entries=4 wal.size=1084
2025-08-25T09:38:13.518137Z DEBUG node{moniker=app-1}:network: Published message channel=/consensus size=110
2025-08-25T09:38:13.521239Z DEBUG node{moniker=app-1}:wal{height=16}: Flushed WAL to disk wal.entries=4 wal.size=1084
2025-08-25T09:38:13.521392Z DEBUG node{moniker=app-1}:network: Published message channel=/consensus size=108
2025-08-25T09:38:13.525654Z  INFO node{moniker=app-1}:consensus{height=16 round=0}: Received vote height=16 vote_height=16 address=02CB1B49DA09615BD4A12212C39378556D990DFD Precommit(height: 16, round: 0, value: 40744c0a1d06a1ab, from: 02CB1B49DA09615BD4A12212C39378556D990DFD)
2025-08-25T09:38:13.525777Z DEBUG node{moniker=app-1}:wal{height=16}: Wrote log entry type=Consensus(Vote) entry.size=119 
2025-08-25T09:38:13.525802Z DEBUG node{moniker=app-1}:consensus{height=16 round=0}: Transitioned to new step step.previous=Precommit step.new=Commit
2025-08-25T09:38:13.525807Z  INFO node{moniker=app-1}:consensus{height=16 round=0}: Decided round=0 height=16 value=40744c0a1d06a1ab
2025-08-25T09:38:13.531678Z DEBUG node{moniker=app-1}:wal{height=16}: Flushed WAL to disk wal.entries=5 wal.size=1216
2025-08-25T09:38:13.531742Z DEBUG node{moniker=app-1}:sync{height.tip=15 height.sync=16}: Updating request state height.tip=16
2025-08-25T09:38:13.531750Z DEBUG node{moniker=app-1}:node{moniker=app-1}: metis-test:consensus-chan recv!!! msg:Decided { certificate: CommitCertificate { height: Height(16), round: Some(0), value_id: ValueId(4644420722046181803), commit_signatures: [CommitSignature { address: Address(02CB1B49DA09615BD4A12212C39378556D990DFD), signature: Signature(Signature { R_bytes: "91eaaa4cbf55ec406f7e5184c0f28c80dbcc20832675ab5b4d63feecd6aff11b", s_bytes: "d54450f02367932bbe00c51192870865aa4d898aa39c97fa60d1fce6f9fb540a" }) }, CommitSignature { address: Address(DE7BA2BE72D2225286133990FF5810B691A5261C), signature: Signature(Signature { R_bytes: "04f676a3b179f2ea884cee3f1db7e466178e06523cd5e4b4e1ff29b97525cdb5", s_bytes: "a120f5025dce088d445e06499381ad7d0ed5bee97ab8e69bb16bdfcbf692d20b" }) }] }, extensions: VoteExtensions { extensions: [] }, reply: Sender { inner: Some(Inner { state: State { is_complete: false, is_closed: false, is_rx_task_set: true, is_tx_task_set: false } }) } }
2025-08-25T09:38:13.531760Z  INFO node{moniker=app-1}:node{moniker=app-1}: 🟢🟢 Consensus has decided on value height=16 round=0 value=40744c0a1d06a1ab
2025-08-25T09:38:13.531791Z DEBUG node{moniker=app-1}:node{moniker=app-1}: 🎁 block size: 545, height: 16
2025-08-25T09:38:13.531796Z  INFO node{moniker=app-1}:node{moniker=app-1}: 👉 stats at height 16: #txs=0, txs/s=0.00, chain_bytes=8720, bytes/s=1339.68
2025-08-25T09:38:13.531799Z DEBUG node{moniker=app-1}:node{moniker=app-1}: 🦄 Block at height 16 contains 0 transactions
2025-08-25T09:38:13.532998Z DEBUG node{moniker=app-1}:node{moniker=app-1}: 💡 New block added at height 16 with hash: 0x59706f4d89d06a87a4a7038882ee34f0f481b135d2cfd1fa7eda87f185adc74d
2025-08-25T09:38:13.533002Z DEBUG node{moniker=app-1}:node{moniker=app-1}: 🟠 set_latest_forkchoice_state: 0x59706f4d89d06a87a4a7038882ee34f0f481b135d2cfd1fa7eda87f185adc74d
2025-08-25T09:38:13.533516Z DEBUG node{moniker=app-1}:node{moniker=app-1}: ➡️ payload_status: PayloadStatus { status: Valid, latest_valid_hash: Some(0x59706f4d89d06a87a4a7038882ee34f0f481b135d2cfd1fa7eda87f185adc74d) }
2025-08-25T09:38:13.533520Z DEBUG node{moniker=app-1}:node{moniker=app-1}: 🚀 Forkchoice updated to height 16 for block hash=0x59706f4d89d06a87a4a7038882ee34f0f481b135d2cfd1fa7eda87f185adc74d and latest_valid_hash=0x59706f4d89d06a87a4a7038882ee34f0f481b135d2cfd1fa7eda87f185adc74d
2025-08-25T09:38:13.533522Z  INFO node{moniker=app-1}:node{moniker=app-1}: Looking for certificate height=16 round=0
2025-08-25T09:38:13.544403Z  INFO node{moniker=app-1}:node{moniker=app-1}: Committed block_data[0..32]: 6d4a75dfe6471474b08f073e88f7c57a34950a1dd4becfb8ef9ba5812ec6e95a
2025-08-25T09:38:13.556731Z DEBUG node{moniker=app-1}:wal{height=17}: Reset WAL height=17
2025-08-25T09:38:13.556761Z DEBUG node{moniker=app-1}:consensus{height=17 round=0}: No WAL entries to replay height=17
2025-08-25T09:38:13.556782Z  INFO node{moniker=app-1}:consensus{height=17 round=0}: Starting new height height=17
2025-08-25T09:38:13.556785Z  INFO node{moniker=app-1}:consensus{height=17 round=0}: Starting new round height=17 round=0 proposer=02CB1B49DA09615BD4A12212C39378556D990DFD role=None
2025-08-25T09:38:13.556798Z DEBUG node{moniker=app-1}:sync{height.tip=15 height.sync=16}: Starting new height height.tip=16 height.sync=17 restart=false
2025-08-25T09:38:13.556801Z DEBUG node{moniker=app-1}:sync{height.tip=15 height.sync=16}: No peer to request sync from height.sync=17
2025-08-25T09:38:13.560247Z DEBUG node{moniker=app-1}:wal{height=17}: Flushed WAL to disk wal.entries=0 wal.size=12
2025-08-25T09:38:13.560301Z DEBUG node{moniker=app-1}:node{moniker=app-1}: metis-test:consensus-chan recv!!! msg:StartedRound { height: Height(17), round: Some(0), proposer: Address(02CB1B49DA09615BD4A12212C39378556D990DFD), role: None, reply_value: Sender { inner: Some(Inner { state: State { is_complete: false, is_closed: false, is_rx_task_set: false, is_tx_task_set: false } }) } }
2025-08-25T09:38:13.560308Z  INFO node{moniker=app-1}:node{moniker=app-1}: 🟢🟢 Started round height=17 round=0 proposer=02CB1B49DA09615BD4A12212C39378556D990DFD role=None
2025-08-25T09:38:13.560315Z ERROR node{moniker=app-1}:consensus{height=17 round=0}: Error when processing effect: Messaging(RecvErr)
2025-08-25T09:38:13.560325Z DEBUG node{moniker=app-1}:consensus{height=17 round=0}: Transitioned to new step step.previous=Unstarted step.new=Propose
2025-08-25T09:38:13.560329Z  INFO node{moniker=app-1}:consensus{height=17 round=0}: Scheduling timeout round=0 step=Propose
2025-08-25T09:38:13.560334Z DEBUG node{moniker=app-1}:consensus{height=17 round=0}: Replaying inputs count=0
2025-08-25T09:38:13.564769Z DEBUG node{moniker=app-1}:node{moniker=app-1}: metis-test:consensus-chan recv!!! msg:ReceivedProposalPart { from: PeerId("12D3KooWR2Quwt2G6MyT6WQkUdfS8nHZu7XcPotkmbhuEoqc94oJ"), part: StreamMessage { stream_id: StreamId(b"\0\0\0\0\0\0\0\x11\0\0\0\0\0\0\0\x06"), sequence: 0, content: Data(Init(ProposalInit { height: Height(17), round: Some(0), proposer: Address(02CB1B49DA09615BD4A12212C39378556D990DFD) })) }, reply: Sender { inner: Some(Inner { state: State { is_complete: false, is_closed: false, is_rx_task_set: true, is_tx_task_set: false } }) } }
2025-08-25T09:38:13.564785Z  INFO node{moniker=app-1}:node{moniker=app-1}: Received proposal part from=12D3KooWR2Quwt2G6MyT6WQkUdfS8nHZu7XcPotkmbhuEoqc94oJ part.sequence=0 part.type=init part.size=28
2025-08-25T09:38:13.565073Z DEBUG node{moniker=app-1}:node{moniker=app-1}: metis-test:consensus-chan recv!!! msg:ReceivedProposalPart { from: PeerId("12D3KooWR2Quwt2G6MyT6WQkUdfS8nHZu7XcPotkmbhuEoqc94oJ"), part: StreamMessage { stream_id: StreamId(b"\0\0\0\0\0\0\0\x11\0\0\0\0\0\0\0\x06"), sequence: 1, content: Data(Data(ProposalData { bytes: "<...>", len: 545 })) }, reply: Sender { inner: Some(Inner { state: State { is_complete: false, is_closed: false, is_rx_task_set: true, is_tx_task_set: false } }) } }
2025-08-25T09:38:13.565082Z  INFO node{moniker=app-1}:node{moniker=app-1}: Received proposal part from=12D3KooWR2Quwt2G6MyT6WQkUdfS8nHZu7XcPotkmbhuEoqc94oJ part.sequence=1 part.type=data part.size=551
2025-08-25T09:38:13.565089Z DEBUG node{moniker=app-1}:node{moniker=app-1}: metis-test:consensus-chan recv!!! msg:ReceivedProposalPart { from: PeerId("12D3KooWR2Quwt2G6MyT6WQkUdfS8nHZu7XcPotkmbhuEoqc94oJ"), part: StreamMessage { stream_id: StreamId(b"\0\0\0\0\0\0\0\x11\0\0\0\0\0\0\0\x06"), sequence: 2, content: Data(Fin(ProposalFin { signature: Signature(Signature { R_bytes: "76564b7f4aec60531757e4723bd1fd3a40e7176d2932b41e96b124672d1ec772", s_bytes: "0921e07849ac41040891121d949c41434dc998358962e273db1434913c9b6f0d" }) })) }, reply: Sender { inner: Some(Inner { state: State { is_complete: false, is_closed: false, is_rx_task_set: true, is_tx_task_set: false } }) } }
2025-08-25T09:38:13.565095Z  INFO node{moniker=app-1}:node{moniker=app-1}: Received proposal part from=12D3KooWR2Quwt2G6MyT6WQkUdfS8nHZu7XcPotkmbhuEoqc94oJ part.sequence=2 part.type=fin part.size=70
2025-08-25T09:38:13.565100Z DEBUG node{moniker=app-1}:node{moniker=app-1}: metis-test:consensus-chan recv!!! msg:ReceivedProposalPart { from: PeerId("12D3KooWR2Quwt2G6MyT6WQkUdfS8nHZu7XcPotkmbhuEoqc94oJ"), part: StreamMessage { stream_id: StreamId(b"\0\0\0\0\0\0\0\x11\0\0\0\0\0\0\0\x06"), sequence: 3, content: Fin }, reply: Sender { inner: Some(Inner { state: State { is_complete: false, is_closed: false, is_rx_task_set: true, is_tx_task_set: false } }) } }
2025-08-25T09:38:13.565103Z  INFO node{moniker=app-1}:node{moniker=app-1}: Received proposal part from=12D3KooWR2Quwt2G6MyT6WQkUdfS8nHZu7XcPotkmbhuEoqc94oJ part.sequence=3 part.type=end of stream part.size=0
2025-08-25T09:38:13.565166Z  INFO node{moniker=app-1}:node{moniker=app-1}: Proposal data[0..32]: 59706f4d89d06a87a4a7038882ee34f0f481b135d2cfd1fa7eda87f185adc74d, total_size: 545 bytes, id: b98acea53dd0e24f
2025-08-25T09:38:13.568653Z  INFO node{moniker=app-1}:consensus{height=17 round=0}: Received vote height=17 vote_height=17 address=02CB1B49DA09615BD4A12212C39378556D990DFD Prevote(height: 17, round: 0, value: b98acea53dd0e24f, from: 02CB1B49DA09615BD4A12212C39378556D990DFD)
2025-08-25T09:38:13.575959Z DEBUG node{moniker=app-1}:node{moniker=app-1}: ✅ Received complete proposal: ProposedValue { height: Height(17), round: Some(0), valid_round: Nil, proposer: Address(02CB1B49DA09615BD4A12212C39378556D990DFD), value: Value { value: 13369725652904763983, extensions: b"YpoM\x89\xd0j\x87\xa4\xa7\x03\x88\x82\xee4\xf0\xf4\x81\xb15\xd2\xcf\xd1\xfa~\xda\x87\xf1\x85\xad\xc7M********************\xec&\xdf\x94B\xc5\xd4\xa0\xa0\xccSH\xc9`\x11[C\xda\x08\xc7\xae\xf6\xbeNL\xcc_\x13l\xa8\x92\xa6V\xe8\x1f\x17\x1b\xccU\xa6\xff\x83E\xe6\x92\xc0\xf8n[H\xe0\x1b\x99l\xad\xc0\x01b/\xb5\xe3c\xb4!\0\0\0\0\0\0\0\0\0\0\0\0\0\0\0\0\0\0\0\0\0\0\0\0\0\0\0\0\0\0\0\0\0\0\0\0\0\0\0\0\0\0\0\0\0\0\0\0\0\0\0\0\0\0\0\0\0\0\0\0\0\0\0\0\0\0\0\0\0\0\0\0\0\0\0\0\0\0\0\0\0\0\0\0\0\0\0\0\0\0\0\0\0\0\0\0\0\0\0\0\0\0\0\0\0\0\0\0\0\0\0\0\0\0\0\0\0\0\0\0\0\0\0\0\0\0\0\0\0\0\0\0\0\0\0\0\0\0\0\0\0\0\0\0\0\0\0\0\0\0\0\0\0\0\0\0\0\0\0\0\0\0\0\0\0\0\0\0\0\0\0\0\0\0\0\0\0\0\0\0\0\0\0\0\0\0\0\0\0\0\0\0\0\0\0\0\0\0\0\0\0\0\0\0\0\0\0\0\0\0\0\0\0\0\0\0\0\0\0\0\0\0\0\0\0\0\0\0\0\0\0\0\0\0\0\0\0\0\0\0\0\0\0\0\0\0\0\0\0\0\0\0\0\0\0\0\0\0\0\0\0\0\0\0\0\0\0\0\0\0\0\0\0\0\0\0\0\0\0\0\0\0\0\0\0\0\0\0\x11\0\0\0\0\0\0\0*l\xd1\x01\0\0\0\0\0\0\0\0\0\0\0\0\x14/\xach\0\0\0\0\x10\x02\0\0\x9f](\x06\0\0\0\0\0\0\0\0\0\0\0\0\0\0\0\0\0\0\0\0\0\0\0\0\0\0\0\0\x84X\xc8\xf5nff<T\xcfi\x98\xa8\xe4I\x7fT\x1e\"\x9e\xb6\xf3N\x14\x06\x9a\x17\x8e\xa3X\x8f4!\x02\0\0!\x02\0\0\0\0\0\0\0\0\0\0\0\0\0\0\0\0\0\0reth/v1.4.1/linux" }, validity: Valid }
2025-08-25T09:38:13.576251Z DEBUG node{moniker=app-1}:wal{height=17}: Wrote log entry type=Consensus(Vote) entry.size=118 
2025-08-25T09:38:13.576345Z  INFO node{moniker=app-1}:consensus{height=17 round=0}: Received proposal consensus.height=17 proposal.height=17 proposal.round=0 proposer=02CB1B49DA09615BD4A12212C39378556D990DFD Proposal(height: 17, round: 0, pol_round: -1, value: b98acea53dd0e24f, from: 02CB1B49DA09615BD4A12212C39378556D990DFD)
2025-08-25T09:38:13.576381Z DEBUG node{moniker=app-1}:wal{height=17}: Wrote log entry type=Consensus(Proposal) entry.size=668 
2025-08-25T09:38:13.576390Z DEBUG node{moniker=app-1}:consensus{height=17 round=0}: No full proposal for this round yet, stored proposal for later proposal.height=17 proposal.round=0
2025-08-25T09:38:13.576398Z DEBUG node{moniker=app-1}:consensus{height=17 round=0}: We have a full proposal for this round, checking... proposal.height=17 proposal.round=0
2025-08-25T09:38:13.576405Z DEBUG node{moniker=app-1}:consensus{height=17 round=0}: Transitioned to new step step.previous=Propose step.new=Prevote
2025-08-25T09:38:13.582204Z  INFO node{moniker=app-1}:consensus{height=17 round=0}: Received vote height=17 vote_height=17 address=815F9FA61D7C4F1E4A9E30D40DCA1115BB48F759 Precommit(height: 17, round: 0, value: b98acea53dd0e24f, from: 815F9FA61D7C4F1E4A9E30D40DCA1115BB48F759)
2025-08-25T09:38:13.583336Z DEBUG node{moniker=app-1}:wal{height=17}: Wrote log entry type=Consensus(Vote) entry.size=120 
2025-08-25T09:38:13.583608Z  INFO node{moniker=app-1}:consensus{height=17 round=0}: Received vote height=17 vote_height=17 address=815F9FA61D7C4F1E4A9E30D40DCA1115BB48F759 Prevote(height: 17, round: 0, value: b98acea53dd0e24f, from: 815F9FA61D7C4F1E4A9E30D40DCA1115BB48F759)
2025-08-25T09:38:13.583644Z DEBUG node{moniker=app-1}:wal{height=17}: Wrote log entry type=Consensus(Vote) entry.size=118 
2025-08-25T09:38:13.583694Z DEBUG node{moniker=app-1}:consensus{height=17 round=0}: Transitioned to new step step.previous=Prevote step.new=Precommit
2025-08-25T09:38:13.590041Z  INFO node{moniker=app-1}:consensus{height=17 round=0}: Received vote height=17 vote_height=17 address=02CB1B49DA09615BD4A12212C39378556D990DFD Precommit(height: 17, round: 0, value: b98acea53dd0e24f, from: 02CB1B49DA09615BD4A12212C39378556D990DFD)
2025-08-25T09:38:13.590126Z DEBUG node{moniker=app-1}:wal{height=17}: Wrote log entry type=Consensus(Vote) entry.size=120 
2025-08-25T09:38:13.590195Z DEBUG node{moniker=app-1}:consensus{height=17 round=0}: Transitioned to new step step.previous=Precommit step.new=Commit
2025-08-25T09:38:13.590199Z  INFO node{moniker=app-1}:consensus{height=17 round=0}: Decided round=0 height=17 value=b98acea53dd0e24f
2025-08-25T09:38:13.593685Z DEBUG node{moniker=app-1}:wal{height=17}: Flushed WAL to disk wal.entries=5 wal.size=1221
2025-08-25T09:38:13.593726Z DEBUG node{moniker=app-1}:sync{height.tip=16 height.sync=17}: Updating request state height.tip=17
2025-08-25T09:38:13.593732Z DEBUG node{moniker=app-1}:node{moniker=app-1}: metis-test:consensus-chan recv!!! msg:Decided { certificate: CommitCertificate { height: Height(17), round: Some(0), value_id: ValueId(13369725652904763983), commit_signatures: [CommitSignature { address: Address(02CB1B49DA09615BD4A12212C39378556D990DFD), signature: Signature(Signature { R_bytes: "0bc5a7917d26822b83df55f42a3199c5365ce8b268846b7a588e99cffdbf950c", s_bytes: "194cac1510906c3c0f17fc530c3758e03d83d50692956e9456549a5118d6be0f" }) }, CommitSignature { address: Address(815F9FA61D7C4F1E4A9E30D40DCA1115BB48F759), signature: Signature(Signature { R_bytes: "31d83d1c3f123c14f66778d915d9a70a60ca748ce3d7ae51d93b3cd14c1cc975", s_bytes: "22f3085225dd20f80ef65e865ebb3c1ce2e2c79753670ced67c5c647c9e31e04" }) }] }, extensions: VoteExtensions { extensions: [] }, reply: Sender { inner: Some(Inner { state: State { is_complete: false, is_closed: false, is_rx_task_set: true, is_tx_task_set: false } }) } }
2025-08-25T09:38:13.593743Z  INFO node{moniker=app-1}:node{moniker=app-1}: 🟢🟢 Consensus has decided on value height=17 round=0 value=b98acea53dd0e24f
2025-08-25T09:38:13.593773Z DEBUG node{moniker=app-1}:node{moniker=app-1}: 🎁 block size: 545, height: 17
2025-08-25T09:38:13.593778Z  INFO node{moniker=app-1}:node{moniker=app-1}: 👉 stats at height 17: #txs=0, txs/s=0.00, chain_bytes=9265, bytes/s=1409.99
2025-08-25T09:38:13.593781Z DEBUG node{moniker=app-1}:node{moniker=app-1}: 🦄 Block at height 17 contains 0 transactions
2025-08-25T09:38:13.594543Z DEBUG node{moniker=app-1}:node{moniker=app-1}: 💡 New block added at height 17 with hash: 0x8458c8f56e66663c54cf6998a8e4497f541e229eb6f34e14069a178ea3588f34
2025-08-25T09:38:13.594545Z DEBUG node{moniker=app-1}:node{moniker=app-1}: 🟠 set_latest_forkchoice_state: 0x8458c8f56e66663c54cf6998a8e4497f541e229eb6f34e14069a178ea3588f34
2025-08-25T09:38:13.594960Z DEBUG node{moniker=app-1}:node{moniker=app-1}: ➡️ payload_status: PayloadStatus { status: Valid, latest_valid_hash: Some(0x8458c8f56e66663c54cf6998a8e4497f541e229eb6f34e14069a178ea3588f34) }
2025-08-25T09:38:13.594963Z DEBUG node{moniker=app-1}:node{moniker=app-1}: 🚀 Forkchoice updated to height 17 for block hash=0x8458c8f56e66663c54cf6998a8e4497f541e229eb6f34e14069a178ea3588f34 and latest_valid_hash=0x8458c8f56e66663c54cf6998a8e4497f541e229eb6f34e14069a178ea3588f34
2025-08-25T09:38:13.594964Z  INFO node{moniker=app-1}:node{moniker=app-1}: Looking for certificate height=17 round=0
2025-08-25T09:38:13.599342Z  INFO node{moniker=app-1}:node{moniker=app-1}: Committed block_data[0..32]: 59706f4d89d06a87a4a7038882ee34f0f481b135d2cfd1fa7eda87f185adc74d
2025-08-25T09:38:13.610721Z DEBUG node{moniker=app-1}:wal{height=18}: Reset WAL height=18
2025-08-25T09:38:13.610742Z DEBUG node{moniker=app-1}:consensus{height=18 round=0}: No WAL entries to replay height=18
2025-08-25T09:38:13.610758Z  INFO node{moniker=app-1}:consensus{height=18 round=0}: Starting new height height=18
2025-08-25T09:38:13.610762Z  INFO node{moniker=app-1}:consensus{height=18 round=0}: Starting new round height=18 round=0 proposer=DE7BA2BE72D2225286133990FF5810B691A5261C role=Proposer
2025-08-25T09:38:13.610774Z DEBUG node{moniker=app-1}:sync{height.tip=16 height.sync=17}: Starting new height height.tip=17 height.sync=18 restart=false
2025-08-25T09:38:13.610778Z DEBUG node{moniker=app-1}:sync{height.tip=16 height.sync=17}: No peer to request sync from height.sync=18
2025-08-25T09:38:13.613451Z DEBUG node{moniker=app-1}:wal{height=18}: Flushed WAL to disk wal.entries=0 wal.size=12
2025-08-25T09:38:13.613510Z DEBUG node{moniker=app-1}:node{moniker=app-1}: metis-test:consensus-chan recv!!! msg:StartedRound { height: Height(18), round: Some(0), proposer: Address(DE7BA2BE72D2225286133990FF5810B691A5261C), role: Proposer, reply_value: Sender { inner: Some(Inner { state: State { is_complete: false, is_closed: false, is_rx_task_set: false, is_tx_task_set: false } }) } }
2025-08-25T09:38:13.613516Z  INFO node{moniker=app-1}:node{moniker=app-1}: 🟢🟢 Started round height=18 round=0 proposer=DE7BA2BE72D2225286133990FF5810B691A5261C role=Proposer
2025-08-25T09:38:13.613522Z ERROR node{moniker=app-1}:consensus{height=18 round=0}: Error when processing effect: Messaging(RecvErr)
2025-08-25T09:38:13.613533Z DEBUG node{moniker=app-1}:consensus{height=18 round=0}: Transitioned to new step step.previous=Unstarted step.new=Propose
2025-08-25T09:38:13.613537Z  INFO node{moniker=app-1}:consensus{height=18 round=0}: Scheduling timeout round=0 step=Propose
2025-08-25T09:38:13.613540Z  INFO node{moniker=app-1}:consensus{height=18 round=0}: Requesting value from application height=18 round=0
2025-08-25T09:38:13.613546Z DEBUG node{moniker=app-1}:consensus{height=18 round=0}: Replaying inputs count=0
2025-08-25T09:38:13.613556Z DEBUG node{moniker=app-1}:node{moniker=app-1}: metis-test:consensus-chan recv!!! msg:GetValue { height: Height(18), round: Some(0), timeout: 3s, reply: Sender { inner: Some(Inner { state: State { is_complete: false, is_closed: false, is_rx_task_set: true, is_tx_task_set: false } }) } }
2025-08-25T09:38:13.613558Z  INFO node{moniker=app-1}:node{moniker=app-1}: 🟢🟢 Consensus is requesting a value to propose height=18 round=0
2025-08-25T09:38:13.613560Z DEBUG node{moniker=app-1}:node{moniker=app-1}: 🟠 generate_block on top of ExecutionBlock { block_hash: 0x8458c8f56e66663c54cf6998a8e4497f541e229eb6f34e14069a178ea3588f34, block_number: 17, parent_hash: 0x8458c8f56e66663c54cf6998a8e4497f541e229eb6f34e14069a178ea3588f34, timestamp: 1756114708, prev_randao: 0x0000000000000000000000000000000000000000000000000000000000000000 }
2025-08-25T09:38:13.615003Z DEBUG node{moniker=app-1}:node{moniker=app-1}: 🌈 Got execution payload: ExecutionPayloadV3 { payload_inner: ExecutionPayloadV2 { payload_inner: ExecutionPayloadV1 { parent_hash: 0x8458c8f56e66663c54cf6998a8e4497f541e229eb6f34e14069a178ea3588f34, fee_recipient: 0x2a2a2a2a2a2a2a2a2a2a2a2a2a2a2a2a2a2a2a2a, state_root: 0xec26df9442c5d4a0a0cc5348c960115b43da08c7aef6be4e4ccc5f136ca892a6, receipts_root: 0x56e81f171bcc55a6ff8345e692c0f86e5b48e01b996cadc001622fb5e363b421, logs_bloom: 0x00000000000000000000000000000000000000000000000000000000000000000000000000000000000000000000000000000000000000000000000000000000000000000000000000000000000000000000000000000000000000000000000000000000000000000000000000000000000000000000000000000000000000000000000000000000000000000000000000000000000000000000000000000000000000000000000000000000000000000000000000000000000000000000000000000000000000000000000000000000000000000000000000000000000000000000000000000000000000000000000000000000000000000000000000000000, prev_randao: 0x0000000000000000000000000000000000000000000000000000000000000000, block_number: 18, gas_limit: 30531716, gas_used: 0, timestamp: 1756114709, extra_data: 0x726574682f76312e342e312f6c696e7578, base_fee_per_gas: 90395116, block_hash: 0x603f5314005f1d2542473dd6390a6eba0ed672b2a7d12ed7c23595d728478bde, transactions: [] }, withdrawals: [] }, blob_gas_used: 0, excess_blob_gas: 0 }
2025-08-25T09:38:13.615012Z DEBUG node{moniker=app-1}:node{moniker=app-1}: 🎁 block size: 545, height: 18
2025-08-25T09:38:13.621550Z  INFO node{moniker=app-1}:node{moniker=app-1}: Streaming proposal part: StreamMessage { stream_id: StreamId(b"\0\0\0\0\0\0\0\x12\0\0\0\0\0\0\0\x05"), sequence: 0, content: Data(Init(ProposalInit { height: Height(18), round: Some(0), proposer: Address(DE7BA2BE72D2225286133990FF5810B691A5261C) })) } height=18 round=0
2025-08-25T09:38:13.621560Z  INFO node{moniker=app-1}:node{moniker=app-1}: Streaming proposal part: StreamMessage { stream_id: StreamId(b"\0\0\0\0\0\0\0\x12\0\0\0\0\0\0\0\x05"), sequence: 1, content: Data(Data(ProposalData { bytes: "<...>", len: 545 })) } height=18 round=0
2025-08-25T09:38:13.621781Z  INFO node{moniker=app-1}:node{moniker=app-1}: Streaming proposal part: StreamMessage { stream_id: StreamId(b"\0\0\0\0\0\0\0\x12\0\0\0\0\0\0\0\x05"), sequence: 2, content: Data(Fin(ProposalFin { signature: Signature(Signature { R_bytes: "886a0a2d816b3f96e7ab68c86a9713cc7fa0ebd51ffb57fcc4c0ba471d112d0d", s_bytes: "d7f389cee3a57a6a7eb2676b92f421d8258015cbf310e1579f5ed9beb803ee05" }) })) } height=18 round=0
2025-08-25T09:38:13.621865Z DEBUG node{moniker=app-1}:network: Published message channel=/proposal_parts size=48
2025-08-25T09:38:13.621882Z  INFO node{moniker=app-1}:node{moniker=app-1}: Streaming proposal part: StreamMessage { stream_id: StreamId(b"\0\0\0\0\0\0\0\x12\0\0\0\0\0\0\0\x05"), sequence: 3, content: Fin } height=18 round=0
2025-08-25T09:38:13.621919Z DEBUG node{moniker=app-1}:wal{height=18}: Wrote log entry type=LocallyProposedValue entry.size=598 
2025-08-25T09:38:13.621993Z DEBUG node{moniker=app-1}:network: Published message channel=/proposal_parts size=574
2025-08-25T09:38:13.622027Z DEBUG node{moniker=app-1}:node{moniker=app-1}: ✅ Proposal sent height=18 round=0
2025-08-25T09:38:13.622052Z  INFO node{moniker=app-1}:consensus{height=18 round=0}: Proposing value id=78cf0ecc3144bc7e round=0
2025-08-25T09:38:13.622133Z  INFO node{moniker=app-1}:consensus{height=18 round=0}: Received proposal consensus.height=18 proposal.height=18 proposal.round=0 proposer=DE7BA2BE72D2225286133990FF5810B691A5261C Proposal(height: 18, round: 0, pol_round: -1, value: 78cf0ecc3144bc7e, from: DE7BA2BE72D2225286133990FF5810B691A5261C)
2025-08-25T09:38:13.622167Z DEBUG node{moniker=app-1}:network: Published message channel=/proposal_parts size=92
2025-08-25T09:38:13.622228Z DEBUG node{moniker=app-1}:network: Published message channel=/proposal_parts size=22
2025-08-25T09:38:13.622504Z DEBUG node{moniker=app-1}:wal{height=18}: Wrote log entry type=Consensus(Proposal) entry.size=667 
2025-08-25T09:38:13.622786Z DEBUG node{moniker=app-1}:consensus{height=18 round=0}: Transitioned to new step step.previous=Propose step.new=Prevote
2025-08-25T09:38:13.622790Z  INFO node{moniker=app-1}:consensus{height=18 round=0}: Voting vote_type=Prevote value=78cf0ecc3144bc7e round=0
2025-08-25T09:38:13.622863Z  INFO node{moniker=app-1}:consensus{height=18 round=0}: Received vote height=18 vote_height=18 address=DE7BA2BE72D2225286133990FF5810B691A5261C Prevote(height: 18, round: 0, value: 78cf0ecc3144bc7e, from: DE7BA2BE72D2225286133990FF5810B691A5261C)
2025-08-25T09:38:13.622969Z DEBUG node{moniker=app-1}:wal{height=18}: Wrote log entry type=Consensus(Vote) entry.size=117 
2025-08-25T09:38:13.630205Z DEBUG node{moniker=app-1}:wal{height=18}: Flushed WAL to disk wal.entries=3 wal.size=1433
2025-08-25T09:38:13.630317Z DEBUG node{moniker=app-1}:network: Published message channel=/consensus size=108
2025-08-25T09:38:13.632005Z DEBUG node{moniker=app-1}:wal{height=18}: Flushed WAL to disk wal.entries=3 wal.size=1433
2025-08-25T09:38:13.632228Z DEBUG node{moniker=app-1}:network: Published message channel=/consensus size=658
2025-08-25T09:38:13.638885Z  INFO node{moniker=app-1}:consensus{height=18 round=0}: Received vote height=18 vote_height=18 address=815F9FA61D7C4F1E4A9E30D40DCA1115BB48F759 Precommit(height: 18, round: 0, value: 78cf0ecc3144bc7e, from: 815F9FA61D7C4F1E4A9E30D40DCA1115BB48F759)
2025-08-25T09:38:13.638959Z DEBUG node{moniker=app-1}:wal{height=18}: Wrote log entry type=Consensus(Vote) entry.size=119 
2025-08-25T09:38:13.641522Z  INFO node{moniker=app-1}:consensus{height=18 round=0}: Received vote height=18 vote_height=18 address=815F9FA61D7C4F1E4A9E30D40DCA1115BB48F759 Prevote(height: 18, round: 0, value: 78cf0ecc3144bc7e, from: 815F9FA61D7C4F1E4A9E30D40DCA1115BB48F759)
2025-08-25T09:38:13.641584Z DEBUG node{moniker=app-1}:wal{height=18}: Wrote log entry type=Consensus(Vote) entry.size=117 
2025-08-25T09:38:13.641620Z DEBUG node{moniker=app-1}:consensus{height=18 round=0}: Transitioned to new step step.previous=Prevote step.new=Precommit
2025-08-25T09:38:13.641624Z  INFO node{moniker=app-1}:consensus{height=18 round=0}: Voting vote_type=Precommit value=78cf0ecc3144bc7e round=0
2025-08-25T09:38:13.641637Z DEBUG node{moniker=app-1}:node{moniker=app-1}: metis-test:consensus-chan recv!!! msg:ExtendVote { height: Height(18), round: Some(0), value_id: ValueId(8705192874893163646), reply: Sender { inner: Some(Inner { state: State { is_complete: false, is_closed: false, is_rx_task_set: true, is_tx_task_set: false } }) } }
2025-08-25T09:38:13.641712Z  INFO node{moniker=app-1}:consensus{height=18 round=0}: Received vote height=18 vote_height=18 address=DE7BA2BE72D2225286133990FF5810B691A5261C Precommit(height: 18, round: 0, value: 78cf0ecc3144bc7e, from: DE7BA2BE72D2225286133990FF5810B691A5261C)
2025-08-25T09:38:13.641754Z DEBUG node{moniker=app-1}:wal{height=18}: Wrote log entry type=Consensus(Vote) entry.size=119 
2025-08-25T09:38:13.641770Z DEBUG node{moniker=app-1}:consensus{height=18 round=0}: Transitioned to new step step.previous=Precommit step.new=Commit
2025-08-25T09:38:13.641772Z  INFO node{moniker=app-1}:consensus{height=18 round=0}: Decided round=0 height=18 value=78cf0ecc3144bc7e
2025-08-25T09:38:13.645204Z DEBUG node{moniker=app-1}:wal{height=18}: Flushed WAL to disk wal.entries=6 wal.size=1827
2025-08-25T09:38:13.645244Z DEBUG node{moniker=app-1}:sync{height.tip=17 height.sync=18}: Updating request state height.tip=18
2025-08-25T09:38:13.645254Z DEBUG node{moniker=app-1}:node{moniker=app-1}: metis-test:consensus-chan recv!!! msg:Decided { certificate: CommitCertificate { height: Height(18), round: Some(0), value_id: ValueId(8705192874893163646), commit_signatures: [CommitSignature { address: Address(815F9FA61D7C4F1E4A9E30D40DCA1115BB48F759), signature: Signature(Signature { R_bytes: "62a72e61d3184492cff61ea20b00fe258638e042f3f74b971067ae2a110154a5", s_bytes: "899779ddebfb20d75719566e082f1f1a366a7c6b7ca23ee47a8326c346f3df01" }) }, CommitSignature { address: Address(DE7BA2BE72D2225286133990FF5810B691A5261C), signature: Signature(Signature { R_bytes: "1cc3a45c70ef21887cf4549cc6f3283732830e27c754868f65ecd5ac739fcce7", s_bytes: "ad0a717cb5a522e0872d82592d67a3e2b8cd3403a3523608524eca773f191109" }) }] }, extensions: VoteExtensions { extensions: [] }, reply: Sender { inner: Some(Inner { state: State { is_complete: false, is_closed: false, is_rx_task_set: true, is_tx_task_set: false } }) } }
2025-08-25T09:38:13.645265Z  INFO node{moniker=app-1}:node{moniker=app-1}: 🟢🟢 Consensus has decided on value height=18 round=0 value=78cf0ecc3144bc7e
2025-08-25T09:38:13.645294Z DEBUG node{moniker=app-1}:node{moniker=app-1}: 🎁 block size: 545, height: 18
2025-08-25T09:38:13.645298Z  INFO node{moniker=app-1}:node{moniker=app-1}: 👉 stats at height 18: #txs=0, txs/s=0.00, chain_bytes=9810, bytes/s=1481.31
2025-08-25T09:38:13.645300Z DEBUG node{moniker=app-1}:node{moniker=app-1}: 🦄 Block at height 18 contains 0 transactions
2025-08-25T09:38:13.646747Z DEBUG node{moniker=app-1}:node{moniker=app-1}: 💡 New block added at height 18 with hash: 0x603f5314005f1d2542473dd6390a6eba0ed672b2a7d12ed7c23595d728478bde
2025-08-25T09:38:13.646751Z DEBUG node{moniker=app-1}:node{moniker=app-1}: 🟠 set_latest_forkchoice_state: 0x603f5314005f1d2542473dd6390a6eba0ed672b2a7d12ed7c23595d728478bde
2025-08-25T09:38:13.646843Z DEBUG node{moniker=app-1}:wal{height=18}: Flushed WAL to disk wal.entries=6 wal.size=1827
2025-08-25T09:38:13.646916Z DEBUG node{moniker=app-1}:network: Published message channel=/consensus size=110
2025-08-25T09:38:13.647766Z DEBUG node{moniker=app-1}:node{moniker=app-1}: ➡️ payload_status: PayloadStatus { status: Valid, latest_valid_hash: Some(0x603f5314005f1d2542473dd6390a6eba0ed672b2a7d12ed7c23595d728478bde) }
2025-08-25T09:38:13.647771Z DEBUG node{moniker=app-1}:node{moniker=app-1}: 🚀 Forkchoice updated to height 18 for block hash=0x603f5314005f1d2542473dd6390a6eba0ed672b2a7d12ed7c23595d728478bde and latest_valid_hash=0x603f5314005f1d2542473dd6390a6eba0ed672b2a7d12ed7c23595d728478bde
2025-08-25T09:38:13.647773Z  INFO node{moniker=app-1}:node{moniker=app-1}: Looking for certificate height=18 round=0
2025-08-25T09:38:13.655412Z  INFO node{moniker=app-1}:node{moniker=app-1}: Committed block_data[0..32]: 8458c8f56e66663c54cf6998a8e4497f541e229eb6f34e14069a178ea3588f34
2025-08-25T09:38:13.691596Z DEBUG node{moniker=app-1}:wal{height=19}: Reset WAL height=19
2025-08-25T09:38:13.691636Z DEBUG node{moniker=app-1}:consensus{height=19 round=0}: No WAL entries to replay height=19
2025-08-25T09:38:13.691655Z  INFO node{moniker=app-1}:consensus{height=19 round=0}: Starting new height height=19
2025-08-25T09:38:13.691658Z  INFO node{moniker=app-1}:consensus{height=19 round=0}: Starting new round height=19 round=0 proposer=DE7BA2BE72D2225286133990FF5810B691A5261C role=Proposer
2025-08-25T09:38:13.691671Z DEBUG node{moniker=app-1}:sync{height.tip=17 height.sync=18}: Starting new height height.tip=18 height.sync=19 restart=false
2025-08-25T09:38:13.691674Z DEBUG node{moniker=app-1}:sync{height.tip=17 height.sync=18}: No peer to request sync from height.sync=19
2025-08-25T09:38:13.696225Z DEBUG node{moniker=app-1}:wal{height=19}: Flushed WAL to disk wal.entries=0 wal.size=12
2025-08-25T09:38:13.696288Z DEBUG node{moniker=app-1}:node{moniker=app-1}: metis-test:consensus-chan recv!!! msg:StartedRound { height: Height(19), round: Some(0), proposer: Address(DE7BA2BE72D2225286133990FF5810B691A5261C), role: Proposer, reply_value: Sender { inner: Some(Inner { state: State { is_complete: false, is_closed: false, is_rx_task_set: false, is_tx_task_set: false } }) } }
2025-08-25T09:38:13.696295Z  INFO node{moniker=app-1}:node{moniker=app-1}: 🟢🟢 Started round height=19 round=0 proposer=DE7BA2BE72D2225286133990FF5810B691A5261C role=Proposer
2025-08-25T09:38:13.696302Z ERROR node{moniker=app-1}:consensus{height=19 round=0}: Error when processing effect: Messaging(RecvErr)
2025-08-25T09:38:13.696315Z DEBUG node{moniker=app-1}:consensus{height=19 round=0}: Transitioned to new step step.previous=Unstarted step.new=Propose
2025-08-25T09:38:13.696318Z  INFO node{moniker=app-1}:consensus{height=19 round=0}: Scheduling timeout round=0 step=Propose
2025-08-25T09:38:13.696323Z  INFO node{moniker=app-1}:consensus{height=19 round=0}: Requesting value from application height=19 round=0
2025-08-25T09:38:13.696330Z DEBUG node{moniker=app-1}:consensus{height=19 round=0}: Replaying inputs count=0
2025-08-25T09:38:13.696353Z DEBUG node{moniker=app-1}:node{moniker=app-1}: metis-test:consensus-chan recv!!! msg:GetValue { height: Height(19), round: Some(0), timeout: 3s, reply: Sender { inner: Some(Inner { state: State { is_complete: false, is_closed: false, is_rx_task_set: true, is_tx_task_set: false } }) } }
2025-08-25T09:38:13.696356Z  INFO node{moniker=app-1}:node{moniker=app-1}: 🟢🟢 Consensus is requesting a value to propose height=19 round=0
2025-08-25T09:38:13.696358Z DEBUG node{moniker=app-1}:node{moniker=app-1}: 🟠 generate_block on top of ExecutionBlock { block_hash: 0x603f5314005f1d2542473dd6390a6eba0ed672b2a7d12ed7c23595d728478bde, block_number: 18, parent_hash: 0x603f5314005f1d2542473dd6390a6eba0ed672b2a7d12ed7c23595d728478bde, timestamp: 1756114709, prev_randao: 0x0000000000000000000000000000000000000000000000000000000000000000 }
2025-08-25T09:38:13.697890Z DEBUG node{moniker=app-1}:node{moniker=app-1}: 🌈 Got execution payload: ExecutionPayloadV3 { payload_inner: ExecutionPayloadV2 { payload_inner: ExecutionPayloadV1 { parent_hash: 0x603f5314005f1d2542473dd6390a6eba0ed672b2a7d12ed7c23595d728478bde, fee_recipient: 0x2a2a2a2a2a2a2a2a2a2a2a2a2a2a2a2a2a2a2a2a, state_root: 0xec26df9442c5d4a0a0cc5348c960115b43da08c7aef6be4e4ccc5f136ca892a6, receipts_root: 0x56e81f171bcc55a6ff8345e692c0f86e5b48e01b996cadc001622fb5e363b421, logs_bloom: 0x00000000000000000000000000000000000000000000000000000000000000000000000000000000000000000000000000000000000000000000000000000000000000000000000000000000000000000000000000000000000000000000000000000000000000000000000000000000000000000000000000000000000000000000000000000000000000000000000000000000000000000000000000000000000000000000000000000000000000000000000000000000000000000000000000000000000000000000000000000000000000000000000000000000000000000000000000000000000000000000000000000000000000000000000000000000, prev_randao: 0x0000000000000000000000000000000000000000000000000000000000000000, block_number: 19, gas_limit: 30561531, gas_used: 0, timestamp: 1756114710, extra_data: 0x726574682f76312e342e312f6c696e7578, base_fee_per_gas: 79095727, block_hash: 0x420c00fb26a3071b86d96f6339d8da22ba31858bb9473edf7188b61e5fecfbe3, transactions: [] }, withdrawals: [] }, blob_gas_used: 0, excess_blob_gas: 0 }
2025-08-25T09:38:13.697899Z DEBUG node{moniker=app-1}:node{moniker=app-1}: 🎁 block size: 545, height: 19
2025-08-25T09:38:13.705744Z  INFO node{moniker=app-1}:node{moniker=app-1}: Streaming proposal part: StreamMessage { stream_id: StreamId(b"\0\0\0\0\0\0\0\x13\0\0\0\0\0\0\0\x06"), sequence: 0, content: Data(Init(ProposalInit { height: Height(19), round: Some(0), proposer: Address(DE7BA2BE72D2225286133990FF5810B691A5261C) })) } height=19 round=0
2025-08-25T09:38:13.705756Z  INFO node{moniker=app-1}:node{moniker=app-1}: Streaming proposal part: StreamMessage { stream_id: StreamId(b"\0\0\0\0\0\0\0\x13\0\0\0\0\0\0\0\x06"), sequence: 1, content: Data(Data(ProposalData { bytes: "<...>", len: 545 })) } height=19 round=0
2025-08-25T09:38:13.705770Z  INFO node{moniker=app-1}:node{moniker=app-1}: Streaming proposal part: StreamMessage { stream_id: StreamId(b"\0\0\0\0\0\0\0\x13\0\0\0\0\0\0\0\x06"), sequence: 2, content: Data(Fin(ProposalFin { signature: Signature(Signature { R_bytes: "ba0e0f0ad01c0fc5ff7961af5fe1c6cd867969ae88c43dca89153b49719616ee", s_bytes: "0f4014d0b2665a51d9825b10afbc3ef0fe2b359a98f2f86edad57f89200ee300" }) })) } height=19 round=0
2025-08-25T09:38:13.705849Z DEBUG node{moniker=app-1}:network: Published message channel=/proposal_parts size=48
2025-08-25T09:38:13.705869Z  INFO node{moniker=app-1}:node{moniker=app-1}: Streaming proposal part: StreamMessage { stream_id: StreamId(b"\0\0\0\0\0\0\0\x13\0\0\0\0\0\0\0\x06"), sequence: 3, content: Fin } height=19 round=0
2025-08-25T09:38:13.705913Z DEBUG node{moniker=app-1}:wal{height=19}: Wrote log entry type=LocallyProposedValue entry.size=598 
2025-08-25T09:38:13.705984Z DEBUG node{moniker=app-1}:network: Published message channel=/proposal_parts size=574
2025-08-25T09:38:13.706013Z DEBUG node{moniker=app-1}:node{moniker=app-1}: ✅ Proposal sent height=19 round=0
2025-08-25T09:38:13.706058Z DEBUG node{moniker=app-1}:network: Published message channel=/proposal_parts size=92
2025-08-25T09:38:13.706070Z  INFO node{moniker=app-1}:consensus{height=19 round=0}: Proposing value id=75673974a618c3f3 round=0
2025-08-25T09:38:13.706148Z  INFO node{moniker=app-1}:consensus{height=19 round=0}: Received proposal consensus.height=19 proposal.height=19 proposal.round=0 proposer=DE7BA2BE72D2225286133990FF5810B691A5261C Proposal(height: 19, round: 0, pol_round: -1, value: 75673974a618c3f3, from: DE7BA2BE72D2225286133990FF5810B691A5261C)
2025-08-25T09:38:13.706211Z DEBUG node{moniker=app-1}:network: Published message channel=/proposal_parts size=22
2025-08-25T09:38:13.706292Z DEBUG node{moniker=app-1}:wal{height=19}: Wrote log entry type=Consensus(Proposal) entry.size=667 
2025-08-25T09:38:13.706327Z DEBUG node{moniker=app-1}:consensus{height=19 round=0}: Transitioned to new step step.previous=Propose step.new=Prevote
2025-08-25T09:38:13.706330Z  INFO node{moniker=app-1}:consensus{height=19 round=0}: Voting vote_type=Prevote value=75673974a618c3f3 round=0
2025-08-25T09:38:13.706553Z  INFO node{moniker=app-1}:consensus{height=19 round=0}: Received vote height=19 vote_height=19 address=DE7BA2BE72D2225286133990FF5810B691A5261C Prevote(height: 19, round: 0, value: 75673974a618c3f3, from: DE7BA2BE72D2225286133990FF5810B691A5261C)
2025-08-25T09:38:13.706612Z DEBUG node{moniker=app-1}:wal{height=19}: Wrote log entry type=Consensus(Vote) entry.size=117 
2025-08-25T09:38:13.710144Z DEBUG node{moniker=app-1}:wal{height=19}: Flushed WAL to disk wal.entries=3 wal.size=1433
2025-08-25T09:38:13.710241Z DEBUG node{moniker=app-1}:network: Published message channel=/consensus size=108
2025-08-25T09:38:13.711544Z DEBUG node{moniker=app-1}:wal{height=19}: Flushed WAL to disk wal.entries=3 wal.size=1433
2025-08-25T09:38:13.711615Z DEBUG node{moniker=app-1}:network: Published message channel=/consensus size=658
2025-08-25T09:38:13.726739Z  INFO node{moniker=app-1}:consensus{height=19 round=0}: Received vote height=19 vote_height=19 address=02CB1B49DA09615BD4A12212C39378556D990DFD Precommit(height: 19, round: 0, value: 75673974a618c3f3, from: 02CB1B49DA09615BD4A12212C39378556D990DFD)
2025-08-25T09:38:13.726939Z DEBUG node{moniker=app-1}:wal{height=19}: Wrote log entry type=Consensus(Vote) entry.size=119 
2025-08-25T09:38:13.728522Z  INFO node{moniker=app-1}:consensus{height=19 round=0}: Received vote height=19 vote_height=19 address=02CB1B49DA09615BD4A12212C39378556D990DFD Prevote(height: 19, round: 0, value: 75673974a618c3f3, from: 02CB1B49DA09615BD4A12212C39378556D990DFD)
2025-08-25T09:38:13.728593Z DEBUG node{moniker=app-1}:wal{height=19}: Wrote log entry type=Consensus(Vote) entry.size=117 
2025-08-25T09:38:13.729076Z DEBUG node{moniker=app-1}:consensus{height=19 round=0}: Transitioned to new step step.previous=Prevote step.new=Precommit
2025-08-25T09:38:13.729099Z  INFO node{moniker=app-1}:consensus{height=19 round=0}: Voting vote_type=Precommit value=75673974a618c3f3 round=0
2025-08-25T09:38:13.729158Z DEBUG node{moniker=app-1}:node{moniker=app-1}: metis-test:consensus-chan recv!!! msg:ExtendVote { height: Height(19), round: Some(0), value_id: ValueId(8459793598204396531), reply: Sender { inner: Some(Inner { state: State { is_complete: false, is_closed: false, is_rx_task_set: true, is_tx_task_set: false } }) } }
2025-08-25T09:38:13.729340Z  INFO node{moniker=app-1}:consensus{height=19 round=0}: Received vote height=19 vote_height=19 address=DE7BA2BE72D2225286133990FF5810B691A5261C Precommit(height: 19, round: 0, value: 75673974a618c3f3, from: DE7BA2BE72D2225286133990FF5810B691A5261C)
2025-08-25T09:38:13.730960Z DEBUG node{moniker=app-1}:wal{height=19}: Wrote log entry type=Consensus(Vote) entry.size=119 
2025-08-25T09:38:13.730986Z DEBUG node{moniker=app-1}:consensus{height=19 round=0}: Transitioned to new step step.previous=Precommit step.new=Commit
2025-08-25T09:38:13.730990Z  INFO node{moniker=app-1}:consensus{height=19 round=0}: Decided round=0 height=19 value=75673974a618c3f3
2025-08-25T09:38:13.737717Z DEBUG node{moniker=app-1}:wal{height=19}: Flushed WAL to disk wal.entries=6 wal.size=1827
2025-08-25T09:38:13.737782Z DEBUG node{moniker=app-1}:sync{height.tip=18 height.sync=19}: Updating request state height.tip=19
2025-08-25T09:38:13.737798Z DEBUG node{moniker=app-1}:node{moniker=app-1}: metis-test:consensus-chan recv!!! msg:Decided { certificate: CommitCertificate { height: Height(19), round: Some(0), value_id: ValueId(8459793598204396531), commit_signatures: [CommitSignature { address: Address(02CB1B49DA09615BD4A12212C39378556D990DFD), signature: Signature(Signature { R_bytes: "da4535350798abca5e7cb573f463ecf6a23ba6e244948ee6c1e7a9555d76aca1", s_bytes: "3e3c795c61e45854b273f0b7c4f0db66633d27f23956b701e8ccea823f904405" }) }, CommitSignature { address: Address(DE7BA2BE72D2225286133990FF5810B691A5261C), signature: Signature(Signature { R_bytes: "6027ea47961aef0580f2c68961f0595030463bdd7a3e5b92e4470818bec8947c", s_bytes: "90b4570c080cb32a7da814b2b87b12ce92f47418ff30f73aa1bb344ca8d84c04" }) }] }, extensions: VoteExtensions { extensions: [] }, reply: Sender { inner: Some(Inner { state: State { is_complete: false, is_closed: false, is_rx_task_set: true, is_tx_task_set: false } }) } }
2025-08-25T09:38:13.737810Z  INFO node{moniker=app-1}:node{moniker=app-1}: 🟢🟢 Consensus has decided on value height=19 round=0 value=75673974a618c3f3
2025-08-25T09:38:13.737883Z DEBUG node{moniker=app-1}:node{moniker=app-1}: 🎁 block size: 545, height: 19
2025-08-25T09:38:13.737889Z  INFO node{moniker=app-1}:node{moniker=app-1}: 👉 stats at height 19: #txs=0, txs/s=0.00, chain_bytes=10355, bytes/s=1542.05
2025-08-25T09:38:13.737892Z DEBUG node{moniker=app-1}:node{moniker=app-1}: 🦄 Block at height 19 contains 0 transactions
2025-08-25T09:38:13.741767Z DEBUG node{moniker=app-1}:wal{height=19}: Flushed WAL to disk wal.entries=6 wal.size=1827
2025-08-25T09:38:13.741877Z DEBUG node{moniker=app-1}:network: Published message channel=/consensus size=110
2025-08-25T09:38:13.745118Z DEBUG node{moniker=app-1}:node{moniker=app-1}: 💡 New block added at height 19 with hash: 0x420c00fb26a3071b86d96f6339d8da22ba31858bb9473edf7188b61e5fecfbe3
2025-08-25T09:38:13.745124Z DEBUG node{moniker=app-1}:node{moniker=app-1}: 🟠 set_latest_forkchoice_state: 0x420c00fb26a3071b86d96f6339d8da22ba31858bb9473edf7188b61e5fecfbe3
2025-08-25T09:38:13.746783Z DEBUG node{moniker=app-1}:node{moniker=app-1}: ➡️ payload_status: PayloadStatus { status: Valid, latest_valid_hash: Some(0x420c00fb26a3071b86d96f6339d8da22ba31858bb9473edf7188b61e5fecfbe3) }
2025-08-25T09:38:13.746788Z DEBUG node{moniker=app-1}:node{moniker=app-1}: 🚀 Forkchoice updated to height 19 for block hash=0x420c00fb26a3071b86d96f6339d8da22ba31858bb9473edf7188b61e5fecfbe3 and latest_valid_hash=0x420c00fb26a3071b86d96f6339d8da22ba31858bb9473edf7188b61e5fecfbe3
2025-08-25T09:38:13.746789Z  INFO node{moniker=app-1}:node{moniker=app-1}: Looking for certificate height=19 round=0
2025-08-25T09:38:13.753644Z  INFO node{moniker=app-1}:node{moniker=app-1}: Committed block_data[0..32]: 603f5314005f1d2542473dd6390a6eba0ed672b2a7d12ed7c23595d728478bde
2025-08-25T09:38:13.778017Z DEBUG node{moniker=app-1}:wal{height=20}: Reset WAL height=20
2025-08-25T09:38:13.778153Z DEBUG node{moniker=app-1}:consensus{height=20 round=0}: No WAL entries to replay height=20
2025-08-25T09:38:13.778200Z  INFO node{moniker=app-1}:consensus{height=20 round=0}: Starting new height height=20
2025-08-25T09:38:13.778208Z  INFO node{moniker=app-1}:consensus{height=20 round=0}: Starting new round height=20 round=0 proposer=815F9FA61D7C4F1E4A9E30D40DCA1115BB48F759 role=None
2025-08-25T09:38:13.778236Z DEBUG node{moniker=app-1}:sync{height.tip=18 height.sync=19}: Starting new height height.tip=19 height.sync=20 restart=false
2025-08-25T09:38:13.778555Z DEBUG node{moniker=app-1}:sync{height.tip=18 height.sync=19}: No peer to request sync from height.sync=20
2025-08-25T09:38:13.789012Z DEBUG node{moniker=app-1}:wal{height=20}: Flushed WAL to disk wal.entries=0 wal.size=12
2025-08-25T09:38:13.789065Z DEBUG node{moniker=app-1}:node{moniker=app-1}: metis-test:consensus-chan recv!!! msg:StartedRound { height: Height(20), round: Some(0), proposer: Address(815F9FA61D7C4F1E4A9E30D40DCA1115BB48F759), role: None, reply_value: Sender { inner: Some(Inner { state: State { is_complete: false, is_closed: false, is_rx_task_set: false, is_tx_task_set: false } }) } }
2025-08-25T09:38:13.789072Z  INFO node{moniker=app-1}:node{moniker=app-1}: 🟢🟢 Started round height=20 round=0 proposer=815F9FA61D7C4F1E4A9E30D40DCA1115BB48F759 role=None
2025-08-25T09:38:13.789079Z ERROR node{moniker=app-1}:consensus{height=20 round=0}: Error when processing effect: Messaging(RecvErr)
2025-08-25T09:38:13.789089Z DEBUG node{moniker=app-1}:consensus{height=20 round=0}: Transitioned to new step step.previous=Unstarted step.new=Propose
2025-08-25T09:38:13.789092Z  INFO node{moniker=app-1}:consensus{height=20 round=0}: Scheduling timeout round=0 step=Propose
2025-08-25T09:38:13.789098Z DEBUG node{moniker=app-1}:consensus{height=20 round=0}: Replaying inputs count=0
2025-08-25T09:38:13.797571Z DEBUG node{moniker=app-1}:node{moniker=app-1}: metis-test:consensus-chan recv!!! msg:ReceivedProposalPart { from: PeerId("12D3KooWD4wDmZaWggpGH9ACLhNztqnBvszLRcmBLzZdKwDiWmYh"), part: StreamMessage { stream_id: StreamId(b"\0\0\0\0\0\0\0\x14\0\0\0\0\0\0\0\x06"), sequence: 0, content: Data(Init(ProposalInit { height: Height(20), round: Some(0), proposer: Address(815F9FA61D7C4F1E4A9E30D40DCA1115BB48F759) })) }, reply: Sender { inner: Some(Inner { state: State { is_complete: false, is_closed: false, is_rx_task_set: true, is_tx_task_set: false } }) } }
2025-08-25T09:38:13.797603Z  INFO node{moniker=app-1}:node{moniker=app-1}: Received proposal part from=12D3KooWD4wDmZaWggpGH9ACLhNztqnBvszLRcmBLzZdKwDiWmYh part.sequence=0 part.type=init part.size=28
2025-08-25T09:38:13.797934Z DEBUG node{moniker=app-1}:node{moniker=app-1}: metis-test:consensus-chan recv!!! msg:ReceivedProposalPart { from: PeerId("12D3KooWD4wDmZaWggpGH9ACLhNztqnBvszLRcmBLzZdKwDiWmYh"), part: StreamMessage { stream_id: StreamId(b"\0\0\0\0\0\0\0\x14\0\0\0\0\0\0\0\x06"), sequence: 1, content: Data(Data(ProposalData { bytes: "<...>", len: 545 })) }, reply: Sender { inner: Some(Inner { state: State { is_complete: false, is_closed: false, is_rx_task_set: true, is_tx_task_set: false } }) } }
2025-08-25T09:38:13.797949Z  INFO node{moniker=app-1}:node{moniker=app-1}: Received proposal part from=12D3KooWD4wDmZaWggpGH9ACLhNztqnBvszLRcmBLzZdKwDiWmYh part.sequence=1 part.type=data part.size=551
2025-08-25T09:38:13.798514Z DEBUG node{moniker=app-1}:node{moniker=app-1}: metis-test:consensus-chan recv!!! msg:ReceivedProposalPart { from: PeerId("12D3KooWD4wDmZaWggpGH9ACLhNztqnBvszLRcmBLzZdKwDiWmYh"), part: StreamMessage { stream_id: StreamId(b"\0\0\0\0\0\0\0\x14\0\0\0\0\0\0\0\x06"), sequence: 2, content: Data(Fin(ProposalFin { signature: Signature(Signature { R_bytes: "07b1b63858fef170082f9c20c1df67665b00b1f9b8ce07e5187c548b7c3cf868", s_bytes: "c6ea6f5945ee5a045ffbb08c65c232079f108f19c90d5bed25356d9d327da405" }) })) }, reply: Sender { inner: Some(Inner { state: State { is_complete: false, is_closed: false, is_rx_task_set: true, is_tx_task_set: false } }) } }
2025-08-25T09:38:13.798530Z  INFO node{moniker=app-1}:node{moniker=app-1}: Received proposal part from=12D3KooWD4wDmZaWggpGH9ACLhNztqnBvszLRcmBLzZdKwDiWmYh part.sequence=2 part.type=fin part.size=70
2025-08-25T09:38:13.798612Z DEBUG node{moniker=app-1}:node{moniker=app-1}: metis-test:consensus-chan recv!!! msg:ReceivedProposalPart { from: PeerId("12D3KooWD4wDmZaWggpGH9ACLhNztqnBvszLRcmBLzZdKwDiWmYh"), part: StreamMessage { stream_id: StreamId(b"\0\0\0\0\0\0\0\x14\0\0\0\0\0\0\0\x06"), sequence: 3, content: Fin }, reply: Sender { inner: Some(Inner { state: State { is_complete: false, is_closed: false, is_rx_task_set: true, is_tx_task_set: false } }) } }
2025-08-25T09:38:13.798623Z  INFO node{moniker=app-1}:node{moniker=app-1}: Received proposal part from=12D3KooWD4wDmZaWggpGH9ACLhNztqnBvszLRcmBLzZdKwDiWmYh part.sequence=3 part.type=end of stream part.size=0
2025-08-25T09:38:13.798793Z  INFO node{moniker=app-1}:node{moniker=app-1}: Proposal data[0..32]: 420c00fb26a3071b86d96f6339d8da22ba31858bb9473edf7188b61e5fecfbe3, total_size: 545 bytes, id: fd4aa447130a9c
2025-08-25T09:38:13.802722Z  INFO node{moniker=app-1}:consensus{height=20 round=0}: Received vote height=20 vote_height=20 address=815F9FA61D7C4F1E4A9E30D40DCA1115BB48F759 Prevote(height: 20, round: 0, value: fd4aa447130a9c, from: 815F9FA61D7C4F1E4A9E30D40DCA1115BB48F759)
2025-08-25T09:38:13.809600Z DEBUG node{moniker=app-1}:node{moniker=app-1}: ✅ Received complete proposal: ProposedValue { height: Height(20), round: Some(0), valid_round: Nil, proposer: Address(815F9FA61D7C4F1E4A9E30D40DCA1115BB48F759), value: Value { value: 71295238535318172, extensions: b"B\x0c\0\xfb&\xa3\x07\x1b\x86\xd9oc9\xd8\xda\"\xba1\x85\x8b\xb9G>\xdfq\x88\xb6\x1e_\xec\xfb\xe3********************\xec&\xdf\x94B\xc5\xd4\xa0\xa0\xccSH\xc9`\x11[C\xda\x08\xc7\xae\xf6\xbeNL\xcc_\x13l\xa8\x92\xa6V\xe8\x1f\x17\x1b\xccU\xa6\xff\x83E\xe6\x92\xc0\xf8n[H\xe0\x1b\x99l\xad\xc0\x01b/\xb5\xe3c\xb4!\0\0\0\0\0\0\0\0\0\0\0\0\0\0\0\0\0\0\0\0\0\0\0\0\0\0\0\0\0\0\0\0\0\0\0\0\0\0\0\0\0\0\0\0\0\0\0\0\0\0\0\0\0\0\0\0\0\0\0\0\0\0\0\0\0\0\0\0\0\0\0\0\0\0\0\0\0\0\0\0\0\0\0\0\0\0\0\0\0\0\0\0\0\0\0\0\0\0\0\0\0\0\0\0\0\0\0\0\0\0\0\0\0\0\0\0\0\0\0\0\0\0\0\0\0\0\0\0\0\0\0\0\0\0\0\0\0\0\0\0\0\0\0\0\0\0\0\0\0\0\0\0\0\0\0\0\0\0\0\0\0\0\0\0\0\0\0\0\0\0\0\0\0\0\0\0\0\0\0\0\0\0\0\0\0\0\0\0\0\0\0\0\0\0\0\0\0\0\0\0\0\0\0\0\0\0\0\0\0\0\0\0\0\0\0\0\0\0\0\0\0\0\0\0\0\0\0\0\0\0\0\0\0\0\0\0\0\0\0\0\0\0\0\0\0\0\0\0\0\0\0\0\0\0\0\0\0\0\0\0\0\0\0\0\0\0\0\0\0\0\0\0\0\0\0\0\0\0\0\0\0\0\0\0\0\0\0\0\x14\0\0\0\0\0\0\0\x8f\xc9\xd2\x01\0\0\0\0\0\0\0\0\0\0\0\0\x17/\xach\0\0\0\0\x10\x02\0\0\xba\n \x04\0\0\0\0\0\0\0\0\0\0\0\0\0\0\0\0\0\0\0\0\0\0\0\0\0\0\0\0\xc5\xda\xc4\xbfs\x87 \xe1O\xef\x9e\x1b\x9b;1l\x1d}\x1dD\xf5\xea\xacJfl\xe0%\x02\xf3oe!\x02\0\0!\x02\0\0\0\0\0\0\0\0\0\0\0\0\0\0\0\0\0\0reth/v1.4.1/linux" }, validity: Valid }
2025-08-25T09:38:13.810113Z DEBUG node{moniker=app-1}:wal{height=20}: Wrote log entry type=Consensus(Vote) entry.size=116 
2025-08-25T09:38:13.810451Z  INFO node{moniker=app-1}:consensus{height=20 round=0}: Received proposal consensus.height=20 proposal.height=20 proposal.round=0 proposer=815F9FA61D7C4F1E4A9E30D40DCA1115BB48F759 Proposal(height: 20, round: 0, pol_round: -1, value: fd4aa447130a9c, from: 815F9FA61D7C4F1E4A9E30D40DCA1115BB48F759)
2025-08-25T09:38:13.811556Z DEBUG node{moniker=app-1}:wal{height=20}: Wrote log entry type=Consensus(Proposal) entry.size=666 
2025-08-25T09:38:13.811858Z DEBUG node{moniker=app-1}:consensus{height=20 round=0}: No full proposal for this round yet, stored proposal for later proposal.height=20 proposal.round=0
2025-08-25T09:38:13.811880Z DEBUG node{moniker=app-1}:consensus{height=20 round=0}: We have a full proposal for this round, checking... proposal.height=20 proposal.round=0
2025-08-25T09:38:13.811893Z DEBUG node{moniker=app-1}:consensus{height=20 round=0}: Transitioned to new step step.previous=Propose step.new=Prevote
2025-08-25T09:38:13.815219Z  INFO node{moniker=app-1}:consensus{height=20 round=0}: Received vote height=20 vote_height=20 address=02CB1B49DA09615BD4A12212C39378556D990DFD Precommit(height: 20, round: 0, value: fd4aa447130a9c, from: 02CB1B49DA09615BD4A12212C39378556D990DFD)
2025-08-25T09:38:13.815876Z DEBUG node{moniker=app-1}:wal{height=20}: Wrote log entry type=Consensus(Vote) entry.size=118 
2025-08-25T09:38:13.816592Z  INFO node{moniker=app-1}:consensus{height=20 round=0}: Received vote height=20 vote_height=20 address=02CB1B49DA09615BD4A12212C39378556D990DFD Prevote(height: 20, round: 0, value: fd4aa447130a9c, from: 02CB1B49DA09615BD4A12212C39378556D990DFD)
2025-08-25T09:38:13.816805Z DEBUG node{moniker=app-1}:wal{height=20}: Wrote log entry type=Consensus(Vote) entry.size=116 
2025-08-25T09:38:13.816858Z DEBUG node{moniker=app-1}:consensus{height=20 round=0}: Transitioned to new step step.previous=Prevote step.new=Precommit
2025-08-25T09:38:13.823859Z  INFO node{moniker=app-1}:consensus{height=20 round=0}: Received vote height=20 vote_height=20 address=815F9FA61D7C4F1E4A9E30D40DCA1115BB48F759 Precommit(height: 20, round: 0, value: fd4aa447130a9c, from: 815F9FA61D7C4F1E4A9E30D40DCA1115BB48F759)
2025-08-25T09:38:13.824115Z DEBUG node{moniker=app-1}:wal{height=20}: Wrote log entry type=Consensus(Vote) entry.size=118 
2025-08-25T09:38:13.824193Z DEBUG node{moniker=app-1}:consensus{height=20 round=0}: Transitioned to new step step.previous=Precommit step.new=Commit
2025-08-25T09:38:13.824202Z  INFO node{moniker=app-1}:consensus{height=20 round=0}: Decided round=0 height=20 value=fd4aa447130a9c
2025-08-25T09:38:13.827589Z DEBUG node{moniker=app-1}:wal{height=20}: Flushed WAL to disk wal.entries=5 wal.size=1211
2025-08-25T09:38:13.827680Z DEBUG node{moniker=app-1}:sync{height.tip=19 height.sync=20}: Updating request state height.tip=20
2025-08-25T09:38:13.827710Z DEBUG node{moniker=app-1}:node{moniker=app-1}: metis-test:consensus-chan recv!!! msg:Decided { certificate: CommitCertificate { height: Height(20), round: Some(0), value_id: ValueId(71295238535318172), commit_signatures: [CommitSignature { address: Address(02CB1B49DA09615BD4A12212C39378556D990DFD), signature: Signature(Signature { R_bytes: "0a3cf9886c2acb11642796a8e9e80d0c556f82c2476242a94ef2652fcbc347ba", s_bytes: "0b0bd03f6ad98066872ce644a6b08c61e4acd0c2178af61988a9aeb67e20d50e" }) }, CommitSignature { address: Address(815F9FA61D7C4F1E4A9E30D40DCA1115BB48F759), signature: Signature(Signature { R_bytes: "ae95a4ff4cec07a97cf66294003fbe15282516ec8c371f391850ab43cf22a272", s_bytes: "a31427538bb8a51a817af0280b9c6b6e2ba32ebeaef4656344412ba07d953801" }) }] }, extensions: VoteExtensions { extensions: [] }, reply: Sender { inner: Some(Inner { state: State { is_complete: false, is_closed: false, is_rx_task_set: true, is_tx_task_set: false } }) } }
2025-08-25T09:38:13.827731Z  INFO node{moniker=app-1}:node{moniker=app-1}: 🟢🟢 Consensus has decided on value height=20 round=0 value=fd4aa447130a9c
2025-08-25T09:38:13.827790Z DEBUG node{moniker=app-1}:node{moniker=app-1}: 🎁 block size: 545, height: 20
2025-08-25T09:38:13.827801Z  INFO node{moniker=app-1}:node{moniker=app-1}: 👉 stats at height 20: #txs=0, txs/s=0.00, chain_bytes=10900, bytes/s=1601.76
2025-08-25T09:38:13.827805Z DEBUG node{moniker=app-1}:node{moniker=app-1}: 🦄 Block at height 20 contains 0 transactions
2025-08-25T09:38:13.831519Z DEBUG node{moniker=app-1}:node{moniker=app-1}: 💡 New block added at height 20 with hash: 0xc5dac4bf738720e14fef9e1b9b3b316c1d7d1d44f5eaac4a666ce02502f36f65
2025-08-25T09:38:13.831530Z DEBUG node{moniker=app-1}:node{moniker=app-1}: 🟠 set_latest_forkchoice_state: 0xc5dac4bf738720e14fef9e1b9b3b316c1d7d1d44f5eaac4a666ce02502f36f65
2025-08-25T09:38:13.832138Z DEBUG node{moniker=app-1}:node{moniker=app-1}: ➡️ payload_status: PayloadStatus { status: Valid, latest_valid_hash: Some(0xc5dac4bf738720e14fef9e1b9b3b316c1d7d1d44f5eaac4a666ce02502f36f65) }
2025-08-25T09:38:13.832143Z DEBUG node{moniker=app-1}:node{moniker=app-1}: 🚀 Forkchoice updated to height 20 for block hash=0xc5dac4bf738720e14fef9e1b9b3b316c1d7d1d44f5eaac4a666ce02502f36f65 and latest_valid_hash=0xc5dac4bf738720e14fef9e1b9b3b316c1d7d1d44f5eaac4a666ce02502f36f65
2025-08-25T09:38:13.832146Z  INFO node{moniker=app-1}:node{moniker=app-1}: Looking for certificate height=20 round=0
2025-08-25T09:38:13.840663Z  INFO node{moniker=app-1}:node{moniker=app-1}: Committed block_data[0..32]: 420c00fb26a3071b86d96f6339d8da22ba31858bb9473edf7188b61e5fecfbe3
2025-08-25T09:38:13.862269Z DEBUG node{moniker=app-1}:wal{height=21}: Reset WAL height=21
2025-08-25T09:38:13.862707Z DEBUG node{moniker=app-1}:consensus{height=21 round=0}: No WAL entries to replay height=21
2025-08-25T09:38:13.862752Z  INFO node{moniker=app-1}:consensus{height=21 round=0}: Starting new height height=21
2025-08-25T09:38:13.862758Z  INFO node{moniker=app-1}:consensus{height=21 round=0}: Starting new round height=21 round=0 proposer=815F9FA61D7C4F1E4A9E30D40DCA1115BB48F759 role=Validator
2025-08-25T09:38:13.862788Z DEBUG node{moniker=app-1}:sync{height.tip=19 height.sync=20}: Starting new height height.tip=20 height.sync=21 restart=false
2025-08-25T09:38:13.862794Z DEBUG node{moniker=app-1}:sync{height.tip=19 height.sync=20}: No peer to request sync from height.sync=21
2025-08-25T09:38:13.871523Z DEBUG node{moniker=app-1}:wal{height=21}: Flushed WAL to disk wal.entries=0 wal.size=12
2025-08-25T09:38:13.871622Z DEBUG node{moniker=app-1}:node{moniker=app-1}: metis-test:consensus-chan recv!!! msg:StartedRound { height: Height(21), round: Some(0), proposer: Address(815F9FA61D7C4F1E4A9E30D40DCA1115BB48F759), role: Validator, reply_value: Sender { inner: Some(Inner { state: State { is_complete: false, is_closed: false, is_rx_task_set: false, is_tx_task_set: false } }) } }
2025-08-25T09:38:13.871647Z  INFO node{moniker=app-1}:node{moniker=app-1}: 🟢🟢 Started round height=21 round=0 proposer=815F9FA61D7C4F1E4A9E30D40DCA1115BB48F759 role=Validator
2025-08-25T09:38:13.871661Z ERROR node{moniker=app-1}:consensus{height=21 round=0}: Error when processing effect: Messaging(RecvErr)
2025-08-25T09:38:13.871681Z DEBUG node{moniker=app-1}:consensus{height=21 round=0}: Transitioned to new step step.previous=Unstarted step.new=Propose
2025-08-25T09:38:13.871687Z  INFO node{moniker=app-1}:consensus{height=21 round=0}: Scheduling timeout round=0 step=Propose
2025-08-25T09:38:13.871696Z DEBUG node{moniker=app-1}:consensus{height=21 round=0}: Replaying inputs count=0
2025-08-25T09:38:13.880944Z DEBUG node{moniker=app-1}:node{moniker=app-1}: metis-test:consensus-chan recv!!! msg:ReceivedProposalPart { from: PeerId("12D3KooWD4wDmZaWggpGH9ACLhNztqnBvszLRcmBLzZdKwDiWmYh"), part: StreamMessage { stream_id: StreamId(b"\0\0\0\0\0\0\0\x15\0\0\0\0\0\0\0\x07"), sequence: 0, content: Data(Init(ProposalInit { height: Height(21), round: Some(0), proposer: Address(815F9FA61D7C4F1E4A9E30D40DCA1115BB48F759) })) }, reply: Sender { inner: Some(Inner { state: State { is_complete: false, is_closed: false, is_rx_task_set: true, is_tx_task_set: false } }) } }
2025-08-25T09:38:13.880985Z  INFO node{moniker=app-1}:node{moniker=app-1}: Received proposal part from=12D3KooWD4wDmZaWggpGH9ACLhNztqnBvszLRcmBLzZdKwDiWmYh part.sequence=0 part.type=init part.size=28
2025-08-25T09:38:13.882273Z DEBUG node{moniker=app-1}:node{moniker=app-1}: metis-test:consensus-chan recv!!! msg:ReceivedProposalPart { from: PeerId("12D3KooWD4wDmZaWggpGH9ACLhNztqnBvszLRcmBLzZdKwDiWmYh"), part: StreamMessage { stream_id: StreamId(b"\0\0\0\0\0\0\0\x15\0\0\0\0\0\0\0\x07"), sequence: 1, content: Data(Data(ProposalData { bytes: "<...>", len: 545 })) }, reply: Sender { inner: Some(Inner { state: State { is_complete: false, is_closed: false, is_rx_task_set: true, is_tx_task_set: false } }) } }
2025-08-25T09:38:13.882306Z  INFO node{moniker=app-1}:node{moniker=app-1}: Received proposal part from=12D3KooWD4wDmZaWggpGH9ACLhNztqnBvszLRcmBLzZdKwDiWmYh part.sequence=1 part.type=data part.size=551
2025-08-25T09:38:13.882344Z DEBUG node{moniker=app-1}:node{moniker=app-1}: metis-test:consensus-chan recv!!! msg:ReceivedProposalPart { from: PeerId("12D3KooWD4wDmZaWggpGH9ACLhNztqnBvszLRcmBLzZdKwDiWmYh"), part: StreamMessage { stream_id: StreamId(b"\0\0\0\0\0\0\0\x15\0\0\0\0\0\0\0\x07"), sequence: 2, content: Data(Fin(ProposalFin { signature: Signature(Signature { R_bytes: "e6cc0347d4c48def1159b79317899cd3d96c444f188a08d96aba3e878182a924", s_bytes: "f77eb3e4e17aa023ee828b67da7563a572c09323e373e7c7619e1f5c8c15520e" }) })) }, reply: Sender { inner: Some(Inner { state: State { is_complete: false, is_closed: false, is_rx_task_set: true, is_tx_task_set: false } }) } }
2025-08-25T09:38:13.882420Z  INFO node{moniker=app-1}:node{moniker=app-1}: Received proposal part from=12D3KooWD4wDmZaWggpGH9ACLhNztqnBvszLRcmBLzZdKwDiWmYh part.sequence=2 part.type=fin part.size=70
2025-08-25T09:38:13.882477Z DEBUG node{moniker=app-1}:node{moniker=app-1}: metis-test:consensus-chan recv!!! msg:ReceivedProposalPart { from: PeerId("12D3KooWD4wDmZaWggpGH9ACLhNztqnBvszLRcmBLzZdKwDiWmYh"), part: StreamMessage { stream_id: StreamId(b"\0\0\0\0\0\0\0\x15\0\0\0\0\0\0\0\x07"), sequence: 3, content: Fin }, reply: Sender { inner: Some(Inner { state: State { is_complete: false, is_closed: false, is_rx_task_set: true, is_tx_task_set: false } }) } }
2025-08-25T09:38:13.882500Z  INFO node{moniker=app-1}:node{moniker=app-1}: Received proposal part from=12D3KooWD4wDmZaWggpGH9ACLhNztqnBvszLRcmBLzZdKwDiWmYh part.sequence=3 part.type=end of stream part.size=0
2025-08-25T09:38:13.882696Z  INFO node{moniker=app-1}:node{moniker=app-1}: Proposal data[0..32]: c5dac4bf738720e14fef9e1b9b3b316c1d7d1d44f5eaac4a666ce02502f36f65, total_size: 545 bytes, id: 1ea1d29d5e2d56d5
2025-08-25T09:38:13.884773Z  INFO node{moniker=app-1}:consensus{height=21 round=0}: Received vote height=21 vote_height=21 address=815F9FA61D7C4F1E4A9E30D40DCA1115BB48F759 Prevote(height: 21, round: 0, value: 1ea1d29d5e2d56d5, from: 815F9FA61D7C4F1E4A9E30D40DCA1115BB48F759)
2025-08-25T09:38:13.887565Z DEBUG node{moniker=app-1}:wal{height=21}: Wrote log entry type=Consensus(Vote) entry.size=117 
2025-08-25T09:38:13.889142Z  INFO node{moniker=app-1}:consensus{height=21 round=0}: Received proposal consensus.height=21 proposal.height=21 proposal.round=0 proposer=815F9FA61D7C4F1E4A9E30D40DCA1115BB48F759 Proposal(height: 21, round: 0, pol_round: -1, value: 1ea1d29d5e2d56d5, from: 815F9FA61D7C4F1E4A9E30D40DCA1115BB48F759)
2025-08-25T09:38:13.894732Z DEBUG node{moniker=app-1}:wal{height=21}: Wrote log entry type=Consensus(Proposal) entry.size=667 
2025-08-25T09:38:13.894792Z DEBUG node{moniker=app-1}:consensus{height=21 round=0}: No full proposal for this round yet, stored proposal for later proposal.height=21 proposal.round=0
2025-08-25T09:38:13.899177Z DEBUG node{moniker=app-1}:node{moniker=app-1}: ✅ Received complete proposal: ProposedValue { height: Height(21), round: Some(0), valid_round: Nil, proposer: Address(815F9FA61D7C4F1E4A9E30D40DCA1115BB48F759), value: Value { value: 2207276865719981781, extensions: b"\xc5\xda\xc4\xbfs\x87 \xe1O\xef\x9e\x1b\x9b;1l\x1d}\x1dD\xf5\xea\xacJfl\xe0%\x02\xf3oe********************\xec&\xdf\x94B\xc5\xd4\xa0\xa0\xccSH\xc9`\x11[C\xda\x08\xc7\xae\xf6\xbeNL\xcc_\x13l\xa8\x92\xa6V\xe8\x1f\x17\x1b\xccU\xa6\xff\x83E\xe6\x92\xc0\xf8n[H\xe0\x1b\x99l\xad\xc0\x01b/\xb5\xe3c\xb4!\0\0\0\0\0\0\0\0\0\0\0\0\0\0\0\0\0\0\0\0\0\0\0\0\0\0\0\0\0\0\0\0\0\0\0\0\0\0\0\0\0\0\0\0\0\0\0\0\0\0\0\0\0\0\0\0\0\0\0\0\0\0\0\0\0\0\0\0\0\0\0\0\0\0\0\0\0\0\0\0\0\0\0\0\0\0\0\0\0\0\0\0\0\0\0\0\0\0\0\0\0\0\0\0\0\0\0\0\0\0\0\0\0\0\0\0\0\0\0\0\0\0\0\0\0\0\0\0\0\0\0\0\0\0\0\0\0\0\0\0\0\0\0\0\0\0\0\0\0\0\0\0\0\0\0\0\0\0\0\0\0\0\0\0\0\0\0\0\0\0\0\0\0\0\0\0\0\0\0\0\0\0\0\0\0\0\0\0\0\0\0\0\0\0\0\0\0\0\0\0\0\0\0\0\0\0\0\0\0\0\0\0\0\0\0\0\0\0\0\0\0\0\0\0\0\0\0\0\0\0\0\0\0\0\0\0\0\0\0\0\0\0\0\0\0\0\0\0\0\0\0\0\0\0\0\0\0\0\0\0\0\0\0\0\0\0\0\0\0\0\0\0\0\0\0\0\0\0\0\0\0\0\0\0\0\0\0\0\x15\0\0\0\0\0\0\0@>\xd3\x01\0\0\0\0\0\0\0\0\0\0\0\0\x18/\xach\0\0\0\0\x10\x02\0\0c\t\x9c\x03\0\0\0\0\0\0\0\0\0\0\0\0\0\0\0\0\0\0\0\0\0\0\0\0\0\0\0\0\xa8\x19;\x92t\xef\xf6[(#\xeb\xc0z\xb1$U\x80T\xfd\xf1|'s\xee\xae \xae\xba\x0fX\xf2\x84!\x02\0\0!\x02\0\0\0\0\0\0\0\0\0\0\0\0\0\0\0\0\0\0reth/v1.4.1/linux" }, validity: Valid }
2025-08-25T09:38:13.899271Z DEBUG node{moniker=app-1}:consensus{height=21 round=0}: We have a full proposal for this round, checking... proposal.height=21 proposal.round=0
2025-08-25T09:38:13.899296Z DEBUG node{moniker=app-1}:consensus{height=21 round=0}: Transitioned to new step step.previous=Propose step.new=Prevote
2025-08-25T09:38:13.899313Z  INFO node{moniker=app-1}:consensus{height=21 round=0}: Voting vote_type=Prevote value=1ea1d29d5e2d56d5 round=0
2025-08-25T09:38:13.899544Z  INFO node{moniker=app-1}:consensus{height=21 round=0}: Received vote height=21 vote_height=21 address=DE7BA2BE72D2225286133990FF5810B691A5261C Prevote(height: 21, round: 0, value: 1ea1d29d5e2d56d5, from: DE7BA2BE72D2225286133990FF5810B691A5261C)
2025-08-25T09:38:13.899627Z DEBUG node{moniker=app-1}:wal{height=21}: Wrote log entry type=Consensus(Vote) entry.size=117 
2025-08-25T09:38:13.899663Z DEBUG node{moniker=app-1}:consensus{height=21 round=0}: Transitioned to new step step.previous=Prevote step.new=Precommit
2025-08-25T09:38:13.899671Z  INFO node{moniker=app-1}:consensus{height=21 round=0}: Voting vote_type=Precommit value=1ea1d29d5e2d56d5 round=0
2025-08-25T09:38:13.899686Z DEBUG node{moniker=app-1}:node{moniker=app-1}: metis-test:consensus-chan recv!!! msg:ExtendVote { height: Height(21), round: Some(0), value_id: ValueId(2207276865719981781), reply: Sender { inner: Some(Inner { state: State { is_complete: false, is_closed: false, is_rx_task_set: true, is_tx_task_set: false } }) } }
2025-08-25T09:38:13.899848Z  INFO node{moniker=app-1}:consensus{height=21 round=0}: Received vote height=21 vote_height=21 address=DE7BA2BE72D2225286133990FF5810B691A5261C Precommit(height: 21, round: 0, value: 1ea1d29d5e2d56d5, from: DE7BA2BE72D2225286133990FF5810B691A5261C)
2025-08-25T09:38:13.899902Z DEBUG node{moniker=app-1}:wal{height=21}: Wrote log entry type=Consensus(Vote) entry.size=119 
2025-08-25T09:38:13.903462Z DEBUG node{moniker=app-1}:wal{height=21}: Flushed WAL to disk wal.entries=4 wal.size=1084
2025-08-25T09:38:13.903736Z DEBUG node{moniker=app-1}:network: Published message channel=/consensus size=110
2025-08-25T09:38:13.906268Z DEBUG node{moniker=app-1}:wal{height=21}: Flushed WAL to disk wal.entries=4 wal.size=1084
2025-08-25T09:38:13.906725Z DEBUG node{moniker=app-1}:network: Published message channel=/consensus size=108
2025-08-25T09:38:13.916796Z  INFO node{moniker=app-1}:consensus{height=21 round=0}: Received vote height=21 vote_height=21 address=815F9FA61D7C4F1E4A9E30D40DCA1115BB48F759 Precommit(height: 21, round: 0, value: 1ea1d29d5e2d56d5, from: 815F9FA61D7C4F1E4A9E30D40DCA1115BB48F759)
2025-08-25T09:38:13.918669Z DEBUG node{moniker=app-1}:wal{height=21}: Wrote log entry type=Consensus(Vote) entry.size=119 
2025-08-25T09:38:13.918769Z DEBUG node{moniker=app-1}:consensus{height=21 round=0}: Transitioned to new step step.previous=Precommit step.new=Commit
2025-08-25T09:38:13.918778Z  INFO node{moniker=app-1}:consensus{height=21 round=0}: Decided round=0 height=21 value=1ea1d29d5e2d56d5
2025-08-25T09:38:13.925241Z DEBUG node{moniker=app-1}:wal{height=21}: Flushed WAL to disk wal.entries=5 wal.size=1216
2025-08-25T09:38:13.925329Z DEBUG node{moniker=app-1}:sync{height.tip=20 height.sync=21}: Updating request state height.tip=21
2025-08-25T09:38:13.925342Z DEBUG node{moniker=app-1}:node{moniker=app-1}: metis-test:consensus-chan recv!!! msg:Decided { certificate: CommitCertificate { height: Height(21), round: Some(0), value_id: ValueId(2207276865719981781), commit_signatures: [CommitSignature { address: Address(815F9FA61D7C4F1E4A9E30D40DCA1115BB48F759), signature: Signature(Signature { R_bytes: "f928c998aebc644d3c6885519fccd4ebb2aa00b2fd4ccdc09c0821cb92e69ec9", s_bytes: "705eae10d6d66b0fc5578a09068419b1c277d146a15ef528619038e713310104" }) }, CommitSignature { address: Address(DE7BA2BE72D2225286133990FF5810B691A5261C), signature: Signature(Signature { R_bytes: "74d76885e00a4593c40796ef6a0c9f5ea92039093971ef7767c11783fe64fb16", s_bytes: "3cf7573ad6561f407d77f074d90963e26b03d0078cf36eaafba8ea52db77f201" }) }] }, extensions: VoteExtensions { extensions: [] }, reply: Sender { inner: Some(Inner { state: State { is_complete: false, is_closed: false, is_rx_task_set: true, is_tx_task_set: false } }) } }
2025-08-25T09:38:13.925364Z  INFO node{moniker=app-1}:node{moniker=app-1}: 🟢🟢 Consensus has decided on value height=21 round=0 value=1ea1d29d5e2d56d5
2025-08-25T09:38:13.925427Z DEBUG node{moniker=app-1}:node{moniker=app-1}: 🎁 block size: 545, height: 21
2025-08-25T09:38:13.925439Z  INFO node{moniker=app-1}:node{moniker=app-1}: 👉 stats at height 21: #txs=0, txs/s=0.00, chain_bytes=11445, bytes/s=1658.06
2025-08-25T09:38:13.925444Z DEBUG node{moniker=app-1}:node{moniker=app-1}: 🦄 Block at height 21 contains 0 transactions
2025-08-25T09:38:13.926361Z DEBUG node{moniker=app-1}:node{moniker=app-1}: 💡 New block added at height 21 with hash: 0xa8193b9274eff65b2823ebc07ab124558054fdf17c2773eeae20aeba0f58f284
2025-08-25T09:38:13.926368Z DEBUG node{moniker=app-1}:node{moniker=app-1}: 🟠 set_latest_forkchoice_state: 0xa8193b9274eff65b2823ebc07ab124558054fdf17c2773eeae20aeba0f58f284
2025-08-25T09:38:13.926920Z DEBUG node{moniker=app-1}:node{moniker=app-1}: ➡️ payload_status: PayloadStatus { status: Valid, latest_valid_hash: Some(0xa8193b9274eff65b2823ebc07ab124558054fdf17c2773eeae20aeba0f58f284) }
2025-08-25T09:38:13.926926Z DEBUG node{moniker=app-1}:node{moniker=app-1}: 🚀 Forkchoice updated to height 21 for block hash=0xa8193b9274eff65b2823ebc07ab124558054fdf17c2773eeae20aeba0f58f284 and latest_valid_hash=0xa8193b9274eff65b2823ebc07ab124558054fdf17c2773eeae20aeba0f58f284
2025-08-25T09:38:13.926929Z  INFO node{moniker=app-1}:node{moniker=app-1}: Looking for certificate height=21 round=0
2025-08-25T09:38:13.931230Z  INFO node{moniker=app-1}:node{moniker=app-1}: Committed block_data[0..32]: c5dac4bf738720e14fef9e1b9b3b316c1d7d1d44f5eaac4a666ce02502f36f65
2025-08-25T09:38:13.946828Z DEBUG node{moniker=app-1}:wal{height=22}: Reset WAL height=22
2025-08-25T09:38:13.947616Z DEBUG node{moniker=app-1}:consensus{height=22 round=0}: No WAL entries to replay height=22
2025-08-25T09:38:13.948562Z  INFO node{moniker=app-1}:consensus{height=22 round=0}: Starting new height height=22
2025-08-25T09:38:13.948571Z  INFO node{moniker=app-1}:consensus{height=22 round=0}: Starting new round height=22 round=0 proposer=02CB1B49DA09615BD4A12212C39378556D990DFD role=Validator
2025-08-25T09:38:13.948736Z DEBUG node{moniker=app-1}:sync{height.tip=20 height.sync=21}: Starting new height height.tip=21 height.sync=22 restart=false
2025-08-25T09:38:13.948754Z DEBUG node{moniker=app-1}:sync{height.tip=20 height.sync=21}: No peer to request sync from height.sync=22
2025-08-25T09:38:13.956742Z DEBUG node{moniker=app-1}:wal{height=22}: Flushed WAL to disk wal.entries=0 wal.size=12
2025-08-25T09:38:13.956853Z DEBUG node{moniker=app-1}:node{moniker=app-1}: metis-test:consensus-chan recv!!! msg:StartedRound { height: Height(22), round: Some(0), proposer: Address(02CB1B49DA09615BD4A12212C39378556D990DFD), role: Validator, reply_value: Sender { inner: Some(Inner { state: State { is_complete: false, is_closed: false, is_rx_task_set: false, is_tx_task_set: false } }) } }
2025-08-25T09:38:13.956871Z  INFO node{moniker=app-1}:node{moniker=app-1}: 🟢🟢 Started round height=22 round=0 proposer=02CB1B49DA09615BD4A12212C39378556D990DFD role=Validator
2025-08-25T09:38:13.956886Z ERROR node{moniker=app-1}:consensus{height=22 round=0}: Error when processing effect: Messaging(RecvErr)
2025-08-25T09:38:13.956907Z DEBUG node{moniker=app-1}:consensus{height=22 round=0}: Transitioned to new step step.previous=Unstarted step.new=Propose
2025-08-25T09:38:13.956912Z  INFO node{moniker=app-1}:consensus{height=22 round=0}: Scheduling timeout round=0 step=Propose
2025-08-25T09:38:13.956920Z DEBUG node{moniker=app-1}:consensus{height=22 round=0}: Replaying inputs count=0
2025-08-25T09:38:13.968182Z DEBUG node{moniker=app-1}:node{moniker=app-1}: metis-test:consensus-chan recv!!! msg:ReceivedProposalPart { from: PeerId("12D3KooWR2Quwt2G6MyT6WQkUdfS8nHZu7XcPotkmbhuEoqc94oJ"), part: StreamMessage { stream_id: StreamId(b"\0\0\0\0\0\0\0\x16\0\0\0\0\0\0\0\x07"), sequence: 0, content: Data(Init(ProposalInit { height: Height(22), round: Some(0), proposer: Address(02CB1B49DA09615BD4A12212C39378556D990DFD) })) }, reply: Sender { inner: Some(Inner { state: State { is_complete: false, is_closed: false, is_rx_task_set: true, is_tx_task_set: false } }) } }
2025-08-25T09:38:13.968239Z  INFO node{moniker=app-1}:node{moniker=app-1}: Received proposal part from=12D3KooWR2Quwt2G6MyT6WQkUdfS8nHZu7XcPotkmbhuEoqc94oJ part.sequence=0 part.type=init part.size=28
2025-08-25T09:38:13.969320Z DEBUG node{moniker=app-1}:node{moniker=app-1}: metis-test:consensus-chan recv!!! msg:ReceivedProposalPart { from: PeerId("12D3KooWR2Quwt2G6MyT6WQkUdfS8nHZu7XcPotkmbhuEoqc94oJ"), part: StreamMessage { stream_id: StreamId(b"\0\0\0\0\0\0\0\x16\0\0\0\0\0\0\0\x07"), sequence: 1, content: Data(Data(ProposalData { bytes: "<...>", len: 545 })) }, reply: Sender { inner: Some(Inner { state: State { is_complete: false, is_closed: false, is_rx_task_set: true, is_tx_task_set: false } }) } }
2025-08-25T09:38:13.969356Z  INFO node{moniker=app-1}:node{moniker=app-1}: Received proposal part from=12D3KooWR2Quwt2G6MyT6WQkUdfS8nHZu7XcPotkmbhuEoqc94oJ part.sequence=1 part.type=data part.size=551
2025-08-25T09:38:13.970898Z DEBUG node{moniker=app-1}:node{moniker=app-1}: metis-test:consensus-chan recv!!! msg:ReceivedProposalPart { from: PeerId("12D3KooWR2Quwt2G6MyT6WQkUdfS8nHZu7XcPotkmbhuEoqc94oJ"), part: StreamMessage { stream_id: StreamId(b"\0\0\0\0\0\0\0\x16\0\0\0\0\0\0\0\x07"), sequence: 2, content: Data(Fin(ProposalFin { signature: Signature(Signature { R_bytes: "4c62f3489d224a22d473a5d538f9428fd85e06ddf55a3c703e12b9a90a7ba48b", s_bytes: "12440c2d943538e0d2648916adce43119220995f35accc2d56827c15a36ddf04" }) })) }, reply: Sender { inner: Some(Inner { state: State { is_complete: false, is_closed: false, is_rx_task_set: true, is_tx_task_set: false } }) } }
2025-08-25T09:38:13.970941Z  INFO node{moniker=app-1}:node{moniker=app-1}: Received proposal part from=12D3KooWR2Quwt2G6MyT6WQkUdfS8nHZu7XcPotkmbhuEoqc94oJ part.sequence=2 part.type=fin part.size=70
2025-08-25T09:38:13.970976Z DEBUG node{moniker=app-1}:node{moniker=app-1}: metis-test:consensus-chan recv!!! msg:ReceivedProposalPart { from: PeerId("12D3KooWR2Quwt2G6MyT6WQkUdfS8nHZu7XcPotkmbhuEoqc94oJ"), part: StreamMessage { stream_id: StreamId(b"\0\0\0\0\0\0\0\x16\0\0\0\0\0\0\0\x07"), sequence: 3, content: Fin }, reply: Sender { inner: Some(Inner { state: State { is_complete: false, is_closed: false, is_rx_task_set: true, is_tx_task_set: false } }) } }
2025-08-25T09:38:13.970995Z  INFO node{moniker=app-1}:node{moniker=app-1}: Received proposal part from=12D3KooWR2Quwt2G6MyT6WQkUdfS8nHZu7XcPotkmbhuEoqc94oJ part.sequence=3 part.type=end of stream part.size=0
2025-08-25T09:38:13.971323Z  INFO node{moniker=app-1}:node{moniker=app-1}: Proposal data[0..32]: a8193b9274eff65b2823ebc07ab124558054fdf17c2773eeae20aeba0f58f284, total_size: 545 bytes, id: 5b4c8f4c9bdc727c
2025-08-25T09:38:13.974181Z  INFO node{moniker=app-1}:consensus{height=22 round=0}: Received vote height=22 vote_height=22 address=02CB1B49DA09615BD4A12212C39378556D990DFD Prevote(height: 22, round: 0, value: 5b4c8f4c9bdc727c, from: 02CB1B49DA09615BD4A12212C39378556D990DFD)
2025-08-25T09:38:13.975430Z DEBUG node{moniker=app-1}:wal{height=22}: Wrote log entry type=Consensus(Vote) entry.size=117 
2025-08-25T09:38:13.978415Z  INFO node{moniker=app-1}:consensus{height=22 round=0}: Received proposal consensus.height=22 proposal.height=22 proposal.round=0 proposer=02CB1B49DA09615BD4A12212C39378556D990DFD Proposal(height: 22, round: 0, pol_round: -1, value: 5b4c8f4c9bdc727c, from: 02CB1B49DA09615BD4A12212C39378556D990DFD)
2025-08-25T09:38:13.979083Z DEBUG node{moniker=app-1}:node{moniker=app-1}: ✅ Received complete proposal: ProposedValue { height: Height(22), round: Some(0), valid_round: Nil, proposer: Address(02CB1B49DA09615BD4A12212C39378556D990DFD), value: Value { value: 6578790714876654204, extensions: b"\xa8\x19;\x92t\xef\xf6[(#\xeb\xc0z\xb1$U\x80T\xfd\xf1|'s\xee\xae \xae\xba\x0fX\xf2\x84********************\xec&\xdf\x94B\xc5\xd4\xa0\xa0\xccSH\xc9`\x11[C\xda\x08\xc7\xae\xf6\xbeNL\xcc_\x13l\xa8\x92\xa6V\xe8\x1f\x17\x1b\xccU\xa6\xff\x83E\xe6\x92\xc0\xf8n[H\xe0\x1b\x99l\xad\xc0\x01b/\xb5\xe3c\xb4!\0\0\0\0\0\0\0\0\0\0\0\0\0\0\0\0\0\0\0\0\0\0\0\0\0\0\0\0\0\0\0\0\0\0\0\0\0\0\0\0\0\0\0\0\0\0\0\0\0\0\0\0\0\0\0\0\0\0\0\0\0\0\0\0\0\0\0\0\0\0\0\0\0\0\0\0\0\0\0\0\0\0\0\0\0\0\0\0\0\0\0\0\0\0\0\0\0\0\0\0\0\0\0\0\0\0\0\0\0\0\0\0\0\0\0\0\0\0\0\0\0\0\0\0\0\0\0\0\0\0\0\0\0\0\0\0\0\0\0\0\0\0\0\0\0\0\0\0\0\0\0\0\0\0\0\0\0\0\0\0\0\0\0\0\0\0\0\0\0\0\0\0\0\0\0\0\0\0\0\0\0\0\0\0\0\0\0\0\0\0\0\0\0\0\0\0\0\0\0\0\0\0\0\0\0\0\0\0\0\0\0\0\0\0\0\0\0\0\0\0\0\0\0\0\0\0\0\0\0\0\0\0\0\0\0\0\0\0\0\0\0\0\0\0\0\0\0\0\0\0\0\0\0\0\0\0\0\0\0\0\0\0\0\0\0\0\0\0\0\0\0\0\0\0\0\0\0\0\0\0\0\0\0\0\0\0\0\0\x16\0\0\0\0\0\0\0\x0e\xb3\xd3\x01\0\0\0\0\0\0\0\0\0\0\0\0\x19/\xach\0\0\0\0\x10\x02\0\07\x88(\x03\0\0\0\0\0\0\0\0\0\0\0\0\0\0\0\0\0\0\0\0\0\0\0\0\0\0\0\0\x91m\x10\xc0#\xca\n\xf3\xc6\x16\x14\x0b>\xb3\xa2Z\x0bh\xdf\xb8Z\x1b9\xf9\x8b]\x01H\xdf\xae\x1e\x04!\x02\0\0!\x02\0\0\0\0\0\0\0\0\0\0\0\0\0\0\0\0\0\0reth/v1.4.1/linux" }, validity: Valid }
2025-08-25T09:38:13.979637Z DEBUG node{moniker=app-1}:wal{height=22}: Wrote log entry type=Consensus(Proposal) entry.size=667 
2025-08-25T09:38:13.979693Z DEBUG node{moniker=app-1}:consensus{height=22 round=0}: No full proposal for this round yet, stored proposal for later proposal.height=22 proposal.round=0
2025-08-25T09:38:13.979738Z DEBUG node{moniker=app-1}:consensus{height=22 round=0}: We have a full proposal for this round, checking... proposal.height=22 proposal.round=0
2025-08-25T09:38:13.979762Z DEBUG node{moniker=app-1}:consensus{height=22 round=0}: Transitioned to new step step.previous=Propose step.new=Prevote
2025-08-25T09:38:13.979778Z  INFO node{moniker=app-1}:consensus{height=22 round=0}: Voting vote_type=Prevote value=5b4c8f4c9bdc727c round=0
2025-08-25T09:38:13.980195Z  INFO node{moniker=app-1}:consensus{height=22 round=0}: Received vote height=22 vote_height=22 address=DE7BA2BE72D2225286133990FF5810B691A5261C Prevote(height: 22, round: 0, value: 5b4c8f4c9bdc727c, from: DE7BA2BE72D2225286133990FF5810B691A5261C)
2025-08-25T09:38:13.982326Z DEBUG node{moniker=app-1}:wal{height=22}: Wrote log entry type=Consensus(Vote) entry.size=117 
2025-08-25T09:38:13.982419Z DEBUG node{moniker=app-1}:consensus{height=22 round=0}: Transitioned to new step step.previous=Prevote step.new=Precommit
2025-08-25T09:38:13.982435Z  INFO node{moniker=app-1}:consensus{height=22 round=0}: Voting vote_type=Precommit value=5b4c8f4c9bdc727c round=0
2025-08-25T09:38:13.982465Z DEBUG node{moniker=app-1}:node{moniker=app-1}: metis-test:consensus-chan recv!!! msg:ExtendVote { height: Height(22), round: Some(0), value_id: ValueId(6578790714876654204), reply: Sender { inner: Some(Inner { state: State { is_complete: false, is_closed: false, is_rx_task_set: true, is_tx_task_set: false } }) } }
2025-08-25T09:38:13.982869Z  INFO node{moniker=app-1}:consensus{height=22 round=0}: Received vote height=22 vote_height=22 address=DE7BA2BE72D2225286133990FF5810B691A5261C Precommit(height: 22, round: 0, value: 5b4c8f4c9bdc727c, from: DE7BA2BE72D2225286133990FF5810B691A5261C)
2025-08-25T09:38:13.983033Z DEBUG node{moniker=app-1}:wal{height=22}: Wrote log entry type=Consensus(Vote) entry.size=119 
2025-08-25T09:38:13.985145Z DEBUG node{moniker=app-1}:wal{height=22}: Flushed WAL to disk wal.entries=4 wal.size=1084
2025-08-25T09:38:13.985430Z DEBUG node{moniker=app-1}:network: Published message channel=/consensus size=110
2025-08-25T09:38:13.988272Z DEBUG node{moniker=app-1}:wal{height=22}: Flushed WAL to disk wal.entries=4 wal.size=1084
2025-08-25T09:38:13.988539Z DEBUG node{moniker=app-1}:network: Published message channel=/consensus size=108
2025-08-25T09:38:13.997170Z  INFO node{moniker=app-1}:consensus{height=22 round=0}: Received vote height=22 vote_height=22 address=02CB1B49DA09615BD4A12212C39378556D990DFD Precommit(height: 22, round: 0, value: 5b4c8f4c9bdc727c, from: 02CB1B49DA09615BD4A12212C39378556D990DFD)
2025-08-25T09:38:13.997283Z DEBUG node{moniker=app-1}:wal{height=22}: Wrote log entry type=Consensus(Vote) entry.size=119 
2025-08-25T09:38:13.997473Z DEBUG node{moniker=app-1}:consensus{height=22 round=0}: Transitioned to new step step.previous=Precommit step.new=Commit
2025-08-25T09:38:13.997484Z  INFO node{moniker=app-1}:consensus{height=22 round=0}: Decided round=0 height=22 value=5b4c8f4c9bdc727c
2025-08-25T09:38:14.008549Z DEBUG node{moniker=app-1}:wal{height=22}: Flushed WAL to disk wal.entries=5 wal.size=1216
2025-08-25T09:38:14.009059Z DEBUG node{moniker=app-1}:sync{height.tip=21 height.sync=22}: Updating request state height.tip=22
2025-08-25T09:38:14.009109Z DEBUG node{moniker=app-1}:node{moniker=app-1}: metis-test:consensus-chan recv!!! msg:Decided { certificate: CommitCertificate { height: Height(22), round: Some(0), value_id: ValueId(6578790714876654204), commit_signatures: [CommitSignature { address: Address(02CB1B49DA09615BD4A12212C39378556D990DFD), signature: Signature(Signature { R_bytes: "69134229da782bcf1420114a5fe74eac3d68f3c3345dfebcbe477db4a5755ff4", s_bytes: "de8b38c8c85c704e157156f41a40b36c85d4fcedf520eb2077f2e414758e6803" }) }, CommitSignature { address: Address(DE7BA2BE72D2225286133990FF5810B691A5261C), signature: Signature(Signature { R_bytes: "531586b620c4c77c66854e0a03b4639767d48f9b72d7f7f385acdef163b7ac68", s_bytes: "5bd2132ca5a37fbcda53a717f51e6818755f1fefdc0ebf4262c7c7ec39d9e800" }) }] }, extensions: VoteExtensions { extensions: [] }, reply: Sender { inner: Some(Inner { state: State { is_complete: false, is_closed: false, is_rx_task_set: true, is_tx_task_set: false } }) } }
2025-08-25T09:38:14.009131Z  INFO node{moniker=app-1}:node{moniker=app-1}: 🟢🟢 Consensus has decided on value height=22 round=0 value=5b4c8f4c9bdc727c
2025-08-25T09:38:14.009196Z DEBUG node{moniker=app-1}:node{moniker=app-1}: 🎁 block size: 545, height: 22
2025-08-25T09:38:14.009207Z  INFO node{moniker=app-1}:node{moniker=app-1}: 👉 stats at height 22: #txs=0, txs/s=0.00, chain_bytes=11990, bytes/s=1716.19
2025-08-25T09:38:14.009211Z DEBUG node{moniker=app-1}:node{moniker=app-1}: 🦄 Block at height 22 contains 0 transactions
2025-08-25T09:38:14.010370Z DEBUG node{moniker=app-1}:node{moniker=app-1}: 💡 New block added at height 22 with hash: 0x916d10c023ca0af3c616140b3eb3a25a0b68dfb85a1b39f98b5d0148dfae1e04
2025-08-25T09:38:14.010377Z DEBUG node{moniker=app-1}:node{moniker=app-1}: 🟠 set_latest_forkchoice_state: 0x916d10c023ca0af3c616140b3eb3a25a0b68dfb85a1b39f98b5d0148dfae1e04
2025-08-25T09:38:14.011079Z DEBUG node{moniker=app-1}:node{moniker=app-1}: ➡️ payload_status: PayloadStatus { status: Valid, latest_valid_hash: Some(0x916d10c023ca0af3c616140b3eb3a25a0b68dfb85a1b39f98b5d0148dfae1e04) }
2025-08-25T09:38:14.011086Z DEBUG node{moniker=app-1}:node{moniker=app-1}: 🚀 Forkchoice updated to height 22 for block hash=0x916d10c023ca0af3c616140b3eb3a25a0b68dfb85a1b39f98b5d0148dfae1e04 and latest_valid_hash=0x916d10c023ca0af3c616140b3eb3a25a0b68dfb85a1b39f98b5d0148dfae1e04
2025-08-25T09:38:14.011089Z  INFO node{moniker=app-1}:node{moniker=app-1}: Looking for certificate height=22 round=0
2025-08-25T09:38:14.017367Z  INFO node{moniker=app-1}:node{moniker=app-1}: Committed block_data[0..32]: a8193b9274eff65b2823ebc07ab124558054fdf17c2773eeae20aeba0f58f284
2025-08-25T09:38:14.038507Z DEBUG node{moniker=app-1}:wal{height=23}: Reset WAL height=23
2025-08-25T09:38:14.038586Z DEBUG node{moniker=app-1}:consensus{height=23 round=0}: No WAL entries to replay height=23
2025-08-25T09:38:14.038619Z  INFO node{moniker=app-1}:consensus{height=23 round=0}: Starting new height height=23
2025-08-25T09:38:14.038625Z  INFO node{moniker=app-1}:consensus{height=23 round=0}: Starting new round height=23 round=0 proposer=02CB1B49DA09615BD4A12212C39378556D990DFD role=None
2025-08-25T09:38:14.038653Z DEBUG node{moniker=app-1}:sync{height.tip=21 height.sync=22}: Starting new height height.tip=22 height.sync=23 restart=false
2025-08-25T09:38:14.038658Z DEBUG node{moniker=app-1}:sync{height.tip=21 height.sync=22}: No peer to request sync from height.sync=23
2025-08-25T09:38:14.041830Z DEBUG node{moniker=app-1}:wal{height=23}: Flushed WAL to disk wal.entries=0 wal.size=12
2025-08-25T09:38:14.042079Z DEBUG node{moniker=app-1}:node{moniker=app-1}: metis-test:consensus-chan recv!!! msg:StartedRound { height: Height(23), round: Some(0), proposer: Address(02CB1B49DA09615BD4A12212C39378556D990DFD), role: None, reply_value: Sender { inner: Some(Inner { state: State { is_complete: false, is_closed: false, is_rx_task_set: false, is_tx_task_set: false } }) } }
2025-08-25T09:38:14.042094Z  INFO node{moniker=app-1}:node{moniker=app-1}: 🟢🟢 Started round height=23 round=0 proposer=02CB1B49DA09615BD4A12212C39378556D990DFD role=None
2025-08-25T09:38:14.042109Z ERROR node{moniker=app-1}:consensus{height=23 round=0}: Error when processing effect: Messaging(RecvErr)
2025-08-25T09:38:14.042129Z DEBUG node{moniker=app-1}:consensus{height=23 round=0}: Transitioned to new step step.previous=Unstarted step.new=Propose
2025-08-25T09:38:14.042135Z  INFO node{moniker=app-1}:consensus{height=23 round=0}: Scheduling timeout round=0 step=Propose
2025-08-25T09:38:14.042144Z DEBUG node{moniker=app-1}:consensus{height=23 round=0}: Replaying inputs count=0
2025-08-25T09:38:14.053141Z DEBUG node{moniker=app-1}:node{moniker=app-1}: metis-test:consensus-chan recv!!! msg:ReceivedProposalPart { from: PeerId("12D3KooWR2Quwt2G6MyT6WQkUdfS8nHZu7XcPotkmbhuEoqc94oJ"), part: StreamMessage { stream_id: StreamId(b"\0\0\0\0\0\0\0\x17\0\0\0\0\0\0\0\x08"), sequence: 0, content: Data(Init(ProposalInit { height: Height(23), round: Some(0), proposer: Address(02CB1B49DA09615BD4A12212C39378556D990DFD) })) }, reply: Sender { inner: Some(Inner { state: State { is_complete: false, is_closed: false, is_rx_task_set: true, is_tx_task_set: false } }) } }
2025-08-25T09:38:14.053176Z  INFO node{moniker=app-1}:node{moniker=app-1}: Received proposal part from=12D3KooWR2Quwt2G6MyT6WQkUdfS8nHZu7XcPotkmbhuEoqc94oJ part.sequence=0 part.type=init part.size=28
2025-08-25T09:38:14.053846Z DEBUG node{moniker=app-1}:node{moniker=app-1}: metis-test:consensus-chan recv!!! msg:ReceivedProposalPart { from: PeerId("12D3KooWR2Quwt2G6MyT6WQkUdfS8nHZu7XcPotkmbhuEoqc94oJ"), part: StreamMessage { stream_id: StreamId(b"\0\0\0\0\0\0\0\x17\0\0\0\0\0\0\0\x08"), sequence: 1, content: Data(Data(ProposalData { bytes: "<...>", len: 545 })) }, reply: Sender { inner: Some(Inner { state: State { is_complete: false, is_closed: false, is_rx_task_set: true, is_tx_task_set: false } }) } }
2025-08-25T09:38:14.053865Z  INFO node{moniker=app-1}:node{moniker=app-1}: Received proposal part from=12D3KooWR2Quwt2G6MyT6WQkUdfS8nHZu7XcPotkmbhuEoqc94oJ part.sequence=1 part.type=data part.size=551
2025-08-25T09:38:14.053883Z DEBUG node{moniker=app-1}:node{moniker=app-1}: metis-test:consensus-chan recv!!! msg:ReceivedProposalPart { from: PeerId("12D3KooWR2Quwt2G6MyT6WQkUdfS8nHZu7XcPotkmbhuEoqc94oJ"), part: StreamMessage { stream_id: StreamId(b"\0\0\0\0\0\0\0\x17\0\0\0\0\0\0\0\x08"), sequence: 2, content: Data(Fin(ProposalFin { signature: Signature(Signature { R_bytes: "fa7bfda5390af618ec64abf1bd552983d24b52c917df24135d8bf98022cd606c", s_bytes: "e6f0d191bed9b0e46c402d6ae952a0442645c1b8f56e8a1d54a0f2899ac24f0b" }) })) }, reply: Sender { inner: Some(Inner { state: State { is_complete: false, is_closed: false, is_rx_task_set: true, is_tx_task_set: false } }) } }
2025-08-25T09:38:14.053895Z  INFO node{moniker=app-1}:node{moniker=app-1}: Received proposal part from=12D3KooWR2Quwt2G6MyT6WQkUdfS8nHZu7XcPotkmbhuEoqc94oJ part.sequence=2 part.type=fin part.size=70
2025-08-25T09:38:14.054295Z DEBUG node{moniker=app-1}:node{moniker=app-1}: metis-test:consensus-chan recv!!! msg:ReceivedProposalPart { from: PeerId("12D3KooWR2Quwt2G6MyT6WQkUdfS8nHZu7XcPotkmbhuEoqc94oJ"), part: StreamMessage { stream_id: StreamId(b"\0\0\0\0\0\0\0\x17\0\0\0\0\0\0\0\x08"), sequence: 3, content: Fin }, reply: Sender { inner: Some(Inner { state: State { is_complete: false, is_closed: false, is_rx_task_set: true, is_tx_task_set: false } }) } }
2025-08-25T09:38:14.054306Z  INFO node{moniker=app-1}:node{moniker=app-1}: Received proposal part from=12D3KooWR2Quwt2G6MyT6WQkUdfS8nHZu7XcPotkmbhuEoqc94oJ part.sequence=3 part.type=end of stream part.size=0
2025-08-25T09:38:14.054448Z  INFO node{moniker=app-1}:node{moniker=app-1}: Proposal data[0..32]: 916d10c023ca0af3c616140b3eb3a25a0b68dfb85a1b39f98b5d0148dfae1e04, total_size: 545 bytes, id: 94a870922b0dd28
2025-08-25T09:38:14.058259Z  INFO node{moniker=app-1}:consensus{height=23 round=0}: Received vote height=23 vote_height=23 address=02CB1B49DA09615BD4A12212C39378556D990DFD Prevote(height: 23, round: 0, value: 94a870922b0dd28, from: 02CB1B49DA09615BD4A12212C39378556D990DFD)
2025-08-25T09:38:14.070065Z DEBUG node{moniker=app-1}:wal{height=23}: Wrote log entry type=Consensus(Vote) entry.size=117 
2025-08-25T09:38:14.070407Z  INFO node{moniker=app-1}:consensus{height=23 round=0}: Received proposal consensus.height=23 proposal.height=23 proposal.round=0 proposer=02CB1B49DA09615BD4A12212C39378556D990DFD Proposal(height: 23, round: 0, pol_round: -1, value: 94a870922b0dd28, from: 02CB1B49DA09615BD4A12212C39378556D990DFD)
2025-08-25T09:38:14.070525Z DEBUG node{moniker=app-1}:wal{height=23}: Wrote log entry type=Consensus(Proposal) entry.size=667 
2025-08-25T09:38:14.070570Z DEBUG node{moniker=app-1}:consensus{height=23 round=0}: No full proposal for this round yet, stored proposal for later proposal.height=23 proposal.round=0
2025-08-25T09:38:14.073267Z DEBUG node{moniker=app-1}:node{moniker=app-1}: ✅ Received complete proposal: ProposedValue { height: Height(23), round: Some(0), valid_round: Nil, proposer: Address(02CB1B49DA09615BD4A12212C39378556D990DFD), value: Value { value: 669495967924411688, extensions: b"\x91m\x10\xc0#\xca\n\xf3\xc6\x16\x14\x0b>\xb3\xa2Z\x0bh\xdf\xb8Z\x1b9\xf9\x8b]\x01H\xdf\xae\x1e\x04********************\xec&\xdf\x94B\xc5\xd4\xa0\xa0\xccSH\xc9`\x11[C\xda\x08\xc7\xae\xf6\xbeNL\xcc_\x13l\xa8\x92\xa6V\xe8\x1f\x17\x1b\xccU\xa6\xff\x83E\xe6\x92\xc0\xf8n[H\xe0\x1b\x99l\xad\xc0\x01b/\xb5\xe3c\xb4!\0\0\0\0\0\0\0\0\0\0\0\0\0\0\0\0\0\0\0\0\0\0\0\0\0\0\0\0\0\0\0\0\0\0\0\0\0\0\0\0\0\0\0\0\0\0\0\0\0\0\0\0\0\0\0\0\0\0\0\0\0\0\0\0\0\0\0\0\0\0\0\0\0\0\0\0\0\0\0\0\0\0\0\0\0\0\0\0\0\0\0\0\0\0\0\0\0\0\0\0\0\0\0\0\0\0\0\0\0\0\0\0\0\0\0\0\0\0\0\0\0\0\0\0\0\0\0\0\0\0\0\0\0\0\0\0\0\0\0\0\0\0\0\0\0\0\0\0\0\0\0\0\0\0\0\0\0\0\0\0\0\0\0\0\0\0\0\0\0\0\0\0\0\0\0\0\0\0\0\0\0\0\0\0\0\0\0\0\0\0\0\0\0\0\0\0\0\0\0\0\0\0\0\0\0\0\0\0\0\0\0\0\0\0\0\0\0\0\0\0\0\0\0\0\0\0\0\0\0\0\0\0\0\0\0\0\0\0\0\0\0\0\0\0\0\0\0\0\0\0\0\0\0\0\0\0\0\0\0\0\0\0\0\0\0\0\0\0\0\0\0\0\0\0\0\0\0\0\0\0\0\0\0\0\0\0\0\0\x17\0\0\0\0\0\0\0\xf9'\xd4\x01\0\0\0\0\0\0\0\0\0\0\0\0\x1a/\xach\0\0\0\0\x10\x02\0\01w\xc3\x02\0\0\0\0\0\0\0\0\0\0\0\0\0\0\0\0\0\0\0\0\0\0\0\0\0\0\0\0\xba?\xa6-\xfdWo4J\x1ak\xe5\x9d\xd5\xcc\x97p\x1b3\xe3\xcaOJ'\xc9\x8bp\xb1\xa9\x10\xa3b!\x02\0\0!\x02\0\0\0\0\0\0\0\0\0\0\0\0\0\0\0\0\0\0reth/v1.4.1/linux" }, validity: Valid }
2025-08-25T09:38:14.073321Z DEBUG node{moniker=app-1}:consensus{height=23 round=0}: We have a full proposal for this round, checking... proposal.height=23 proposal.round=0
2025-08-25T09:38:14.073334Z DEBUG node{moniker=app-1}:consensus{height=23 round=0}: Transitioned to new step step.previous=Propose step.new=Prevote
2025-08-25T09:38:14.078228Z  INFO node{moniker=app-1}:consensus{height=23 round=0}: Received vote height=23 vote_height=23 address=815F9FA61D7C4F1E4A9E30D40DCA1115BB48F759 Precommit(height: 23, round: 0, value: 94a870922b0dd28, from: 815F9FA61D7C4F1E4A9E30D40DCA1115BB48F759)
2025-08-25T09:38:14.080696Z DEBUG node{moniker=app-1}:wal{height=23}: Wrote log entry type=Consensus(Vote) entry.size=119 
2025-08-25T09:38:14.081698Z  INFO node{moniker=app-1}:consensus{height=23 round=0}: Received vote height=23 vote_height=23 address=815F9FA61D7C4F1E4A9E30D40DCA1115BB48F759 Prevote(height: 23, round: 0, value: 94a870922b0dd28, from: 815F9FA61D7C4F1E4A9E30D40DCA1115BB48F759)
2025-08-25T09:38:14.081787Z DEBUG node{moniker=app-1}:wal{height=23}: Wrote log entry type=Consensus(Vote) entry.size=117 
2025-08-25T09:38:14.081901Z DEBUG node{moniker=app-1}:consensus{height=23 round=0}: Transitioned to new step step.previous=Prevote step.new=Precommit
2025-08-25T09:38:14.172702Z  INFO node{moniker=app-1}:consensus{height=23 round=0}: Received vote height=23 vote_height=23 address=02CB1B49DA09615BD4A12212C39378556D990DFD Precommit(height: 23, round: 0, value: 94a870922b0dd28, from: 02CB1B49DA09615BD4A12212C39378556D990DFD)
2025-08-25T09:38:14.182759Z DEBUG node{moniker=app-1}:wal{height=23}: Wrote log entry type=Consensus(Vote) entry.size=119 
2025-08-25T09:38:14.182817Z DEBUG node{moniker=app-1}:consensus{height=23 round=0}: Transitioned to new step step.previous=Precommit step.new=Commit
2025-08-25T09:38:14.182825Z  INFO node{moniker=app-1}:consensus{height=23 round=0}: Decided round=0 height=23 value=94a870922b0dd28
2025-08-25T09:38:14.186628Z DEBUG node{moniker=app-1}:wal{height=23}: Flushed WAL to disk wal.entries=5 wal.size=1216
2025-08-25T09:38:14.186699Z DEBUG node{moniker=app-1}:sync{height.tip=22 height.sync=23}: Updating request state height.tip=23
2025-08-25T09:38:14.186711Z DEBUG node{moniker=app-1}:node{moniker=app-1}: metis-test:consensus-chan recv!!! msg:Decided { certificate: CommitCertificate { height: Height(23), round: Some(0), value_id: ValueId(669495967924411688), commit_signatures: [CommitSignature { address: Address(02CB1B49DA09615BD4A12212C39378556D990DFD), signature: Signature(Signature { R_bytes: "0f9e9864627e5d62a4dfa08c050a57fb0086cd93225a581ddce884e73dd37f66", s_bytes: "165d912ae296674fd3ad75e1c669ce6726f3617d1c8d4690a9cbb58bcce35703" }) }, CommitSignature { address: Address(815F9FA61D7C4F1E4A9E30D40DCA1115BB48F759), signature: Signature(Signature { R_bytes: "614ad1f4b285284f79c5808ceb2afa95f2ff888fca50895a664046debc68e87c", s_bytes: "ac44e5fe35f02c2189b963eaf5ebd146d2a8616767db13c7eab1c0ac7668610b" }) }] }, extensions: VoteExtensions { extensions: [] }, reply: Sender { inner: Some(Inner { state: State { is_complete: false, is_closed: false, is_rx_task_set: true, is_tx_task_set: false } }) } }
2025-08-25T09:38:14.186728Z  INFO node{moniker=app-1}:node{moniker=app-1}: 🟢🟢 Consensus has decided on value height=23 round=0 value=94a870922b0dd28
2025-08-25T09:38:14.186773Z DEBUG node{moniker=app-1}:node{moniker=app-1}: 🎁 block size: 545, height: 23
2025-08-25T09:38:14.186780Z  INFO node{moniker=app-1}:node{moniker=app-1}: 👉 stats at height 23: #txs=0, txs/s=0.00, chain_bytes=12535, bytes/s=1749.73
2025-08-25T09:38:14.186784Z DEBUG node{moniker=app-1}:node{moniker=app-1}: 🦄 Block at height 23 contains 0 transactions
2025-08-25T09:38:14.188138Z DEBUG node{moniker=app-1}:node{moniker=app-1}: 💡 New block added at height 23 with hash: 0xba3fa62dfd576f344a1a6be59dd5cc97701b33e3ca4f4a27c98b70b1a910a362
2025-08-25T09:38:14.188145Z DEBUG node{moniker=app-1}:node{moniker=app-1}: 🟠 set_latest_forkchoice_state: 0xba3fa62dfd576f344a1a6be59dd5cc97701b33e3ca4f4a27c98b70b1a910a362
2025-08-25T09:38:14.188836Z DEBUG node{moniker=app-1}:node{moniker=app-1}: ➡️ payload_status: PayloadStatus { status: Valid, latest_valid_hash: Some(0xba3fa62dfd576f344a1a6be59dd5cc97701b33e3ca4f4a27c98b70b1a910a362) }
2025-08-25T09:38:14.188842Z DEBUG node{moniker=app-1}:node{moniker=app-1}: 🚀 Forkchoice updated to height 23 for block hash=0xba3fa62dfd576f344a1a6be59dd5cc97701b33e3ca4f4a27c98b70b1a910a362 and latest_valid_hash=0xba3fa62dfd576f344a1a6be59dd5cc97701b33e3ca4f4a27c98b70b1a910a362
2025-08-25T09:38:14.188844Z  INFO node{moniker=app-1}:node{moniker=app-1}: Looking for certificate height=23 round=0
2025-08-25T09:38:14.198418Z  INFO node{moniker=app-1}:node{moniker=app-1}: Committed block_data[0..32]: 916d10c023ca0af3c616140b3eb3a25a0b68dfb85a1b39f98b5d0148dfae1e04
2025-08-25T09:38:14.217341Z DEBUG node{moniker=app-1}:wal{height=24}: Reset WAL height=24
2025-08-25T09:38:14.217386Z DEBUG node{moniker=app-1}:consensus{height=24 round=0}: No WAL entries to replay height=24
2025-08-25T09:38:14.217416Z  INFO node{moniker=app-1}:consensus{height=24 round=0}: Starting new height height=24
2025-08-25T09:38:14.217421Z  INFO node{moniker=app-1}:consensus{height=24 round=0}: Starting new round height=24 round=0 proposer=DE7BA2BE72D2225286133990FF5810B691A5261C role=Proposer
2025-08-25T09:38:14.217443Z DEBUG node{moniker=app-1}:sync{height.tip=22 height.sync=23}: Starting new height height.tip=23 height.sync=24 restart=false
2025-08-25T09:38:14.217449Z DEBUG node{moniker=app-1}:sync{height.tip=22 height.sync=23}: No peer to request sync from height.sync=24
2025-08-25T09:38:14.220480Z DEBUG node{moniker=app-1}:wal{height=24}: Flushed WAL to disk wal.entries=0 wal.size=12
2025-08-25T09:38:14.220545Z DEBUG node{moniker=app-1}:node{moniker=app-1}: metis-test:consensus-chan recv!!! msg:StartedRound { height: Height(24), round: Some(0), proposer: Address(DE7BA2BE72D2225286133990FF5810B691A5261C), role: Proposer, reply_value: Sender { inner: Some(Inner { state: State { is_complete: false, is_closed: false, is_rx_task_set: false, is_tx_task_set: false } }) } }
2025-08-25T09:38:14.220556Z  INFO node{moniker=app-1}:node{moniker=app-1}: 🟢🟢 Started round height=24 round=0 proposer=DE7BA2BE72D2225286133990FF5810B691A5261C role=Proposer
2025-08-25T09:38:14.220568Z ERROR node{moniker=app-1}:consensus{height=24 round=0}: Error when processing effect: Messaging(RecvErr)
2025-08-25T09:38:14.220584Z DEBUG node{moniker=app-1}:consensus{height=24 round=0}: Transitioned to new step step.previous=Unstarted step.new=Propose
2025-08-25T09:38:14.220589Z  INFO node{moniker=app-1}:consensus{height=24 round=0}: Scheduling timeout round=0 step=Propose
2025-08-25T09:38:14.220596Z  INFO node{moniker=app-1}:consensus{height=24 round=0}: Requesting value from application height=24 round=0
2025-08-25T09:38:14.220604Z DEBUG node{moniker=app-1}:consensus{height=24 round=0}: Replaying inputs count=0
2025-08-25T09:38:14.220623Z DEBUG node{moniker=app-1}:node{moniker=app-1}: metis-test:consensus-chan recv!!! msg:GetValue { height: Height(24), round: Some(0), timeout: 3s, reply: Sender { inner: Some(Inner { state: State { is_complete: false, is_closed: false, is_rx_task_set: true, is_tx_task_set: false } }) } }
2025-08-25T09:38:14.220629Z  INFO node{moniker=app-1}:node{moniker=app-1}: 🟢🟢 Consensus is requesting a value to propose height=24 round=0
2025-08-25T09:38:14.220633Z DEBUG node{moniker=app-1}:node{moniker=app-1}: 🟠 generate_block on top of ExecutionBlock { block_hash: 0xba3fa62dfd576f344a1a6be59dd5cc97701b33e3ca4f4a27c98b70b1a910a362, block_number: 23, parent_hash: 0xba3fa62dfd576f344a1a6be59dd5cc97701b33e3ca4f4a27c98b70b1a910a362, timestamp: 1756114714, prev_randao: 0x0000000000000000000000000000000000000000000000000000000000000000 }
2025-08-25T09:38:14.222952Z DEBUG node{moniker=app-1}:node{moniker=app-1}: 🌈 Got execution payload: ExecutionPayloadV3 { payload_inner: ExecutionPayloadV2 { payload_inner: ExecutionPayloadV1 { parent_hash: 0xba3fa62dfd576f344a1a6be59dd5cc97701b33e3ca4f4a27c98b70b1a910a362, fee_recipient: 0x2a2a2a2a2a2a2a2a2a2a2a2a2a2a2a2a2a2a2a2a, state_root: 0xec26df9442c5d4a0a0cc5348c960115b43da08c7aef6be4e4ccc5f136ca892a6, receipts_root: 0x56e81f171bcc55a6ff8345e692c0f86e5b48e01b996cadc001622fb5e363b421, logs_bloom: 0x00000000000000000000000000000000000000000000000000000000000000000000000000000000000000000000000000000000000000000000000000000000000000000000000000000000000000000000000000000000000000000000000000000000000000000000000000000000000000000000000000000000000000000000000000000000000000000000000000000000000000000000000000000000000000000000000000000000000000000000000000000000000000000000000000000000000000000000000000000000000000000000000000000000000000000000000000000000000000000000000000000000000000000000000000000000, prev_randao: 0x0000000000000000000000000000000000000000000000000000000000000000, block_number: 24, gas_limit: 30711041, gas_used: 0, timestamp: 1756114715, extra_data: 0x726574682f76312e342e312f6c696e7578, base_fee_per_gas: 40568907, block_hash: 0xa81f8edce60f96cdcd0437ef30d332af7ae7c6b428f4e85bf3c0086f2832600f, transactions: [] }, withdrawals: [] }, blob_gas_used: 0, excess_blob_gas: 0 }
2025-08-25T09:38:14.222972Z DEBUG node{moniker=app-1}:node{moniker=app-1}: 🎁 block size: 545, height: 24
2025-08-25T09:38:14.228152Z  INFO node{moniker=app-1}:node{moniker=app-1}: Streaming proposal part: StreamMessage { stream_id: StreamId(b"\0\0\0\0\0\0\0\x18\0\0\0\0\0\0\0\x07"), sequence: 0, content: Data(Init(ProposalInit { height: Height(24), round: Some(0), proposer: Address(DE7BA2BE72D2225286133990FF5810B691A5261C) })) } height=24 round=0
2025-08-25T09:38:14.228169Z  INFO node{moniker=app-1}:node{moniker=app-1}: Streaming proposal part: StreamMessage { stream_id: StreamId(b"\0\0\0\0\0\0\0\x18\0\0\0\0\0\0\0\x07"), sequence: 1, content: Data(Data(ProposalData { bytes: "<...>", len: 545 })) } height=24 round=0
2025-08-25T09:38:14.228191Z  INFO node{moniker=app-1}:node{moniker=app-1}: Streaming proposal part: StreamMessage { stream_id: StreamId(b"\0\0\0\0\0\0\0\x18\0\0\0\0\0\0\0\x07"), sequence: 2, content: Data(Fin(ProposalFin { signature: Signature(Signature { R_bytes: "b3fb637ea285f2726cbcea8b9e506a3173f4bb843a8e62f18c93a3d65bb83ca7", s_bytes: "d4a2460d5015e5e5a5bfcc768fad00dd2fe68d5f58a9c706495d636e892e7304" }) })) } height=24 round=0
2025-08-25T09:38:14.228387Z DEBUG node{moniker=app-1}:network: Published message channel=/proposal_parts size=48
2025-08-25T09:38:14.228416Z  INFO node{moniker=app-1}:node{moniker=app-1}: Streaming proposal part: StreamMessage { stream_id: StreamId(b"\0\0\0\0\0\0\0\x18\0\0\0\0\0\0\0\x07"), sequence: 3, content: Fin } height=24 round=0
2025-08-25T09:38:14.228482Z DEBUG node{moniker=app-1}:wal{height=24}: Wrote log entry type=LocallyProposedValue entry.size=599 
2025-08-25T09:38:14.228632Z DEBUG node{moniker=app-1}:network: Published message channel=/proposal_parts size=574
2025-08-25T09:38:14.228688Z DEBUG node{moniker=app-1}:node{moniker=app-1}: ✅ Proposal sent height=24 round=0
2025-08-25T09:38:14.228782Z DEBUG node{moniker=app-1}:network: Published message channel=/proposal_parts size=92
2025-08-25T09:38:14.229036Z DEBUG node{moniker=app-1}:network: Published message channel=/proposal_parts size=22
2025-08-25T09:38:14.229144Z  INFO node{moniker=app-1}:consensus{height=24 round=0}: Proposing value id=848bfbae96f4d4cb round=0
2025-08-25T09:38:14.229320Z  INFO node{moniker=app-1}:consensus{height=24 round=0}: Received proposal consensus.height=24 proposal.height=24 proposal.round=0 proposer=DE7BA2BE72D2225286133990FF5810B691A5261C Proposal(height: 24, round: 0, pol_round: -1, value: 848bfbae96f4d4cb, from: DE7BA2BE72D2225286133990FF5810B691A5261C)
2025-08-25T09:38:14.229644Z DEBUG node{moniker=app-1}:wal{height=24}: Wrote log entry type=Consensus(Proposal) entry.size=668 
2025-08-25T09:38:14.229804Z DEBUG node{moniker=app-1}:consensus{height=24 round=0}: Transitioned to new step step.previous=Propose step.new=Prevote
2025-08-25T09:38:14.229812Z  INFO node{moniker=app-1}:consensus{height=24 round=0}: Voting vote_type=Prevote value=848bfbae96f4d4cb round=0
2025-08-25T09:38:14.230004Z  INFO node{moniker=app-1}:consensus{height=24 round=0}: Received vote height=24 vote_height=24 address=DE7BA2BE72D2225286133990FF5810B691A5261C Prevote(height: 24, round: 0, value: 848bfbae96f4d4cb, from: DE7BA2BE72D2225286133990FF5810B691A5261C)
2025-08-25T09:38:14.230080Z DEBUG node{moniker=app-1}:wal{height=24}: Wrote log entry type=Consensus(Vote) entry.size=118 
2025-08-25T09:38:14.233403Z DEBUG node{moniker=app-1}:wal{height=24}: Flushed WAL to disk wal.entries=3 wal.size=1436
2025-08-25T09:38:14.233642Z DEBUG node{moniker=app-1}:network: Published message channel=/consensus size=109
2025-08-25T09:38:14.237293Z DEBUG node{moniker=app-1}:wal{height=24}: Flushed WAL to disk wal.entries=3 wal.size=1436
2025-08-25T09:38:14.238478Z DEBUG node{moniker=app-1}:network: Published message channel=/consensus size=659
2025-08-25T09:38:14.276330Z  INFO node{moniker=app-1}:consensus{height=24 round=0}: Received vote height=24 vote_height=24 address=815F9FA61D7C4F1E4A9E30D40DCA1115BB48F759 Precommit(height: 24, round: 0, value: 848bfbae96f4d4cb, from: 815F9FA61D7C4F1E4A9E30D40DCA1115BB48F759)
2025-08-25T09:38:14.313308Z DEBUG node{moniker=app-1}:wal{height=24}: Wrote log entry type=Consensus(Vote) entry.size=120 
2025-08-25T09:38:14.314351Z  INFO node{moniker=app-1}:consensus{height=24 round=0}: Received vote height=24 vote_height=24 address=815F9FA61D7C4F1E4A9E30D40DCA1115BB48F759 Prevote(height: 24, round: 0, value: 848bfbae96f4d4cb, from: 815F9FA61D7C4F1E4A9E30D40DCA1115BB48F759)
2025-08-25T09:38:14.314478Z DEBUG node{moniker=app-1}:wal{height=24}: Wrote log entry type=Consensus(Vote) entry.size=118 
2025-08-25T09:38:14.314520Z DEBUG node{moniker=app-1}:consensus{height=24 round=0}: Transitioned to new step step.previous=Prevote step.new=Precommit
2025-08-25T09:38:14.314529Z  INFO node{moniker=app-1}:consensus{height=24 round=0}: Voting vote_type=Precommit value=848bfbae96f4d4cb round=0
2025-08-25T09:38:14.314551Z DEBUG node{moniker=app-1}:node{moniker=app-1}: metis-test:consensus-chan recv!!! msg:ExtendVote { height: Height(24), round: Some(0), value_id: ValueId(9551004162044777675), reply: Sender { inner: Some(Inner { state: State { is_complete: false, is_closed: false, is_rx_task_set: true, is_tx_task_set: false } }) } }
2025-08-25T09:38:14.314726Z  INFO node{moniker=app-1}:consensus{height=24 round=0}: Received vote height=24 vote_height=24 address=DE7BA2BE72D2225286133990FF5810B691A5261C Precommit(height: 24, round: 0, value: 848bfbae96f4d4cb, from: DE7BA2BE72D2225286133990FF5810B691A5261C)
2025-08-25T09:38:14.314785Z DEBUG node{moniker=app-1}:wal{height=24}: Wrote log entry type=Consensus(Vote) entry.size=120 
2025-08-25T09:38:14.314819Z DEBUG node{moniker=app-1}:consensus{height=24 round=0}: Transitioned to new step step.previous=Precommit step.new=Commit
2025-08-25T09:38:14.314828Z  INFO node{moniker=app-1}:consensus{height=24 round=0}: Decided round=0 height=24 value=848bfbae96f4d4cb
2025-08-25T09:38:14.326419Z DEBUG node{moniker=app-1}:wal{height=24}: Flushed WAL to disk wal.entries=6 wal.size=1833
2025-08-25T09:38:14.326702Z DEBUG node{moniker=app-1}:sync{height.tip=23 height.sync=24}: Updating request state height.tip=24
2025-08-25T09:38:14.326753Z DEBUG node{moniker=app-1}:node{moniker=app-1}: metis-test:consensus-chan recv!!! msg:Decided { certificate: CommitCertificate { height: Height(24), round: Some(0), value_id: ValueId(9551004162044777675), commit_signatures: [CommitSignature { address: Address(815F9FA61D7C4F1E4A9E30D40DCA1115BB48F759), signature: Signature(Signature { R_bytes: "6fe17f3798dec0c3f15fd72dc82cf56f3808c8c7f4374821356d349089c7e3df", s_bytes: "a38d0cdf36267931a6c331a40f7ccbd3b7c7de951cf74d8ff251d405f2d55909" }) }, CommitSignature { address: Address(DE7BA2BE72D2225286133990FF5810B691A5261C), signature: Signature(Signature { R_bytes: "fba18cd5cbd2672439b61b59e53f3b6f370617d7fcdf0476e03da278dd9c6886", s_bytes: "070551ee3037672e34465630fe82c2389ab2cd056390d5a69926cc2ba3e44609" }) }] }, extensions: VoteExtensions { extensions: [] }, reply: Sender { inner: Some(Inner { state: State { is_complete: false, is_closed: false, is_rx_task_set: true, is_tx_task_set: false } }) } }
2025-08-25T09:38:14.326788Z  INFO node{moniker=app-1}:node{moniker=app-1}: 🟢🟢 Consensus has decided on value height=24 round=0 value=848bfbae96f4d4cb
2025-08-25T09:38:14.326914Z DEBUG node{moniker=app-1}:node{moniker=app-1}: 🎁 block size: 545, height: 24
2025-08-25T09:38:14.326926Z  INFO node{moniker=app-1}:node{moniker=app-1}: 👉 stats at height 24: #txs=0, txs/s=0.00, chain_bytes=13080, bytes/s=1790.77
2025-08-25T09:38:14.326931Z DEBUG node{moniker=app-1}:node{moniker=app-1}: 🦄 Block at height 24 contains 0 transactions
2025-08-25T09:38:14.328446Z DEBUG node{moniker=app-1}:wal{height=24}: Flushed WAL to disk wal.entries=6 wal.size=1833
2025-08-25T09:38:14.328672Z DEBUG node{moniker=app-1}:network: Published message channel=/consensus size=111
2025-08-25T09:38:14.334273Z DEBUG node{moniker=app-1}:node{moniker=app-1}: 💡 New block added at height 24 with hash: 0xa81f8edce60f96cdcd0437ef30d332af7ae7c6b428f4e85bf3c0086f2832600f
2025-08-25T09:38:14.334299Z DEBUG node{moniker=app-1}:node{moniker=app-1}: 🟠 set_latest_forkchoice_state: 0xa81f8edce60f96cdcd0437ef30d332af7ae7c6b428f4e85bf3c0086f2832600f
2025-08-25T09:38:14.336659Z DEBUG node{moniker=app-1}:node{moniker=app-1}: ➡️ payload_status: PayloadStatus { status: Valid, latest_valid_hash: Some(0xa81f8edce60f96cdcd0437ef30d332af7ae7c6b428f4e85bf3c0086f2832600f) }
2025-08-25T09:38:14.336671Z DEBUG node{moniker=app-1}:node{moniker=app-1}: 🚀 Forkchoice updated to height 24 for block hash=0xa81f8edce60f96cdcd0437ef30d332af7ae7c6b428f4e85bf3c0086f2832600f and latest_valid_hash=0xa81f8edce60f96cdcd0437ef30d332af7ae7c6b428f4e85bf3c0086f2832600f
2025-08-25T09:38:14.336675Z  INFO node{moniker=app-1}:node{moniker=app-1}: Looking for certificate height=24 round=0
2025-08-25T09:38:14.348289Z  INFO node{moniker=app-1}:node{moniker=app-1}: Committed block_data[0..32]: ba3fa62dfd576f344a1a6be59dd5cc97701b33e3ca4f4a27c98b70b1a910a362
2025-08-25T09:38:14.372252Z DEBUG node{moniker=app-1}:wal{height=25}: Reset WAL height=25
2025-08-25T09:38:14.372345Z DEBUG node{moniker=app-1}:consensus{height=25 round=0}: No WAL entries to replay height=25
2025-08-25T09:38:14.372381Z  INFO node{moniker=app-1}:consensus{height=25 round=0}: Starting new height height=25
2025-08-25T09:38:14.372387Z  INFO node{moniker=app-1}:consensus{height=25 round=0}: Starting new round height=25 round=0 proposer=DE7BA2BE72D2225286133990FF5810B691A5261C role=Proposer
2025-08-25T09:38:14.372414Z DEBUG node{moniker=app-1}:sync{height.tip=23 height.sync=24}: Starting new height height.tip=24 height.sync=25 restart=false
2025-08-25T09:38:14.372429Z DEBUG node{moniker=app-1}:sync{height.tip=23 height.sync=24}: No peer to request sync from height.sync=25
2025-08-25T09:38:14.375750Z DEBUG node{moniker=app-1}:wal{height=25}: Flushed WAL to disk wal.entries=0 wal.size=12
2025-08-25T09:38:14.375870Z DEBUG node{moniker=app-1}:node{moniker=app-1}: metis-test:consensus-chan recv!!! msg:StartedRound { height: Height(25), round: Some(0), proposer: Address(DE7BA2BE72D2225286133990FF5810B691A5261C), role: Proposer, reply_value: Sender { inner: Some(Inner { state: State { is_complete: false, is_closed: false, is_rx_task_set: false, is_tx_task_set: false } }) } }
2025-08-25T09:38:14.375911Z  INFO node{moniker=app-1}:node{moniker=app-1}: 🟢🟢 Started round height=25 round=0 proposer=DE7BA2BE72D2225286133990FF5810B691A5261C role=Proposer
2025-08-25T09:38:14.375953Z ERROR node{moniker=app-1}:consensus{height=25 round=0}: Error when processing effect: Messaging(RecvErr)
2025-08-25T09:38:14.375980Z DEBUG node{moniker=app-1}:consensus{height=25 round=0}: Transitioned to new step step.previous=Unstarted step.new=Propose
2025-08-25T09:38:14.375989Z  INFO node{moniker=app-1}:consensus{height=25 round=0}: Scheduling timeout round=0 step=Propose
2025-08-25T09:38:14.376001Z  INFO node{moniker=app-1}:consensus{height=25 round=0}: Requesting value from application height=25 round=0
2025-08-25T09:38:14.376016Z DEBUG node{moniker=app-1}:consensus{height=25 round=0}: Replaying inputs count=0
2025-08-25T09:38:14.376055Z DEBUG node{moniker=app-1}:node{moniker=app-1}: metis-test:consensus-chan recv!!! msg:GetValue { height: Height(25), round: Some(0), timeout: 3s, reply: Sender { inner: Some(Inner { state: State { is_complete: false, is_closed: false, is_rx_task_set: true, is_tx_task_set: false } }) } }
2025-08-25T09:38:14.376067Z  INFO node{moniker=app-1}:node{moniker=app-1}: 🟢🟢 Consensus is requesting a value to propose height=25 round=0
2025-08-25T09:38:14.376074Z DEBUG node{moniker=app-1}:node{moniker=app-1}: 🟠 generate_block on top of ExecutionBlock { block_hash: 0xa81f8edce60f96cdcd0437ef30d332af7ae7c6b428f4e85bf3c0086f2832600f, block_number: 24, parent_hash: 0xa81f8edce60f96cdcd0437ef30d332af7ae7c6b428f4e85bf3c0086f2832600f, timestamp: 1756114715, prev_randao: 0x0000000000000000000000000000000000000000000000000000000000000000 }
2025-08-25T09:38:14.377924Z DEBUG node{moniker=app-1}:node{moniker=app-1}: 🌈 Got execution payload: ExecutionPayloadV3 { payload_inner: ExecutionPayloadV2 { payload_inner: ExecutionPayloadV1 { parent_hash: 0xa81f8edce60f96cdcd0437ef30d332af7ae7c6b428f4e85bf3c0086f2832600f, fee_recipient: 0x2a2a2a2a2a2a2a2a2a2a2a2a2a2a2a2a2a2a2a2a, state_root: 0xec26df9442c5d4a0a0cc5348c960115b43da08c7aef6be4e4ccc5f136ca892a6, receipts_root: 0x56e81f171bcc55a6ff8345e692c0f86e5b48e01b996cadc001622fb5e363b421, logs_bloom: 0x00000000000000000000000000000000000000000000000000000000000000000000000000000000000000000000000000000000000000000000000000000000000000000000000000000000000000000000000000000000000000000000000000000000000000000000000000000000000000000000000000000000000000000000000000000000000000000000000000000000000000000000000000000000000000000000000000000000000000000000000000000000000000000000000000000000000000000000000000000000000000000000000000000000000000000000000000000000000000000000000000000000000000000000000000000000, prev_randao: 0x0000000000000000000000000000000000000000000000000000000000000000, block_number: 25, gas_limit: 30741031, gas_used: 0, timestamp: 1756114716, extra_data: 0x726574682f76312e342e312f6c696e7578, base_fee_per_gas: 35497794, block_hash: 0x77144558ce9b3bd50c593a54ee518a31ecee5bdebf0126e544b2f488a6ac4fed, transactions: [] }, withdrawals: [] }, blob_gas_used: 0, excess_blob_gas: 0 }
2025-08-25T09:38:14.377939Z DEBUG node{moniker=app-1}:node{moniker=app-1}: 🎁 block size: 545, height: 25
2025-08-25T09:38:14.386859Z  INFO node{moniker=app-1}:node{moniker=app-1}: Streaming proposal part: StreamMessage { stream_id: StreamId(b"\0\0\0\0\0\0\0\x19\0\0\0\0\0\0\0\x08"), sequence: 0, content: Data(Init(ProposalInit { height: Height(25), round: Some(0), proposer: Address(DE7BA2BE72D2225286133990FF5810B691A5261C) })) } height=25 round=0
2025-08-25T09:38:14.386883Z  INFO node{moniker=app-1}:node{moniker=app-1}: Streaming proposal part: StreamMessage { stream_id: StreamId(b"\0\0\0\0\0\0\0\x19\0\0\0\0\0\0\0\x08"), sequence: 1, content: Data(Data(ProposalData { bytes: "<...>", len: 545 })) } height=25 round=0
2025-08-25T09:38:14.386917Z  INFO node{moniker=app-1}:node{moniker=app-1}: Streaming proposal part: StreamMessage { stream_id: StreamId(b"\0\0\0\0\0\0\0\x19\0\0\0\0\0\0\0\x08"), sequence: 2, content: Data(Fin(ProposalFin { signature: Signature(Signature { R_bytes: "b72017b0e8b8e52d731bda391e9b2eb934c784fd62f3c065ab2a13fc0d2c7908", s_bytes: "00d6e1f1961c1f24feef887dbd3aa35f3a16eea9c82bc385df59e4d2ded4410b" }) })) } height=25 round=0
2025-08-25T09:38:14.387851Z DEBUG node{moniker=app-1}:network: Published message channel=/proposal_parts size=48
2025-08-25T09:38:14.387901Z  INFO node{moniker=app-1}:node{moniker=app-1}: Streaming proposal part: StreamMessage { stream_id: StreamId(b"\0\0\0\0\0\0\0\x19\0\0\0\0\0\0\0\x08"), sequence: 3, content: Fin } height=25 round=0
2025-08-25T09:38:14.387976Z DEBUG node{moniker=app-1}:wal{height=25}: Wrote log entry type=LocallyProposedValue entry.size=598 
2025-08-25T09:38:14.388146Z DEBUG node{moniker=app-1}:network: Published message channel=/proposal_parts size=574
2025-08-25T09:38:14.388208Z DEBUG node{moniker=app-1}:node{moniker=app-1}: ✅ Proposal sent height=25 round=0
2025-08-25T09:38:14.388338Z DEBUG node{moniker=app-1}:network: Published message channel=/proposal_parts size=92
2025-08-25T09:38:14.388626Z DEBUG node{moniker=app-1}:network: Published message channel=/proposal_parts size=22
2025-08-25T09:38:14.388730Z  INFO node{moniker=app-1}:consensus{height=25 round=0}: Proposing value id=4633cec99b55ddfe round=0
2025-08-25T09:38:14.388969Z  INFO node{moniker=app-1}:consensus{height=25 round=0}: Received proposal consensus.height=25 proposal.height=25 proposal.round=0 proposer=DE7BA2BE72D2225286133990FF5810B691A5261C Proposal(height: 25, round: 0, pol_round: -1, value: 4633cec99b55ddfe, from: DE7BA2BE72D2225286133990FF5810B691A5261C)
2025-08-25T09:38:14.389092Z DEBUG node{moniker=app-1}:wal{height=25}: Wrote log entry type=Consensus(Proposal) entry.size=667 
2025-08-25T09:38:14.389121Z DEBUG node{moniker=app-1}:consensus{height=25 round=0}: Transitioned to new step step.previous=Propose step.new=Prevote
2025-08-25T09:38:14.389128Z  INFO node{moniker=app-1}:consensus{height=25 round=0}: Voting vote_type=Prevote value=4633cec99b55ddfe round=0
2025-08-25T09:38:14.389277Z  INFO node{moniker=app-1}:consensus{height=25 round=0}: Received vote height=25 vote_height=25 address=DE7BA2BE72D2225286133990FF5810B691A5261C Prevote(height: 25, round: 0, value: 4633cec99b55ddfe, from: DE7BA2BE72D2225286133990FF5810B691A5261C)
2025-08-25T09:38:14.389327Z DEBUG node{moniker=app-1}:wal{height=25}: Wrote log entry type=Consensus(Vote) entry.size=117 
2025-08-25T09:38:14.392619Z DEBUG node{moniker=app-1}:wal{height=25}: Flushed WAL to disk wal.entries=3 wal.size=1433
2025-08-25T09:38:14.392789Z DEBUG node{moniker=app-1}:network: Published message channel=/consensus size=108
2025-08-25T09:38:14.395473Z DEBUG node{moniker=app-1}:wal{height=25}: Flushed WAL to disk wal.entries=3 wal.size=1433
2025-08-25T09:38:14.395765Z DEBUG node{moniker=app-1}:network: Published message channel=/consensus size=658
2025-08-25T09:38:14.407038Z  INFO node{moniker=app-1}:consensus{height=25 round=0}: Received vote height=25 vote_height=25 address=02CB1B49DA09615BD4A12212C39378556D990DFD Precommit(height: 25, round: 0, value: 4633cec99b55ddfe, from: 02CB1B49DA09615BD4A12212C39378556D990DFD)
2025-08-25T09:38:14.409150Z DEBUG node{moniker=app-1}:wal{height=25}: Wrote log entry type=Consensus(Vote) entry.size=119 
2025-08-25T09:38:14.410251Z  INFO node{moniker=app-1}:consensus{height=25 round=0}: Received vote height=25 vote_height=25 address=02CB1B49DA09615BD4A12212C39378556D990DFD Prevote(height: 25, round: 0, value: 4633cec99b55ddfe, from: 02CB1B49DA09615BD4A12212C39378556D990DFD)
2025-08-25T09:38:14.410393Z DEBUG node{moniker=app-1}:wal{height=25}: Wrote log entry type=Consensus(Vote) entry.size=117 
2025-08-25T09:38:14.410577Z DEBUG node{moniker=app-1}:consensus{height=25 round=0}: Transitioned to new step step.previous=Prevote step.new=Precommit
2025-08-25T09:38:14.410586Z  INFO node{moniker=app-1}:consensus{height=25 round=0}: Voting vote_type=Precommit value=4633cec99b55ddfe round=0
2025-08-25T09:38:14.410604Z DEBUG node{moniker=app-1}:node{moniker=app-1}: metis-test:consensus-chan recv!!! msg:ExtendVote { height: Height(25), round: Some(0), value_id: ValueId(5058614171757043198), reply: Sender { inner: Some(Inner { state: State { is_complete: false, is_closed: false, is_rx_task_set: true, is_tx_task_set: false } }) } }
2025-08-25T09:38:14.410789Z  INFO node{moniker=app-1}:consensus{height=25 round=0}: Received vote height=25 vote_height=25 address=DE7BA2BE72D2225286133990FF5810B691A5261C Precommit(height: 25, round: 0, value: 4633cec99b55ddfe, from: DE7BA2BE72D2225286133990FF5810B691A5261C)
2025-08-25T09:38:14.410861Z DEBUG node{moniker=app-1}:wal{height=25}: Wrote log entry type=Consensus(Vote) entry.size=119 
2025-08-25T09:38:14.410925Z DEBUG node{moniker=app-1}:consensus{height=25 round=0}: Transitioned to new step step.previous=Precommit step.new=Commit
2025-08-25T09:38:14.411046Z  INFO node{moniker=app-1}:consensus{height=25 round=0}: Decided round=0 height=25 value=4633cec99b55ddfe
2025-08-25T09:38:14.413165Z DEBUG node{moniker=app-1}:wal{height=25}: Flushed WAL to disk wal.entries=6 wal.size=1827
2025-08-25T09:38:14.413224Z DEBUG node{moniker=app-1}:sync{height.tip=24 height.sync=25}: Updating request state height.tip=25
2025-08-25T09:38:14.413247Z DEBUG node{moniker=app-1}:node{moniker=app-1}: metis-test:consensus-chan recv!!! msg:Decided { certificate: CommitCertificate { height: Height(25), round: Some(0), value_id: ValueId(5058614171757043198), commit_signatures: [CommitSignature { address: Address(02CB1B49DA09615BD4A12212C39378556D990DFD), signature: Signature(Signature { R_bytes: "9cca119736ffc0bc914075ecacd255f78c2b1283bc3e1b2b31cdf0fa6d544ecb", s_bytes: "4b1d6b2c7e7eeba7ca2847ae4f6dc0c0087a284df3a2c888bd16b13ed3246a01" }) }, CommitSignature { address: Address(DE7BA2BE72D2225286133990FF5810B691A5261C), signature: Signature(Signature { R_bytes: "378d8b5998aa62c02d829b8d3ff7a98e24d1f602fd867de90283f6c6cec26e2e", s_bytes: "65f260a22a4becc6b3c7f8bc1d2a1f46c66ea2b2a0b2497eb5c04ab77efe5e0d" }) }] }, extensions: VoteExtensions { extensions: [] }, reply: Sender { inner: Some(Inner { state: State { is_complete: false, is_closed: false, is_rx_task_set: true, is_tx_task_set: false } }) } }
2025-08-25T09:38:14.413263Z  INFO node{moniker=app-1}:node{moniker=app-1}: 🟢🟢 Consensus has decided on value height=25 round=0 value=4633cec99b55ddfe
2025-08-25T09:38:14.413557Z DEBUG node{moniker=app-1}:node{moniker=app-1}: 🎁 block size: 545, height: 25
2025-08-25T09:38:14.413603Z  INFO node{moniker=app-1}:node{moniker=app-1}: 👉 stats at height 25: #txs=0, txs/s=0.00, chain_bytes=13625, bytes/s=1843.51
2025-08-25T09:38:14.413608Z DEBUG node{moniker=app-1}:node{moniker=app-1}: 🦄 Block at height 25 contains 0 transactions
2025-08-25T09:38:14.415892Z DEBUG node{moniker=app-1}:node{moniker=app-1}: 💡 New block added at height 25 with hash: 0x77144558ce9b3bd50c593a54ee518a31ecee5bdebf0126e544b2f488a6ac4fed
2025-08-25T09:38:14.415901Z DEBUG node{moniker=app-1}:node{moniker=app-1}: 🟠 set_latest_forkchoice_state: 0x77144558ce9b3bd50c593a54ee518a31ecee5bdebf0126e544b2f488a6ac4fed
2025-08-25T09:38:14.416321Z DEBUG node{moniker=app-1}:wal{height=25}: Flushed WAL to disk wal.entries=6 wal.size=1827
2025-08-25T09:38:14.416567Z DEBUG node{moniker=app-1}:network: Published message channel=/consensus size=110
2025-08-25T09:38:14.416790Z DEBUG node{moniker=app-1}:node{moniker=app-1}: ➡️ payload_status: PayloadStatus { status: Valid, latest_valid_hash: Some(0x77144558ce9b3bd50c593a54ee518a31ecee5bdebf0126e544b2f488a6ac4fed) }
2025-08-25T09:38:14.416797Z DEBUG node{moniker=app-1}:node{moniker=app-1}: 🚀 Forkchoice updated to height 25 for block hash=0x77144558ce9b3bd50c593a54ee518a31ecee5bdebf0126e544b2f488a6ac4fed and latest_valid_hash=0x77144558ce9b3bd50c593a54ee518a31ecee5bdebf0126e544b2f488a6ac4fed
2025-08-25T09:38:14.416800Z  INFO node{moniker=app-1}:node{moniker=app-1}: Looking for certificate height=25 round=0
2025-08-25T09:38:14.421020Z  INFO node{moniker=app-1}:node{moniker=app-1}: Committed block_data[0..32]: a81f8edce60f96cdcd0437ef30d332af7ae7c6b428f4e85bf3c0086f2832600f
2025-08-25T09:38:14.442941Z DEBUG node{moniker=app-1}:wal{height=26}: Reset WAL height=26
2025-08-25T09:38:14.443025Z DEBUG node{moniker=app-1}:consensus{height=26 round=0}: No WAL entries to replay height=26
2025-08-25T09:38:14.443060Z  INFO node{moniker=app-1}:consensus{height=26 round=0}: Starting new height height=26
2025-08-25T09:38:14.443067Z  INFO node{moniker=app-1}:consensus{height=26 round=0}: Starting new round height=26 round=0 proposer=815F9FA61D7C4F1E4A9E30D40DCA1115BB48F759 role=None
2025-08-25T09:38:14.443100Z DEBUG node{moniker=app-1}:sync{height.tip=24 height.sync=25}: Starting new height height.tip=25 height.sync=26 restart=false
2025-08-25T09:38:14.443107Z DEBUG node{moniker=app-1}:sync{height.tip=24 height.sync=25}: No peer to request sync from height.sync=26
2025-08-25T09:38:14.447119Z DEBUG node{moniker=app-1}:wal{height=26}: Flushed WAL to disk wal.entries=0 wal.size=12
2025-08-25T09:38:14.447189Z DEBUG node{moniker=app-1}:node{moniker=app-1}: metis-test:consensus-chan recv!!! msg:StartedRound { height: Height(26), round: Some(0), proposer: Address(815F9FA61D7C4F1E4A9E30D40DCA1115BB48F759), role: None, reply_value: Sender { inner: Some(Inner { state: State { is_complete: false, is_closed: false, is_rx_task_set: false, is_tx_task_set: false } }) } }
2025-08-25T09:38:14.447200Z  INFO node{moniker=app-1}:node{moniker=app-1}: 🟢🟢 Started round height=26 round=0 proposer=815F9FA61D7C4F1E4A9E30D40DCA1115BB48F759 role=None
2025-08-25T09:38:14.447210Z ERROR node{moniker=app-1}:consensus{height=26 round=0}: Error when processing effect: Messaging(RecvErr)
2025-08-25T09:38:14.447234Z DEBUG node{moniker=app-1}:consensus{height=26 round=0}: Transitioned to new step step.previous=Unstarted step.new=Propose
2025-08-25T09:38:14.447239Z  INFO node{moniker=app-1}:consensus{height=26 round=0}: Scheduling timeout round=0 step=Propose
2025-08-25T09:38:14.447246Z DEBUG node{moniker=app-1}:consensus{height=26 round=0}: Replaying inputs count=0
2025-08-25T09:38:14.588250Z DEBUG node{moniker=app-1}:node{moniker=app-1}: metis-test:consensus-chan recv!!! msg:ReceivedProposalPart { from: PeerId("12D3KooWD4wDmZaWggpGH9ACLhNztqnBvszLRcmBLzZdKwDiWmYh"), part: StreamMessage { stream_id: StreamId(b"\0\0\0\0\0\0\0\x1a\0\0\0\0\0\0\0\x08"), sequence: 0, content: Data(Init(ProposalInit { height: Height(26), round: Some(0), proposer: Address(815F9FA61D7C4F1E4A9E30D40DCA1115BB48F759) })) }, reply: Sender { inner: Some(Inner { state: State { is_complete: false, is_closed: false, is_rx_task_set: true, is_tx_task_set: false } }) } }
2025-08-25T09:38:14.588292Z  INFO node{moniker=app-1}:node{moniker=app-1}: Received proposal part from=12D3KooWD4wDmZaWggpGH9ACLhNztqnBvszLRcmBLzZdKwDiWmYh part.sequence=0 part.type=init part.size=28
2025-08-25T09:38:14.590310Z DEBUG node{moniker=app-1}:node{moniker=app-1}: metis-test:consensus-chan recv!!! msg:ReceivedProposalPart { from: PeerId("12D3KooWD4wDmZaWggpGH9ACLhNztqnBvszLRcmBLzZdKwDiWmYh"), part: StreamMessage { stream_id: StreamId(b"\0\0\0\0\0\0\0\x1a\0\0\0\0\0\0\0\x08"), sequence: 1, content: Data(Data(ProposalData { bytes: "<...>", len: 545 })) }, reply: Sender { inner: Some(Inner { state: State { is_complete: false, is_closed: false, is_rx_task_set: true, is_tx_task_set: false } }) } }
2025-08-25T09:38:14.590335Z  INFO node{moniker=app-1}:node{moniker=app-1}: Received proposal part from=12D3KooWD4wDmZaWggpGH9ACLhNztqnBvszLRcmBLzZdKwDiWmYh part.sequence=1 part.type=data part.size=551
2025-08-25T09:38:14.590359Z DEBUG node{moniker=app-1}:node{moniker=app-1}: metis-test:consensus-chan recv!!! msg:ReceivedProposalPart { from: PeerId("12D3KooWD4wDmZaWggpGH9ACLhNztqnBvszLRcmBLzZdKwDiWmYh"), part: StreamMessage { stream_id: StreamId(b"\0\0\0\0\0\0\0\x1a\0\0\0\0\0\0\0\x08"), sequence: 2, content: Data(Fin(ProposalFin { signature: Signature(Signature { R_bytes: "4f73e101c7214004402f9fb2760398563153078ae2d7431b9d8dcd52d8c47f49", s_bytes: "1a542cb223b58b6bbb7622d67f7bd36beae154bc1b2b6b89fa9d5cc288d00b0b" }) })) }, reply: Sender { inner: Some(Inner { state: State { is_complete: false, is_closed: false, is_rx_task_set: true, is_tx_task_set: false } }) } }
2025-08-25T09:38:14.590372Z  INFO node{moniker=app-1}:node{moniker=app-1}: Received proposal part from=12D3KooWD4wDmZaWggpGH9ACLhNztqnBvszLRcmBLzZdKwDiWmYh part.sequence=2 part.type=fin part.size=70
2025-08-25T09:38:14.590381Z DEBUG node{moniker=app-1}:node{moniker=app-1}: metis-test:consensus-chan recv!!! msg:ReceivedProposalPart { from: PeerId("12D3KooWD4wDmZaWggpGH9ACLhNztqnBvszLRcmBLzZdKwDiWmYh"), part: StreamMessage { stream_id: StreamId(b"\0\0\0\0\0\0\0\x1a\0\0\0\0\0\0\0\x08"), sequence: 3, content: Fin }, reply: Sender { inner: Some(Inner { state: State { is_complete: false, is_closed: false, is_rx_task_set: true, is_tx_task_set: false } }) } }
2025-08-25T09:38:14.590388Z  INFO node{moniker=app-1}:node{moniker=app-1}: Received proposal part from=12D3KooWD4wDmZaWggpGH9ACLhNztqnBvszLRcmBLzZdKwDiWmYh part.sequence=3 part.type=end of stream part.size=0
2025-08-25T09:38:14.590567Z  INFO node{moniker=app-1}:node{moniker=app-1}: Proposal data[0..32]: 77144558ce9b3bd50c593a54ee518a31ecee5bdebf0126e544b2f488a6ac4fed, total_size: 545 bytes, id: 8769f0ca7106e3c2
2025-08-25T09:38:14.594688Z  INFO node{moniker=app-1}:consensus{height=26 round=0}: Received vote height=26 vote_height=26 address=815F9FA61D7C4F1E4A9E30D40DCA1115BB48F759 Prevote(height: 26, round: 0, value: 8769f0ca7106e3c2, from: 815F9FA61D7C4F1E4A9E30D40DCA1115BB48F759)
2025-08-25T09:38:14.596596Z DEBUG node{moniker=app-1}:wal{height=26}: Wrote log entry type=Consensus(Vote) entry.size=118 
2025-08-25T09:38:14.597512Z  INFO node{moniker=app-1}:consensus{height=26 round=0}: Received proposal consensus.height=26 proposal.height=26 proposal.round=0 proposer=815F9FA61D7C4F1E4A9E30D40DCA1115BB48F759 Proposal(height: 26, round: 0, pol_round: -1, value: 8769f0ca7106e3c2, from: 815F9FA61D7C4F1E4A9E30D40DCA1115BB48F759)
2025-08-25T09:38:14.604828Z DEBUG node{moniker=app-1}:wal{height=26}: Wrote log entry type=Consensus(Proposal) entry.size=668 
2025-08-25T09:38:14.604860Z DEBUG node{moniker=app-1}:node{moniker=app-1}: ✅ Received complete proposal: ProposedValue { height: Height(26), round: Some(0), valid_round: Nil, proposer: Address(815F9FA61D7C4F1E4A9E30D40DCA1115BB48F759), value: Value { value: 9757594819945227202, extensions: b"w\x14EX\xce\x9b;\xd5\x0cY:T\xeeQ\x8a1\xec\xee[\xde\xbf\x01&\xe5D\xb2\xf4\x88\xa6\xacO\xed********************\xec&\xdf\x94B\xc5\xd4\xa0\xa0\xccSH\xc9`\x11[C\xda\x08\xc7\xae\xf6\xbeNL\xcc_\x13l\xa8\x92\xa6V\xe8\x1f\x17\x1b\xccU\xa6\xff\x83E\xe6\x92\xc0\xf8n[H\xe0\x1b\x99l\xad\xc0\x01b/\xb5\xe3c\xb4!\0\0\0\0\0\0\0\0\0\0\0\0\0\0\0\0\0\0\0\0\0\0\0\0\0\0\0\0\0\0\0\0\0\0\0\0\0\0\0\0\0\0\0\0\0\0\0\0\0\0\0\0\0\0\0\0\0\0\0\0\0\0\0\0\0\0\0\0\0\0\0\0\0\0\0\0\0\0\0\0\0\0\0\0\0\0\0\0\0\0\0\0\0\0\0\0\0\0\0\0\0\0\0\0\0\0\0\0\0\0\0\0\0\0\0\0\0\0\0\0\0\0\0\0\0\0\0\0\0\0\0\0\0\0\0\0\0\0\0\0\0\0\0\0\0\0\0\0\0\0\0\0\0\0\0\0\0\0\0\0\0\0\0\0\0\0\0\0\0\0\0\0\0\0\0\0\0\0\0\0\0\0\0\0\0\0\0\0\0\0\0\0\0\0\0\0\0\0\0\0\0\0\0\0\0\0\0\0\0\0\0\0\0\0\0\0\0\0\0\0\0\0\0\0\0\0\0\0\0\0\0\0\0\0\0\0\0\0\0\0\0\0\0\0\0\0\0\0\0\0\0\0\0\0\0\0\0\0\0\0\0\0\0\0\0\0\0\0\0\0\0\0\0\0\0\0\0\0\0\0\0\0\0\0\0\0\0\0\x1a\0\0\0\0\0\0\0j\x87\xd5\x01\0\0\0\0\0\0\0\0\0\0\0\0\x1d/\xach\0\0\0\0\x10\x02\0\0Z\xf2\xd9\x01\0\0\0\0\0\0\0\0\0\0\0\0\0\0\0\0\0\0\0\0\0\0\0\0\0\0\0\0\xcb\xf5\x89\xd1\x8eXq\xa2\x862\x96\xb5\xc7\xc4\xbc\t\xe4\xbf\x16\xe4\xb8\xdf\xb55g\xd6\xbc\x1e\t\xca\x9d'!\x02\0\0!\x02\0\0\0\0\0\0\0\0\0\0\0\0\0\0\0\0\0\0reth/v1.4.1/linux" }, validity: Valid }
2025-08-25T09:38:14.604944Z DEBUG node{moniker=app-1}:consensus{height=26 round=0}: No full proposal for this round yet, stored proposal for later proposal.height=26 proposal.round=0
2025-08-25T09:38:14.604975Z DEBUG node{moniker=app-1}:consensus{height=26 round=0}: We have a full proposal for this round, checking... proposal.height=26 proposal.round=0
2025-08-25T09:38:14.604990Z DEBUG node{moniker=app-1}:consensus{height=26 round=0}: Transitioned to new step step.previous=Propose step.new=Prevote
2025-08-25T09:38:14.609619Z  INFO node{moniker=app-1}:consensus{height=26 round=0}: Received vote height=26 vote_height=26 address=02CB1B49DA09615BD4A12212C39378556D990DFD Precommit(height: 26, round: 0, value: 8769f0ca7106e3c2, from: 02CB1B49DA09615BD4A12212C39378556D990DFD)
2025-08-25T09:38:14.611919Z DEBUG node{moniker=app-1}:wal{height=26}: Wrote log entry type=Consensus(Vote) entry.size=120 
2025-08-25T09:38:14.612867Z  INFO node{moniker=app-1}:consensus{height=26 round=0}: Received vote height=26 vote_height=26 address=02CB1B49DA09615BD4A12212C39378556D990DFD Prevote(height: 26, round: 0, value: 8769f0ca7106e3c2, from: 02CB1B49DA09615BD4A12212C39378556D990DFD)
2025-08-25T09:38:14.612995Z DEBUG node{moniker=app-1}:wal{height=26}: Wrote log entry type=Consensus(Vote) entry.size=118 
2025-08-25T09:38:14.613153Z DEBUG node{moniker=app-1}:consensus{height=26 round=0}: Transitioned to new step step.previous=Prevote step.new=Precommit
2025-08-25T09:38:14.625425Z  INFO node{moniker=app-1}:consensus{height=26 round=0}: Received vote height=26 vote_height=26 address=815F9FA61D7C4F1E4A9E30D40DCA1115BB48F759 Precommit(height: 26, round: 0, value: 8769f0ca7106e3c2, from: 815F9FA61D7C4F1E4A9E30D40DCA1115BB48F759)
2025-08-25T09:38:14.625569Z DEBUG node{moniker=app-1}:wal{height=26}: Wrote log entry type=Consensus(Vote) entry.size=120 
2025-08-25T09:38:14.625679Z DEBUG node{moniker=app-1}:consensus{height=26 round=0}: Transitioned to new step step.previous=Precommit step.new=Commit
2025-08-25T09:38:14.625690Z  INFO node{moniker=app-1}:consensus{height=26 round=0}: Decided round=0 height=26 value=8769f0ca7106e3c2
2025-08-25T09:38:14.629515Z DEBUG node{moniker=app-1}:wal{height=26}: Flushed WAL to disk wal.entries=5 wal.size=1221
2025-08-25T09:38:14.629610Z DEBUG node{moniker=app-1}:sync{height.tip=25 height.sync=26}: Updating request state height.tip=26
2025-08-25T09:38:14.629623Z DEBUG node{moniker=app-1}:node{moniker=app-1}: metis-test:consensus-chan recv!!! msg:Decided { certificate: CommitCertificate { height: Height(26), round: Some(0), value_id: ValueId(9757594819945227202), commit_signatures: [CommitSignature { address: Address(02CB1B49DA09615BD4A12212C39378556D990DFD), signature: Signature(Signature { R_bytes: "dce23e3045508e204edf9f3b08ce1eab9f20e1612c8781a876355171aea57f3c", s_bytes: "dce7f48886ac4a0058b5d975c6407ebaf18bdfcda41dbe5f3c5f9d83f505db09" }) }, CommitSignature { address: Address(815F9FA61D7C4F1E4A9E30D40DCA1115BB48F759), signature: Signature(Signature { R_bytes: "c7b00c317b8081ea329d5c1c0704ceec96c9fc9e7d1b853c183132e589d61141", s_bytes: "0c0a5fe3eeeee28c623ed464df342fa8becd34063a7533489b13e806cdb4710d" }) }] }, extensions: VoteExtensions { extensions: [] }, reply: Sender { inner: Some(Inner { state: State { is_complete: false, is_closed: false, is_rx_task_set: true, is_tx_task_set: false } }) } }
2025-08-25T09:38:14.629643Z  INFO node{moniker=app-1}:node{moniker=app-1}: 🟢🟢 Consensus has decided on value height=26 round=0 value=8769f0ca7106e3c2
2025-08-25T09:38:14.629695Z DEBUG node{moniker=app-1}:node{moniker=app-1}: 🎁 block size: 545, height: 26
2025-08-25T09:38:14.629705Z  INFO node{moniker=app-1}:node{moniker=app-1}: 👉 stats at height 26: #txs=0, txs/s=0.00, chain_bytes=14170, bytes/s=1862.78
2025-08-25T09:38:14.629709Z DEBUG node{moniker=app-1}:node{moniker=app-1}: 🦄 Block at height 26 contains 0 transactions
2025-08-25T09:38:14.630839Z DEBUG node{moniker=app-1}:node{moniker=app-1}: 💡 New block added at height 26 with hash: 0xcbf589d18e5871a2863296b5c7c4bc09e4bf16e4b8dfb53567d6bc1e09ca9d27
2025-08-25T09:38:14.630846Z DEBUG node{moniker=app-1}:node{moniker=app-1}: 🟠 set_latest_forkchoice_state: 0xcbf589d18e5871a2863296b5c7c4bc09e4bf16e4b8dfb53567d6bc1e09ca9d27
2025-08-25T09:38:14.631690Z DEBUG node{moniker=app-1}:node{moniker=app-1}: ➡️ payload_status: PayloadStatus { status: Valid, latest_valid_hash: Some(0xcbf589d18e5871a2863296b5c7c4bc09e4bf16e4b8dfb53567d6bc1e09ca9d27) }
2025-08-25T09:38:14.631696Z DEBUG node{moniker=app-1}:node{moniker=app-1}: 🚀 Forkchoice updated to height 26 for block hash=0xcbf589d18e5871a2863296b5c7c4bc09e4bf16e4b8dfb53567d6bc1e09ca9d27 and latest_valid_hash=0xcbf589d18e5871a2863296b5c7c4bc09e4bf16e4b8dfb53567d6bc1e09ca9d27
2025-08-25T09:38:14.631699Z  INFO node{moniker=app-1}:node{moniker=app-1}: Looking for certificate height=26 round=0
2025-08-25T09:38:14.638601Z  INFO node{moniker=app-1}:node{moniker=app-1}: Committed block_data[0..32]: 77144558ce9b3bd50c593a54ee518a31ecee5bdebf0126e544b2f488a6ac4fed
2025-08-25T09:38:14.672264Z DEBUG node{moniker=app-1}:wal{height=27}: Reset WAL height=27
2025-08-25T09:38:14.672829Z DEBUG node{moniker=app-1}:consensus{height=27 round=0}: No WAL entries to replay height=27
2025-08-25T09:38:14.672904Z  INFO node{moniker=app-1}:consensus{height=27 round=0}: Starting new height height=27
2025-08-25T09:38:14.672911Z  INFO node{moniker=app-1}:consensus{height=27 round=0}: Starting new round height=27 round=0 proposer=815F9FA61D7C4F1E4A9E30D40DCA1115BB48F759 role=Validator
2025-08-25T09:38:14.672944Z DEBUG node{moniker=app-1}:sync{height.tip=25 height.sync=26}: Starting new height height.tip=26 height.sync=27 restart=false
2025-08-25T09:38:14.672950Z DEBUG node{moniker=app-1}:sync{height.tip=25 height.sync=26}: No peer to request sync from height.sync=27
2025-08-25T09:38:14.684831Z DEBUG node{moniker=app-1}:wal{height=27}: Flushed WAL to disk wal.entries=0 wal.size=12
2025-08-25T09:38:14.684940Z DEBUG node{moniker=app-1}:node{moniker=app-1}: metis-test:consensus-chan recv!!! msg:StartedRound { height: Height(27), round: Some(0), proposer: Address(815F9FA61D7C4F1E4A9E30D40DCA1115BB48F759), role: Validator, reply_value: Sender { inner: Some(Inner { state: State { is_complete: false, is_closed: false, is_rx_task_set: false, is_tx_task_set: false } }) } }
2025-08-25T09:38:14.684955Z  INFO node{moniker=app-1}:node{moniker=app-1}: 🟢🟢 Started round height=27 round=0 proposer=815F9FA61D7C4F1E4A9E30D40DCA1115BB48F759 role=Validator
2025-08-25T09:38:14.684969Z ERROR node{moniker=app-1}:consensus{height=27 round=0}: Error when processing effect: Messaging(RecvErr)
2025-08-25T09:38:14.684998Z DEBUG node{moniker=app-1}:consensus{height=27 round=0}: Transitioned to new step step.previous=Unstarted step.new=Propose
2025-08-25T09:38:14.685004Z  INFO node{moniker=app-1}:consensus{height=27 round=0}: Scheduling timeout round=0 step=Propose
2025-08-25T09:38:14.685021Z DEBUG node{moniker=app-1}:consensus{height=27 round=0}: Replaying inputs count=0
2025-08-25T09:38:14.693430Z DEBUG node{moniker=app-1}:node{moniker=app-1}: metis-test:consensus-chan recv!!! msg:ReceivedProposalPart { from: PeerId("12D3KooWD4wDmZaWggpGH9ACLhNztqnBvszLRcmBLzZdKwDiWmYh"), part: StreamMessage { stream_id: StreamId(b"\0\0\0\0\0\0\0\x1b\0\0\0\0\0\0\0\t"), sequence: 0, content: Data(Init(ProposalInit { height: Height(27), round: Some(0), proposer: Address(815F9FA61D7C4F1E4A9E30D40DCA1115BB48F759) })) }, reply: Sender { inner: Some(Inner { state: State { is_complete: false, is_closed: false, is_rx_task_set: true, is_tx_task_set: false } }) } }
2025-08-25T09:38:14.693471Z  INFO node{moniker=app-1}:node{moniker=app-1}: Received proposal part from=12D3KooWD4wDmZaWggpGH9ACLhNztqnBvszLRcmBLzZdKwDiWmYh part.sequence=0 part.type=init part.size=28
2025-08-25T09:38:14.694554Z DEBUG node{moniker=app-1}:node{moniker=app-1}: metis-test:consensus-chan recv!!! msg:ReceivedProposalPart { from: PeerId("12D3KooWD4wDmZaWggpGH9ACLhNztqnBvszLRcmBLzZdKwDiWmYh"), part: StreamMessage { stream_id: StreamId(b"\0\0\0\0\0\0\0\x1b\0\0\0\0\0\0\0\t"), sequence: 1, content: Data(Data(ProposalData { bytes: "<...>", len: 545 })) }, reply: Sender { inner: Some(Inner { state: State { is_complete: false, is_closed: false, is_rx_task_set: true, is_tx_task_set: false } }) } }
2025-08-25T09:38:14.694583Z  INFO node{moniker=app-1}:node{moniker=app-1}: Received proposal part from=12D3KooWD4wDmZaWggpGH9ACLhNztqnBvszLRcmBLzZdKwDiWmYh part.sequence=1 part.type=data part.size=551
2025-08-25T09:38:14.694608Z DEBUG node{moniker=app-1}:node{moniker=app-1}: metis-test:consensus-chan recv!!! msg:ReceivedProposalPart { from: PeerId("12D3KooWD4wDmZaWggpGH9ACLhNztqnBvszLRcmBLzZdKwDiWmYh"), part: StreamMessage { stream_id: StreamId(b"\0\0\0\0\0\0\0\x1b\0\0\0\0\0\0\0\t"), sequence: 2, content: Data(Fin(ProposalFin { signature: Signature(Signature { R_bytes: "b71ea21ebc1ed91a424dbe8a9b8cce32be053399b2bfa4028a0e878737fd2b6d", s_bytes: "63a8e1cacf00141cd74fcd47f01cdc296cb9b9a147abdfec89e1c5a67f865a0f" }) })) }, reply: Sender { inner: Some(Inner { state: State { is_complete: false, is_closed: false, is_rx_task_set: true, is_tx_task_set: false } }) } }
2025-08-25T09:38:14.694624Z  INFO node{moniker=app-1}:node{moniker=app-1}: Received proposal part from=12D3KooWD4wDmZaWggpGH9ACLhNztqnBvszLRcmBLzZdKwDiWmYh part.sequence=2 part.type=fin part.size=70
2025-08-25T09:38:14.695762Z DEBUG node{moniker=app-1}:node{moniker=app-1}: metis-test:consensus-chan recv!!! msg:ReceivedProposalPart { from: PeerId("12D3KooWD4wDmZaWggpGH9ACLhNztqnBvszLRcmBLzZdKwDiWmYh"), part: StreamMessage { stream_id: StreamId(b"\0\0\0\0\0\0\0\x1b\0\0\0\0\0\0\0\t"), sequence: 3, content: Fin }, reply: Sender { inner: Some(Inner { state: State { is_complete: false, is_closed: false, is_rx_task_set: true, is_tx_task_set: false } }) } }
2025-08-25T09:38:14.695779Z  INFO node{moniker=app-1}:node{moniker=app-1}: Received proposal part from=12D3KooWD4wDmZaWggpGH9ACLhNztqnBvszLRcmBLzZdKwDiWmYh part.sequence=3 part.type=end of stream part.size=0
2025-08-25T09:38:14.696029Z  INFO node{moniker=app-1}:node{moniker=app-1}: Proposal data[0..32]: cbf589d18e5871a2863296b5c7c4bc09e4bf16e4b8dfb53567d6bc1e09ca9d27, total_size: 545 bytes, id: 1ff0453b0b5e850a
2025-08-25T09:38:14.700581Z  INFO node{moniker=app-1}:consensus{height=27 round=0}: Received vote height=27 vote_height=27 address=815F9FA61D7C4F1E4A9E30D40DCA1115BB48F759 Prevote(height: 27, round: 0, value: 1ff0453b0b5e850a, from: 815F9FA61D7C4F1E4A9E30D40DCA1115BB48F759)
2025-08-25T09:38:14.703992Z DEBUG node{moniker=app-1}:wal{height=27}: Wrote log entry type=Consensus(Vote) entry.size=117 
2025-08-25T09:38:14.705900Z  INFO node{moniker=app-1}:consensus{height=27 round=0}: Received proposal consensus.height=27 proposal.height=27 proposal.round=0 proposer=815F9FA61D7C4F1E4A9E30D40DCA1115BB48F759 Proposal(height: 27, round: 0, pol_round: -1, value: 1ff0453b0b5e850a, from: 815F9FA61D7C4F1E4A9E30D40DCA1115BB48F759)
2025-08-25T09:38:14.708825Z DEBUG node{moniker=app-1}:wal{height=27}: Wrote log entry type=Consensus(Proposal) entry.size=667 
2025-08-25T09:38:14.708943Z DEBUG node{moniker=app-1}:consensus{height=27 round=0}: No full proposal for this round yet, stored proposal for later proposal.height=27 proposal.round=0
2025-08-25T09:38:14.714696Z DEBUG node{moniker=app-1}:node{moniker=app-1}: ✅ Received complete proposal: ProposedValue { height: Height(27), round: Some(0), valid_round: Nil, proposer: Address(815F9FA61D7C4F1E4A9E30D40DCA1115BB48F759), value: Value { value: 2301415529482454282, extensions: b"\xcb\xf5\x89\xd1\x8eXq\xa2\x862\x96\xb5\xc7\xc4\xbc\t\xe4\xbf\x16\xe4\xb8\xdf\xb55g\xd6\xbc\x1e\t\xca\x9d'********************\xec&\xdf\x94B\xc5\xd4\xa0\xa0\xccSH\xc9`\x11[C\xda\x08\xc7\xae\xf6\xbeNL\xcc_\x13l\xa8\x92\xa6V\xe8\x1f\x17\x1b\xccU\xa6\xff\x83E\xe6\x92\xc0\xf8n[H\xe0\x1b\x99l\xad\xc0\x01b/\xb5\xe3c\xb4!\0\0\0\0\0\0\0\0\0\0\0\0\0\0\0\0\0\0\0\0\0\0\0\0\0\0\0\0\0\0\0\0\0\0\0\0\0\0\0\0\0\0\0\0\0\0\0\0\0\0\0\0\0\0\0\0\0\0\0\0\0\0\0\0\0\0\0\0\0\0\0\0\0\0\0\0\0\0\0\0\0\0\0\0\0\0\0\0\0\0\0\0\0\0\0\0\0\0\0\0\0\0\0\0\0\0\0\0\0\0\0\0\0\0\0\0\0\0\0\0\0\0\0\0\0\0\0\0\0\0\0\0\0\0\0\0\0\0\0\0\0\0\0\0\0\0\0\0\0\0\0\0\0\0\0\0\0\0\0\0\0\0\0\0\0\0\0\0\0\0\0\0\0\0\0\0\0\0\0\0\0\0\0\0\0\0\0\0\0\0\0\0\0\0\0\0\0\0\0\0\0\0\0\0\0\0\0\0\0\0\0\0\0\0\0\0\0\0\0\0\0\0\0\0\0\0\0\0\0\0\0\0\0\0\0\0\0\0\0\0\0\0\0\0\0\0\0\0\0\0\0\0\0\0\0\0\0\0\0\0\0\0\0\0\0\0\0\0\0\0\0\0\0\0\0\0\0\0\0\0\0\0\0\0\0\0\0\0\x1b\0\0\0\0\0\0\0\xca\xfc\xd5\x01\0\0\0\0\0\0\0\0\0\0\0\0\x1e/\xach\0\0\0\0\x10\x02\0\0\x0f\xb4\x9e\x01\0\0\0\0\0\0\0\0\0\0\0\0\0\0\0\0\0\0\0\0\0\0\0\0\0\0\0\0\xc8\xd2_[\x17\x8b\xfab\xf1Y\xcd\x1ecH\x98\xcc`6\x9a^\x02;y\x82}#\xa8G\x1aL\x19^!\x02\0\0!\x02\0\0\0\0\0\0\0\0\0\0\0\0\0\0\0\0\0\0reth/v1.4.1/linux" }, validity: Valid }
2025-08-25T09:38:14.714758Z DEBUG node{moniker=app-1}:consensus{height=27 round=0}: We have a full proposal for this round, checking... proposal.height=27 proposal.round=0
2025-08-25T09:38:14.714773Z DEBUG node{moniker=app-1}:consensus{height=27 round=0}: Transitioned to new step step.previous=Propose step.new=Prevote
2025-08-25T09:38:14.714785Z  INFO node{moniker=app-1}:consensus{height=27 round=0}: Voting vote_type=Prevote value=1ff0453b0b5e850a round=0
2025-08-25T09:38:14.715076Z  INFO node{moniker=app-1}:consensus{height=27 round=0}: Received vote height=27 vote_height=27 address=DE7BA2BE72D2225286133990FF5810B691A5261C Prevote(height: 27, round: 0, value: 1ff0453b0b5e850a, from: DE7BA2BE72D2225286133990FF5810B691A5261C)
2025-08-25T09:38:14.715217Z DEBUG node{moniker=app-1}:wal{height=27}: Wrote log entry type=Consensus(Vote) entry.size=117 
2025-08-25T09:38:14.715275Z DEBUG node{moniker=app-1}:consensus{height=27 round=0}: Transitioned to new step step.previous=Prevote step.new=Precommit
2025-08-25T09:38:14.715282Z  INFO node{moniker=app-1}:consensus{height=27 round=0}: Voting vote_type=Precommit value=1ff0453b0b5e850a round=0
2025-08-25T09:38:14.715301Z DEBUG node{moniker=app-1}:node{moniker=app-1}: metis-test:consensus-chan recv!!! msg:ExtendVote { height: Height(27), round: Some(0), value_id: ValueId(2301415529482454282), reply: Sender { inner: Some(Inner { state: State { is_complete: false, is_closed: false, is_rx_task_set: true, is_tx_task_set: false } }) } }
2025-08-25T09:38:14.715462Z  INFO node{moniker=app-1}:consensus{height=27 round=0}: Received vote height=27 vote_height=27 address=DE7BA2BE72D2225286133990FF5810B691A5261C Precommit(height: 27, round: 0, value: 1ff0453b0b5e850a, from: DE7BA2BE72D2225286133990FF5810B691A5261C)
2025-08-25T09:38:14.715517Z DEBUG node{moniker=app-1}:wal{height=27}: Wrote log entry type=Consensus(Vote) entry.size=119 
2025-08-25T09:38:14.718326Z DEBUG node{moniker=app-1}:wal{height=27}: Flushed WAL to disk wal.entries=4 wal.size=1084
2025-08-25T09:38:14.718662Z DEBUG node{moniker=app-1}:network: Published message channel=/consensus size=110
2025-08-25T09:38:14.729756Z DEBUG node{moniker=app-1}:wal{height=27}: Flushed WAL to disk wal.entries=4 wal.size=1084
2025-08-25T09:38:14.730289Z DEBUG node{moniker=app-1}:network: Published message channel=/consensus size=108
2025-08-25T09:38:14.750039Z  INFO node{moniker=app-1}:consensus{height=27 round=0}: Received vote height=27 vote_height=27 address=815F9FA61D7C4F1E4A9E30D40DCA1115BB48F759 Precommit(height: 27, round: 0, value: 1ff0453b0b5e850a, from: 815F9FA61D7C4F1E4A9E30D40DCA1115BB48F759)
2025-08-25T09:38:14.753257Z DEBUG node{moniker=app-1}:wal{height=27}: Wrote log entry type=Consensus(Vote) entry.size=119 
2025-08-25T09:38:14.753574Z DEBUG node{moniker=app-1}:consensus{height=27 round=0}: Transitioned to new step step.previous=Precommit step.new=Commit
2025-08-25T09:38:14.753588Z  INFO node{moniker=app-1}:consensus{height=27 round=0}: Decided round=0 height=27 value=1ff0453b0b5e850a
2025-08-25T09:38:14.789916Z DEBUG node{moniker=app-1}:wal{height=27}: Flushed WAL to disk wal.entries=5 wal.size=1216
2025-08-25T09:38:14.790108Z DEBUG node{moniker=app-1}:sync{height.tip=26 height.sync=27}: Updating request state height.tip=27
2025-08-25T09:38:14.790135Z DEBUG node{moniker=app-1}:node{moniker=app-1}: metis-test:consensus-chan recv!!! msg:Decided { certificate: CommitCertificate { height: Height(27), round: Some(0), value_id: ValueId(2301415529482454282), commit_signatures: [CommitSignature { address: Address(815F9FA61D7C4F1E4A9E30D40DCA1115BB48F759), signature: Signature(Signature { R_bytes: "74d7cd0c397048c3b3f87118b7d7d113756a122814c46ea742206290406b942b", s_bytes: "ed3a9c559d97f755cee4e58d193a96d17169c1ed501289867f298ae72a3eb204" }) }, CommitSignature { address: Address(DE7BA2BE72D2225286133990FF5810B691A5261C), signature: Signature(Signature { R_bytes: "ace43a7b64821c6e36a96f4a623d95304dcfdfad1388a51fe479b33240150343", s_bytes: "8fbb05ddf2033f7fc16d8f01d7cb7d08c6597ab026c84e89dd9f9755482b5a05" }) }] }, extensions: VoteExtensions { extensions: [] }, reply: Sender { inner: Some(Inner { state: State { is_complete: false, is_closed: false, is_rx_task_set: true, is_tx_task_set: false } }) } }
2025-08-25T09:38:14.790168Z  INFO node{moniker=app-1}:node{moniker=app-1}: 🟢🟢 Consensus has decided on value height=27 round=0 value=1ff0453b0b5e850a
2025-08-25T09:38:14.790277Z DEBUG node{moniker=app-1}:node{moniker=app-1}: 🎁 block size: 545, height: 27
2025-08-25T09:38:14.790295Z  INFO node{moniker=app-1}:node{moniker=app-1}: 👉 stats at height 27: #txs=0, txs/s=0.00, chain_bytes=14715, bytes/s=1894.44
2025-08-25T09:38:14.790303Z DEBUG node{moniker=app-1}:node{moniker=app-1}: 🦄 Block at height 27 contains 0 transactions
2025-08-25T09:38:14.793040Z DEBUG node{moniker=app-1}:node{moniker=app-1}: 💡 New block added at height 27 with hash: 0xc8d25f5b178bfa62f159cd1e634898cc60369a5e023b79827d23a8471a4c195e
2025-08-25T09:38:14.793054Z DEBUG node{moniker=app-1}:node{moniker=app-1}: 🟠 set_latest_forkchoice_state: 0xc8d25f5b178bfa62f159cd1e634898cc60369a5e023b79827d23a8471a4c195e
2025-08-25T09:38:14.794449Z DEBUG node{moniker=app-1}:node{moniker=app-1}: ➡️ payload_status: PayloadStatus { status: Valid, latest_valid_hash: Some(0xc8d25f5b178bfa62f159cd1e634898cc60369a5e023b79827d23a8471a4c195e) }
2025-08-25T09:38:14.794458Z DEBUG node{moniker=app-1}:node{moniker=app-1}: 🚀 Forkchoice updated to height 27 for block hash=0xc8d25f5b178bfa62f159cd1e634898cc60369a5e023b79827d23a8471a4c195e and latest_valid_hash=0xc8d25f5b178bfa62f159cd1e634898cc60369a5e023b79827d23a8471a4c195e
2025-08-25T09:38:14.794461Z  INFO node{moniker=app-1}:node{moniker=app-1}: Looking for certificate height=27 round=0
2025-08-25T09:38:14.811758Z  INFO node{moniker=app-1}:node{moniker=app-1}: Committed block_data[0..32]: cbf589d18e5871a2863296b5c7c4bc09e4bf16e4b8dfb53567d6bc1e09ca9d27
2025-08-25T09:38:14.888708Z DEBUG node{moniker=app-1}:wal{height=28}: Reset WAL height=28
2025-08-25T09:38:14.889253Z DEBUG node{moniker=app-1}:consensus{height=28 round=0}: No WAL entries to replay height=28
2025-08-25T09:38:14.889298Z  INFO node{moniker=app-1}:consensus{height=28 round=0}: Starting new height height=28
2025-08-25T09:38:14.889306Z  INFO node{moniker=app-1}:consensus{height=28 round=0}: Starting new round height=28 round=0 proposer=02CB1B49DA09615BD4A12212C39378556D990DFD role=Validator
2025-08-25T09:38:14.889429Z DEBUG node{moniker=app-1}:sync{height.tip=26 height.sync=27}: Starting new height height.tip=27 height.sync=28 restart=false
2025-08-25T09:38:14.889444Z DEBUG node{moniker=app-1}:sync{height.tip=26 height.sync=27}: No peer to request sync from height.sync=28
2025-08-25T09:38:14.895856Z DEBUG node{moniker=app-1}:wal{height=28}: Flushed WAL to disk wal.entries=0 wal.size=12
2025-08-25T09:38:14.896395Z DEBUG node{moniker=app-1}:node{moniker=app-1}: metis-test:consensus-chan recv!!! msg:StartedRound { height: Height(28), round: Some(0), proposer: Address(02CB1B49DA09615BD4A12212C39378556D990DFD), role: Validator, reply_value: Sender { inner: Some(Inner { state: State { is_complete: false, is_closed: false, is_rx_task_set: false, is_tx_task_set: false } }) } }
2025-08-25T09:38:14.896414Z  INFO node{moniker=app-1}:node{moniker=app-1}: 🟢🟢 Started round height=28 round=0 proposer=02CB1B49DA09615BD4A12212C39378556D990DFD role=Validator
2025-08-25T09:38:14.896429Z ERROR node{moniker=app-1}:consensus{height=28 round=0}: Error when processing effect: Messaging(RecvErr)
2025-08-25T09:38:14.896450Z DEBUG node{moniker=app-1}:consensus{height=28 round=0}: Transitioned to new step step.previous=Unstarted step.new=Propose
2025-08-25T09:38:14.896457Z  INFO node{moniker=app-1}:consensus{height=28 round=0}: Scheduling timeout round=0 step=Propose
2025-08-25T09:38:14.896467Z DEBUG node{moniker=app-1}:consensus{height=28 round=0}: Replaying inputs count=0
2025-08-25T09:38:14.914107Z DEBUG node{moniker=app-1}:node{moniker=app-1}: metis-test:consensus-chan recv!!! msg:ReceivedProposalPart { from: PeerId("12D3KooWR2Quwt2G6MyT6WQkUdfS8nHZu7XcPotkmbhuEoqc94oJ"), part: StreamMessage { stream_id: StreamId(b"\0\0\0\0\0\0\0\x1c\0\0\0\0\0\0\0\t"), sequence: 0, content: Data(Init(ProposalInit { height: Height(28), round: Some(0), proposer: Address(02CB1B49DA09615BD4A12212C39378556D990DFD) })) }, reply: Sender { inner: Some(Inner { state: State { is_complete: false, is_closed: false, is_rx_task_set: true, is_tx_task_set: false } }) } }
2025-08-25T09:38:14.914147Z  INFO node{moniker=app-1}:node{moniker=app-1}: Received proposal part from=12D3KooWR2Quwt2G6MyT6WQkUdfS8nHZu7XcPotkmbhuEoqc94oJ part.sequence=0 part.type=init part.size=28
2025-08-25T09:38:14.914194Z DEBUG node{moniker=app-1}:node{moniker=app-1}: metis-test:consensus-chan recv!!! msg:ReceivedProposalPart { from: PeerId("12D3KooWR2Quwt2G6MyT6WQkUdfS8nHZu7XcPotkmbhuEoqc94oJ"), part: StreamMessage { stream_id: StreamId(b"\0\0\0\0\0\0\0\x1c\0\0\0\0\0\0\0\t"), sequence: 1, content: Data(Data(ProposalData { bytes: "<...>", len: 545 })) }, reply: Sender { inner: Some(Inner { state: State { is_complete: false, is_closed: false, is_rx_task_set: true, is_tx_task_set: false } }) } }
2025-08-25T09:38:14.914208Z  INFO node{moniker=app-1}:node{moniker=app-1}: Received proposal part from=12D3KooWR2Quwt2G6MyT6WQkUdfS8nHZu7XcPotkmbhuEoqc94oJ part.sequence=1 part.type=data part.size=551
2025-08-25T09:38:14.914221Z DEBUG node{moniker=app-1}:node{moniker=app-1}: metis-test:consensus-chan recv!!! msg:ReceivedProposalPart { from: PeerId("12D3KooWR2Quwt2G6MyT6WQkUdfS8nHZu7XcPotkmbhuEoqc94oJ"), part: StreamMessage { stream_id: StreamId(b"\0\0\0\0\0\0\0\x1c\0\0\0\0\0\0\0\t"), sequence: 2, content: Data(Fin(ProposalFin { signature: Signature(Signature { R_bytes: "8dfd46ebc8af9a3633b22701bfd851249c94e016da5a27b36a2ed1668e978676", s_bytes: "115e2f69a98cfbfc48369ea091330f5e1ccc803977b8f62e7099c2ea33f01601" }) })) }, reply: Sender { inner: Some(Inner { state: State { is_complete: false, is_closed: false, is_rx_task_set: true, is_tx_task_set: false } }) } }
2025-08-25T09:38:14.914234Z  INFO node{moniker=app-1}:node{moniker=app-1}: Received proposal part from=12D3KooWR2Quwt2G6MyT6WQkUdfS8nHZu7XcPotkmbhuEoqc94oJ part.sequence=2 part.type=fin part.size=70
2025-08-25T09:38:14.914245Z DEBUG node{moniker=app-1}:node{moniker=app-1}: metis-test:consensus-chan recv!!! msg:ReceivedProposalPart { from: PeerId("12D3KooWR2Quwt2G6MyT6WQkUdfS8nHZu7XcPotkmbhuEoqc94oJ"), part: StreamMessage { stream_id: StreamId(b"\0\0\0\0\0\0\0\x1c\0\0\0\0\0\0\0\t"), sequence: 3, content: Fin }, reply: Sender { inner: Some(Inner { state: State { is_complete: false, is_closed: false, is_rx_task_set: true, is_tx_task_set: false } }) } }
2025-08-25T09:38:14.914253Z  INFO node{moniker=app-1}:node{moniker=app-1}: Received proposal part from=12D3KooWR2Quwt2G6MyT6WQkUdfS8nHZu7XcPotkmbhuEoqc94oJ part.sequence=3 part.type=end of stream part.size=0
2025-08-25T09:38:14.914516Z  INFO node{moniker=app-1}:node{moniker=app-1}: Proposal data[0..32]: c8d25f5b178bfa62f159cd1e634898cc60369a5e023b79827d23a8471a4c195e, total_size: 545 bytes, id: 1af80494cf98ebb8
2025-08-25T09:38:14.923740Z DEBUG node{moniker=app-1}:node{moniker=app-1}: ✅ Received complete proposal: ProposedValue { height: Height(28), round: Some(0), valid_round: Nil, proposer: Address(02CB1B49DA09615BD4A12212C39378556D990DFD), value: Value { value: 1943308276394945464, extensions: b"\xc8\xd2_[\x17\x8b\xfab\xf1Y\xcd\x1ecH\x98\xcc`6\x9a^\x02;y\x82}#\xa8G\x1aL\x19^********************\xec&\xdf\x94B\xc5\xd4\xa0\xa0\xccSH\xc9`\x11[C\xda\x08\xc7\xae\xf6\xbeNL\xcc_\x13l\xa8\x92\xa6V\xe8\x1f\x17\x1b\xccU\xa6\xff\x83E\xe6\x92\xc0\xf8n[H\xe0\x1b\x99l\xad\xc0\x01b/\xb5\xe3c\xb4!\0\0\0\0\0\0\0\0\0\0\0\0\0\0\0\0\0\0\0\0\0\0\0\0\0\0\0\0\0\0\0\0\0\0\0\0\0\0\0\0\0\0\0\0\0\0\0\0\0\0\0\0\0\0\0\0\0\0\0\0\0\0\0\0\0\0\0\0\0\0\0\0\0\0\0\0\0\0\0\0\0\0\0\0\0\0\0\0\0\0\0\0\0\0\0\0\0\0\0\0\0\0\0\0\0\0\0\0\0\0\0\0\0\0\0\0\0\0\0\0\0\0\0\0\0\0\0\0\0\0\0\0\0\0\0\0\0\0\0\0\0\0\0\0\0\0\0\0\0\0\0\0\0\0\0\0\0\0\0\0\0\0\0\0\0\0\0\0\0\0\0\0\0\0\0\0\0\0\0\0\0\0\0\0\0\0\0\0\0\0\0\0\0\0\0\0\0\0\0\0\0\0\0\0\0\0\0\0\0\0\0\0\0\0\0\0\0\0\0\0\0\0\0\0\0\0\0\0\0\0\0\0\0\0\0\0\0\0\0\0\0\0\0\0\0\0\0\0\0\0\0\0\0\0\0\0\0\0\0\0\0\0\0\0\0\0\0\0\0\0\0\0\0\0\0\0\0\0\0\0\0\0\0\0\0\0\0\0\x1c\0\0\0\0\0\0\0Hr\xd6\x01\0\0\0\0\0\0\0\0\0\0\0\0\x1f/\xach\0\0\0\0\x10\x02\0\0\x8e\xddj\x01\0\0\0\0\0\0\0\0\0\0\0\0\0\0\0\0\0\0\0\0\0\0\0\0\0\0\0\0\xb7\x06x$xk#\xba\x02PP\xa3Y\xaci\xdbT,*\x0e\x1bA<\xd3\x98b&)8\"\xaf\xba!\x02\0\0!\x02\0\0\0\0\0\0\0\0\0\0\0\0\0\0\0\0\0\0reth/v1.4.1/linux" }, validity: Valid }
2025-08-25T09:38:14.924141Z DEBUG node{moniker=app-1}:wal{height=28}: Wrote log entry type=LocallyProposedValue entry.size=598 
2025-08-25T09:38:14.933479Z  INFO node{moniker=app-1}:consensus{height=28 round=0}: Received vote height=28 vote_height=28 address=02CB1B49DA09615BD4A12212C39378556D990DFD Prevote(height: 28, round: 0, value: 1af80494cf98ebb8, from: 02CB1B49DA09615BD4A12212C39378556D990DFD)
2025-08-25T09:38:14.935455Z DEBUG node{moniker=app-1}:wal{height=28}: Wrote log entry type=Consensus(Vote) entry.size=117 
2025-08-25T09:38:14.937170Z  INFO node{moniker=app-1}:consensus{height=28 round=0}: Received proposal consensus.height=28 proposal.height=28 proposal.round=0 proposer=02CB1B49DA09615BD4A12212C39378556D990DFD Proposal(height: 28, round: 0, pol_round: -1, value: 1af80494cf98ebb8, from: 02CB1B49DA09615BD4A12212C39378556D990DFD)
2025-08-25T09:38:14.937584Z DEBUG node{moniker=app-1}:wal{height=28}: Wrote log entry type=Consensus(Proposal) entry.size=667 
2025-08-25T09:38:14.937623Z DEBUG node{moniker=app-1}:consensus{height=28 round=0}: Transitioned to new step step.previous=Propose step.new=Prevote
2025-08-25T09:38:14.937634Z  INFO node{moniker=app-1}:consensus{height=28 round=0}: Voting vote_type=Prevote value=1af80494cf98ebb8 round=0
2025-08-25T09:38:14.937793Z  INFO node{moniker=app-1}:consensus{height=28 round=0}: Received vote height=28 vote_height=28 address=DE7BA2BE72D2225286133990FF5810B691A5261C Prevote(height: 28, round: 0, value: 1af80494cf98ebb8, from: DE7BA2BE72D2225286133990FF5810B691A5261C)
2025-08-25T09:38:14.937861Z DEBUG node{moniker=app-1}:wal{height=28}: Wrote log entry type=Consensus(Vote) entry.size=117 
2025-08-25T09:38:14.937898Z DEBUG node{moniker=app-1}:consensus{height=28 round=0}: Transitioned to new step step.previous=Prevote step.new=Precommit
2025-08-25T09:38:14.937905Z  INFO node{moniker=app-1}:consensus{height=28 round=0}: Voting vote_type=Precommit value=1af80494cf98ebb8 round=0
2025-08-25T09:38:14.937924Z DEBUG node{moniker=app-1}:node{moniker=app-1}: metis-test:consensus-chan recv!!! msg:ExtendVote { height: Height(28), round: Some(0), value_id: ValueId(1943308276394945464), reply: Sender { inner: Some(Inner { state: State { is_complete: false, is_closed: false, is_rx_task_set: true, is_tx_task_set: false } }) } }
2025-08-25T09:38:14.938141Z  INFO node{moniker=app-1}:consensus{height=28 round=0}: Received vote height=28 vote_height=28 address=DE7BA2BE72D2225286133990FF5810B691A5261C Precommit(height: 28, round: 0, value: 1af80494cf98ebb8, from: DE7BA2BE72D2225286133990FF5810B691A5261C)
2025-08-25T09:38:14.938210Z DEBUG node{moniker=app-1}:wal{height=28}: Wrote log entry type=Consensus(Vote) entry.size=119 
2025-08-25T09:38:14.941188Z DEBUG node{moniker=app-1}:wal{height=28}: Flushed WAL to disk wal.entries=5 wal.size=1695
2025-08-25T09:38:14.941432Z DEBUG node{moniker=app-1}:network: Published message channel=/consensus size=110
2025-08-25T09:38:14.945465Z DEBUG node{moniker=app-1}:wal{height=28}: Flushed WAL to disk wal.entries=5 wal.size=1695
2025-08-25T09:38:14.945850Z DEBUG node{moniker=app-1}:network: Published message channel=/consensus size=108
2025-08-25T09:38:14.955019Z  INFO node{moniker=app-1}:consensus{height=28 round=0}: Received vote height=28 vote_height=28 address=02CB1B49DA09615BD4A12212C39378556D990DFD Precommit(height: 28, round: 0, value: 1af80494cf98ebb8, from: 02CB1B49DA09615BD4A12212C39378556D990DFD)
2025-08-25T09:38:14.956106Z DEBUG node{moniker=app-1}:wal{height=28}: Wrote log entry type=Consensus(Vote) entry.size=119 
2025-08-25T09:38:14.956597Z DEBUG node{moniker=app-1}:consensus{height=28 round=0}: Transitioned to new step step.previous=Precommit step.new=Commit
2025-08-25T09:38:14.956608Z  INFO node{moniker=app-1}:consensus{height=28 round=0}: Decided round=0 height=28 value=1af80494cf98ebb8
2025-08-25T09:38:14.962676Z DEBUG node{moniker=app-1}:wal{height=28}: Flushed WAL to disk wal.entries=6 wal.size=1827
2025-08-25T09:38:14.962813Z DEBUG node{moniker=app-1}:sync{height.tip=27 height.sync=28}: Updating request state height.tip=28
2025-08-25T09:38:14.962831Z DEBUG node{moniker=app-1}:node{moniker=app-1}: metis-test:consensus-chan recv!!! msg:Decided { certificate: CommitCertificate { height: Height(28), round: Some(0), value_id: ValueId(1943308276394945464), commit_signatures: [CommitSignature { address: Address(02CB1B49DA09615BD4A12212C39378556D990DFD), signature: Signature(Signature { R_bytes: "bfef8f06bd83ef6f1a6544c922f1c48fb640721ea0ed000be0969b756058b303", s_bytes: "f7c8f40577e5e09200cd83c261431cbb751da0802a16a3ace2c2e888e13eeb0a" }) }, CommitSignature { address: Address(DE7BA2BE72D2225286133990FF5810B691A5261C), signature: Signature(Signature { R_bytes: "afc15ecc9e1ab6de742793449e7c6b1ac993c1d0915bc0527bcd4bfecabfea6c", s_bytes: "03f829b49be9a88d00fefe4621fad443172d2b74aad55a2ec2d85252680f3b03" }) }] }, extensions: VoteExtensions { extensions: [] }, reply: Sender { inner: Some(Inner { state: State { is_complete: false, is_closed: false, is_rx_task_set: true, is_tx_task_set: false } }) } }
2025-08-25T09:38:14.962853Z  INFO node{moniker=app-1}:node{moniker=app-1}: 🟢🟢 Consensus has decided on value height=28 round=0 value=1af80494cf98ebb8
2025-08-25T09:38:14.962917Z DEBUG node{moniker=app-1}:node{moniker=app-1}: 🎁 block size: 545, height: 28
2025-08-25T09:38:14.962928Z  INFO node{moniker=app-1}:node{moniker=app-1}: 👉 stats at height 28: #txs=0, txs/s=0.00, chain_bytes=15260, bytes/s=1921.89
2025-08-25T09:38:14.962933Z DEBUG node{moniker=app-1}:node{moniker=app-1}: 🦄 Block at height 28 contains 0 transactions
2025-08-25T09:38:14.964233Z DEBUG node{moniker=app-1}:node{moniker=app-1}: 💡 New block added at height 28 with hash: 0xb7067824786b23ba025050a359ac69db542c2a0e1b413cd3986226293822afba
2025-08-25T09:38:14.964256Z DEBUG node{moniker=app-1}:node{moniker=app-1}: 🟠 set_latest_forkchoice_state: 0xb7067824786b23ba025050a359ac69db542c2a0e1b413cd3986226293822afba
2025-08-25T09:38:14.965918Z DEBUG node{moniker=app-1}:node{moniker=app-1}: ➡️ payload_status: PayloadStatus { status: Valid, latest_valid_hash: Some(0xb7067824786b23ba025050a359ac69db542c2a0e1b413cd3986226293822afba) }
2025-08-25T09:38:14.965926Z DEBUG node{moniker=app-1}:node{moniker=app-1}: 🚀 Forkchoice updated to height 28 for block hash=0xb7067824786b23ba025050a359ac69db542c2a0e1b413cd3986226293822afba and latest_valid_hash=0xb7067824786b23ba025050a359ac69db542c2a0e1b413cd3986226293822afba
2025-08-25T09:38:14.965929Z  INFO node{moniker=app-1}:node{moniker=app-1}: Looking for certificate height=28 round=0
2025-08-25T09:38:14.969477Z  INFO node{moniker=app-1}:node{moniker=app-1}: Committed block_data[0..32]: c8d25f5b178bfa62f159cd1e634898cc60369a5e023b79827d23a8471a4c195e
2025-08-25T09:38:15.001091Z DEBUG node{moniker=app-1}:wal{height=29}: Reset WAL height=29
2025-08-25T09:38:15.001282Z DEBUG node{moniker=app-1}:consensus{height=29 round=0}: No WAL entries to replay height=29
2025-08-25T09:38:15.001317Z  INFO node{moniker=app-1}:consensus{height=29 round=0}: Starting new height height=29
2025-08-25T09:38:15.001324Z  INFO node{moniker=app-1}:consensus{height=29 round=0}: Starting new round height=29 round=0 proposer=02CB1B49DA09615BD4A12212C39378556D990DFD role=None
2025-08-25T09:38:15.001352Z DEBUG node{moniker=app-1}:sync{height.tip=27 height.sync=28}: Starting new height height.tip=28 height.sync=29 restart=false
2025-08-25T09:38:15.001358Z DEBUG node{moniker=app-1}:sync{height.tip=27 height.sync=28}: No peer to request sync from height.sync=29
2025-08-25T09:38:15.004476Z DEBUG node{moniker=app-1}:wal{height=29}: Flushed WAL to disk wal.entries=0 wal.size=12
2025-08-25T09:38:15.004573Z DEBUG node{moniker=app-1}:node{moniker=app-1}: metis-test:consensus-chan recv!!! msg:StartedRound { height: Height(29), round: Some(0), proposer: Address(02CB1B49DA09615BD4A12212C39378556D990DFD), role: None, reply_value: Sender { inner: Some(Inner { state: State { is_complete: false, is_closed: false, is_rx_task_set: false, is_tx_task_set: false } }) } }
2025-08-25T09:38:15.004587Z  INFO node{moniker=app-1}:node{moniker=app-1}: 🟢🟢 Started round height=29 round=0 proposer=02CB1B49DA09615BD4A12212C39378556D990DFD role=None
2025-08-25T09:38:15.004602Z ERROR node{moniker=app-1}:consensus{height=29 round=0}: Error when processing effect: Messaging(RecvErr)
2025-08-25T09:38:15.004624Z DEBUG node{moniker=app-1}:consensus{height=29 round=0}: Transitioned to new step step.previous=Unstarted step.new=Propose
2025-08-25T09:38:15.004629Z  INFO node{moniker=app-1}:consensus{height=29 round=0}: Scheduling timeout round=0 step=Propose
2025-08-25T09:38:15.004639Z DEBUG node{moniker=app-1}:consensus{height=29 round=0}: Replaying inputs count=0
2025-08-25T09:38:15.022250Z DEBUG node{moniker=app-1}:node{moniker=app-1}: metis-test:consensus-chan recv!!! msg:ReceivedProposalPart { from: PeerId("12D3KooWR2Quwt2G6MyT6WQkUdfS8nHZu7XcPotkmbhuEoqc94oJ"), part: StreamMessage { stream_id: StreamId(b"\0\0\0\0\0\0\0\x1d\0\0\0\0\0\0\0\n"), sequence: 0, content: Data(Init(ProposalInit { height: Height(29), round: Some(0), proposer: Address(02CB1B49DA09615BD4A12212C39378556D990DFD) })) }, reply: Sender { inner: Some(Inner { state: State { is_complete: false, is_closed: false, is_rx_task_set: true, is_tx_task_set: false } }) } }
2025-08-25T09:38:15.022305Z  INFO node{moniker=app-1}:node{moniker=app-1}: Received proposal part from=12D3KooWR2Quwt2G6MyT6WQkUdfS8nHZu7XcPotkmbhuEoqc94oJ part.sequence=0 part.type=init part.size=28
2025-08-25T09:38:15.023089Z DEBUG node{moniker=app-1}:node{moniker=app-1}: metis-test:consensus-chan recv!!! msg:ReceivedProposalPart { from: PeerId("12D3KooWR2Quwt2G6MyT6WQkUdfS8nHZu7XcPotkmbhuEoqc94oJ"), part: StreamMessage { stream_id: StreamId(b"\0\0\0\0\0\0\0\x1d\0\0\0\0\0\0\0\n"), sequence: 1, content: Data(Data(ProposalData { bytes: "<...>", len: 545 })) }, reply: Sender { inner: Some(Inner { state: State { is_complete: false, is_closed: false, is_rx_task_set: true, is_tx_task_set: false } }) } }
2025-08-25T09:38:15.023108Z  INFO node{moniker=app-1}:node{moniker=app-1}: Received proposal part from=12D3KooWR2Quwt2G6MyT6WQkUdfS8nHZu7XcPotkmbhuEoqc94oJ part.sequence=1 part.type=data part.size=551
2025-08-25T09:38:15.023128Z DEBUG node{moniker=app-1}:node{moniker=app-1}: metis-test:consensus-chan recv!!! msg:ReceivedProposalPart { from: PeerId("12D3KooWR2Quwt2G6MyT6WQkUdfS8nHZu7XcPotkmbhuEoqc94oJ"), part: StreamMessage { stream_id: StreamId(b"\0\0\0\0\0\0\0\x1d\0\0\0\0\0\0\0\n"), sequence: 2, content: Data(Fin(ProposalFin { signature: Signature(Signature { R_bytes: "49d327ddeca8fb1100f36eebc8a9dee8cc0b416b28de0ef9151cd9e10d58ebda", s_bytes: "b9eb59155063a1f61cb08c34640948dee8c4e7402c586041e993319155d3cf04" }) })) }, reply: Sender { inner: Some(Inner { state: State { is_complete: false, is_closed: false, is_rx_task_set: true, is_tx_task_set: false } }) } }
2025-08-25T09:38:15.023141Z  INFO node{moniker=app-1}:node{moniker=app-1}: Received proposal part from=12D3KooWR2Quwt2G6MyT6WQkUdfS8nHZu7XcPotkmbhuEoqc94oJ part.sequence=2 part.type=fin part.size=70
2025-08-25T09:38:15.023833Z DEBUG node{moniker=app-1}:node{moniker=app-1}: metis-test:consensus-chan recv!!! msg:ReceivedProposalPart { from: PeerId("12D3KooWR2Quwt2G6MyT6WQkUdfS8nHZu7XcPotkmbhuEoqc94oJ"), part: StreamMessage { stream_id: StreamId(b"\0\0\0\0\0\0\0\x1d\0\0\0\0\0\0\0\n"), sequence: 3, content: Fin }, reply: Sender { inner: Some(Inner { state: State { is_complete: false, is_closed: false, is_rx_task_set: true, is_tx_task_set: false } }) } }
2025-08-25T09:38:15.023846Z  INFO node{moniker=app-1}:node{moniker=app-1}: Received proposal part from=12D3KooWR2Quwt2G6MyT6WQkUdfS8nHZu7XcPotkmbhuEoqc94oJ part.sequence=3 part.type=end of stream part.size=0
2025-08-25T09:38:15.024277Z  INFO node{moniker=app-1}:node{moniker=app-1}: Proposal data[0..32]: b7067824786b23ba025050a359ac69db542c2a0e1b413cd3986226293822afba, total_size: 545 bytes, id: a80b99d85681d4d3
2025-08-25T09:38:15.071341Z  INFO node{moniker=app-1}:consensus{height=29 round=0}: Received vote height=29 vote_height=29 address=02CB1B49DA09615BD4A12212C39378556D990DFD Prevote(height: 29, round: 0, value: a80b99d85681d4d3, from: 02CB1B49DA09615BD4A12212C39378556D990DFD)
2025-08-25T09:38:15.077994Z DEBUG node{moniker=app-1}:wal{height=29}: Wrote log entry type=Consensus(Vote) entry.size=118 
2025-08-25T09:38:15.078795Z  INFO node{moniker=app-1}:consensus{height=29 round=0}: Received proposal consensus.height=29 proposal.height=29 proposal.round=0 proposer=02CB1B49DA09615BD4A12212C39378556D990DFD Proposal(height: 29, round: 0, pol_round: -1, value: a80b99d85681d4d3, from: 02CB1B49DA09615BD4A12212C39378556D990DFD)
2025-08-25T09:38:15.080614Z DEBUG node{moniker=app-1}:wal{height=29}: Wrote log entry type=Consensus(Proposal) entry.size=668 
2025-08-25T09:38:15.080896Z DEBUG node{moniker=app-1}:node{moniker=app-1}: ✅ Received complete proposal: ProposedValue { height: Height(29), round: Some(0), valid_round: Nil, proposer: Address(02CB1B49DA09615BD4A12212C39378556D990DFD), value: Value { value: 12108941177559045331, extensions: b"\xb7\x06x$xk#\xba\x02PP\xa3Y\xaci\xdbT,*\x0e\x1bA<\xd3\x98b&)8\"\xaf\xba********************\xec&\xdf\x94B\xc5\xd4\xa0\xa0\xccSH\xc9`\x11[C\xda\x08\xc7\xae\xf6\xbeNL\xcc_\x13l\xa8\x92\xa6V\xe8\x1f\x17\x1b\xccU\xa6\xff\x83E\xe6\x92\xc0\xf8n[H\xe0\x1b\x99l\xad\xc0\x01b/\xb5\xe3c\xb4!\0\0\0\0\0\0\0\0\0\0\0\0\0\0\0\0\0\0\0\0\0\0\0\0\0\0\0\0\0\0\0\0\0\0\0\0\0\0\0\0\0\0\0\0\0\0\0\0\0\0\0\0\0\0\0\0\0\0\0\0\0\0\0\0\0\0\0\0\0\0\0\0\0\0\0\0\0\0\0\0\0\0\0\0\0\0\0\0\0\0\0\0\0\0\0\0\0\0\0\0\0\0\0\0\0\0\0\0\0\0\0\0\0\0\0\0\0\0\0\0\0\0\0\0\0\0\0\0\0\0\0\0\0\0\0\0\0\0\0\0\0\0\0\0\0\0\0\0\0\0\0\0\0\0\0\0\0\0\0\0\0\0\0\0\0\0\0\0\0\0\0\0\0\0\0\0\0\0\0\0\0\0\0\0\0\0\0\0\0\0\0\0\0\0\0\0\0\0\0\0\0\0\0\0\0\0\0\0\0\0\0\0\0\0\0\0\0\0\0\0\0\0\0\0\0\0\0\0\0\0\0\0\0\0\0\0\0\0\0\0\0\0\0\0\0\0\0\0\0\0\0\0\0\0\0\0\0\0\0\0\0\0\0\0\0\0\0\0\0\0\0\0\0\0\0\0\0\0\0\0\0\0\0\0\0\0\0\0\x1d\0\0\0\0\0\0\0\xe3\xe7\xd6\x01\0\0\0\0\0\0\0\0\0\0\0\0 /\xach\0\0\0\0\x10\x02\0\0\xdd\x81=\x01\0\0\0\0\0\0\0\0\0\0\0\0\0\0\0\0\0\0\0\0\0\0\0\0\0\0\0\0\xdeA\x10\xa8\xec\x0c?mA\x9f\xb3\xfex\xf6\x8f`\xea\x16\xe1\t\xa4\x1e\xf0\xb5\x1dH1\x03\xd7\xe4i!!\x02\0\0!\x02\0\0\0\0\0\0\0\0\0\0\0\0\0\0\0\0\0\0reth/v1.4.1/linux" }, validity: Valid }
2025-08-25T09:38:15.080943Z DEBUG node{moniker=app-1}:consensus{height=29 round=0}: No full proposal for this round yet, stored proposal for later proposal.height=29 proposal.round=0
2025-08-25T09:38:15.080965Z DEBUG node{moniker=app-1}:consensus{height=29 round=0}: We have a full proposal for this round, checking... proposal.height=29 proposal.round=0
2025-08-25T09:38:15.080978Z DEBUG node{moniker=app-1}:consensus{height=29 round=0}: Transitioned to new step step.previous=Propose step.new=Prevote
2025-08-25T09:38:15.086532Z  INFO node{moniker=app-1}:consensus{height=29 round=0}: Received vote height=29 vote_height=29 address=815F9FA61D7C4F1E4A9E30D40DCA1115BB48F759 Precommit(height: 29, round: 0, value: a80b99d85681d4d3, from: 815F9FA61D7C4F1E4A9E30D40DCA1115BB48F759)
2025-08-25T09:38:15.087846Z DEBUG node{moniker=app-1}:wal{height=29}: Wrote log entry type=Consensus(Vote) entry.size=120 
2025-08-25T09:38:15.088918Z  INFO node{moniker=app-1}:consensus{height=29 round=0}: Received vote height=29 vote_height=29 address=815F9FA61D7C4F1E4A9E30D40DCA1115BB48F759 Prevote(height: 29, round: 0, value: a80b99d85681d4d3, from: 815F9FA61D7C4F1E4A9E30D40DCA1115BB48F759)
2025-08-25T09:38:15.089039Z DEBUG node{moniker=app-1}:wal{height=29}: Wrote log entry type=Consensus(Vote) entry.size=118 
2025-08-25T09:38:15.089150Z DEBUG node{moniker=app-1}:consensus{height=29 round=0}: Transitioned to new step step.previous=Prevote step.new=Precommit
2025-08-25T09:38:15.098356Z  INFO node{moniker=app-1}:consensus{height=29 round=0}: Received vote height=29 vote_height=29 address=02CB1B49DA09615BD4A12212C39378556D990DFD Precommit(height: 29, round: 0, value: a80b99d85681d4d3, from: 02CB1B49DA09615BD4A12212C39378556D990DFD)
2025-08-25T09:38:15.101746Z DEBUG node{moniker=app-1}:wal{height=29}: Wrote log entry type=Consensus(Vote) entry.size=120 
2025-08-25T09:38:15.101859Z DEBUG node{moniker=app-1}:consensus{height=29 round=0}: Transitioned to new step step.previous=Precommit step.new=Commit
2025-08-25T09:38:15.101869Z  INFO node{moniker=app-1}:consensus{height=29 round=0}: Decided round=0 height=29 value=a80b99d85681d4d3
2025-08-25T09:38:15.108456Z DEBUG node{moniker=app-1}:wal{height=29}: Flushed WAL to disk wal.entries=5 wal.size=1221
2025-08-25T09:38:15.108644Z DEBUG node{moniker=app-1}:sync{height.tip=28 height.sync=29}: Updating request state height.tip=29
2025-08-25T09:38:15.108667Z DEBUG node{moniker=app-1}:node{moniker=app-1}: metis-test:consensus-chan recv!!! msg:Decided { certificate: CommitCertificate { height: Height(29), round: Some(0), value_id: ValueId(12108941177559045331), commit_signatures: [CommitSignature { address: Address(02CB1B49DA09615BD4A12212C39378556D990DFD), signature: Signature(Signature { R_bytes: "478609b2eb866a3853076a738794ec4be1d271c53ac88043b29c9eecf0b7bcc4", s_bytes: "d0f96f0a369d2e49f5131b26f0220b766feaf5aa7bc5bd258a5ef14cdffa810b" }) }, CommitSignature { address: Address(815F9FA61D7C4F1E4A9E30D40DCA1115BB48F759), signature: Signature(Signature { R_bytes: "6854a2a7424dfe316769e0430b22b92e40ffe8ee51444fe7dc2c5fa7d3501065", s_bytes: "ac45b988e2998de948bf26738c6e8efbfc2f91272272655c4bb342d5eef4b40d" }) }] }, extensions: VoteExtensions { extensions: [] }, reply: Sender { inner: Some(Inner { state: State { is_complete: false, is_closed: false, is_rx_task_set: true, is_tx_task_set: false } }) } }
2025-08-25T09:38:15.108699Z  INFO node{moniker=app-1}:node{moniker=app-1}: 🟢🟢 Consensus has decided on value height=29 round=0 value=a80b99d85681d4d3
2025-08-25T09:38:15.108792Z DEBUG node{moniker=app-1}:node{moniker=app-1}: 🎁 block size: 545, height: 29
2025-08-25T09:38:15.108899Z  INFO node{moniker=app-1}:node{moniker=app-1}: 👉 stats at height 29: #txs=0, txs/s=0.00, chain_bytes=15805, bytes/s=1954.59
2025-08-25T09:38:15.109099Z DEBUG node{moniker=app-1}:node{moniker=app-1}: 🦄 Block at height 29 contains 0 transactions
2025-08-25T09:38:15.111417Z DEBUG node{moniker=app-1}:node{moniker=app-1}: 💡 New block added at height 29 with hash: 0xde4110a8ec0c3f6d419fb3fe78f68f60ea16e109a41ef0b51d483103d7e46921
2025-08-25T09:38:15.111428Z DEBUG node{moniker=app-1}:node{moniker=app-1}: 🟠 set_latest_forkchoice_state: 0xde4110a8ec0c3f6d419fb3fe78f68f60ea16e109a41ef0b51d483103d7e46921
2025-08-25T09:38:15.113675Z DEBUG node{moniker=app-1}:node{moniker=app-1}: ➡️ payload_status: PayloadStatus { status: Valid, latest_valid_hash: Some(0xde4110a8ec0c3f6d419fb3fe78f68f60ea16e109a41ef0b51d483103d7e46921) }
2025-08-25T09:38:15.113686Z DEBUG node{moniker=app-1}:node{moniker=app-1}: 🚀 Forkchoice updated to height 29 for block hash=0xde4110a8ec0c3f6d419fb3fe78f68f60ea16e109a41ef0b51d483103d7e46921 and latest_valid_hash=0xde4110a8ec0c3f6d419fb3fe78f68f60ea16e109a41ef0b51d483103d7e46921
2025-08-25T09:38:15.113689Z  INFO node{moniker=app-1}:node{moniker=app-1}: Looking for certificate height=29 round=0
2025-08-25T09:38:15.118581Z  INFO node{moniker=app-1}:node{moniker=app-1}: Committed block_data[0..32]: b7067824786b23ba025050a359ac69db542c2a0e1b413cd3986226293822afba
2025-08-25T09:38:15.134491Z DEBUG node{moniker=app-1}:wal{height=30}: Reset WAL height=30
2025-08-25T09:38:15.134576Z DEBUG node{moniker=app-1}:consensus{height=30 round=0}: No WAL entries to replay height=30
2025-08-25T09:38:15.134606Z  INFO node{moniker=app-1}:consensus{height=30 round=0}: Starting new height height=30
2025-08-25T09:38:15.134612Z  INFO node{moniker=app-1}:consensus{height=30 round=0}: Starting new round height=30 round=0 proposer=DE7BA2BE72D2225286133990FF5810B691A5261C role=Proposer
2025-08-25T09:38:15.134634Z DEBUG node{moniker=app-1}:sync{height.tip=28 height.sync=29}: Starting new height height.tip=29 height.sync=30 restart=false
2025-08-25T09:38:15.134640Z DEBUG node{moniker=app-1}:sync{height.tip=28 height.sync=29}: No peer to request sync from height.sync=30
2025-08-25T09:38:15.137338Z DEBUG node{moniker=app-1}:wal{height=30}: Flushed WAL to disk wal.entries=0 wal.size=12
2025-08-25T09:38:15.137503Z DEBUG node{moniker=app-1}:node{moniker=app-1}: metis-test:consensus-chan recv!!! msg:StartedRound { height: Height(30), round: Some(0), proposer: Address(DE7BA2BE72D2225286133990FF5810B691A5261C), role: Proposer, reply_value: Sender { inner: Some(Inner { state: State { is_complete: false, is_closed: false, is_rx_task_set: false, is_tx_task_set: false } }) } }
2025-08-25T09:38:15.137522Z  INFO node{moniker=app-1}:node{moniker=app-1}: 🟢🟢 Started round height=30 round=0 proposer=DE7BA2BE72D2225286133990FF5810B691A5261C role=Proposer
2025-08-25T09:38:15.137534Z ERROR node{moniker=app-1}:consensus{height=30 round=0}: Error when processing effect: Messaging(RecvErr)
2025-08-25T09:38:15.137549Z DEBUG node{moniker=app-1}:consensus{height=30 round=0}: Transitioned to new step step.previous=Unstarted step.new=Propose
2025-08-25T09:38:15.137553Z  INFO node{moniker=app-1}:consensus{height=30 round=0}: Scheduling timeout round=0 step=Propose
2025-08-25T09:38:15.137558Z  INFO node{moniker=app-1}:consensus{height=30 round=0}: Requesting value from application height=30 round=0
2025-08-25T09:38:15.137566Z DEBUG node{moniker=app-1}:consensus{height=30 round=0}: Replaying inputs count=0
2025-08-25T09:38:15.137586Z DEBUG node{moniker=app-1}:node{moniker=app-1}: metis-test:consensus-chan recv!!! msg:GetValue { height: Height(30), round: Some(0), timeout: 3s, reply: Sender { inner: Some(Inner { state: State { is_complete: false, is_closed: false, is_rx_task_set: true, is_tx_task_set: false } }) } }
2025-08-25T09:38:15.137592Z  INFO node{moniker=app-1}:node{moniker=app-1}: 🟢🟢 Consensus is requesting a value to propose height=30 round=0
2025-08-25T09:38:15.137595Z DEBUG node{moniker=app-1}:node{moniker=app-1}: 🟠 generate_block on top of ExecutionBlock { block_hash: 0xde4110a8ec0c3f6d419fb3fe78f68f60ea16e109a41ef0b51d483103d7e46921, block_number: 29, parent_hash: 0xde4110a8ec0c3f6d419fb3fe78f68f60ea16e109a41ef0b51d483103d7e46921, timestamp: 1756114720, prev_randao: 0x0000000000000000000000000000000000000000000000000000000000000000 }
2025-08-25T09:38:15.142768Z DEBUG node{moniker=app-1}:node{moniker=app-1}: 🌈 Got execution payload: ExecutionPayloadV3 { payload_inner: ExecutionPayloadV2 { payload_inner: ExecutionPayloadV1 { parent_hash: 0xde4110a8ec0c3f6d419fb3fe78f68f60ea16e109a41ef0b51d483103d7e46921, fee_recipient: 0x2a2a2a2a2a2a2a2a2a2a2a2a2a2a2a2a2a2a2a2a, state_root: 0xec26df9442c5d4a0a0cc5348c960115b43da08c7aef6be4e4ccc5f136ca892a6, receipts_root: 0x56e81f171bcc55a6ff8345e692c0f86e5b48e01b996cadc001622fb5e363b421, logs_bloom: 0x00000000000000000000000000000000000000000000000000000000000000000000000000000000000000000000000000000000000000000000000000000000000000000000000000000000000000000000000000000000000000000000000000000000000000000000000000000000000000000000000000000000000000000000000000000000000000000000000000000000000000000000000000000000000000000000000000000000000000000000000000000000000000000000000000000000000000000000000000000000000000000000000000000000000000000000000000000000000000000000000000000000000000000000000000000000, prev_randao: 0x0000000000000000000000000000000000000000000000000000000000000000, block_number: 30, gas_limit: 30891419, gas_used: 0, timestamp: 1756114721, extra_data: 0x726574682f76312e342e312f6c696e7578, base_fee_per_gas: 18207138, block_hash: 0xf22348e4189e8290bc89665f28b64ff82c91670fbfadbcc849698a0cc21bff61, transactions: [] }, withdrawals: [] }, blob_gas_used: 0, excess_blob_gas: 0 }
2025-08-25T09:38:15.142790Z DEBUG node{moniker=app-1}:node{moniker=app-1}: 🎁 block size: 545, height: 30
2025-08-25T09:38:15.153405Z  INFO node{moniker=app-1}:node{moniker=app-1}: Streaming proposal part: StreamMessage { stream_id: StreamId(b"\0\0\0\0\0\0\0\x1e\0\0\0\0\0\0\0\t"), sequence: 0, content: Data(Init(ProposalInit { height: Height(30), round: Some(0), proposer: Address(DE7BA2BE72D2225286133990FF5810B691A5261C) })) } height=30 round=0
2025-08-25T09:38:15.153444Z  INFO node{moniker=app-1}:node{moniker=app-1}: Streaming proposal part: StreamMessage { stream_id: StreamId(b"\0\0\0\0\0\0\0\x1e\0\0\0\0\0\0\0\t"), sequence: 1, content: Data(Data(ProposalData { bytes: "<...>", len: 545 })) } height=30 round=0
2025-08-25T09:38:15.153610Z  INFO node{moniker=app-1}:node{moniker=app-1}: Streaming proposal part: StreamMessage { stream_id: StreamId(b"\0\0\0\0\0\0\0\x1e\0\0\0\0\0\0\0\t"), sequence: 2, content: Data(Fin(ProposalFin { signature: Signature(Signature { R_bytes: "c90c77df6b69a7bf2b4350d424b42f72094068006b1a53f5bf94d43eeed9d517", s_bytes: "d16944599c82f9a4e6a32d0ec4ebbb6addd0057d0d4641176d9248f820758c0b" }) })) } height=30 round=0
2025-08-25T09:38:15.153998Z DEBUG node{moniker=app-1}:network: Published message channel=/proposal_parts size=48
2025-08-25T09:38:15.154054Z  INFO node{moniker=app-1}:node{moniker=app-1}: Streaming proposal part: StreamMessage { stream_id: StreamId(b"\0\0\0\0\0\0\0\x1e\0\0\0\0\0\0\0\t"), sequence: 3, content: Fin } height=30 round=0
2025-08-25T09:38:15.154129Z DEBUG node{moniker=app-1}:wal{height=30}: Wrote log entry type=LocallyProposedValue entry.size=599 
2025-08-25T09:38:15.154302Z DEBUG node{moniker=app-1}:network: Published message channel=/proposal_parts size=574
2025-08-25T09:38:15.154365Z DEBUG node{moniker=app-1}:node{moniker=app-1}: ✅ Proposal sent height=30 round=0
2025-08-25T09:38:15.154459Z DEBUG node{moniker=app-1}:network: Published message channel=/proposal_parts size=92
2025-08-25T09:38:15.154570Z DEBUG node{moniker=app-1}:network: Published message channel=/proposal_parts size=22
2025-08-25T09:38:15.154654Z  INFO node{moniker=app-1}:consensus{height=30 round=0}: Proposing value id=bb35ca4533c4bec3 round=0
2025-08-25T09:38:15.154845Z  INFO node{moniker=app-1}:consensus{height=30 round=0}: Received proposal consensus.height=30 proposal.height=30 proposal.round=0 proposer=DE7BA2BE72D2225286133990FF5810B691A5261C Proposal(height: 30, round: 0, pol_round: -1, value: bb35ca4533c4bec3, from: DE7BA2BE72D2225286133990FF5810B691A5261C)
2025-08-25T09:38:15.155543Z DEBUG node{moniker=app-1}:wal{height=30}: Wrote log entry type=Consensus(Proposal) entry.size=668 
2025-08-25T09:38:15.155655Z DEBUG node{moniker=app-1}:consensus{height=30 round=0}: Transitioned to new step step.previous=Propose step.new=Prevote
2025-08-25T09:38:15.155665Z  INFO node{moniker=app-1}:consensus{height=30 round=0}: Voting vote_type=Prevote value=bb35ca4533c4bec3 round=0
2025-08-25T09:38:15.155823Z  INFO node{moniker=app-1}:consensus{height=30 round=0}: Received vote height=30 vote_height=30 address=DE7BA2BE72D2225286133990FF5810B691A5261C Prevote(height: 30, round: 0, value: bb35ca4533c4bec3, from: DE7BA2BE72D2225286133990FF5810B691A5261C)
2025-08-25T09:38:15.156945Z DEBUG node{moniker=app-1}:wal{height=30}: Wrote log entry type=Consensus(Vote) entry.size=118 
2025-08-25T09:38:15.170419Z DEBUG node{moniker=app-1}:wal{height=30}: Flushed WAL to disk wal.entries=3 wal.size=1436
2025-08-25T09:38:15.170696Z DEBUG node{moniker=app-1}:network: Published message channel=/consensus size=109
2025-08-25T09:38:15.174465Z DEBUG node{moniker=app-1}:wal{height=30}: Flushed WAL to disk wal.entries=3 wal.size=1436
2025-08-25T09:38:15.174997Z DEBUG node{moniker=app-1}:network: Published message channel=/consensus size=659
2025-08-25T09:38:15.181313Z  INFO node{moniker=app-1}:consensus{height=30 round=0}: Received vote height=30 vote_height=30 address=815F9FA61D7C4F1E4A9E30D40DCA1115BB48F759 Precommit(height: 30, round: 0, value: bb35ca4533c4bec3, from: 815F9FA61D7C4F1E4A9E30D40DCA1115BB48F759)
2025-08-25T09:38:15.184636Z DEBUG node{moniker=app-1}:wal{height=30}: Wrote log entry type=Consensus(Vote) entry.size=120 
2025-08-25T09:38:15.185386Z  INFO node{moniker=app-1}:consensus{height=30 round=0}: Received vote height=30 vote_height=30 address=815F9FA61D7C4F1E4A9E30D40DCA1115BB48F759 Prevote(height: 30, round: 0, value: bb35ca4533c4bec3, from: 815F9FA61D7C4F1E4A9E30D40DCA1115BB48F759)
2025-08-25T09:38:15.185997Z DEBUG node{moniker=app-1}:wal{height=30}: Wrote log entry type=Consensus(Vote) entry.size=118 
2025-08-25T09:38:15.186332Z DEBUG node{moniker=app-1}:consensus{height=30 round=0}: Transitioned to new step step.previous=Prevote step.new=Precommit
2025-08-25T09:38:15.186341Z  INFO node{moniker=app-1}:consensus{height=30 round=0}: Voting vote_type=Precommit value=bb35ca4533c4bec3 round=0
2025-08-25T09:38:15.186366Z DEBUG node{moniker=app-1}:node{moniker=app-1}: metis-test:consensus-chan recv!!! msg:ExtendVote { height: Height(30), round: Some(0), value_id: ValueId(13489910657428274883), reply: Sender { inner: Some(Inner { state: State { is_complete: false, is_closed: false, is_rx_task_set: true, is_tx_task_set: false } }) } }
2025-08-25T09:38:15.186565Z  INFO node{moniker=app-1}:consensus{height=30 round=0}: Received vote height=30 vote_height=30 address=DE7BA2BE72D2225286133990FF5810B691A5261C Precommit(height: 30, round: 0, value: bb35ca4533c4bec3, from: DE7BA2BE72D2225286133990FF5810B691A5261C)
2025-08-25T09:38:15.186637Z DEBUG node{moniker=app-1}:wal{height=30}: Wrote log entry type=Consensus(Vote) entry.size=120 
2025-08-25T09:38:15.186661Z DEBUG node{moniker=app-1}:consensus{height=30 round=0}: Transitioned to new step step.previous=Precommit step.new=Commit
2025-08-25T09:38:15.186668Z  INFO node{moniker=app-1}:consensus{height=30 round=0}: Decided round=0 height=30 value=bb35ca4533c4bec3
2025-08-25T09:38:15.188749Z DEBUG node{moniker=app-1}:wal{height=30}: Flushed WAL to disk wal.entries=6 wal.size=1833
2025-08-25T09:38:15.188847Z DEBUG node{moniker=app-1}:sync{height.tip=29 height.sync=30}: Updating request state height.tip=30
2025-08-25T09:38:15.188889Z DEBUG node{moniker=app-1}:node{moniker=app-1}: metis-test:consensus-chan recv!!! msg:Decided { certificate: CommitCertificate { height: Height(30), round: Some(0), value_id: ValueId(13489910657428274883), commit_signatures: [CommitSignature { address: Address(815F9FA61D7C4F1E4A9E30D40DCA1115BB48F759), signature: Signature(Signature { R_bytes: "4c61a7f31e72da8fd981c9edef29d6e37d3b979c431d687c36dd5d5c111d630c", s_bytes: "3a8b071bfbd89f9f4ca0e454b5c0a209638606bd26d5486eacb6dbf350fc0206" }) }, CommitSignature { address: Address(DE7BA2BE72D2225286133990FF5810B691A5261C), signature: Signature(Signature { R_bytes: "8231ee69569f9e9e0d79948bb17abc485b0adbdaf6c1ba3943b4f0235abaf0c0", s_bytes: "cdb60dd3235779ca832da904302ad0ee92b8d0241dd352dd14455ba053d17d03" }) }] }, extensions: VoteExtensions { extensions: [] }, reply: Sender { inner: Some(Inner { state: State { is_complete: false, is_closed: false, is_rx_task_set: true, is_tx_task_set: false } }) } }
2025-08-25T09:38:15.188923Z  INFO node{moniker=app-1}:node{moniker=app-1}: 🟢🟢 Consensus has decided on value height=30 round=0 value=bb35ca4533c4bec3
2025-08-25T09:38:15.189015Z DEBUG node{moniker=app-1}:node{moniker=app-1}: 🎁 block size: 545, height: 30
2025-08-25T09:38:15.189034Z  INFO node{moniker=app-1}:node{moniker=app-1}: 👉 stats at height 30: #txs=0, txs/s=0.00, chain_bytes=16350, bytes/s=2002.15
2025-08-25T09:38:15.189042Z DEBUG node{moniker=app-1}:node{moniker=app-1}: 🦄 Block at height 30 contains 0 transactions
2025-08-25T09:38:15.191410Z DEBUG node{moniker=app-1}:node{moniker=app-1}: 💡 New block added at height 30 with hash: 0xf22348e4189e8290bc89665f28b64ff82c91670fbfadbcc849698a0cc21bff61
2025-08-25T09:38:15.191418Z DEBUG node{moniker=app-1}:node{moniker=app-1}: 🟠 set_latest_forkchoice_state: 0xf22348e4189e8290bc89665f28b64ff82c91670fbfadbcc849698a0cc21bff61
2025-08-25T09:38:15.192331Z DEBUG node{moniker=app-1}:node{moniker=app-1}: ➡️ payload_status: PayloadStatus { status: Valid, latest_valid_hash: Some(0xf22348e4189e8290bc89665f28b64ff82c91670fbfadbcc849698a0cc21bff61) }
2025-08-25T09:38:15.192338Z DEBUG node{moniker=app-1}:node{moniker=app-1}: 🚀 Forkchoice updated to height 30 for block hash=0xf22348e4189e8290bc89665f28b64ff82c91670fbfadbcc849698a0cc21bff61 and latest_valid_hash=0xf22348e4189e8290bc89665f28b64ff82c91670fbfadbcc849698a0cc21bff61
2025-08-25T09:38:15.192341Z  INFO node{moniker=app-1}:node{moniker=app-1}: Looking for certificate height=30 round=0
2025-08-25T09:38:15.192548Z DEBUG node{moniker=app-1}:wal{height=30}: Flushed WAL to disk wal.entries=6 wal.size=1833
2025-08-25T09:38:15.192715Z DEBUG node{moniker=app-1}:network: Published message channel=/consensus size=111
2025-08-25T09:38:15.195850Z  INFO node{moniker=app-1}:node{moniker=app-1}: Committed block_data[0..32]: de4110a8ec0c3f6d419fb3fe78f68f60ea16e109a41ef0b51d483103d7e46921
2025-08-25T09:38:15.237386Z DEBUG node{moniker=app-1}:wal{height=31}: Reset WAL height=31
2025-08-25T09:38:15.237454Z DEBUG node{moniker=app-1}:consensus{height=31 round=0}: No WAL entries to replay height=31
2025-08-25T09:38:15.237491Z  INFO node{moniker=app-1}:consensus{height=31 round=0}: Starting new height height=31
2025-08-25T09:38:15.237497Z  INFO node{moniker=app-1}:consensus{height=31 round=0}: Starting new round height=31 round=0 proposer=DE7BA2BE72D2225286133990FF5810B691A5261C role=Proposer
2025-08-25T09:38:15.237530Z DEBUG node{moniker=app-1}:sync{height.tip=29 height.sync=30}: Starting new height height.tip=30 height.sync=31 restart=false
2025-08-25T09:38:15.237535Z DEBUG node{moniker=app-1}:sync{height.tip=29 height.sync=30}: No peer to request sync from height.sync=31
2025-08-25T09:38:15.240496Z DEBUG node{moniker=app-1}:wal{height=31}: Flushed WAL to disk wal.entries=0 wal.size=12
2025-08-25T09:38:15.240564Z DEBUG node{moniker=app-1}:node{moniker=app-1}: metis-test:consensus-chan recv!!! msg:StartedRound { height: Height(31), round: Some(0), proposer: Address(DE7BA2BE72D2225286133990FF5810B691A5261C), role: Proposer, reply_value: Sender { inner: Some(Inner { state: State { is_complete: false, is_closed: false, is_rx_task_set: false, is_tx_task_set: false } }) } }
2025-08-25T09:38:15.240578Z  INFO node{moniker=app-1}:node{moniker=app-1}: 🟢🟢 Started round height=31 round=0 proposer=DE7BA2BE72D2225286133990FF5810B691A5261C role=Proposer
2025-08-25T09:38:15.240590Z ERROR node{moniker=app-1}:consensus{height=31 round=0}: Error when processing effect: Messaging(RecvErr)
2025-08-25T09:38:15.240605Z DEBUG node{moniker=app-1}:consensus{height=31 round=0}: Transitioned to new step step.previous=Unstarted step.new=Propose
2025-08-25T09:38:15.240610Z  INFO node{moniker=app-1}:consensus{height=31 round=0}: Scheduling timeout round=0 step=Propose
2025-08-25T09:38:15.240616Z  INFO node{moniker=app-1}:consensus{height=31 round=0}: Requesting value from application height=31 round=0
2025-08-25T09:38:15.240625Z DEBUG node{moniker=app-1}:consensus{height=31 round=0}: Replaying inputs count=0
2025-08-25T09:38:15.240645Z DEBUG node{moniker=app-1}:node{moniker=app-1}: metis-test:consensus-chan recv!!! msg:GetValue { height: Height(31), round: Some(0), timeout: 3s, reply: Sender { inner: Some(Inner { state: State { is_complete: false, is_closed: false, is_rx_task_set: true, is_tx_task_set: false } }) } }
2025-08-25T09:38:15.240651Z  INFO node{moniker=app-1}:node{moniker=app-1}: 🟢🟢 Consensus is requesting a value to propose height=31 round=0
2025-08-25T09:38:15.240925Z DEBUG node{moniker=app-1}:node{moniker=app-1}: 🟠 generate_block on top of ExecutionBlock { block_hash: 0xf22348e4189e8290bc89665f28b64ff82c91670fbfadbcc849698a0cc21bff61, block_number: 30, parent_hash: 0xf22348e4189e8290bc89665f28b64ff82c91670fbfadbcc849698a0cc21bff61, timestamp: 1756114721, prev_randao: 0x0000000000000000000000000000000000000000000000000000000000000000 }
2025-08-25T09:38:15.244650Z DEBUG node{moniker=app-1}:node{moniker=app-1}: 🌈 Got execution payload: ExecutionPayloadV3 { payload_inner: ExecutionPayloadV2 { payload_inner: ExecutionPayloadV1 { parent_hash: 0xf22348e4189e8290bc89665f28b64ff82c91670fbfadbcc849698a0cc21bff61, fee_recipient: 0x2a2a2a2a2a2a2a2a2a2a2a2a2a2a2a2a2a2a2a2a, state_root: 0xec26df9442c5d4a0a0cc5348c960115b43da08c7aef6be4e4ccc5f136ca892a6, receipts_root: 0x56e81f171bcc55a6ff8345e692c0f86e5b48e01b996cadc001622fb5e363b421, logs_bloom: 0x00000000000000000000000000000000000000000000000000000000000000000000000000000000000000000000000000000000000000000000000000000000000000000000000000000000000000000000000000000000000000000000000000000000000000000000000000000000000000000000000000000000000000000000000000000000000000000000000000000000000000000000000000000000000000000000000000000000000000000000000000000000000000000000000000000000000000000000000000000000000000000000000000000000000000000000000000000000000000000000000000000000000000000000000000000000, prev_randao: 0x0000000000000000000000000000000000000000000000000000000000000000, block_number: 31, gas_limit: 30921585, gas_used: 0, timestamp: 1756114722, extra_data: 0x726574682f76312e342e312f6c696e7578, base_fee_per_gas: 15931246, block_hash: 0xf18fc7e5b305d67d92e99e1812d6a9dda93b6b9761bab65cf7daf1da3c5a76a3, transactions: [] }, withdrawals: [] }, blob_gas_used: 0, excess_blob_gas: 0 }
2025-08-25T09:38:15.244672Z DEBUG node{moniker=app-1}:node{moniker=app-1}: 🎁 block size: 545, height: 31
2025-08-25T09:38:15.257130Z  INFO node{moniker=app-1}:node{moniker=app-1}: Streaming proposal part: StreamMessage { stream_id: StreamId(b"\0\0\0\0\0\0\0\x1f\0\0\0\0\0\0\0\n"), sequence: 0, content: Data(Init(ProposalInit { height: Height(31), round: Some(0), proposer: Address(DE7BA2BE72D2225286133990FF5810B691A5261C) })) } height=31 round=0
2025-08-25T09:38:15.257168Z  INFO node{moniker=app-1}:node{moniker=app-1}: Streaming proposal part: StreamMessage { stream_id: StreamId(b"\0\0\0\0\0\0\0\x1f\0\0\0\0\0\0\0\n"), sequence: 1, content: Data(Data(ProposalData { bytes: "<...>", len: 545 })) } height=31 round=0
2025-08-25T09:38:15.257204Z  INFO node{moniker=app-1}:node{moniker=app-1}: Streaming proposal part: StreamMessage { stream_id: StreamId(b"\0\0\0\0\0\0\0\x1f\0\0\0\0\0\0\0\n"), sequence: 2, content: Data(Fin(ProposalFin { signature: Signature(Signature { R_bytes: "70d5767227dc90d4cebe50173a058d3314d936d7c5758947a7bf0defe380c5ed", s_bytes: "e3e24ba8433ab6c33366c0c74318009c4c35131f9e0863c562eaf1e106c2df08" }) })) } height=31 round=0
2025-08-25T09:38:15.257814Z DEBUG node{moniker=app-1}:network: Published message channel=/proposal_parts size=48
2025-08-25T09:38:15.257871Z  INFO node{moniker=app-1}:node{moniker=app-1}: Streaming proposal part: StreamMessage { stream_id: StreamId(b"\0\0\0\0\0\0\0\x1f\0\0\0\0\0\0\0\n"), sequence: 3, content: Fin } height=31 round=0
2025-08-25T09:38:15.258568Z DEBUG node{moniker=app-1}:network: Published message channel=/proposal_parts size=574
2025-08-25T09:38:15.258673Z DEBUG node{moniker=app-1}:node{moniker=app-1}: ✅ Proposal sent height=31 round=0
2025-08-25T09:38:15.258830Z DEBUG node{moniker=app-1}:network: Published message channel=/proposal_parts size=92
2025-08-25T09:38:15.259056Z DEBUG node{moniker=app-1}:network: Published message channel=/proposal_parts size=22
2025-08-25T09:38:15.265654Z DEBUG node{moniker=app-1}:wal{height=31}: Wrote log entry type=LocallyProposedValue entry.size=598 
2025-08-25T09:38:15.265773Z  INFO node{moniker=app-1}:consensus{height=31 round=0}: Proposing value id=29a182700b5f9277 round=0
2025-08-25T09:38:15.266010Z  INFO node{moniker=app-1}:consensus{height=31 round=0}: Received proposal consensus.height=31 proposal.height=31 proposal.round=0 proposer=DE7BA2BE72D2225286133990FF5810B691A5261C Proposal(height: 31, round: 0, pol_round: -1, value: 29a182700b5f9277, from: DE7BA2BE72D2225286133990FF5810B691A5261C)
2025-08-25T09:38:15.270580Z DEBUG node{moniker=app-1}:wal{height=31}: Wrote log entry type=Consensus(Proposal) entry.size=667 
2025-08-25T09:38:15.270738Z DEBUG node{moniker=app-1}:consensus{height=31 round=0}: Transitioned to new step step.previous=Propose step.new=Prevote
2025-08-25T09:38:15.270852Z  INFO node{moniker=app-1}:consensus{height=31 round=0}: Voting vote_type=Prevote value=29a182700b5f9277 round=0
2025-08-25T09:38:15.271091Z  INFO node{moniker=app-1}:consensus{height=31 round=0}: Received vote height=31 vote_height=31 address=DE7BA2BE72D2225286133990FF5810B691A5261C Prevote(height: 31, round: 0, value: 29a182700b5f9277, from: DE7BA2BE72D2225286133990FF5810B691A5261C)
2025-08-25T09:38:15.274285Z DEBUG node{moniker=app-1}:wal{height=31}: Wrote log entry type=Consensus(Vote) entry.size=117 
2025-08-25T09:38:15.284516Z DEBUG node{moniker=app-1}:wal{height=31}: Flushed WAL to disk wal.entries=3 wal.size=1433
2025-08-25T09:38:15.284931Z DEBUG node{moniker=app-1}:network: Published message channel=/consensus size=108
2025-08-25T09:38:15.288455Z DEBUG node{moniker=app-1}:wal{height=31}: Flushed WAL to disk wal.entries=3 wal.size=1433
2025-08-25T09:38:15.288797Z DEBUG node{moniker=app-1}:network: Published message channel=/consensus size=658
2025-08-25T09:38:15.295515Z  INFO node{moniker=app-1}:consensus{height=31 round=0}: Received vote height=31 vote_height=31 address=02CB1B49DA09615BD4A12212C39378556D990DFD Precommit(height: 31, round: 0, value: 29a182700b5f9277, from: 02CB1B49DA09615BD4A12212C39378556D990DFD)
2025-08-25T09:38:15.297876Z DEBUG node{moniker=app-1}:wal{height=31}: Wrote log entry type=Consensus(Vote) entry.size=119 
2025-08-25T09:38:15.298651Z  INFO node{moniker=app-1}:consensus{height=31 round=0}: Received vote height=31 vote_height=31 address=02CB1B49DA09615BD4A12212C39378556D990DFD Prevote(height: 31, round: 0, value: 29a182700b5f9277, from: 02CB1B49DA09615BD4A12212C39378556D990DFD)
2025-08-25T09:38:15.298754Z DEBUG node{moniker=app-1}:wal{height=31}: Wrote log entry type=Consensus(Vote) entry.size=117 
2025-08-25T09:38:15.298859Z DEBUG node{moniker=app-1}:consensus{height=31 round=0}: Transitioned to new step step.previous=Prevote step.new=Precommit
2025-08-25T09:38:15.298868Z  INFO node{moniker=app-1}:consensus{height=31 round=0}: Voting vote_type=Precommit value=29a182700b5f9277 round=0
2025-08-25T09:38:15.298887Z DEBUG node{moniker=app-1}:node{moniker=app-1}: metis-test:consensus-chan recv!!! msg:ExtendVote { height: Height(31), round: Some(0), value_id: ValueId(2999822244544221815), reply: Sender { inner: Some(Inner { state: State { is_complete: false, is_closed: false, is_rx_task_set: true, is_tx_task_set: false } }) } }
2025-08-25T09:38:15.299052Z  INFO node{moniker=app-1}:consensus{height=31 round=0}: Received vote height=31 vote_height=31 address=DE7BA2BE72D2225286133990FF5810B691A5261C Precommit(height: 31, round: 0, value: 29a182700b5f9277, from: DE7BA2BE72D2225286133990FF5810B691A5261C)
2025-08-25T09:38:15.299125Z DEBUG node{moniker=app-1}:wal{height=31}: Wrote log entry type=Consensus(Vote) entry.size=119 
2025-08-25T09:38:15.299166Z DEBUG node{moniker=app-1}:consensus{height=31 round=0}: Transitioned to new step step.previous=Precommit step.new=Commit
2025-08-25T09:38:15.299171Z  INFO node{moniker=app-1}:consensus{height=31 round=0}: Decided round=0 height=31 value=29a182700b5f9277
2025-08-25T09:38:15.302768Z DEBUG node{moniker=app-1}:wal{height=31}: Flushed WAL to disk wal.entries=6 wal.size=1827
2025-08-25T09:38:15.302851Z DEBUG node{moniker=app-1}:sync{height.tip=30 height.sync=31}: Updating request state height.tip=31
2025-08-25T09:38:15.302874Z DEBUG node{moniker=app-1}:node{moniker=app-1}: metis-test:consensus-chan recv!!! msg:Decided { certificate: CommitCertificate { height: Height(31), round: Some(0), value_id: ValueId(2999822244544221815), commit_signatures: [CommitSignature { address: Address(02CB1B49DA09615BD4A12212C39378556D990DFD), signature: Signature(Signature { R_bytes: "911cf3052edd17ac2b3f30150ec92992d05aaee45bca359b6d82046f39a1bcc9", s_bytes: "b484849f4b36e3a412fb9bab1afef3edc4f43b76079b644a5ad45a5861b7060f" }) }, CommitSignature { address: Address(DE7BA2BE72D2225286133990FF5810B691A5261C), signature: Signature(Signature { R_bytes: "15365072654cf3ab2be49488072c613f293d88f3b01370e4e2bbac9131ca2e93", s_bytes: "00d92b4f23f4d23b31b318bd398846811d8211a129e8ec8cf2514afaddd0d004" }) }] }, extensions: VoteExtensions { extensions: [] }, reply: Sender { inner: Some(Inner { state: State { is_complete: false, is_closed: false, is_rx_task_set: true, is_tx_task_set: false } }) } }
2025-08-25T09:38:15.302893Z  INFO node{moniker=app-1}:node{moniker=app-1}: 🟢🟢 Consensus has decided on value height=31 round=0 value=29a182700b5f9277
2025-08-25T09:38:15.303115Z DEBUG node{moniker=app-1}:node{moniker=app-1}: 🎁 block size: 545, height: 31
2025-08-25T09:38:15.303268Z  INFO node{moniker=app-1}:node{moniker=app-1}: 👉 stats at height 31: #txs=0, txs/s=0.00, chain_bytes=16895, bytes/s=2040.35
2025-08-25T09:38:15.303273Z DEBUG node{moniker=app-1}:node{moniker=app-1}: 🦄 Block at height 31 contains 0 transactions
2025-08-25T09:38:15.306854Z DEBUG node{moniker=app-1}:wal{height=31}: Flushed WAL to disk wal.entries=6 wal.size=1827
2025-08-25T09:38:15.307233Z DEBUG node{moniker=app-1}:network: Published message channel=/consensus size=110
2025-08-25T09:38:15.310191Z DEBUG node{moniker=app-1}:node{moniker=app-1}: 💡 New block added at height 31 with hash: 0xf18fc7e5b305d67d92e99e1812d6a9dda93b6b9761bab65cf7daf1da3c5a76a3
2025-08-25T09:38:15.310204Z DEBUG node{moniker=app-1}:node{moniker=app-1}: 🟠 set_latest_forkchoice_state: 0xf18fc7e5b305d67d92e99e1812d6a9dda93b6b9761bab65cf7daf1da3c5a76a3
2025-08-25T09:38:15.317462Z DEBUG node{moniker=app-1}:node{moniker=app-1}: ➡️ payload_status: PayloadStatus { status: Valid, latest_valid_hash: Some(0xf18fc7e5b305d67d92e99e1812d6a9dda93b6b9761bab65cf7daf1da3c5a76a3) }
2025-08-25T09:38:15.317483Z DEBUG node{moniker=app-1}:node{moniker=app-1}: 🚀 Forkchoice updated to height 31 for block hash=0xf18fc7e5b305d67d92e99e1812d6a9dda93b6b9761bab65cf7daf1da3c5a76a3 and latest_valid_hash=0xf18fc7e5b305d67d92e99e1812d6a9dda93b6b9761bab65cf7daf1da3c5a76a3
2025-08-25T09:38:15.317487Z  INFO node{moniker=app-1}:node{moniker=app-1}: Looking for certificate height=31 round=0
2025-08-25T09:38:15.321829Z  INFO node{moniker=app-1}:node{moniker=app-1}: Committed block_data[0..32]: f22348e4189e8290bc89665f28b64ff82c91670fbfadbcc849698a0cc21bff61
2025-08-25T09:38:15.334540Z DEBUG node{moniker=app-1}:wal{height=32}: Reset WAL height=32
2025-08-25T09:38:15.336618Z DEBUG node{moniker=app-1}:consensus{height=32 round=0}: No WAL entries to replay height=32
2025-08-25T09:38:15.336673Z  INFO node{moniker=app-1}:consensus{height=32 round=0}: Starting new height height=32
2025-08-25T09:38:15.336688Z  INFO node{moniker=app-1}:consensus{height=32 round=0}: Starting new round height=32 round=0 proposer=815F9FA61D7C4F1E4A9E30D40DCA1115BB48F759 role=None
2025-08-25T09:38:15.336722Z DEBUG node{moniker=app-1}:sync{height.tip=30 height.sync=31}: Starting new height height.tip=31 height.sync=32 restart=false
2025-08-25T09:38:15.336728Z DEBUG node{moniker=app-1}:sync{height.tip=30 height.sync=31}: No peer to request sync from height.sync=32
2025-08-25T09:38:15.340476Z DEBUG node{moniker=app-1}:wal{height=32}: Flushed WAL to disk wal.entries=0 wal.size=12
2025-08-25T09:38:15.340579Z DEBUG node{moniker=app-1}:node{moniker=app-1}: metis-test:consensus-chan recv!!! msg:StartedRound { height: Height(32), round: Some(0), proposer: Address(815F9FA61D7C4F1E4A9E30D40DCA1115BB48F759), role: None, reply_value: Sender { inner: Some(Inner { state: State { is_complete: false, is_closed: false, is_rx_task_set: false, is_tx_task_set: false } }) } }
2025-08-25T09:38:15.340595Z  INFO node{moniker=app-1}:node{moniker=app-1}: 🟢🟢 Started round height=32 round=0 proposer=815F9FA61D7C4F1E4A9E30D40DCA1115BB48F759 role=None
2025-08-25T09:38:15.340608Z ERROR node{moniker=app-1}:consensus{height=32 round=0}: Error when processing effect: Messaging(RecvErr)
2025-08-25T09:38:15.340628Z DEBUG node{moniker=app-1}:consensus{height=32 round=0}: Transitioned to new step step.previous=Unstarted step.new=Propose
2025-08-25T09:38:15.340633Z  INFO node{moniker=app-1}:consensus{height=32 round=0}: Scheduling timeout round=0 step=Propose
2025-08-25T09:38:15.340642Z DEBUG node{moniker=app-1}:consensus{height=32 round=0}: Replaying inputs count=0
2025-08-25T09:38:15.370833Z DEBUG node{moniker=app-1}:node{moniker=app-1}: metis-test:consensus-chan recv!!! msg:ReceivedProposalPart { from: PeerId("12D3KooWD4wDmZaWggpGH9ACLhNztqnBvszLRcmBLzZdKwDiWmYh"), part: StreamMessage { stream_id: StreamId(b"\0\0\0\0\0\0\0 \0\0\0\0\0\0\0\n"), sequence: 0, content: Data(Init(ProposalInit { height: Height(32), round: Some(0), proposer: Address(815F9FA61D7C4F1E4A9E30D40DCA1115BB48F759) })) }, reply: Sender { inner: Some(Inner { state: State { is_complete: false, is_closed: false, is_rx_task_set: true, is_tx_task_set: false } }) } }
2025-08-25T09:38:15.370870Z  INFO node{moniker=app-1}:node{moniker=app-1}: Received proposal part from=12D3KooWD4wDmZaWggpGH9ACLhNztqnBvszLRcmBLzZdKwDiWmYh part.sequence=0 part.type=init part.size=28
2025-08-25T09:38:15.371567Z DEBUG node{moniker=app-1}:node{moniker=app-1}: metis-test:consensus-chan recv!!! msg:ReceivedProposalPart { from: PeerId("12D3KooWD4wDmZaWggpGH9ACLhNztqnBvszLRcmBLzZdKwDiWmYh"), part: StreamMessage { stream_id: StreamId(b"\0\0\0\0\0\0\0 \0\0\0\0\0\0\0\n"), sequence: 1, content: Data(Data(ProposalData { bytes: "<...>", len: 545 })) }, reply: Sender { inner: Some(Inner { state: State { is_complete: false, is_closed: false, is_rx_task_set: true, is_tx_task_set: false } }) } }
2025-08-25T09:38:15.371602Z  INFO node{moniker=app-1}:node{moniker=app-1}: Received proposal part from=12D3KooWD4wDmZaWggpGH9ACLhNztqnBvszLRcmBLzZdKwDiWmYh part.sequence=1 part.type=data part.size=551
2025-08-25T09:38:15.371643Z DEBUG node{moniker=app-1}:node{moniker=app-1}: metis-test:consensus-chan recv!!! msg:ReceivedProposalPart { from: PeerId("12D3KooWD4wDmZaWggpGH9ACLhNztqnBvszLRcmBLzZdKwDiWmYh"), part: StreamMessage { stream_id: StreamId(b"\0\0\0\0\0\0\0 \0\0\0\0\0\0\0\n"), sequence: 2, content: Data(Fin(ProposalFin { signature: Signature(Signature { R_bytes: "7bad4ecf780010041319589d5e82b190942d7326282a21dc1fdd8e3725a5abfe", s_bytes: "10d66ddd9d13aef336acf21b44258810bd3a50afad89bc49110162f1eceea209" }) })) }, reply: Sender { inner: Some(Inner { state: State { is_complete: false, is_closed: false, is_rx_task_set: true, is_tx_task_set: false } }) } }
2025-08-25T09:38:15.371669Z  INFO node{moniker=app-1}:node{moniker=app-1}: Received proposal part from=12D3KooWD4wDmZaWggpGH9ACLhNztqnBvszLRcmBLzZdKwDiWmYh part.sequence=2 part.type=fin part.size=70
2025-08-25T09:38:15.372869Z DEBUG node{moniker=app-1}:node{moniker=app-1}: metis-test:consensus-chan recv!!! msg:ReceivedProposalPart { from: PeerId("12D3KooWD4wDmZaWggpGH9ACLhNztqnBvszLRcmBLzZdKwDiWmYh"), part: StreamMessage { stream_id: StreamId(b"\0\0\0\0\0\0\0 \0\0\0\0\0\0\0\n"), sequence: 3, content: Fin }, reply: Sender { inner: Some(Inner { state: State { is_complete: false, is_closed: false, is_rx_task_set: true, is_tx_task_set: false } }) } }
2025-08-25T09:38:15.372885Z  INFO node{moniker=app-1}:node{moniker=app-1}: Received proposal part from=12D3KooWD4wDmZaWggpGH9ACLhNztqnBvszLRcmBLzZdKwDiWmYh part.sequence=3 part.type=end of stream part.size=0
2025-08-25T09:38:15.373066Z  INFO node{moniker=app-1}:node{moniker=app-1}: Proposal data[0..32]: f18fc7e5b305d67d92e99e1812d6a9dda93b6b9761bab65cf7daf1da3c5a76a3, total_size: 545 bytes, id: bb236a918494beea
2025-08-25T09:38:15.376773Z  INFO node{moniker=app-1}:consensus{height=32 round=0}: Received vote height=32 vote_height=32 address=815F9FA61D7C4F1E4A9E30D40DCA1115BB48F759 Prevote(height: 32, round: 0, value: bb236a918494beea, from: 815F9FA61D7C4F1E4A9E30D40DCA1115BB48F759)
2025-08-25T09:38:15.377414Z DEBUG node{moniker=app-1}:wal{height=32}: Wrote log entry type=Consensus(Vote) entry.size=118 
2025-08-25T09:38:15.379088Z  INFO node{moniker=app-1}:consensus{height=32 round=0}: Received proposal consensus.height=32 proposal.height=32 proposal.round=0 proposer=815F9FA61D7C4F1E4A9E30D40DCA1115BB48F759 Proposal(height: 32, round: 0, pol_round: -1, value: bb236a918494beea, from: 815F9FA61D7C4F1E4A9E30D40DCA1115BB48F759)
2025-08-25T09:38:15.384440Z DEBUG node{moniker=app-1}:wal{height=32}: Wrote log entry type=Consensus(Proposal) entry.size=668 
2025-08-25T09:38:15.384633Z DEBUG node{moniker=app-1}:consensus{height=32 round=0}: No full proposal for this round yet, stored proposal for later proposal.height=32 proposal.round=0
2025-08-25T09:38:15.393655Z DEBUG node{moniker=app-1}:node{moniker=app-1}: ✅ Received complete proposal: ProposedValue { height: Height(32), round: Some(0), valid_round: Nil, proposer: Address(815F9FA61D7C4F1E4A9E30D40DCA1115BB48F759), value: Value { value: 13484738882504539882, extensions: b"\xf1\x8f\xc7\xe5\xb3\x05\xd6}\x92\xe9\x9e\x18\x12\xd6\xa9\xdd\xa9;k\x97a\xba\xb6\\\xf7\xda\xf1\xda<Zv\xa3********************\xec&\xdf\x94B\xc5\xd4\xa0\xa0\xccSH\xc9`\x11[C\xda\x08\xc7\xae\xf6\xbeNL\xcc_\x13l\xa8\x92\xa6V\xe8\x1f\x17\x1b\xccU\xa6\xff\x83E\xe6\x92\xc0\xf8n[H\xe0\x1b\x99l\xad\xc0\x01b/\xb5\xe3c\xb4!\0\0\0\0\0\0\0\0\0\0\0\0\0\0\0\0\0\0\0\0\0\0\0\0\0\0\0\0\0\0\0\0\0\0\0\0\0\0\0\0\0\0\0\0\0\0\0\0\0\0\0\0\0\0\0\0\0\0\0\0\0\0\0\0\0\0\0\0\0\0\0\0\0\0\0\0\0\0\0\0\0\0\0\0\0\0\0\0\0\0\0\0\0\0\0\0\0\0\0\0\0\0\0\0\0\0\0\0\0\0\0\0\0\0\0\0\0\0\0\0\0\0\0\0\0\0\0\0\0\0\0\0\0\0\0\0\0\0\0\0\0\0\0\0\0\0\0\0\0\0\0\0\0\0\0\0\0\0\0\0\0\0\0\0\0\0\0\0\0\0\0\0\0\0\0\0\0\0\0\0\0\0\0\0\0\0\0\0\0\0\0\0\0\0\0\0\0\0\0\0\0\0\0\0\0\0\0\0\0\0\0\0\0\0\0\0\0\0\0\0\0\0\0\0\0\0\0\0\0\0\0\0\0\0\0\0\0\0\0\0\0\0\0\0\0\0\0\0\0\0\0\0\0\0\0\0\0\0\0\0\0\0\0\0\0\0\0\0\0\0\0\0\0\0\0\0\0\0\0\0\0\0\0\0\0\0\0\0 \0\0\0\0\0\0\0dI\xd8\x01\0\0\0\0\0\0\0\0\0\0\0\0#/\xach\0\0\0\0\x10\x02\0\0\x81\xb4\xd4\0\0\0\0\0\0\0\0\0\0\0\0\0\0\0\0\0\0\0\0\0\0\0\0\0\0\0\0\0\x8e\xe9\xb2\x8d\xacw,\xfb+\xf9\xd2\xfbZ\x9a\xfe\xdb\x8d\"F\xd2J\xd6\xafCr\xcaz\x11\xbee\x1a\x84!\x02\0\0!\x02\0\0\0\0\0\0\0\0\0\0\0\0\0\0\0\0\0\0reth/v1.4.1/linux" }, validity: Valid }
2025-08-25T09:38:15.393865Z DEBUG node{moniker=app-1}:consensus{height=32 round=0}: We have a full proposal for this round, checking... proposal.height=32 proposal.round=0
2025-08-25T09:38:15.393910Z DEBUG node{moniker=app-1}:consensus{height=32 round=0}: Transitioned to new step step.previous=Propose step.new=Prevote
2025-08-25T09:38:15.409789Z  INFO node{moniker=app-1}:consensus{height=32 round=0}: Received vote height=32 vote_height=32 address=02CB1B49DA09615BD4A12212C39378556D990DFD Precommit(height: 32, round: 0, value: bb236a918494beea, from: 02CB1B49DA09615BD4A12212C39378556D990DFD)
2025-08-25T09:38:15.427649Z DEBUG node{moniker=app-1}:wal{height=32}: Wrote log entry type=Consensus(Vote) entry.size=120 
2025-08-25T09:38:15.429163Z  INFO node{moniker=app-1}:consensus{height=32 round=0}: Received vote height=32 vote_height=32 address=02CB1B49DA09615BD4A12212C39378556D990DFD Prevote(height: 32, round: 0, value: bb236a918494beea, from: 02CB1B49DA09615BD4A12212C39378556D990DFD)
2025-08-25T09:38:15.429383Z DEBUG node{moniker=app-1}:wal{height=32}: Wrote log entry type=Consensus(Vote) entry.size=118 
2025-08-25T09:38:15.429555Z DEBUG node{moniker=app-1}:consensus{height=32 round=0}: Transitioned to new step step.previous=Prevote step.new=Precommit
2025-08-25T09:38:15.438549Z  INFO node{moniker=app-1}:consensus{height=32 round=0}: Received vote height=32 vote_height=32 address=815F9FA61D7C4F1E4A9E30D40DCA1115BB48F759 Precommit(height: 32, round: 0, value: bb236a918494beea, from: 815F9FA61D7C4F1E4A9E30D40DCA1115BB48F759)
2025-08-25T09:38:15.439035Z DEBUG node{moniker=app-1}:wal{height=32}: Wrote log entry type=Consensus(Vote) entry.size=120 
2025-08-25T09:38:15.439104Z DEBUG node{moniker=app-1}:consensus{height=32 round=0}: Transitioned to new step step.previous=Precommit step.new=Commit
2025-08-25T09:38:15.439113Z  INFO node{moniker=app-1}:consensus{height=32 round=0}: Decided round=0 height=32 value=bb236a918494beea
2025-08-25T09:38:15.442316Z DEBUG node{moniker=app-1}:wal{height=32}: Flushed WAL to disk wal.entries=5 wal.size=1221
2025-08-25T09:38:15.442463Z DEBUG node{moniker=app-1}:sync{height.tip=31 height.sync=32}: Updating request state height.tip=32
2025-08-25T09:38:15.442478Z DEBUG node{moniker=app-1}:node{moniker=app-1}: metis-test:consensus-chan recv!!! msg:Decided { certificate: CommitCertificate { height: Height(32), round: Some(0), value_id: ValueId(13484738882504539882), commit_signatures: [CommitSignature { address: Address(02CB1B49DA09615BD4A12212C39378556D990DFD), signature: Signature(Signature { R_bytes: "9fd25445e9abf02c25fb98fd306a45f1fd98ad903c14a292b0853605b6ff7779", s_bytes: "a86c64f7d167fe07ecd37a0c0a74a7312e21677a9ff3258fe5df3fc41a069509" }) }, CommitSignature { address: Address(815F9FA61D7C4F1E4A9E30D40DCA1115BB48F759), signature: Signature(Signature { R_bytes: "d1d2743020d4b36695c26bb21ac69863f2bca1dd66be32a8850747777c44b5a7", s_bytes: "4786c4b5289b59235c5d8d194103ef033739aa65b37d469ea688033298c1df0e" }) }] }, extensions: VoteExtensions { extensions: [] }, reply: Sender { inner: Some(Inner { state: State { is_complete: false, is_closed: false, is_rx_task_set: true, is_tx_task_set: false } }) } }
2025-08-25T09:38:15.442502Z  INFO node{moniker=app-1}:node{moniker=app-1}: 🟢🟢 Consensus has decided on value height=32 round=0 value=bb236a918494beea
2025-08-25T09:38:15.443047Z DEBUG node{moniker=app-1}:node{moniker=app-1}: 🎁 block size: 545, height: 32
2025-08-25T09:38:15.443059Z  INFO node{moniker=app-1}:node{moniker=app-1}: 👉 stats at height 32: #txs=0, txs/s=0.00, chain_bytes=17440, bytes/s=2071.20
2025-08-25T09:38:15.443065Z DEBUG node{moniker=app-1}:node{moniker=app-1}: 🦄 Block at height 32 contains 0 transactions
2025-08-25T09:38:15.445146Z DEBUG node{moniker=app-1}:node{moniker=app-1}: 💡 New block added at height 32 with hash: 0x8ee9b28dac772cfb2bf9d2fb5a9afedb8d2246d24ad6af4372ca7a11be651a84
2025-08-25T09:38:15.445155Z DEBUG node{moniker=app-1}:node{moniker=app-1}: 🟠 set_latest_forkchoice_state: 0x8ee9b28dac772cfb2bf9d2fb5a9afedb8d2246d24ad6af4372ca7a11be651a84
2025-08-25T09:38:15.445639Z DEBUG node{moniker=app-1}:node{moniker=app-1}: ➡️ payload_status: PayloadStatus { status: Valid, latest_valid_hash: Some(0x8ee9b28dac772cfb2bf9d2fb5a9afedb8d2246d24ad6af4372ca7a11be651a84) }
2025-08-25T09:38:15.445644Z DEBUG node{moniker=app-1}:node{moniker=app-1}: 🚀 Forkchoice updated to height 32 for block hash=0x8ee9b28dac772cfb2bf9d2fb5a9afedb8d2246d24ad6af4372ca7a11be651a84 and latest_valid_hash=0x8ee9b28dac772cfb2bf9d2fb5a9afedb8d2246d24ad6af4372ca7a11be651a84
2025-08-25T09:38:15.445647Z  INFO node{moniker=app-1}:node{moniker=app-1}: Looking for certificate height=32 round=0
2025-08-25T09:38:15.450391Z  INFO node{moniker=app-1}:node{moniker=app-1}: Committed block_data[0..32]: f18fc7e5b305d67d92e99e1812d6a9dda93b6b9761bab65cf7daf1da3c5a76a3
2025-08-25T09:38:15.477414Z DEBUG node{moniker=app-1}:wal{height=33}: Reset WAL height=33
2025-08-25T09:38:15.477944Z DEBUG node{moniker=app-1}:consensus{height=33 round=0}: No WAL entries to replay height=33
2025-08-25T09:38:15.477983Z  INFO node{moniker=app-1}:consensus{height=33 round=0}: Starting new height height=33
2025-08-25T09:38:15.477989Z  INFO node{moniker=app-1}:consensus{height=33 round=0}: Starting new round height=33 round=0 proposer=815F9FA61D7C4F1E4A9E30D40DCA1115BB48F759 role=Validator
2025-08-25T09:38:15.478018Z DEBUG node{moniker=app-1}:sync{height.tip=31 height.sync=32}: Starting new height height.tip=32 height.sync=33 restart=false
2025-08-25T09:38:15.478024Z DEBUG node{moniker=app-1}:sync{height.tip=31 height.sync=32}: No peer to request sync from height.sync=33
2025-08-25T09:38:15.481613Z DEBUG node{moniker=app-1}:wal{height=33}: Flushed WAL to disk wal.entries=0 wal.size=12
2025-08-25T09:38:15.481696Z DEBUG node{moniker=app-1}:node{moniker=app-1}: metis-test:consensus-chan recv!!! msg:StartedRound { height: Height(33), round: Some(0), proposer: Address(815F9FA61D7C4F1E4A9E30D40DCA1115BB48F759), role: Validator, reply_value: Sender { inner: Some(Inner { state: State { is_complete: false, is_closed: false, is_rx_task_set: false, is_tx_task_set: false } }) } }
2025-08-25T09:38:15.481707Z  INFO node{moniker=app-1}:node{moniker=app-1}: 🟢🟢 Started round height=33 round=0 proposer=815F9FA61D7C4F1E4A9E30D40DCA1115BB48F759 role=Validator
2025-08-25T09:38:15.481719Z ERROR node{moniker=app-1}:consensus{height=33 round=0}: Error when processing effect: Messaging(RecvErr)
2025-08-25T09:38:15.481737Z DEBUG node{moniker=app-1}:consensus{height=33 round=0}: Transitioned to new step step.previous=Unstarted step.new=Propose
2025-08-25T09:38:15.481742Z  INFO node{moniker=app-1}:consensus{height=33 round=0}: Scheduling timeout round=0 step=Propose
2025-08-25T09:38:15.481749Z DEBUG node{moniker=app-1}:consensus{height=33 round=0}: Replaying inputs count=0
2025-08-25T09:38:15.490387Z DEBUG node{moniker=app-1}:node{moniker=app-1}: metis-test:consensus-chan recv!!! msg:ReceivedProposalPart { from: PeerId("12D3KooWD4wDmZaWggpGH9ACLhNztqnBvszLRcmBLzZdKwDiWmYh"), part: StreamMessage { stream_id: StreamId(b"\0\0\0\0\0\0\0!\0\0\0\0\0\0\0\x0b"), sequence: 0, content: Data(Init(ProposalInit { height: Height(33), round: Some(0), proposer: Address(815F9FA61D7C4F1E4A9E30D40DCA1115BB48F759) })) }, reply: Sender { inner: Some(Inner { state: State { is_complete: false, is_closed: false, is_rx_task_set: true, is_tx_task_set: false } }) } }
2025-08-25T09:38:15.490416Z  INFO node{moniker=app-1}:node{moniker=app-1}: Received proposal part from=12D3KooWD4wDmZaWggpGH9ACLhNztqnBvszLRcmBLzZdKwDiWmYh part.sequence=0 part.type=init part.size=28
2025-08-25T09:38:15.491222Z DEBUG node{moniker=app-1}:node{moniker=app-1}: metis-test:consensus-chan recv!!! msg:ReceivedProposalPart { from: PeerId("12D3KooWD4wDmZaWggpGH9ACLhNztqnBvszLRcmBLzZdKwDiWmYh"), part: StreamMessage { stream_id: StreamId(b"\0\0\0\0\0\0\0!\0\0\0\0\0\0\0\x0b"), sequence: 1, content: Data(Data(ProposalData { bytes: "<...>", len: 545 })) }, reply: Sender { inner: Some(Inner { state: State { is_complete: false, is_closed: false, is_rx_task_set: true, is_tx_task_set: false } }) } }
2025-08-25T09:38:15.491239Z  INFO node{moniker=app-1}:node{moniker=app-1}: Received proposal part from=12D3KooWD4wDmZaWggpGH9ACLhNztqnBvszLRcmBLzZdKwDiWmYh part.sequence=1 part.type=data part.size=551
2025-08-25T09:38:15.491253Z DEBUG node{moniker=app-1}:node{moniker=app-1}: metis-test:consensus-chan recv!!! msg:ReceivedProposalPart { from: PeerId("12D3KooWD4wDmZaWggpGH9ACLhNztqnBvszLRcmBLzZdKwDiWmYh"), part: StreamMessage { stream_id: StreamId(b"\0\0\0\0\0\0\0!\0\0\0\0\0\0\0\x0b"), sequence: 2, content: Data(Fin(ProposalFin { signature: Signature(Signature { R_bytes: "f8e1650b0998c5c9301ec58c78d78f82240239e8e2eda0bba2bae50e612989ed", s_bytes: "2daa76fc297d094680b0d5797414910994bcbfbd3faba97df6372dd72dc98204" }) })) }, reply: Sender { inner: Some(Inner { state: State { is_complete: false, is_closed: false, is_rx_task_set: true, is_tx_task_set: false } }) } }
2025-08-25T09:38:15.491264Z  INFO node{moniker=app-1}:node{moniker=app-1}: Received proposal part from=12D3KooWD4wDmZaWggpGH9ACLhNztqnBvszLRcmBLzZdKwDiWmYh part.sequence=2 part.type=fin part.size=70
2025-08-25T09:38:15.491273Z DEBUG node{moniker=app-1}:node{moniker=app-1}: metis-test:consensus-chan recv!!! msg:ReceivedProposalPart { from: PeerId("12D3KooWD4wDmZaWggpGH9ACLhNztqnBvszLRcmBLzZdKwDiWmYh"), part: StreamMessage { stream_id: StreamId(b"\0\0\0\0\0\0\0!\0\0\0\0\0\0\0\x0b"), sequence: 3, content: Fin }, reply: Sender { inner: Some(Inner { state: State { is_complete: false, is_closed: false, is_rx_task_set: true, is_tx_task_set: false } }) } }
2025-08-25T09:38:15.491281Z  INFO node{moniker=app-1}:node{moniker=app-1}: Received proposal part from=12D3KooWD4wDmZaWggpGH9ACLhNztqnBvszLRcmBLzZdKwDiWmYh part.sequence=3 part.type=end of stream part.size=0
2025-08-25T09:38:15.491467Z  INFO node{moniker=app-1}:node{moniker=app-1}: Proposal data[0..32]: 8ee9b28dac772cfb2bf9d2fb5a9afedb8d2246d24ad6af4372ca7a11be651a84, total_size: 545 bytes, id: c1e251a87ecc67d
2025-08-25T09:38:15.495705Z  INFO node{moniker=app-1}:consensus{height=33 round=0}: Received vote height=33 vote_height=33 address=815F9FA61D7C4F1E4A9E30D40DCA1115BB48F759 Prevote(height: 33, round: 0, value: c1e251a87ecc67d, from: 815F9FA61D7C4F1E4A9E30D40DCA1115BB48F759)
2025-08-25T09:38:15.504492Z DEBUG node{moniker=app-1}:wal{height=33}: Wrote log entry type=Consensus(Vote) entry.size=117 
2025-08-25T09:38:15.504544Z DEBUG node{moniker=app-1}:node{moniker=app-1}: ✅ Received complete proposal: ProposedValue { height: Height(33), round: Some(0), valid_round: Nil, proposer: Address(815F9FA61D7C4F1E4A9E30D40DCA1115BB48F759), value: Value { value: 873176173636273789, extensions: b"\x8e\xe9\xb2\x8d\xacw,\xfb+\xf9\xd2\xfbZ\x9a\xfe\xdb\x8d\"F\xd2J\xd6\xafCr\xcaz\x11\xbee\x1a\x84********************\xec&\xdf\x94B\xc5\xd4\xa0\xa0\xccSH\xc9`\x11[C\xda\x08\xc7\xae\xf6\xbeNL\xcc_\x13l\xa8\x92\xa6V\xe8\x1f\x17\x1b\xccU\xa6\xff\x83E\xe6\x92\xc0\xf8n[H\xe0\x1b\x99l\xad\xc0\x01b/\xb5\xe3c\xb4!\0\0\0\0\0\0\0\0\0\0\0\0\0\0\0\0\0\0\0\0\0\0\0\0\0\0\0\0\0\0\0\0\0\0\0\0\0\0\0\0\0\0\0\0\0\0\0\0\0\0\0\0\0\0\0\0\0\0\0\0\0\0\0\0\0\0\0\0\0\0\0\0\0\0\0\0\0\0\0\0\0\0\0\0\0\0\0\0\0\0\0\0\0\0\0\0\0\0\0\0\0\0\0\0\0\0\0\0\0\0\0\0\0\0\0\0\0\0\0\0\0\0\0\0\0\0\0\0\0\0\0\0\0\0\0\0\0\0\0\0\0\0\0\0\0\0\0\0\0\0\0\0\0\0\0\0\0\0\0\0\0\0\0\0\0\0\0\0\0\0\0\0\0\0\0\0\0\0\0\0\0\0\0\0\0\0\0\0\0\0\0\0\0\0\0\0\0\0\0\0\0\0\0\0\0\0\0\0\0\0\0\0\0\0\0\0\0\0\0\0\0\0\0\0\0\0\0\0\0\0\0\0\0\0\0\0\0\0\0\0\0\0\0\0\0\0\0\0\0\0\0\0\0\0\0\0\0\0\0\0\0\0\0\0\0\0\0\0\0\0\0\0\0\0\0\0\0\0\0\0\0\0\0\0\0\0\0\0!\0\0\0\0\0\0\0u\xbf\xd8\x01\0\0\0\0\0\0\0\0\0\0\0\0$/\xach\0\0\0\0\x10\x02\0\0\xf1\x1d\xba\0\0\0\0\0\0\0\0\0\0\0\0\0\0\0\0\0\0\0\0\0\0\0\0\0\0\0\0\0\xf0\xc8\xfd*\x06\xad\xb4\xee\xa9\xe14\xc4\x8c\xb1\x92\x85\xa8\xberq2\xe9{\xb7\x193\x12NYl\x0b\xc0!\x02\0\0!\x02\0\0\0\0\0\0\0\0\0\0\0\0\0\0\0\0\0\0reth/v1.4.1/linux" }, validity: Valid }
2025-08-25T09:38:15.504770Z  INFO node{moniker=app-1}:consensus{height=33 round=0}: Received proposal consensus.height=33 proposal.height=33 proposal.round=0 proposer=815F9FA61D7C4F1E4A9E30D40DCA1115BB48F759 Proposal(height: 33, round: 0, pol_round: -1, value: c1e251a87ecc67d, from: 815F9FA61D7C4F1E4A9E30D40DCA1115BB48F759)
2025-08-25T09:38:15.504921Z DEBUG node{moniker=app-1}:wal{height=33}: Wrote log entry type=Consensus(Proposal) entry.size=667 
2025-08-25T09:38:15.505006Z DEBUG node{moniker=app-1}:consensus{height=33 round=0}: No full proposal for this round yet, stored proposal for later proposal.height=33 proposal.round=0
2025-08-25T09:38:15.505025Z DEBUG node{moniker=app-1}:consensus{height=33 round=0}: We have a full proposal for this round, checking... proposal.height=33 proposal.round=0
2025-08-25T09:38:15.505038Z DEBUG node{moniker=app-1}:consensus{height=33 round=0}: Transitioned to new step step.previous=Propose step.new=Prevote
2025-08-25T09:38:15.505048Z  INFO node{moniker=app-1}:consensus{height=33 round=0}: Voting vote_type=Prevote value=c1e251a87ecc67d round=0
2025-08-25T09:38:15.505208Z  INFO node{moniker=app-1}:consensus{height=33 round=0}: Received vote height=33 vote_height=33 address=DE7BA2BE72D2225286133990FF5810B691A5261C Prevote(height: 33, round: 0, value: c1e251a87ecc67d, from: DE7BA2BE72D2225286133990FF5810B691A5261C)
2025-08-25T09:38:15.505343Z DEBUG node{moniker=app-1}:wal{height=33}: Wrote log entry type=Consensus(Vote) entry.size=117 
2025-08-25T09:38:15.505381Z DEBUG node{moniker=app-1}:consensus{height=33 round=0}: Transitioned to new step step.previous=Prevote step.new=Precommit
2025-08-25T09:38:15.505387Z  INFO node{moniker=app-1}:consensus{height=33 round=0}: Voting vote_type=Precommit value=c1e251a87ecc67d round=0
2025-08-25T09:38:15.505402Z DEBUG node{moniker=app-1}:node{moniker=app-1}: metis-test:consensus-chan recv!!! msg:ExtendVote { height: Height(33), round: Some(0), value_id: ValueId(873176173636273789), reply: Sender { inner: Some(Inner { state: State { is_complete: false, is_closed: false, is_rx_task_set: true, is_tx_task_set: false } }) } }
2025-08-25T09:38:15.505561Z  INFO node{moniker=app-1}:consensus{height=33 round=0}: Received vote height=33 vote_height=33 address=DE7BA2BE72D2225286133990FF5810B691A5261C Precommit(height: 33, round: 0, value: c1e251a87ecc67d, from: DE7BA2BE72D2225286133990FF5810B691A5261C)
2025-08-25T09:38:15.505662Z DEBUG node{moniker=app-1}:wal{height=33}: Wrote log entry type=Consensus(Vote) entry.size=119 
2025-08-25T09:38:15.507301Z DEBUG node{moniker=app-1}:wal{height=33}: Flushed WAL to disk wal.entries=4 wal.size=1084
2025-08-25T09:38:15.507384Z DEBUG node{moniker=app-1}:wal{height=33}: Flushed WAL to disk wal.entries=4 wal.size=1084
2025-08-25T09:38:15.507478Z DEBUG node{moniker=app-1}:network: Published message channel=/consensus size=110
2025-08-25T09:38:15.507833Z DEBUG node{moniker=app-1}:network: Published message channel=/consensus size=108
2025-08-25T09:38:15.513785Z  INFO node{moniker=app-1}:consensus{height=33 round=0}: Received vote height=33 vote_height=33 address=815F9FA61D7C4F1E4A9E30D40DCA1115BB48F759 Precommit(height: 33, round: 0, value: c1e251a87ecc67d, from: 815F9FA61D7C4F1E4A9E30D40DCA1115BB48F759)
2025-08-25T09:38:15.514093Z DEBUG node{moniker=app-1}:wal{height=33}: Wrote log entry type=Consensus(Vote) entry.size=119 
2025-08-25T09:38:15.514262Z DEBUG node{moniker=app-1}:consensus{height=33 round=0}: Transitioned to new step step.previous=Precommit step.new=Commit
2025-08-25T09:38:15.514273Z  INFO node{moniker=app-1}:consensus{height=33 round=0}: Decided round=0 height=33 value=c1e251a87ecc67d
2025-08-25T09:38:15.518470Z DEBUG node{moniker=app-1}:wal{height=33}: Flushed WAL to disk wal.entries=5 wal.size=1216
2025-08-25T09:38:15.518596Z DEBUG node{moniker=app-1}:sync{height.tip=32 height.sync=33}: Updating request state height.tip=33
2025-08-25T09:38:15.518609Z DEBUG node{moniker=app-1}:node{moniker=app-1}: metis-test:consensus-chan recv!!! msg:Decided { certificate: CommitCertificate { height: Height(33), round: Some(0), value_id: ValueId(873176173636273789), commit_signatures: [CommitSignature { address: Address(815F9FA61D7C4F1E4A9E30D40DCA1115BB48F759), signature: Signature(Signature { R_bytes: "7b2c0441d7a95dbe70b64e13741e95fc618b412f79ec2dd34228da131ea00046", s_bytes: "411a47ac52f5791e9079c1109ffd5bcd6abe73f7659c45d52a391d15c2d34c0d" }) }, CommitSignature { address: Address(DE7BA2BE72D2225286133990FF5810B691A5261C), signature: Signature(Signature { R_bytes: "87b045d690bca28df1f92676eddfab023676cdd04b7e7ea9a6d5b4907d815607", s_bytes: "0dfad35d2380692ff5734367db9939dd01ab4548f19f788a7cefa28ae3ea7206" }) }] }, extensions: VoteExtensions { extensions: [] }, reply: Sender { inner: Some(Inner { state: State { is_complete: false, is_closed: false, is_rx_task_set: true, is_tx_task_set: false } }) } }
2025-08-25T09:38:15.518627Z  INFO node{moniker=app-1}:node{moniker=app-1}: 🟢🟢 Consensus has decided on value height=33 round=0 value=c1e251a87ecc67d
2025-08-25T09:38:15.518685Z DEBUG node{moniker=app-1}:node{moniker=app-1}: 🎁 block size: 545, height: 33
2025-08-25T09:38:15.518694Z  INFO node{moniker=app-1}:node{moniker=app-1}: 👉 stats at height 33: #txs=0, txs/s=0.00, chain_bytes=17985, bytes/s=2116.91
2025-08-25T09:38:15.518699Z DEBUG node{moniker=app-1}:node{moniker=app-1}: 🦄 Block at height 33 contains 0 transactions
2025-08-25T09:38:15.519625Z DEBUG node{moniker=app-1}:node{moniker=app-1}: 💡 New block added at height 33 with hash: 0xf0c8fd2a06adb4eea9e134c48cb19285a8be727132e97bb71933124e596c0bc0
2025-08-25T09:38:15.519633Z DEBUG node{moniker=app-1}:node{moniker=app-1}: 🟠 set_latest_forkchoice_state: 0xf0c8fd2a06adb4eea9e134c48cb19285a8be727132e97bb71933124e596c0bc0
2025-08-25T09:38:15.520141Z DEBUG node{moniker=app-1}:node{moniker=app-1}: ➡️ payload_status: PayloadStatus { status: Valid, latest_valid_hash: Some(0xf0c8fd2a06adb4eea9e134c48cb19285a8be727132e97bb71933124e596c0bc0) }
2025-08-25T09:38:15.520147Z DEBUG node{moniker=app-1}:node{moniker=app-1}: 🚀 Forkchoice updated to height 33 for block hash=0xf0c8fd2a06adb4eea9e134c48cb19285a8be727132e97bb71933124e596c0bc0 and latest_valid_hash=0xf0c8fd2a06adb4eea9e134c48cb19285a8be727132e97bb71933124e596c0bc0
2025-08-25T09:38:15.520150Z  INFO node{moniker=app-1}:node{moniker=app-1}: Looking for certificate height=33 round=0
2025-08-25T09:38:15.526570Z  INFO node{moniker=app-1}:node{moniker=app-1}: Committed block_data[0..32]: 8ee9b28dac772cfb2bf9d2fb5a9afedb8d2246d24ad6af4372ca7a11be651a84
2025-08-25T09:38:15.548275Z DEBUG node{moniker=app-1}:wal{height=34}: Reset WAL height=34
2025-08-25T09:38:15.548871Z DEBUG node{moniker=app-1}:consensus{height=34 round=0}: No WAL entries to replay height=34
2025-08-25T09:38:15.548916Z  INFO node{moniker=app-1}:consensus{height=34 round=0}: Starting new height height=34
2025-08-25T09:38:15.548924Z  INFO node{moniker=app-1}:consensus{height=34 round=0}: Starting new round height=34 round=0 proposer=02CB1B49DA09615BD4A12212C39378556D990DFD role=Validator
2025-08-25T09:38:15.548990Z DEBUG node{moniker=app-1}:sync{height.tip=32 height.sync=33}: Starting new height height.tip=33 height.sync=34 restart=false
2025-08-25T09:38:15.549000Z DEBUG node{moniker=app-1}:sync{height.tip=32 height.sync=33}: No peer to request sync from height.sync=34
2025-08-25T09:38:15.550711Z DEBUG node{moniker=app-1}:wal{height=34}: Flushed WAL to disk wal.entries=0 wal.size=12
2025-08-25T09:38:15.552142Z DEBUG node{moniker=app-1}:node{moniker=app-1}: metis-test:consensus-chan recv!!! msg:StartedRound { height: Height(34), round: Some(0), proposer: Address(02CB1B49DA09615BD4A12212C39378556D990DFD), role: Validator, reply_value: Sender { inner: Some(Inner { state: State { is_complete: false, is_closed: false, is_rx_task_set: false, is_tx_task_set: false } }) } }
2025-08-25T09:38:15.552157Z  INFO node{moniker=app-1}:node{moniker=app-1}: 🟢🟢 Started round height=34 round=0 proposer=02CB1B49DA09615BD4A12212C39378556D990DFD role=Validator
2025-08-25T09:38:15.552170Z ERROR node{moniker=app-1}:consensus{height=34 round=0}: Error when processing effect: Messaging(RecvErr)
2025-08-25T09:38:15.552189Z DEBUG node{moniker=app-1}:consensus{height=34 round=0}: Transitioned to new step step.previous=Unstarted step.new=Propose
2025-08-25T09:38:15.552195Z  INFO node{moniker=app-1}:consensus{height=34 round=0}: Scheduling timeout round=0 step=Propose
2025-08-25T09:38:15.552203Z DEBUG node{moniker=app-1}:consensus{height=34 round=0}: Replaying inputs count=0
2025-08-25T09:38:15.579118Z DEBUG node{moniker=app-1}:node{moniker=app-1}: metis-test:consensus-chan recv!!! msg:ReceivedProposalPart { from: PeerId("12D3KooWR2Quwt2G6MyT6WQkUdfS8nHZu7XcPotkmbhuEoqc94oJ"), part: StreamMessage { stream_id: StreamId(b"\0\0\0\0\0\0\0\"\0\0\0\0\0\0\0\x0b"), sequence: 0, content: Data(Init(ProposalInit { height: Height(34), round: Some(0), proposer: Address(02CB1B49DA09615BD4A12212C39378556D990DFD) })) }, reply: Sender { inner: Some(Inner { state: State { is_complete: false, is_closed: false, is_rx_task_set: true, is_tx_task_set: false } }) } }
2025-08-25T09:38:15.579152Z  INFO node{moniker=app-1}:node{moniker=app-1}: Received proposal part from=12D3KooWR2Quwt2G6MyT6WQkUdfS8nHZu7XcPotkmbhuEoqc94oJ part.sequence=0 part.type=init part.size=28
2025-08-25T09:38:15.579191Z DEBUG node{moniker=app-1}:node{moniker=app-1}: metis-test:consensus-chan recv!!! msg:ReceivedProposalPart { from: PeerId("12D3KooWR2Quwt2G6MyT6WQkUdfS8nHZu7XcPotkmbhuEoqc94oJ"), part: StreamMessage { stream_id: StreamId(b"\0\0\0\0\0\0\0\"\0\0\0\0\0\0\0\x0b"), sequence: 1, content: Data(Data(ProposalData { bytes: "<...>", len: 545 })) }, reply: Sender { inner: Some(Inner { state: State { is_complete: false, is_closed: false, is_rx_task_set: true, is_tx_task_set: false } }) } }
2025-08-25T09:38:15.579204Z  INFO node{moniker=app-1}:node{moniker=app-1}: Received proposal part from=12D3KooWR2Quwt2G6MyT6WQkUdfS8nHZu7XcPotkmbhuEoqc94oJ part.sequence=1 part.type=data part.size=551
2025-08-25T09:38:15.579216Z DEBUG node{moniker=app-1}:node{moniker=app-1}: metis-test:consensus-chan recv!!! msg:ReceivedProposalPart { from: PeerId("12D3KooWR2Quwt2G6MyT6WQkUdfS8nHZu7XcPotkmbhuEoqc94oJ"), part: StreamMessage { stream_id: StreamId(b"\0\0\0\0\0\0\0\"\0\0\0\0\0\0\0\x0b"), sequence: 2, content: Data(Fin(ProposalFin { signature: Signature(Signature { R_bytes: "99372267948727febbdab3520c66902161ede626b444749e5fa85f8be082fc0c", s_bytes: "e90a6d93bc569d60e04120b4f2457babdf7754eac2db52ee6a388e198f4ce600" }) })) }, reply: Sender { inner: Some(Inner { state: State { is_complete: false, is_closed: false, is_rx_task_set: true, is_tx_task_set: false } }) } }
2025-08-25T09:38:15.579228Z  INFO node{moniker=app-1}:node{moniker=app-1}: Received proposal part from=12D3KooWR2Quwt2G6MyT6WQkUdfS8nHZu7XcPotkmbhuEoqc94oJ part.sequence=2 part.type=fin part.size=70
2025-08-25T09:38:15.579239Z DEBUG node{moniker=app-1}:node{moniker=app-1}: metis-test:consensus-chan recv!!! msg:ReceivedProposalPart { from: PeerId("12D3KooWR2Quwt2G6MyT6WQkUdfS8nHZu7XcPotkmbhuEoqc94oJ"), part: StreamMessage { stream_id: StreamId(b"\0\0\0\0\0\0\0\"\0\0\0\0\0\0\0\x0b"), sequence: 3, content: Fin }, reply: Sender { inner: Some(Inner { state: State { is_complete: false, is_closed: false, is_rx_task_set: true, is_tx_task_set: false } }) } }
2025-08-25T09:38:15.579247Z  INFO node{moniker=app-1}:node{moniker=app-1}: Received proposal part from=12D3KooWR2Quwt2G6MyT6WQkUdfS8nHZu7XcPotkmbhuEoqc94oJ part.sequence=3 part.type=end of stream part.size=0
2025-08-25T09:38:15.579416Z  INFO node{moniker=app-1}:node{moniker=app-1}: Proposal data[0..32]: f0c8fd2a06adb4eea9e134c48cb19285a8be727132e97bb71933124e596c0bc0, total_size: 545 bytes, id: a045474924042055
2025-08-25T09:38:15.591132Z  INFO node{moniker=app-1}:consensus{height=34 round=0}: Received vote height=34 vote_height=34 address=02CB1B49DA09615BD4A12212C39378556D990DFD Prevote(height: 34, round: 0, value: a045474924042055, from: 02CB1B49DA09615BD4A12212C39378556D990DFD)
2025-08-25T09:38:15.610685Z DEBUG node{moniker=app-1}:node{moniker=app-1}: ✅ Received complete proposal: ProposedValue { height: Height(34), round: Some(0), valid_round: Nil, proposer: Address(02CB1B49DA09615BD4A12212C39378556D990DFD), value: Value { value: 11548715198923939925, extensions: b"\xf0\xc8\xfd*\x06\xad\xb4\xee\xa9\xe14\xc4\x8c\xb1\x92\x85\xa8\xberq2\xe9{\xb7\x193\x12NYl\x0b\xc0********************\xec&\xdf\x94B\xc5\xd4\xa0\xa0\xccSH\xc9`\x11[C\xda\x08\xc7\xae\xf6\xbeNL\xcc_\x13l\xa8\x92\xa6V\xe8\x1f\x17\x1b\xccU\xa6\xff\x83E\xe6\x92\xc0\xf8n[H\xe0\x1b\x99l\xad\xc0\x01b/\xb5\xe3c\xb4!\0\0\0\0\0\0\0\0\0\0\0\0\0\0\0\0\0\0\0\0\0\0\0\0\0\0\0\0\0\0\0\0\0\0\0\0\0\0\0\0\0\0\0\0\0\0\0\0\0\0\0\0\0\0\0\0\0\0\0\0\0\0\0\0\0\0\0\0\0\0\0\0\0\0\0\0\0\0\0\0\0\0\0\0\0\0\0\0\0\0\0\0\0\0\0\0\0\0\0\0\0\0\0\0\0\0\0\0\0\0\0\0\0\0\0\0\0\0\0\0\0\0\0\0\0\0\0\0\0\0\0\0\0\0\0\0\0\0\0\0\0\0\0\0\0\0\0\0\0\0\0\0\0\0\0\0\0\0\0\0\0\0\0\0\0\0\0\0\0\0\0\0\0\0\0\0\0\0\0\0\0\0\0\0\0\0\0\0\0\0\0\0\0\0\0\0\0\0\0\0\0\0\0\0\0\0\0\0\0\0\0\0\0\0\0\0\0\0\0\0\0\0\0\0\0\0\0\0\0\0\0\0\0\0\0\0\0\0\0\0\0\0\0\0\0\0\0\0\0\0\0\0\0\0\0\0\0\0\0\0\0\0\0\0\0\0\0\0\0\0\0\0\0\0\0\0\0\0\0\0\0\0\0\0\0\0\0\0\"\0\0\0\0\0\0\0\xa35\xd9\x01\0\0\0\0\0\0\0\0\0\0\0\0%/\xach\0\0\0\0\x10\x02\0\03\xda\xa2\0\0\0\0\0\0\0\0\0\0\0\0\0\0\0\0\0\0\0\0\0\0\0\0\0\0\0\0\0\x89\xf5\xd6C\x83\x92\xbeW\xdb`\xf0q\x1a\\d\x0b!\xb0\xdaT\xa8\x8aj7\x98\xf53}\r\x05\09!\x02\0\0!\x02\0\0\0\0\0\0\0\0\0\0\0\0\0\0\0\0\0\0reth/v1.4.1/linux" }, validity: Valid }
2025-08-25T09:38:15.611038Z DEBUG node{moniker=app-1}:wal{height=34}: Wrote log entry type=Consensus(Vote) entry.size=118 
2025-08-25T09:38:15.611536Z  INFO node{moniker=app-1}:consensus{height=34 round=0}: Received proposal consensus.height=34 proposal.height=34 proposal.round=0 proposer=02CB1B49DA09615BD4A12212C39378556D990DFD Proposal(height: 34, round: 0, pol_round: -1, value: a045474924042055, from: 02CB1B49DA09615BD4A12212C39378556D990DFD)
2025-08-25T09:38:15.612014Z DEBUG node{moniker=app-1}:wal{height=34}: Wrote log entry type=Consensus(Proposal) entry.size=668 
2025-08-25T09:38:15.612043Z DEBUG node{moniker=app-1}:consensus{height=34 round=0}: No full proposal for this round yet, stored proposal for later proposal.height=34 proposal.round=0
2025-08-25T09:38:15.612064Z DEBUG node{moniker=app-1}:consensus{height=34 round=0}: We have a full proposal for this round, checking... proposal.height=34 proposal.round=0
2025-08-25T09:38:15.612080Z DEBUG node{moniker=app-1}:consensus{height=34 round=0}: Transitioned to new step step.previous=Propose step.new=Prevote
2025-08-25T09:38:15.612093Z  INFO node{moniker=app-1}:consensus{height=34 round=0}: Voting vote_type=Prevote value=a045474924042055 round=0
2025-08-25T09:38:15.612291Z  INFO node{moniker=app-1}:consensus{height=34 round=0}: Received vote height=34 vote_height=34 address=DE7BA2BE72D2225286133990FF5810B691A5261C Prevote(height: 34, round: 0, value: a045474924042055, from: DE7BA2BE72D2225286133990FF5810B691A5261C)
2025-08-25T09:38:15.612364Z DEBUG node{moniker=app-1}:wal{height=34}: Wrote log entry type=Consensus(Vote) entry.size=118 
2025-08-25T09:38:15.612479Z DEBUG node{moniker=app-1}:consensus{height=34 round=0}: Transitioned to new step step.previous=Prevote step.new=Precommit
2025-08-25T09:38:15.612485Z  INFO node{moniker=app-1}:consensus{height=34 round=0}: Voting vote_type=Precommit value=a045474924042055 round=0
2025-08-25T09:38:15.612506Z DEBUG node{moniker=app-1}:node{moniker=app-1}: metis-test:consensus-chan recv!!! msg:ExtendVote { height: Height(34), round: Some(0), value_id: ValueId(11548715198923939925), reply: Sender { inner: Some(Inner { state: State { is_complete: false, is_closed: false, is_rx_task_set: true, is_tx_task_set: false } }) } }
2025-08-25T09:38:15.612672Z  INFO node{moniker=app-1}:consensus{height=34 round=0}: Received vote height=34 vote_height=34 address=DE7BA2BE72D2225286133990FF5810B691A5261C Precommit(height: 34, round: 0, value: a045474924042055, from: DE7BA2BE72D2225286133990FF5810B691A5261C)
2025-08-25T09:38:15.612730Z DEBUG node{moniker=app-1}:wal{height=34}: Wrote log entry type=Consensus(Vote) entry.size=120 
2025-08-25T09:38:15.619676Z DEBUG node{moniker=app-1}:wal{height=34}: Flushed WAL to disk wal.entries=4 wal.size=1088
2025-08-25T09:38:15.620088Z DEBUG node{moniker=app-1}:network: Published message channel=/consensus size=111
2025-08-25T09:38:15.623417Z DEBUG node{moniker=app-1}:wal{height=34}: Flushed WAL to disk wal.entries=4 wal.size=1088
2025-08-25T09:38:15.623665Z DEBUG node{moniker=app-1}:network: Published message channel=/consensus size=109
2025-08-25T09:38:15.631620Z  INFO node{moniker=app-1}:consensus{height=34 round=0}: Received vote height=34 vote_height=34 address=02CB1B49DA09615BD4A12212C39378556D990DFD Precommit(height: 34, round: 0, value: a045474924042055, from: 02CB1B49DA09615BD4A12212C39378556D990DFD)
2025-08-25T09:38:15.631749Z DEBUG node{moniker=app-1}:wal{height=34}: Wrote log entry type=Consensus(Vote) entry.size=120 
2025-08-25T09:38:15.632113Z DEBUG node{moniker=app-1}:consensus{height=34 round=0}: Transitioned to new step step.previous=Precommit step.new=Commit
2025-08-25T09:38:15.632123Z  INFO node{moniker=app-1}:consensus{height=34 round=0}: Decided round=0 height=34 value=a045474924042055
2025-08-25T09:38:15.640651Z DEBUG node{moniker=app-1}:wal{height=34}: Flushed WAL to disk wal.entries=5 wal.size=1221
2025-08-25T09:38:15.641627Z DEBUG node{moniker=app-1}:sync{height.tip=33 height.sync=34}: Updating request state height.tip=34
2025-08-25T09:38:15.641647Z DEBUG node{moniker=app-1}:node{moniker=app-1}: metis-test:consensus-chan recv!!! msg:Decided { certificate: CommitCertificate { height: Height(34), round: Some(0), value_id: ValueId(11548715198923939925), commit_signatures: [CommitSignature { address: Address(02CB1B49DA09615BD4A12212C39378556D990DFD), signature: Signature(Signature { R_bytes: "fa33053dfc96911f9fc257162bf96538dd4c94dd7321e30709d5b8d6be91f40f", s_bytes: "fadbeeffaa68365e6ed38ea4572dbfbfebc56293eaf30c263ee0479a6ee97905" }) }, CommitSignature { address: Address(DE7BA2BE72D2225286133990FF5810B691A5261C), signature: Signature(Signature { R_bytes: "2481ae793dd56086985282f60d497eb0d1de82e62594cab0e73514e0429a24c8", s_bytes: "814e4db23fcdf3f8f9d86293920550b19ced47b3c5064a40261c8a405f1b9b02" }) }] }, extensions: VoteExtensions { extensions: [] }, reply: Sender { inner: Some(Inner { state: State { is_complete: false, is_closed: false, is_rx_task_set: true, is_tx_task_set: false } }) } }
2025-08-25T09:38:15.641669Z  INFO node{moniker=app-1}:node{moniker=app-1}: 🟢🟢 Consensus has decided on value height=34 round=0 value=a045474924042055
2025-08-25T09:38:15.641772Z DEBUG node{moniker=app-1}:node{moniker=app-1}: 🎁 block size: 545, height: 34
2025-08-25T09:38:15.641785Z  INFO node{moniker=app-1}:node{moniker=app-1}: 👉 stats at height 34: #txs=0, txs/s=0.00, chain_bytes=18530, bytes/s=2149.91
2025-08-25T09:38:15.641789Z DEBUG node{moniker=app-1}:node{moniker=app-1}: 🦄 Block at height 34 contains 0 transactions
2025-08-25T09:38:15.645077Z DEBUG node{moniker=app-1}:node{moniker=app-1}: 💡 New block added at height 34 with hash: 0x89f5d6438392be57db60f0711a5c640b21b0da54a88a6a3798f5337d0d050039
2025-08-25T09:38:15.645103Z DEBUG node{moniker=app-1}:node{moniker=app-1}: 🟠 set_latest_forkchoice_state: 0x89f5d6438392be57db60f0711a5c640b21b0da54a88a6a3798f5337d0d050039
2025-08-25T09:38:15.648941Z DEBUG node{moniker=app-1}:node{moniker=app-1}: ➡️ payload_status: PayloadStatus { status: Valid, latest_valid_hash: Some(0x89f5d6438392be57db60f0711a5c640b21b0da54a88a6a3798f5337d0d050039) }
2025-08-25T09:38:15.648954Z DEBUG node{moniker=app-1}:node{moniker=app-1}: 🚀 Forkchoice updated to height 34 for block hash=0x89f5d6438392be57db60f0711a5c640b21b0da54a88a6a3798f5337d0d050039 and latest_valid_hash=0x89f5d6438392be57db60f0711a5c640b21b0da54a88a6a3798f5337d0d050039
2025-08-25T09:38:15.648958Z  INFO node{moniker=app-1}:node{moniker=app-1}: Looking for certificate height=34 round=0
2025-08-25T09:38:15.715519Z  INFO node{moniker=app-1}:node{moniker=app-1}: Committed block_data[0..32]: f0c8fd2a06adb4eea9e134c48cb19285a8be727132e97bb71933124e596c0bc0
2025-08-25T09:38:15.736671Z DEBUG node{moniker=app-1}:wal{height=35}: Reset WAL height=35
2025-08-25T09:38:15.736802Z DEBUG node{moniker=app-1}:consensus{height=35 round=0}: No WAL entries to replay height=35
2025-08-25T09:38:15.736837Z  INFO node{moniker=app-1}:consensus{height=35 round=0}: Starting new height height=35
2025-08-25T09:38:15.736843Z  INFO node{moniker=app-1}:consensus{height=35 round=0}: Starting new round height=35 round=0 proposer=02CB1B49DA09615BD4A12212C39378556D990DFD role=None
2025-08-25T09:38:15.736870Z DEBUG node{moniker=app-1}:sync{height.tip=33 height.sync=34}: Starting new height height.tip=34 height.sync=35 restart=false
2025-08-25T09:38:15.736876Z DEBUG node{moniker=app-1}:sync{height.tip=33 height.sync=34}: No peer to request sync from height.sync=35
2025-08-25T09:38:15.742293Z DEBUG node{moniker=app-1}:wal{height=35}: Flushed WAL to disk wal.entries=0 wal.size=12
2025-08-25T09:38:15.742364Z DEBUG node{moniker=app-1}:node{moniker=app-1}: metis-test:consensus-chan recv!!! msg:StartedRound { height: Height(35), round: Some(0), proposer: Address(02CB1B49DA09615BD4A12212C39378556D990DFD), role: None, reply_value: Sender { inner: Some(Inner { state: State { is_complete: false, is_closed: false, is_rx_task_set: false, is_tx_task_set: false } }) } }
2025-08-25T09:38:15.742380Z  INFO node{moniker=app-1}:node{moniker=app-1}: 🟢🟢 Started round height=35 round=0 proposer=02CB1B49DA09615BD4A12212C39378556D990DFD role=None
2025-08-25T09:38:15.742396Z ERROR node{moniker=app-1}:consensus{height=35 round=0}: Error when processing effect: Messaging(RecvErr)
2025-08-25T09:38:15.742415Z DEBUG node{moniker=app-1}:consensus{height=35 round=0}: Transitioned to new step step.previous=Unstarted step.new=Propose
2025-08-25T09:38:15.742422Z  INFO node{moniker=app-1}:consensus{height=35 round=0}: Scheduling timeout round=0 step=Propose
2025-08-25T09:38:15.742433Z DEBUG node{moniker=app-1}:consensus{height=35 round=0}: Replaying inputs count=0
2025-08-25T09:38:15.753620Z DEBUG node{moniker=app-1}:node{moniker=app-1}: metis-test:consensus-chan recv!!! msg:ReceivedProposalPart { from: PeerId("12D3KooWR2Quwt2G6MyT6WQkUdfS8nHZu7XcPotkmbhuEoqc94oJ"), part: StreamMessage { stream_id: StreamId(b"\0\0\0\0\0\0\0#\0\0\0\0\0\0\0\x0c"), sequence: 0, content: Data(Init(ProposalInit { height: Height(35), round: Some(0), proposer: Address(02CB1B49DA09615BD4A12212C39378556D990DFD) })) }, reply: Sender { inner: Some(Inner { state: State { is_complete: false, is_closed: false, is_rx_task_set: true, is_tx_task_set: false } }) } }
2025-08-25T09:38:15.753670Z  INFO node{moniker=app-1}:node{moniker=app-1}: Received proposal part from=12D3KooWR2Quwt2G6MyT6WQkUdfS8nHZu7XcPotkmbhuEoqc94oJ part.sequence=0 part.type=init part.size=28
2025-08-25T09:38:15.754525Z DEBUG node{moniker=app-1}:node{moniker=app-1}: metis-test:consensus-chan recv!!! msg:ReceivedProposalPart { from: PeerId("12D3KooWR2Quwt2G6MyT6WQkUdfS8nHZu7XcPotkmbhuEoqc94oJ"), part: StreamMessage { stream_id: StreamId(b"\0\0\0\0\0\0\0#\0\0\0\0\0\0\0\x0c"), sequence: 1, content: Data(Data(ProposalData { bytes: "<...>", len: 545 })) }, reply: Sender { inner: Some(Inner { state: State { is_complete: false, is_closed: false, is_rx_task_set: true, is_tx_task_set: false } }) } }
2025-08-25T09:38:15.754553Z  INFO node{moniker=app-1}:node{moniker=app-1}: Received proposal part from=12D3KooWR2Quwt2G6MyT6WQkUdfS8nHZu7XcPotkmbhuEoqc94oJ part.sequence=1 part.type=data part.size=551
2025-08-25T09:38:15.754573Z DEBUG node{moniker=app-1}:node{moniker=app-1}: metis-test:consensus-chan recv!!! msg:ReceivedProposalPart { from: PeerId("12D3KooWR2Quwt2G6MyT6WQkUdfS8nHZu7XcPotkmbhuEoqc94oJ"), part: StreamMessage { stream_id: StreamId(b"\0\0\0\0\0\0\0#\0\0\0\0\0\0\0\x0c"), sequence: 2, content: Data(Fin(ProposalFin { signature: Signature(Signature { R_bytes: "69e6100ac09c98a04fde73a40fac554f0f8e362b16fa5ab8d7e139bae9e63ca2", s_bytes: "6c3ab18bfd86765329e697ebc7f1bcbd5b6dc356ae04c51282bb026814337209" }) })) }, reply: Sender { inner: Some(Inner { state: State { is_complete: false, is_closed: false, is_rx_task_set: true, is_tx_task_set: false } }) } }
2025-08-25T09:38:15.754589Z  INFO node{moniker=app-1}:node{moniker=app-1}: Received proposal part from=12D3KooWR2Quwt2G6MyT6WQkUdfS8nHZu7XcPotkmbhuEoqc94oJ part.sequence=2 part.type=fin part.size=70
2025-08-25T09:38:15.755463Z DEBUG node{moniker=app-1}:node{moniker=app-1}: metis-test:consensus-chan recv!!! msg:ReceivedProposalPart { from: PeerId("12D3KooWR2Quwt2G6MyT6WQkUdfS8nHZu7XcPotkmbhuEoqc94oJ"), part: StreamMessage { stream_id: StreamId(b"\0\0\0\0\0\0\0#\0\0\0\0\0\0\0\x0c"), sequence: 3, content: Fin }, reply: Sender { inner: Some(Inner { state: State { is_complete: false, is_closed: false, is_rx_task_set: true, is_tx_task_set: false } }) } }
2025-08-25T09:38:15.755476Z  INFO node{moniker=app-1}:node{moniker=app-1}: Received proposal part from=12D3KooWR2Quwt2G6MyT6WQkUdfS8nHZu7XcPotkmbhuEoqc94oJ part.sequence=3 part.type=end of stream part.size=0
2025-08-25T09:38:15.755643Z  INFO node{moniker=app-1}:node{moniker=app-1}: Proposal data[0..32]: 89f5d6438392be57db60f0711a5c640b21b0da54a88a6a3798f5337d0d050039, total_size: 545 bytes, id: 940b4ef93b7f53ad
2025-08-25T09:38:15.758440Z  INFO node{moniker=app-1}:consensus{height=35 round=0}: Received vote height=35 vote_height=35 address=02CB1B49DA09615BD4A12212C39378556D990DFD Prevote(height: 35, round: 0, value: 940b4ef93b7f53ad, from: 02CB1B49DA09615BD4A12212C39378556D990DFD)
2025-08-25T09:38:15.760338Z DEBUG node{moniker=app-1}:wal{height=35}: Wrote log entry type=Consensus(Vote) entry.size=118 
2025-08-25T09:38:15.762438Z  INFO node{moniker=app-1}:consensus{height=35 round=0}: Received proposal consensus.height=35 proposal.height=35 proposal.round=0 proposer=02CB1B49DA09615BD4A12212C39378556D990DFD Proposal(height: 35, round: 0, pol_round: -1, value: 940b4ef93b7f53ad, from: 02CB1B49DA09615BD4A12212C39378556D990DFD)
2025-08-25T09:38:15.763694Z DEBUG node{moniker=app-1}:wal{height=35}: Wrote log entry type=Consensus(Proposal) entry.size=668 
2025-08-25T09:38:15.763755Z DEBUG node{moniker=app-1}:consensus{height=35 round=0}: No full proposal for this round yet, stored proposal for later proposal.height=35 proposal.round=0
2025-08-25T09:38:15.766477Z DEBUG node{moniker=app-1}:node{moniker=app-1}: ✅ Received complete proposal: ProposedValue { height: Height(35), round: Some(0), valid_round: Nil, proposer: Address(02CB1B49DA09615BD4A12212C39378556D990DFD), value: Value { value: 10667706974709175213, extensions: b"\x89\xf5\xd6C\x83\x92\xbeW\xdb`\xf0q\x1a\\d\x0b!\xb0\xdaT\xa8\x8aj7\x98\xf53}\r\x05\09********************\xec&\xdf\x94B\xc5\xd4\xa0\xa0\xccSH\xc9`\x11[C\xda\x08\xc7\xae\xf6\xbeNL\xcc_\x13l\xa8\x92\xa6V\xe8\x1f\x17\x1b\xccU\xa6\xff\x83E\xe6\x92\xc0\xf8n[H\xe0\x1b\x99l\xad\xc0\x01b/\xb5\xe3c\xb4!\0\0\0\0\0\0\0\0\0\0\0\0\0\0\0\0\0\0\0\0\0\0\0\0\0\0\0\0\0\0\0\0\0\0\0\0\0\0\0\0\0\0\0\0\0\0\0\0\0\0\0\0\0\0\0\0\0\0\0\0\0\0\0\0\0\0\0\0\0\0\0\0\0\0\0\0\0\0\0\0\0\0\0\0\0\0\0\0\0\0\0\0\0\0\0\0\0\0\0\0\0\0\0\0\0\0\0\0\0\0\0\0\0\0\0\0\0\0\0\0\0\0\0\0\0\0\0\0\0\0\0\0\0\0\0\0\0\0\0\0\0\0\0\0\0\0\0\0\0\0\0\0\0\0\0\0\0\0\0\0\0\0\0\0\0\0\0\0\0\0\0\0\0\0\0\0\0\0\0\0\0\0\0\0\0\0\0\0\0\0\0\0\0\0\0\0\0\0\0\0\0\0\0\0\0\0\0\0\0\0\0\0\0\0\0\0\0\0\0\0\0\0\0\0\0\0\0\0\0\0\0\0\0\0\0\0\0\0\0\0\0\0\0\0\0\0\0\0\0\0\0\0\0\0\0\0\0\0\0\0\0\0\0\0\0\0\0\0\0\0\0\0\0\0\0\0\0\0\0\0\0\0\0\0\0\0\0\0#\0\0\0\0\0\0\0\xef\xab\xd9\x01\0\0\0\0\0\0\0\0\0\0\0\0&/\xach\0\0\0\0\x10\x02\0\0\xed~\x8e\0\0\0\0\0\0\0\0\0\0\0\0\0\0\0\0\0\0\0\0\0\0\0\0\0\0\0\0\0\xf7\x90\x11\xedn\xa8b\x11K\x8ch\xd2\xf0\xd6\xf9d@\xd3y\xc5\xbd\xab\x8clhh\x81;i\xa5{\x18!\x02\0\0!\x02\0\0\0\0\0\0\0\0\0\0\0\0\0\0\0\0\0\0reth/v1.4.1/linux" }, validity: Valid }
2025-08-25T09:38:15.766528Z DEBUG node{moniker=app-1}:consensus{height=35 round=0}: We have a full proposal for this round, checking... proposal.height=35 proposal.round=0
2025-08-25T09:38:15.766544Z DEBUG node{moniker=app-1}:consensus{height=35 round=0}: Transitioned to new step step.previous=Propose step.new=Prevote
2025-08-25T09:38:15.769506Z  INFO node{moniker=app-1}:consensus{height=35 round=0}: Received vote height=35 vote_height=35 address=815F9FA61D7C4F1E4A9E30D40DCA1115BB48F759 Precommit(height: 35, round: 0, value: 940b4ef93b7f53ad, from: 815F9FA61D7C4F1E4A9E30D40DCA1115BB48F759)
2025-08-25T09:38:15.770037Z DEBUG node{moniker=app-1}:wal{height=35}: Wrote log entry type=Consensus(Vote) entry.size=120 
2025-08-25T09:38:15.772447Z  INFO node{moniker=app-1}:consensus{height=35 round=0}: Received vote height=35 vote_height=35 address=815F9FA61D7C4F1E4A9E30D40DCA1115BB48F759 Prevote(height: 35, round: 0, value: 940b4ef93b7f53ad, from: 815F9FA61D7C4F1E4A9E30D40DCA1115BB48F759)
2025-08-25T09:38:15.775476Z DEBUG node{moniker=app-1}:wal{height=35}: Wrote log entry type=Consensus(Vote) entry.size=118 
2025-08-25T09:38:15.775571Z DEBUG node{moniker=app-1}:consensus{height=35 round=0}: Transitioned to new step step.previous=Prevote step.new=Precommit
2025-08-25T09:38:15.784818Z  INFO node{moniker=app-1}:consensus{height=35 round=0}: Received vote height=35 vote_height=35 address=02CB1B49DA09615BD4A12212C39378556D990DFD Precommit(height: 35, round: 0, value: 940b4ef93b7f53ad, from: 02CB1B49DA09615BD4A12212C39378556D990DFD)
2025-08-25T09:38:15.812513Z DEBUG node{moniker=app-1}:wal{height=35}: Wrote log entry type=Consensus(Vote) entry.size=120 
2025-08-25T09:38:15.812669Z DEBUG node{moniker=app-1}:consensus{height=35 round=0}: Transitioned to new step step.previous=Precommit step.new=Commit
2025-08-25T09:38:15.812691Z  INFO node{moniker=app-1}:consensus{height=35 round=0}: Decided round=0 height=35 value=940b4ef93b7f53ad
2025-08-25T09:38:15.819244Z DEBUG node{moniker=app-1}:wal{height=35}: Flushed WAL to disk wal.entries=5 wal.size=1221
2025-08-25T09:38:15.819427Z DEBUG node{moniker=app-1}:sync{height.tip=34 height.sync=35}: Updating request state height.tip=35
2025-08-25T09:38:15.819449Z DEBUG node{moniker=app-1}:node{moniker=app-1}: metis-test:consensus-chan recv!!! msg:Decided { certificate: CommitCertificate { height: Height(35), round: Some(0), value_id: ValueId(10667706974709175213), commit_signatures: [CommitSignature { address: Address(02CB1B49DA09615BD4A12212C39378556D990DFD), signature: Signature(Signature { R_bytes: "bc15682d260c9f2eabd2c5f4f3ee2bed7e25136c1ed450dd33ede1dfd496ddc7", s_bytes: "1f2cf7466a7e8355d30aee94fa3db6a6a63911c62227ab5f90832b8821c5dd07" }) }, CommitSignature { address: Address(815F9FA61D7C4F1E4A9E30D40DCA1115BB48F759), signature: Signature(Signature { R_bytes: "90bfdc2ae10daaa7b259768a158296d631495778eb640b5af084728e52fd18ea", s_bytes: "29923357fed84a7aef9a5e6f16c05215411429959559b3b9c4addff4ddf2da06" }) }] }, extensions: VoteExtensions { extensions: [] }, reply: Sender { inner: Some(Inner { state: State { is_complete: false, is_closed: false, is_rx_task_set: true, is_tx_task_set: false } }) } }
2025-08-25T09:38:15.819484Z  INFO node{moniker=app-1}:node{moniker=app-1}: 🟢🟢 Consensus has decided on value height=35 round=0 value=940b4ef93b7f53ad
2025-08-25T09:38:15.819579Z DEBUG node{moniker=app-1}:node{moniker=app-1}: 🎁 block size: 545, height: 35
2025-08-25T09:38:15.819595Z  INFO node{moniker=app-1}:node{moniker=app-1}: 👉 stats at height 35: #txs=0, txs/s=0.00, chain_bytes=19075, bytes/s=2168.41
2025-08-25T09:38:15.819602Z DEBUG node{moniker=app-1}:node{moniker=app-1}: 🦄 Block at height 35 contains 0 transactions
2025-08-25T09:38:15.820702Z DEBUG node{moniker=app-1}:node{moniker=app-1}: 💡 New block added at height 35 with hash: 0xf79011ed6ea862114b8c68d2f0d6f96440d379c5bdab8c6c6868813b69a57b18
2025-08-25T09:38:15.820710Z DEBUG node{moniker=app-1}:node{moniker=app-1}: 🟠 set_latest_forkchoice_state: 0xf79011ed6ea862114b8c68d2f0d6f96440d379c5bdab8c6c6868813b69a57b18
2025-08-25T09:38:15.821929Z DEBUG node{moniker=app-1}:node{moniker=app-1}: ➡️ payload_status: PayloadStatus { status: Valid, latest_valid_hash: Some(0xf79011ed6ea862114b8c68d2f0d6f96440d379c5bdab8c6c6868813b69a57b18) }
2025-08-25T09:38:15.821938Z DEBUG node{moniker=app-1}:node{moniker=app-1}: 🚀 Forkchoice updated to height 35 for block hash=0xf79011ed6ea862114b8c68d2f0d6f96440d379c5bdab8c6c6868813b69a57b18 and latest_valid_hash=0xf79011ed6ea862114b8c68d2f0d6f96440d379c5bdab8c6c6868813b69a57b18
2025-08-25T09:38:15.821944Z  INFO node{moniker=app-1}:node{moniker=app-1}: Looking for certificate height=35 round=0
2025-08-25T09:38:15.829258Z  INFO node{moniker=app-1}:node{moniker=app-1}: Committed block_data[0..32]: 89f5d6438392be57db60f0711a5c640b21b0da54a88a6a3798f5337d0d050039
2025-08-25T09:38:15.844382Z DEBUG node{moniker=app-1}:wal{height=36}: Reset WAL height=36
2025-08-25T09:38:15.844425Z DEBUG node{moniker=app-1}:consensus{height=36 round=0}: No WAL entries to replay height=36
2025-08-25T09:38:15.844471Z  INFO node{moniker=app-1}:consensus{height=36 round=0}: Starting new height height=36
2025-08-25T09:38:15.844479Z  INFO node{moniker=app-1}:consensus{height=36 round=0}: Starting new round height=36 round=0 proposer=DE7BA2BE72D2225286133990FF5810B691A5261C role=Proposer
2025-08-25T09:38:15.844501Z DEBUG node{moniker=app-1}:sync{height.tip=34 height.sync=35}: Starting new height height.tip=35 height.sync=36 restart=false
2025-08-25T09:38:15.844507Z DEBUG node{moniker=app-1}:sync{height.tip=34 height.sync=35}: No peer to request sync from height.sync=36
2025-08-25T09:38:15.847373Z DEBUG node{moniker=app-1}:wal{height=36}: Flushed WAL to disk wal.entries=0 wal.size=12
2025-08-25T09:38:15.847457Z DEBUG node{moniker=app-1}:node{moniker=app-1}: metis-test:consensus-chan recv!!! msg:StartedRound { height: Height(36), round: Some(0), proposer: Address(DE7BA2BE72D2225286133990FF5810B691A5261C), role: Proposer, reply_value: Sender { inner: Some(Inner { state: State { is_complete: false, is_closed: false, is_rx_task_set: false, is_tx_task_set: false } }) } }
2025-08-25T09:38:15.847481Z  INFO node{moniker=app-1}:node{moniker=app-1}: 🟢🟢 Started round height=36 round=0 proposer=DE7BA2BE72D2225286133990FF5810B691A5261C role=Proposer
2025-08-25T09:38:15.847500Z ERROR node{moniker=app-1}:consensus{height=36 round=0}: Error when processing effect: Messaging(RecvErr)
2025-08-25T09:38:15.847521Z DEBUG node{moniker=app-1}:consensus{height=36 round=0}: Transitioned to new step step.previous=Unstarted step.new=Propose
2025-08-25T09:38:15.847529Z  INFO node{moniker=app-1}:consensus{height=36 round=0}: Scheduling timeout round=0 step=Propose
2025-08-25T09:38:15.847541Z  INFO node{moniker=app-1}:consensus{height=36 round=0}: Requesting value from application height=36 round=0
2025-08-25T09:38:15.847555Z DEBUG node{moniker=app-1}:consensus{height=36 round=0}: Replaying inputs count=0
2025-08-25T09:38:15.847586Z DEBUG node{moniker=app-1}:node{moniker=app-1}: metis-test:consensus-chan recv!!! msg:GetValue { height: Height(36), round: Some(0), timeout: 3s, reply: Sender { inner: Some(Inner { state: State { is_complete: false, is_closed: false, is_rx_task_set: true, is_tx_task_set: false } }) } }
2025-08-25T09:38:15.847596Z  INFO node{moniker=app-1}:node{moniker=app-1}: 🟢🟢 Consensus is requesting a value to propose height=36 round=0
2025-08-25T09:38:15.847603Z DEBUG node{moniker=app-1}:node{moniker=app-1}: 🟠 generate_block on top of ExecutionBlock { block_hash: 0xf79011ed6ea862114b8c68d2f0d6f96440d379c5bdab8c6c6868813b69a57b18, block_number: 35, parent_hash: 0xf79011ed6ea862114b8c68d2f0d6f96440d379c5bdab8c6c6868813b69a57b18, timestamp: 1756114726, prev_randao: 0x0000000000000000000000000000000000000000000000000000000000000000 }
2025-08-25T09:38:15.848994Z DEBUG node{moniker=app-1}:node{moniker=app-1}: 🌈 Got execution payload: ExecutionPayloadV3 { payload_inner: ExecutionPayloadV2 { payload_inner: ExecutionPayloadV1 { parent_hash: 0xf79011ed6ea862114b8c68d2f0d6f96440d379c5bdab8c6c6868813b69a57b18, fee_recipient: 0x2a2a2a2a2a2a2a2a2a2a2a2a2a2a2a2a2a2a2a2a, state_root: 0xec26df9442c5d4a0a0cc5348c960115b43da08c7aef6be4e4ccc5f136ca892a6, receipts_root: 0x56e81f171bcc55a6ff8345e692c0f86e5b48e01b996cadc001622fb5e363b421, logs_bloom: 0x00000000000000000000000000000000000000000000000000000000000000000000000000000000000000000000000000000000000000000000000000000000000000000000000000000000000000000000000000000000000000000000000000000000000000000000000000000000000000000000000000000000000000000000000000000000000000000000000000000000000000000000000000000000000000000000000000000000000000000000000000000000000000000000000000000000000000000000000000000000000000000000000000000000000000000000000000000000000000000000000000000000000000000000000000000000, prev_randao: 0x0000000000000000000000000000000000000000000000000000000000000000, block_number: 36, gas_limit: 31072856, gas_used: 0, timestamp: 1756114727, extra_data: 0x726574682f76312e342e312f6c696e7578, base_fee_per_gas: 8171280, block_hash: 0xd2d3fe062a2c0ffd1c7628221ddc2ac166d9dfd7cebacd64ed91112ddf86e4c8, transactions: [] }, withdrawals: [] }, blob_gas_used: 0, excess_blob_gas: 0 }
2025-08-25T09:38:15.849009Z DEBUG node{moniker=app-1}:node{moniker=app-1}: 🎁 block size: 545, height: 36
2025-08-25T09:38:15.854671Z  INFO node{moniker=app-1}:node{moniker=app-1}: Streaming proposal part: StreamMessage { stream_id: StreamId(b"\0\0\0\0\0\0\0$\0\0\0\0\0\0\0\x0b"), sequence: 0, content: Data(Init(ProposalInit { height: Height(36), round: Some(0), proposer: Address(DE7BA2BE72D2225286133990FF5810B691A5261C) })) } height=36 round=0
2025-08-25T09:38:15.854688Z  INFO node{moniker=app-1}:node{moniker=app-1}: Streaming proposal part: StreamMessage { stream_id: StreamId(b"\0\0\0\0\0\0\0$\0\0\0\0\0\0\0\x0b"), sequence: 1, content: Data(Data(ProposalData { bytes: "<...>", len: 545 })) } height=36 round=0
2025-08-25T09:38:15.854709Z  INFO node{moniker=app-1}:node{moniker=app-1}: Streaming proposal part: StreamMessage { stream_id: StreamId(b"\0\0\0\0\0\0\0$\0\0\0\0\0\0\0\x0b"), sequence: 2, content: Data(Fin(ProposalFin { signature: Signature(Signature { R_bytes: "c1e9b225be5d24165b7c59c235ea3c717f27b66a2b15553e16ff486881bbabef", s_bytes: "d6d090d6f1d8ba45f18e45c3e1776daf950ca842025e2e44e49a31a86b826a09" }) })) } height=36 round=0
2025-08-25T09:38:15.854878Z DEBUG node{moniker=app-1}:network: Published message channel=/proposal_parts size=48
2025-08-25T09:38:15.854915Z  INFO node{moniker=app-1}:node{moniker=app-1}: Streaming proposal part: StreamMessage { stream_id: StreamId(b"\0\0\0\0\0\0\0$\0\0\0\0\0\0\0\x0b"), sequence: 3, content: Fin } height=36 round=0
2025-08-25T09:38:15.855046Z DEBUG node{moniker=app-1}:wal{height=36}: Wrote log entry type=LocallyProposedValue entry.size=598 
2025-08-25T09:38:15.855312Z DEBUG node{moniker=app-1}:network: Published message channel=/proposal_parts size=574
2025-08-25T09:38:15.855438Z DEBUG node{moniker=app-1}:node{moniker=app-1}: ✅ Proposal sent height=36 round=0
2025-08-25T09:38:15.855646Z DEBUG node{moniker=app-1}:network: Published message channel=/proposal_parts size=92
2025-08-25T09:38:15.855666Z  INFO node{moniker=app-1}:consensus{height=36 round=0}: Proposing value id=16626eed61139bd5 round=0
2025-08-25T09:38:15.855882Z  INFO node{moniker=app-1}:consensus{height=36 round=0}: Received proposal consensus.height=36 proposal.height=36 proposal.round=0 proposer=DE7BA2BE72D2225286133990FF5810B691A5261C Proposal(height: 36, round: 0, pol_round: -1, value: 16626eed61139bd5, from: DE7BA2BE72D2225286133990FF5810B691A5261C)
2025-08-25T09:38:15.856056Z DEBUG node{moniker=app-1}:network: Published message channel=/proposal_parts size=22
2025-08-25T09:38:15.856070Z DEBUG node{moniker=app-1}:wal{height=36}: Wrote log entry type=Consensus(Proposal) entry.size=667 
2025-08-25T09:38:15.856143Z DEBUG node{moniker=app-1}:consensus{height=36 round=0}: Transitioned to new step step.previous=Propose step.new=Prevote
2025-08-25T09:38:15.856151Z  INFO node{moniker=app-1}:consensus{height=36 round=0}: Voting vote_type=Prevote value=16626eed61139bd5 round=0
2025-08-25T09:38:15.856393Z  INFO node{moniker=app-1}:consensus{height=36 round=0}: Received vote height=36 vote_height=36 address=DE7BA2BE72D2225286133990FF5810B691A5261C Prevote(height: 36, round: 0, value: 16626eed61139bd5, from: DE7BA2BE72D2225286133990FF5810B691A5261C)
2025-08-25T09:38:15.856534Z DEBUG node{moniker=app-1}:wal{height=36}: Wrote log entry type=Consensus(Vote) entry.size=117 
2025-08-25T09:38:15.859644Z DEBUG node{moniker=app-1}:wal{height=36}: Flushed WAL to disk wal.entries=3 wal.size=1433
2025-08-25T09:38:15.859843Z DEBUG node{moniker=app-1}:network: Published message channel=/consensus size=108
2025-08-25T09:38:15.862739Z DEBUG node{moniker=app-1}:wal{height=36}: Flushed WAL to disk wal.entries=3 wal.size=1433
2025-08-25T09:38:15.863176Z DEBUG node{moniker=app-1}:network: Published message channel=/consensus size=658
2025-08-25T09:38:15.873650Z  INFO node{moniker=app-1}:consensus{height=36 round=0}: Received vote height=36 vote_height=36 address=815F9FA61D7C4F1E4A9E30D40DCA1115BB48F759 Precommit(height: 36, round: 0, value: 16626eed61139bd5, from: 815F9FA61D7C4F1E4A9E30D40DCA1115BB48F759)
2025-08-25T09:38:15.874081Z DEBUG node{moniker=app-1}:wal{height=36}: Wrote log entry type=Consensus(Vote) entry.size=119 
2025-08-25T09:38:15.875215Z  INFO node{moniker=app-1}:consensus{height=36 round=0}: Received vote height=36 vote_height=36 address=815F9FA61D7C4F1E4A9E30D40DCA1115BB48F759 Prevote(height: 36, round: 0, value: 16626eed61139bd5, from: 815F9FA61D7C4F1E4A9E30D40DCA1115BB48F759)
2025-08-25T09:38:15.875436Z DEBUG node{moniker=app-1}:wal{height=36}: Wrote log entry type=Consensus(Vote) entry.size=117 
2025-08-25T09:38:15.875475Z DEBUG node{moniker=app-1}:consensus{height=36 round=0}: Transitioned to new step step.previous=Prevote step.new=Precommit
2025-08-25T09:38:15.875483Z  INFO node{moniker=app-1}:consensus{height=36 round=0}: Voting vote_type=Precommit value=16626eed61139bd5 round=0
2025-08-25T09:38:15.875502Z DEBUG node{moniker=app-1}:node{moniker=app-1}: metis-test:consensus-chan recv!!! msg:ExtendVote { height: Height(36), round: Some(0), value_id: ValueId(1612973582367038421), reply: Sender { inner: Some(Inner { state: State { is_complete: false, is_closed: false, is_rx_task_set: true, is_tx_task_set: false } }) } }
2025-08-25T09:38:15.875744Z  INFO node{moniker=app-1}:consensus{height=36 round=0}: Received vote height=36 vote_height=36 address=DE7BA2BE72D2225286133990FF5810B691A5261C Precommit(height: 36, round: 0, value: 16626eed61139bd5, from: DE7BA2BE72D2225286133990FF5810B691A5261C)
2025-08-25T09:38:15.875885Z DEBUG node{moniker=app-1}:wal{height=36}: Wrote log entry type=Consensus(Vote) entry.size=119 
2025-08-25T09:38:15.875945Z DEBUG node{moniker=app-1}:consensus{height=36 round=0}: Transitioned to new step step.previous=Precommit step.new=Commit
2025-08-25T09:38:15.875960Z  INFO node{moniker=app-1}:consensus{height=36 round=0}: Decided round=0 height=36 value=16626eed61139bd5
2025-08-25T09:38:15.878190Z DEBUG node{moniker=app-1}:wal{height=36}: Flushed WAL to disk wal.entries=6 wal.size=1827
2025-08-25T09:38:15.878289Z DEBUG node{moniker=app-1}:sync{height.tip=35 height.sync=36}: Updating request state height.tip=36
2025-08-25T09:38:15.878330Z DEBUG node{moniker=app-1}:node{moniker=app-1}: metis-test:consensus-chan recv!!! msg:Decided { certificate: CommitCertificate { height: Height(36), round: Some(0), value_id: ValueId(1612973582367038421), commit_signatures: [CommitSignature { address: Address(815F9FA61D7C4F1E4A9E30D40DCA1115BB48F759), signature: Signature(Signature { R_bytes: "226f7561794bb54a999305b121cac6f59f22e1716bf7f5e75334d6b9377b535d", s_bytes: "64c2224945a2b0e227005d5e6d6bcf4650143a9f15d771a178bcc6e3d1f16208" }) }, CommitSignature { address: Address(DE7BA2BE72D2225286133990FF5810B691A5261C), signature: Signature(Signature { R_bytes: "34c1ebb727ba5392356a9ecf5f3ac226fe07276b742eb441c821cf5746d69cd5", s_bytes: "14343817603606cfbcd711998a430bc67a106df42a1b2c16e4bcbf4883747b02" }) }] }, extensions: VoteExtensions { extensions: [] }, reply: Sender { inner: Some(Inner { state: State { is_complete: false, is_closed: false, is_rx_task_set: true, is_tx_task_set: false } }) } }
2025-08-25T09:38:15.878359Z  INFO node{moniker=app-1}:node{moniker=app-1}: 🟢🟢 Consensus has decided on value height=36 round=0 value=16626eed61139bd5
2025-08-25T09:38:15.878465Z DEBUG node{moniker=app-1}:node{moniker=app-1}: 🎁 block size: 545, height: 36
2025-08-25T09:38:15.878482Z  INFO node{moniker=app-1}:node{moniker=app-1}: 👉 stats at height 36: #txs=0, txs/s=0.00, chain_bytes=19620, bytes/s=2215.53
2025-08-25T09:38:15.878490Z DEBUG node{moniker=app-1}:node{moniker=app-1}: 🦄 Block at height 36 contains 0 transactions
2025-08-25T09:38:15.879843Z DEBUG node{moniker=app-1}:wal{height=36}: Flushed WAL to disk wal.entries=6 wal.size=1827
2025-08-25T09:38:15.879993Z DEBUG node{moniker=app-1}:network: Published message channel=/consensus size=110
2025-08-25T09:38:15.880305Z DEBUG node{moniker=app-1}:node{moniker=app-1}: 💡 New block added at height 36 with hash: 0xd2d3fe062a2c0ffd1c7628221ddc2ac166d9dfd7cebacd64ed91112ddf86e4c8
2025-08-25T09:38:15.880315Z DEBUG node{moniker=app-1}:node{moniker=app-1}: 🟠 set_latest_forkchoice_state: 0xd2d3fe062a2c0ffd1c7628221ddc2ac166d9dfd7cebacd64ed91112ddf86e4c8
2025-08-25T09:38:15.880897Z DEBUG node{moniker=app-1}:node{moniker=app-1}: ➡️ payload_status: PayloadStatus { status: Valid, latest_valid_hash: Some(0xd2d3fe062a2c0ffd1c7628221ddc2ac166d9dfd7cebacd64ed91112ddf86e4c8) }
2025-08-25T09:38:15.880904Z DEBUG node{moniker=app-1}:node{moniker=app-1}: 🚀 Forkchoice updated to height 36 for block hash=0xd2d3fe062a2c0ffd1c7628221ddc2ac166d9dfd7cebacd64ed91112ddf86e4c8 and latest_valid_hash=0xd2d3fe062a2c0ffd1c7628221ddc2ac166d9dfd7cebacd64ed91112ddf86e4c8
2025-08-25T09:38:15.880907Z  INFO node{moniker=app-1}:node{moniker=app-1}: Looking for certificate height=36 round=0
2025-08-25T09:38:15.886542Z  INFO node{moniker=app-1}:node{moniker=app-1}: Committed block_data[0..32]: f79011ed6ea862114b8c68d2f0d6f96440d379c5bdab8c6c6868813b69a57b18
2025-08-25T09:38:15.911392Z DEBUG node{moniker=app-1}:wal{height=37}: Reset WAL height=37
2025-08-25T09:38:15.911476Z DEBUG node{moniker=app-1}:consensus{height=37 round=0}: No WAL entries to replay height=37
2025-08-25T09:38:15.911517Z  INFO node{moniker=app-1}:consensus{height=37 round=0}: Starting new height height=37
2025-08-25T09:38:15.911526Z  INFO node{moniker=app-1}:consensus{height=37 round=0}: Starting new round height=37 round=0 proposer=DE7BA2BE72D2225286133990FF5810B691A5261C role=Proposer
2025-08-25T09:38:15.911870Z DEBUG node{moniker=app-1}:sync{height.tip=35 height.sync=36}: Starting new height height.tip=36 height.sync=37 restart=false
2025-08-25T09:38:15.911875Z DEBUG node{moniker=app-1}:sync{height.tip=35 height.sync=36}: No peer to request sync from height.sync=37
2025-08-25T09:38:15.917196Z DEBUG node{moniker=app-1}:wal{height=37}: Flushed WAL to disk wal.entries=0 wal.size=12
2025-08-25T09:38:15.917288Z DEBUG node{moniker=app-1}:node{moniker=app-1}: metis-test:consensus-chan recv!!! msg:StartedRound { height: Height(37), round: Some(0), proposer: Address(DE7BA2BE72D2225286133990FF5810B691A5261C), role: Proposer, reply_value: Sender { inner: Some(Inner { state: State { is_complete: false, is_closed: false, is_rx_task_set: false, is_tx_task_set: false } }) } }
2025-08-25T09:38:15.917301Z  INFO node{moniker=app-1}:node{moniker=app-1}: 🟢🟢 Started round height=37 round=0 proposer=DE7BA2BE72D2225286133990FF5810B691A5261C role=Proposer
2025-08-25T09:38:15.917314Z ERROR node{moniker=app-1}:consensus{height=37 round=0}: Error when processing effect: Messaging(RecvErr)
2025-08-25T09:38:15.917334Z DEBUG node{moniker=app-1}:consensus{height=37 round=0}: Transitioned to new step step.previous=Unstarted step.new=Propose
2025-08-25T09:38:15.917340Z  INFO node{moniker=app-1}:consensus{height=37 round=0}: Scheduling timeout round=0 step=Propose
2025-08-25T09:38:15.917347Z  INFO node{moniker=app-1}:consensus{height=37 round=0}: Requesting value from application height=37 round=0
2025-08-25T09:38:15.917357Z DEBUG node{moniker=app-1}:consensus{height=37 round=0}: Replaying inputs count=0
2025-08-25T09:38:15.917381Z DEBUG node{moniker=app-1}:node{moniker=app-1}: metis-test:consensus-chan recv!!! msg:GetValue { height: Height(37), round: Some(0), timeout: 3s, reply: Sender { inner: Some(Inner { state: State { is_complete: false, is_closed: false, is_rx_task_set: true, is_tx_task_set: false } }) } }
2025-08-25T09:38:15.917387Z  INFO node{moniker=app-1}:node{moniker=app-1}: 🟢🟢 Consensus is requesting a value to propose height=37 round=0
2025-08-25T09:38:15.917390Z DEBUG node{moniker=app-1}:node{moniker=app-1}: 🟠 generate_block on top of ExecutionBlock { block_hash: 0xd2d3fe062a2c0ffd1c7628221ddc2ac166d9dfd7cebacd64ed91112ddf86e4c8, block_number: 36, parent_hash: 0xd2d3fe062a2c0ffd1c7628221ddc2ac166d9dfd7cebacd64ed91112ddf86e4c8, timestamp: 1756114727, prev_randao: 0x0000000000000000000000000000000000000000000000000000000000000000 }
2025-08-25T09:38:15.921555Z DEBUG node{moniker=app-1}:node{moniker=app-1}: 🌈 Got execution payload: ExecutionPayloadV3 { payload_inner: ExecutionPayloadV2 { payload_inner: ExecutionPayloadV1 { parent_hash: 0xd2d3fe062a2c0ffd1c7628221ddc2ac166d9dfd7cebacd64ed91112ddf86e4c8, fee_recipient: 0x2a2a2a2a2a2a2a2a2a2a2a2a2a2a2a2a2a2a2a2a, state_root: 0xec26df9442c5d4a0a0cc5348c960115b43da08c7aef6be4e4ccc5f136ca892a6, receipts_root: 0x56e81f171bcc55a6ff8345e692c0f86e5b48e01b996cadc001622fb5e363b421, logs_bloom: 0x00000000000000000000000000000000000000000000000000000000000000000000000000000000000000000000000000000000000000000000000000000000000000000000000000000000000000000000000000000000000000000000000000000000000000000000000000000000000000000000000000000000000000000000000000000000000000000000000000000000000000000000000000000000000000000000000000000000000000000000000000000000000000000000000000000000000000000000000000000000000000000000000000000000000000000000000000000000000000000000000000000000000000000000000000000000, prev_randao: 0x0000000000000000000000000000000000000000000000000000000000000000, block_number: 37, gas_limit: 31103199, gas_used: 0, timestamp: 1756114728, extra_data: 0x726574682f76312e342e312f6c696e7578, base_fee_per_gas: 7149870, block_hash: 0xca0fa30ebf656c27349f67388736ec5e4656dc5396c7bad1da7099b6fee52c21, transactions: [] }, withdrawals: [] }, blob_gas_used: 0, excess_blob_gas: 0 }
2025-08-25T09:38:15.921578Z DEBUG node{moniker=app-1}:node{moniker=app-1}: 🎁 block size: 545, height: 37
2025-08-25T09:38:15.926384Z  INFO node{moniker=app-1}:node{moniker=app-1}: Streaming proposal part: StreamMessage { stream_id: StreamId(b"\0\0\0\0\0\0\0%\0\0\0\0\0\0\0\x0c"), sequence: 0, content: Data(Init(ProposalInit { height: Height(37), round: Some(0), proposer: Address(DE7BA2BE72D2225286133990FF5810B691A5261C) })) } height=37 round=0
2025-08-25T09:38:15.926410Z  INFO node{moniker=app-1}:node{moniker=app-1}: Streaming proposal part: StreamMessage { stream_id: StreamId(b"\0\0\0\0\0\0\0%\0\0\0\0\0\0\0\x0c"), sequence: 1, content: Data(Data(ProposalData { bytes: "<...>", len: 545 })) } height=37 round=0
2025-08-25T09:38:15.926455Z  INFO node{moniker=app-1}:node{moniker=app-1}: Streaming proposal part: StreamMessage { stream_id: StreamId(b"\0\0\0\0\0\0\0%\0\0\0\0\0\0\0\x0c"), sequence: 2, content: Data(Fin(ProposalFin { signature: Signature(Signature { R_bytes: "9c97dc9761794a5c5d8e383fa617e59d66a0b40d486d7ef7c1d81953f518ba26", s_bytes: "fd573147e694982801bbce2a1fb2f7784b68820b372327975f2e9102bb60f503" }) })) } height=37 round=0
2025-08-25T09:38:15.926653Z DEBUG node{moniker=app-1}:network: Published message channel=/proposal_parts size=48
2025-08-25T09:38:15.926705Z  INFO node{moniker=app-1}:node{moniker=app-1}: Streaming proposal part: StreamMessage { stream_id: StreamId(b"\0\0\0\0\0\0\0%\0\0\0\0\0\0\0\x0c"), sequence: 3, content: Fin } height=37 round=0
2025-08-25T09:38:15.926767Z DEBUG node{moniker=app-1}:wal{height=37}: Wrote log entry type=LocallyProposedValue entry.size=599 
2025-08-25T09:38:15.927024Z DEBUG node{moniker=app-1}:network: Published message channel=/proposal_parts size=574
2025-08-25T09:38:15.927105Z DEBUG node{moniker=app-1}:node{moniker=app-1}: ✅ Proposal sent height=37 round=0
2025-08-25T09:38:15.927207Z DEBUG node{moniker=app-1}:network: Published message channel=/proposal_parts size=92
2025-08-25T09:38:15.927314Z  INFO node{moniker=app-1}:consensus{height=37 round=0}: Proposing value id=cf99d13c6a09e652 round=0
2025-08-25T09:38:15.927608Z  INFO node{moniker=app-1}:consensus{height=37 round=0}: Received proposal consensus.height=37 proposal.height=37 proposal.round=0 proposer=DE7BA2BE72D2225286133990FF5810B691A5261C Proposal(height: 37, round: 0, pol_round: -1, value: cf99d13c6a09e652, from: DE7BA2BE72D2225286133990FF5810B691A5261C)
2025-08-25T09:38:15.927689Z DEBUG node{moniker=app-1}:network: Published message channel=/proposal_parts size=22
2025-08-25T09:38:15.927965Z DEBUG node{moniker=app-1}:wal{height=37}: Wrote log entry type=Consensus(Proposal) entry.size=668 
2025-08-25T09:38:15.928006Z DEBUG node{moniker=app-1}:consensus{height=37 round=0}: Transitioned to new step step.previous=Propose step.new=Prevote
2025-08-25T09:38:15.928016Z  INFO node{moniker=app-1}:consensus{height=37 round=0}: Voting vote_type=Prevote value=cf99d13c6a09e652 round=0
2025-08-25T09:38:15.928188Z  INFO node{moniker=app-1}:consensus{height=37 round=0}: Received vote height=37 vote_height=37 address=DE7BA2BE72D2225286133990FF5810B691A5261C Prevote(height: 37, round: 0, value: cf99d13c6a09e652, from: DE7BA2BE72D2225286133990FF5810B691A5261C)
2025-08-25T09:38:15.928276Z DEBUG node{moniker=app-1}:wal{height=37}: Wrote log entry type=Consensus(Vote) entry.size=118 
2025-08-25T09:38:15.934859Z DEBUG node{moniker=app-1}:wal{height=37}: Flushed WAL to disk wal.entries=3 wal.size=1436
2025-08-25T09:38:15.935611Z DEBUG node{moniker=app-1}:network: Published message channel=/consensus size=109
2025-08-25T09:38:15.941566Z DEBUG node{moniker=app-1}:wal{height=37}: Flushed WAL to disk wal.entries=3 wal.size=1436
2025-08-25T09:38:15.942103Z DEBUG node{moniker=app-1}:network: Published message channel=/consensus size=659
2025-08-25T09:38:15.949038Z  INFO node{moniker=app-1}:consensus{height=37 round=0}: Received vote height=37 vote_height=37 address=02CB1B49DA09615BD4A12212C39378556D990DFD Precommit(height: 37, round: 0, value: cf99d13c6a09e652, from: 02CB1B49DA09615BD4A12212C39378556D990DFD)
2025-08-25T09:38:15.951481Z DEBUG node{moniker=app-1}:wal{height=37}: Wrote log entry type=Consensus(Vote) entry.size=120 
2025-08-25T09:38:15.952288Z  INFO node{moniker=app-1}:consensus{height=37 round=0}: Received vote height=37 vote_height=37 address=02CB1B49DA09615BD4A12212C39378556D990DFD Prevote(height: 37, round: 0, value: cf99d13c6a09e652, from: 02CB1B49DA09615BD4A12212C39378556D990DFD)
2025-08-25T09:38:15.952382Z DEBUG node{moniker=app-1}:wal{height=37}: Wrote log entry type=Consensus(Vote) entry.size=118 
2025-08-25T09:38:15.952507Z DEBUG node{moniker=app-1}:consensus{height=37 round=0}: Transitioned to new step step.previous=Prevote step.new=Precommit
2025-08-25T09:38:15.952519Z  INFO node{moniker=app-1}:consensus{height=37 round=0}: Voting vote_type=Precommit value=cf99d13c6a09e652 round=0
2025-08-25T09:38:15.952545Z DEBUG node{moniker=app-1}:node{moniker=app-1}: metis-test:consensus-chan recv!!! msg:ExtendVote { height: Height(37), round: Some(0), value_id: ValueId(14959217694695089746), reply: Sender { inner: Some(Inner { state: State { is_complete: false, is_closed: false, is_rx_task_set: true, is_tx_task_set: false } }) } }
2025-08-25T09:38:15.952960Z  INFO node{moniker=app-1}:consensus{height=37 round=0}: Received vote height=37 vote_height=37 address=DE7BA2BE72D2225286133990FF5810B691A5261C Precommit(height: 37, round: 0, value: cf99d13c6a09e652, from: DE7BA2BE72D2225286133990FF5810B691A5261C)
2025-08-25T09:38:15.953086Z DEBUG node{moniker=app-1}:wal{height=37}: Wrote log entry type=Consensus(Vote) entry.size=120 
2025-08-25T09:38:15.953137Z DEBUG node{moniker=app-1}:consensus{height=37 round=0}: Transitioned to new step step.previous=Precommit step.new=Commit
2025-08-25T09:38:15.953150Z  INFO node{moniker=app-1}:consensus{height=37 round=0}: Decided round=0 height=37 value=cf99d13c6a09e652
2025-08-25T09:38:15.956485Z DEBUG node{moniker=app-1}:wal{height=37}: Flushed WAL to disk wal.entries=6 wal.size=1833
2025-08-25T09:38:15.956543Z DEBUG node{moniker=app-1}:sync{height.tip=36 height.sync=37}: Updating request state height.tip=37
2025-08-25T09:38:15.956562Z DEBUG node{moniker=app-1}:node{moniker=app-1}: metis-test:consensus-chan recv!!! msg:Decided { certificate: CommitCertificate { height: Height(37), round: Some(0), value_id: ValueId(14959217694695089746), commit_signatures: [CommitSignature { address: Address(02CB1B49DA09615BD4A12212C39378556D990DFD), signature: Signature(Signature { R_bytes: "f9761e5ef3fe60af4b17e98cf3019dcae62fc6058c1fdf4d5ddcdd72e5498d15", s_bytes: "387a8b537a03a2d2602f0a0d9b6e9e3200a9a03f188e4197f52a6cbc361b4c06" }) }, CommitSignature { address: Address(DE7BA2BE72D2225286133990FF5810B691A5261C), signature: Signature(Signature { R_bytes: "866453ed818fce36f7a97bcbbb29f5081b4564e021fd99999e4811e06a23f13c", s_bytes: "5f9624029dab2926dd0a35200b8159270dd3b39852cc2c3daa6f9fc150885202" }) }] }, extensions: VoteExtensions { extensions: [] }, reply: Sender { inner: Some(Inner { state: State { is_complete: false, is_closed: false, is_rx_task_set: true, is_tx_task_set: false } }) } }
2025-08-25T09:38:15.956582Z  INFO node{moniker=app-1}:node{moniker=app-1}: 🟢🟢 Consensus has decided on value height=37 round=0 value=cf99d13c6a09e652
2025-08-25T09:38:15.956633Z DEBUG node{moniker=app-1}:node{moniker=app-1}: 🎁 block size: 545, height: 37
2025-08-25T09:38:15.956641Z  INFO node{moniker=app-1}:node{moniker=app-1}: 👉 stats at height 37: #txs=0, txs/s=0.00, chain_bytes=20165, bytes/s=2257.16
2025-08-25T09:38:15.956645Z DEBUG node{moniker=app-1}:node{moniker=app-1}: 🦄 Block at height 37 contains 0 transactions
2025-08-25T09:38:15.959467Z DEBUG node{moniker=app-1}:wal{height=37}: Flushed WAL to disk wal.entries=6 wal.size=1833
2025-08-25T09:38:15.959649Z DEBUG node{moniker=app-1}:network: Published message channel=/consensus size=111
2025-08-25T09:38:15.961242Z DEBUG node{moniker=app-1}:node{moniker=app-1}: 💡 New block added at height 37 with hash: 0xca0fa30ebf656c27349f67388736ec5e4656dc5396c7bad1da7099b6fee52c21
2025-08-25T09:38:15.961250Z DEBUG node{moniker=app-1}:node{moniker=app-1}: 🟠 set_latest_forkchoice_state: 0xca0fa30ebf656c27349f67388736ec5e4656dc5396c7bad1da7099b6fee52c21
2025-08-25T09:38:15.962185Z DEBUG node{moniker=app-1}:node{moniker=app-1}: ➡️ payload_status: PayloadStatus { status: Valid, latest_valid_hash: Some(0xca0fa30ebf656c27349f67388736ec5e4656dc5396c7bad1da7099b6fee52c21) }
2025-08-25T09:38:15.962192Z DEBUG node{moniker=app-1}:node{moniker=app-1}: 🚀 Forkchoice updated to height 37 for block hash=0xca0fa30ebf656c27349f67388736ec5e4656dc5396c7bad1da7099b6fee52c21 and latest_valid_hash=0xca0fa30ebf656c27349f67388736ec5e4656dc5396c7bad1da7099b6fee52c21
2025-08-25T09:38:15.962195Z  INFO node{moniker=app-1}:node{moniker=app-1}: Looking for certificate height=37 round=0
2025-08-25T09:38:15.968713Z  INFO node{moniker=app-1}:node{moniker=app-1}: Committed block_data[0..32]: d2d3fe062a2c0ffd1c7628221ddc2ac166d9dfd7cebacd64ed91112ddf86e4c8
2025-08-25T09:38:15.990316Z DEBUG node{moniker=app-1}:wal{height=38}: Reset WAL height=38
2025-08-25T09:38:15.990402Z DEBUG node{moniker=app-1}:consensus{height=38 round=0}: No WAL entries to replay height=38
2025-08-25T09:38:15.990435Z  INFO node{moniker=app-1}:consensus{height=38 round=0}: Starting new height height=38
2025-08-25T09:38:15.990442Z  INFO node{moniker=app-1}:consensus{height=38 round=0}: Starting new round height=38 round=0 proposer=815F9FA61D7C4F1E4A9E30D40DCA1115BB48F759 role=None
2025-08-25T09:38:15.990470Z DEBUG node{moniker=app-1}:sync{height.tip=36 height.sync=37}: Starting new height height.tip=37 height.sync=38 restart=false
2025-08-25T09:38:15.990477Z DEBUG node{moniker=app-1}:sync{height.tip=36 height.sync=37}: No peer to request sync from height.sync=38
2025-08-25T09:38:15.996606Z DEBUG node{moniker=app-1}:wal{height=38}: Flushed WAL to disk wal.entries=0 wal.size=12
2025-08-25T09:38:15.996869Z DEBUG node{moniker=app-1}:node{moniker=app-1}: metis-test:consensus-chan recv!!! msg:StartedRound { height: Height(38), round: Some(0), proposer: Address(815F9FA61D7C4F1E4A9E30D40DCA1115BB48F759), role: None, reply_value: Sender { inner: Some(Inner { state: State { is_complete: false, is_closed: false, is_rx_task_set: false, is_tx_task_set: false } }) } }
2025-08-25T09:38:15.996887Z  INFO node{moniker=app-1}:node{moniker=app-1}: 🟢🟢 Started round height=38 round=0 proposer=815F9FA61D7C4F1E4A9E30D40DCA1115BB48F759 role=None
2025-08-25T09:38:15.996903Z ERROR node{moniker=app-1}:consensus{height=38 round=0}: Error when processing effect: Messaging(RecvErr)
2025-08-25T09:38:15.996927Z DEBUG node{moniker=app-1}:consensus{height=38 round=0}: Transitioned to new step step.previous=Unstarted step.new=Propose
2025-08-25T09:38:15.996933Z  INFO node{moniker=app-1}:consensus{height=38 round=0}: Scheduling timeout round=0 step=Propose
2025-08-25T09:38:15.996943Z DEBUG node{moniker=app-1}:consensus{height=38 round=0}: Replaying inputs count=0
2025-08-25T09:38:16.007921Z DEBUG node{moniker=app-1}:node{moniker=app-1}: metis-test:consensus-chan recv!!! msg:ReceivedProposalPart { from: PeerId("12D3KooWD4wDmZaWggpGH9ACLhNztqnBvszLRcmBLzZdKwDiWmYh"), part: StreamMessage { stream_id: StreamId(b"\0\0\0\0\0\0\0&\0\0\0\0\0\0\0\x0c"), sequence: 0, content: Data(Init(ProposalInit { height: Height(38), round: Some(0), proposer: Address(815F9FA61D7C4F1E4A9E30D40DCA1115BB48F759) })) }, reply: Sender { inner: Some(Inner { state: State { is_complete: false, is_closed: false, is_rx_task_set: true, is_tx_task_set: false } }) } }
2025-08-25T09:38:16.007957Z  INFO node{moniker=app-1}:node{moniker=app-1}: Received proposal part from=12D3KooWD4wDmZaWggpGH9ACLhNztqnBvszLRcmBLzZdKwDiWmYh part.sequence=0 part.type=init part.size=28
2025-08-25T09:38:16.007988Z DEBUG node{moniker=app-1}:node{moniker=app-1}: metis-test:consensus-chan recv!!! msg:ReceivedProposalPart { from: PeerId("12D3KooWD4wDmZaWggpGH9ACLhNztqnBvszLRcmBLzZdKwDiWmYh"), part: StreamMessage { stream_id: StreamId(b"\0\0\0\0\0\0\0&\0\0\0\0\0\0\0\x0c"), sequence: 1, content: Data(Data(ProposalData { bytes: "<...>", len: 545 })) }, reply: Sender { inner: Some(Inner { state: State { is_complete: false, is_closed: false, is_rx_task_set: true, is_tx_task_set: false } }) } }
2025-08-25T09:38:16.008001Z  INFO node{moniker=app-1}:node{moniker=app-1}: Received proposal part from=12D3KooWD4wDmZaWggpGH9ACLhNztqnBvszLRcmBLzZdKwDiWmYh part.sequence=1 part.type=data part.size=551
2025-08-25T09:38:16.009113Z DEBUG node{moniker=app-1}:node{moniker=app-1}: metis-test:consensus-chan recv!!! msg:ReceivedProposalPart { from: PeerId("12D3KooWD4wDmZaWggpGH9ACLhNztqnBvszLRcmBLzZdKwDiWmYh"), part: StreamMessage { stream_id: StreamId(b"\0\0\0\0\0\0\0&\0\0\0\0\0\0\0\x0c"), sequence: 2, content: Data(Fin(ProposalFin { signature: Signature(Signature { R_bytes: "e5b52cbe267581d2b86c4427c7b0c29f2af748de5500abda93b1f9da6de20272", s_bytes: "6ee6186b50d266cbc6181c9c1a5d4bb36834287f0090b4845963cfbd95484f09" }) })) }, reply: Sender { inner: Some(Inner { state: State { is_complete: false, is_closed: false, is_rx_task_set: true, is_tx_task_set: false } }) } }
2025-08-25T09:38:16.009134Z  INFO node{moniker=app-1}:node{moniker=app-1}: Received proposal part from=12D3KooWD4wDmZaWggpGH9ACLhNztqnBvszLRcmBLzZdKwDiWmYh part.sequence=2 part.type=fin part.size=70
2025-08-25T09:38:16.009152Z DEBUG node{moniker=app-1}:node{moniker=app-1}: metis-test:consensus-chan recv!!! msg:ReceivedProposalPart { from: PeerId("12D3KooWD4wDmZaWggpGH9ACLhNztqnBvszLRcmBLzZdKwDiWmYh"), part: StreamMessage { stream_id: StreamId(b"\0\0\0\0\0\0\0&\0\0\0\0\0\0\0\x0c"), sequence: 3, content: Fin }, reply: Sender { inner: Some(Inner { state: State { is_complete: false, is_closed: false, is_rx_task_set: true, is_tx_task_set: false } }) } }
2025-08-25T09:38:16.009160Z  INFO node{moniker=app-1}:node{moniker=app-1}: Received proposal part from=12D3KooWD4wDmZaWggpGH9ACLhNztqnBvszLRcmBLzZdKwDiWmYh part.sequence=3 part.type=end of stream part.size=0
2025-08-25T09:38:16.009332Z  INFO node{moniker=app-1}:node{moniker=app-1}: Proposal data[0..32]: ca0fa30ebf656c27349f67388736ec5e4656dc5396c7bad1da7099b6fee52c21, total_size: 545 bytes, id: 750c71ff21813899
2025-08-25T09:38:16.012170Z  INFO node{moniker=app-1}:consensus{height=38 round=0}: Received vote height=38 vote_height=38 address=815F9FA61D7C4F1E4A9E30D40DCA1115BB48F759 Prevote(height: 38, round: 0, value: 750c71ff21813899, from: 815F9FA61D7C4F1E4A9E30D40DCA1115BB48F759)
2025-08-25T09:38:16.014701Z DEBUG node{moniker=app-1}:wal{height=38}: Wrote log entry type=Consensus(Vote) entry.size=117 
2025-08-25T09:38:16.016054Z  INFO node{moniker=app-1}:consensus{height=38 round=0}: Received proposal consensus.height=38 proposal.height=38 proposal.round=0 proposer=815F9FA61D7C4F1E4A9E30D40DCA1115BB48F759 Proposal(height: 38, round: 0, pol_round: -1, value: 750c71ff21813899, from: 815F9FA61D7C4F1E4A9E30D40DCA1115BB48F759)
2025-08-25T09:38:16.019895Z DEBUG node{moniker=app-1}:wal{height=38}: Wrote log entry type=Consensus(Proposal) entry.size=667 
2025-08-25T09:38:16.019986Z DEBUG node{moniker=app-1}:node{moniker=app-1}: ✅ Received complete proposal: ProposedValue { height: Height(38), round: Some(0), valid_round: Nil, proposer: Address(815F9FA61D7C4F1E4A9E30D40DCA1115BB48F759), value: Value { value: 8434241542750812313, extensions: b"\xca\x0f\xa3\x0e\xbfel'4\x9fg8\x876\xec^FV\xdcS\x96\xc7\xba\xd1\xdap\x99\xb6\xfe\xe5,!********************\xec&\xdf\x94B\xc5\xd4\xa0\xa0\xccSH\xc9`\x11[C\xda\x08\xc7\xae\xf6\xbeNL\xcc_\x13l\xa8\x92\xa6V\xe8\x1f\x17\x1b\xccU\xa6\xff\x83E\xe6\x92\xc0\xf8n[H\xe0\x1b\x99l\xad\xc0\x01b/\xb5\xe3c\xb4!\0\0\0\0\0\0\0\0\0\0\0\0\0\0\0\0\0\0\0\0\0\0\0\0\0\0\0\0\0\0\0\0\0\0\0\0\0\0\0\0\0\0\0\0\0\0\0\0\0\0\0\0\0\0\0\0\0\0\0\0\0\0\0\0\0\0\0\0\0\0\0\0\0\0\0\0\0\0\0\0\0\0\0\0\0\0\0\0\0\0\0\0\0\0\0\0\0\0\0\0\0\0\0\0\0\0\0\0\0\0\0\0\0\0\0\0\0\0\0\0\0\0\0\0\0\0\0\0\0\0\0\0\0\0\0\0\0\0\0\0\0\0\0\0\0\0\0\0\0\0\0\0\0\0\0\0\0\0\0\0\0\0\0\0\0\0\0\0\0\0\0\0\0\0\0\0\0\0\0\0\0\0\0\0\0\0\0\0\0\0\0\0\0\0\0\0\0\0\0\0\0\0\0\0\0\0\0\0\0\0\0\0\0\0\0\0\0\0\0\0\0\0\0\0\0\0\0\0\0\0\0\0\0\0\0\0\0\0\0\0\0\0\0\0\0\0\0\0\0\0\0\0\0\0\0\0\0\0\0\0\0\0\0\0\0\0\0\0\0\0\0\0\0\0\0\0\0\0\0\0\0\0\0\0\0\0\0\0&\0\0\0\0\0\0\0\x84\x0f\xdb\x01\0\0\0\0\0\0\0\0\0\0\0\0)/\xach\0\0\0\0\x10\x02\0\0\tv_\0\0\0\0\0\0\0\0\0\0\0\0\0\0\0\0\0\0\0\0\0\0\0\0\0\0\0\0\0\xbd\xe3:\x83\xd6\xac\x92D\"\xfe_&Z\xc2\xce}\x18\xe8\xfa\xfd\x1e\xa0\xd4!\xc0!\x19\x93\xb1\xb1:\xb0!\x02\0\0!\x02\0\0\0\0\0\0\0\0\0\0\0\0\0\0\0\0\0\0reth/v1.4.1/linux" }, validity: Valid }
2025-08-25T09:38:16.020051Z DEBUG node{moniker=app-1}:consensus{height=38 round=0}: No full proposal for this round yet, stored proposal for later proposal.height=38 proposal.round=0
2025-08-25T09:38:16.020079Z DEBUG node{moniker=app-1}:consensus{height=38 round=0}: We have a full proposal for this round, checking... proposal.height=38 proposal.round=0
2025-08-25T09:38:16.020093Z DEBUG node{moniker=app-1}:consensus{height=38 round=0}: Transitioned to new step step.previous=Propose step.new=Prevote
2025-08-25T09:38:16.026701Z  INFO node{moniker=app-1}:consensus{height=38 round=0}: Received vote height=38 vote_height=38 address=02CB1B49DA09615BD4A12212C39378556D990DFD Precommit(height: 38, round: 0, value: 750c71ff21813899, from: 02CB1B49DA09615BD4A12212C39378556D990DFD)
2025-08-25T09:38:16.028555Z DEBUG node{moniker=app-1}:wal{height=38}: Wrote log entry type=Consensus(Vote) entry.size=119 
2025-08-25T09:38:16.029631Z  INFO node{moniker=app-1}:consensus{height=38 round=0}: Received vote height=38 vote_height=38 address=02CB1B49DA09615BD4A12212C39378556D990DFD Prevote(height: 38, round: 0, value: 750c71ff21813899, from: 02CB1B49DA09615BD4A12212C39378556D990DFD)
2025-08-25T09:38:16.030120Z DEBUG node{moniker=app-1}:wal{height=38}: Wrote log entry type=Consensus(Vote) entry.size=117 
2025-08-25T09:38:16.030357Z DEBUG node{moniker=app-1}:consensus{height=38 round=0}: Transitioned to new step step.previous=Prevote step.new=Precommit
2025-08-25T09:38:16.037865Z  INFO node{moniker=app-1}:consensus{height=38 round=0}: Received vote height=38 vote_height=38 address=815F9FA61D7C4F1E4A9E30D40DCA1115BB48F759 Precommit(height: 38, round: 0, value: 750c71ff21813899, from: 815F9FA61D7C4F1E4A9E30D40DCA1115BB48F759)
2025-08-25T09:38:16.038197Z DEBUG node{moniker=app-1}:wal{height=38}: Wrote log entry type=Consensus(Vote) entry.size=119 
2025-08-25T09:38:16.038294Z DEBUG node{moniker=app-1}:consensus{height=38 round=0}: Transitioned to new step step.previous=Precommit step.new=Commit
2025-08-25T09:38:16.038303Z  INFO node{moniker=app-1}:consensus{height=38 round=0}: Decided round=0 height=38 value=750c71ff21813899
2025-08-25T09:38:16.042397Z DEBUG node{moniker=app-1}:wal{height=38}: Flushed WAL to disk wal.entries=5 wal.size=1216
2025-08-25T09:38:16.042788Z DEBUG node{moniker=app-1}:sync{height.tip=37 height.sync=38}: Updating request state height.tip=38
2025-08-25T09:38:16.042813Z DEBUG node{moniker=app-1}:node{moniker=app-1}: metis-test:consensus-chan recv!!! msg:Decided { certificate: CommitCertificate { height: Height(38), round: Some(0), value_id: ValueId(8434241542750812313), commit_signatures: [CommitSignature { address: Address(02CB1B49DA09615BD4A12212C39378556D990DFD), signature: Signature(Signature { R_bytes: "d7e4526c104b542b52dc40070abc36c9c17a5e3a8fd8a8c3261ace73ced67244", s_bytes: "bb19c71c0f3e9b3bdcf99c62ed69eb3ab45f60430652b9a02b9327b1b6302c06" }) }, CommitSignature { address: Address(815F9FA61D7C4F1E4A9E30D40DCA1115BB48F759), signature: Signature(Signature { R_bytes: "b3451016c0f5e1fad00263cd0a8341bdf779e6c2d4ca4647b20317f1a851ebea", s_bytes: "a80cdf9fcc4918da6da63c7b812f2280929c780fcf26f112e15f80464455c806" }) }] }, extensions: VoteExtensions { extensions: [] }, reply: Sender { inner: Some(Inner { state: State { is_complete: false, is_closed: false, is_rx_task_set: true, is_tx_task_set: false } }) } }
2025-08-25T09:38:16.042909Z  INFO node{moniker=app-1}:node{moniker=app-1}: 🟢🟢 Consensus has decided on value height=38 round=0 value=750c71ff21813899
2025-08-25T09:38:16.043319Z DEBUG node{moniker=app-1}:node{moniker=app-1}: 🎁 block size: 545, height: 38
2025-08-25T09:38:16.043331Z  INFO node{moniker=app-1}:node{moniker=app-1}: 👉 stats at height 38: #txs=0, txs/s=0.00, chain_bytes=20710, bytes/s=2295.88
2025-08-25T09:38:16.043336Z DEBUG node{moniker=app-1}:node{moniker=app-1}: 🦄 Block at height 38 contains 0 transactions
2025-08-25T09:38:16.044270Z DEBUG node{moniker=app-1}:node{moniker=app-1}: 💡 New block added at height 38 with hash: 0xbde33a83d6ac924422fe5f265ac2ce7d18e8fafd1ea0d421c0211993b1b13ab0
2025-08-25T09:38:16.044277Z DEBUG node{moniker=app-1}:node{moniker=app-1}: 🟠 set_latest_forkchoice_state: 0xbde33a83d6ac924422fe5f265ac2ce7d18e8fafd1ea0d421c0211993b1b13ab0
2025-08-25T09:38:16.044979Z DEBUG node{moniker=app-1}:node{moniker=app-1}: ➡️ payload_status: PayloadStatus { status: Valid, latest_valid_hash: Some(0xbde33a83d6ac924422fe5f265ac2ce7d18e8fafd1ea0d421c0211993b1b13ab0) }
2025-08-25T09:38:16.044985Z DEBUG node{moniker=app-1}:node{moniker=app-1}: 🚀 Forkchoice updated to height 38 for block hash=0xbde33a83d6ac924422fe5f265ac2ce7d18e8fafd1ea0d421c0211993b1b13ab0 and latest_valid_hash=0xbde33a83d6ac924422fe5f265ac2ce7d18e8fafd1ea0d421c0211993b1b13ab0
2025-08-25T09:38:16.044988Z  INFO node{moniker=app-1}:node{moniker=app-1}: Looking for certificate height=38 round=0
2025-08-25T09:38:16.048370Z  INFO node{moniker=app-1}:node{moniker=app-1}: Committed block_data[0..32]: ca0fa30ebf656c27349f67388736ec5e4656dc5396c7bad1da7099b6fee52c21
2025-08-25T09:38:16.069626Z DEBUG node{moniker=app-1}:wal{height=39}: Reset WAL height=39
2025-08-25T09:38:16.070358Z DEBUG node{moniker=app-1}:consensus{height=39 round=0}: No WAL entries to replay height=39
2025-08-25T09:38:16.070398Z  INFO node{moniker=app-1}:consensus{height=39 round=0}: Starting new height height=39
2025-08-25T09:38:16.070405Z  INFO node{moniker=app-1}:consensus{height=39 round=0}: Starting new round height=39 round=0 proposer=815F9FA61D7C4F1E4A9E30D40DCA1115BB48F759 role=Validator
2025-08-25T09:38:16.070435Z DEBUG node{moniker=app-1}:sync{height.tip=37 height.sync=38}: Starting new height height.tip=38 height.sync=39 restart=false
2025-08-25T09:38:16.070442Z DEBUG node{moniker=app-1}:sync{height.tip=37 height.sync=38}: No peer to request sync from height.sync=39
2025-08-25T09:38:16.075363Z DEBUG node{moniker=app-1}:wal{height=39}: Flushed WAL to disk wal.entries=0 wal.size=12
2025-08-25T09:38:16.075553Z DEBUG node{moniker=app-1}:node{moniker=app-1}: metis-test:consensus-chan recv!!! msg:StartedRound { height: Height(39), round: Some(0), proposer: Address(815F9FA61D7C4F1E4A9E30D40DCA1115BB48F759), role: Validator, reply_value: Sender { inner: Some(Inner { state: State { is_complete: false, is_closed: false, is_rx_task_set: false, is_tx_task_set: false } }) } }
2025-08-25T09:38:16.075567Z  INFO node{moniker=app-1}:node{moniker=app-1}: 🟢🟢 Started round height=39 round=0 proposer=815F9FA61D7C4F1E4A9E30D40DCA1115BB48F759 role=Validator
2025-08-25T09:38:16.075581Z ERROR node{moniker=app-1}:consensus{height=39 round=0}: Error when processing effect: Messaging(RecvErr)
2025-08-25T09:38:16.075602Z DEBUG node{moniker=app-1}:consensus{height=39 round=0}: Transitioned to new step step.previous=Unstarted step.new=Propose
2025-08-25T09:38:16.075607Z  INFO node{moniker=app-1}:consensus{height=39 round=0}: Scheduling timeout round=0 step=Propose
2025-08-25T09:38:16.075617Z DEBUG node{moniker=app-1}:consensus{height=39 round=0}: Replaying inputs count=0
2025-08-25T09:38:16.076446Z DEBUG node{moniker=app-1}:node{moniker=app-1}: metis-test:consensus-chan recv!!! msg:ReceivedProposalPart { from: PeerId("12D3KooWD4wDmZaWggpGH9ACLhNztqnBvszLRcmBLzZdKwDiWmYh"), part: StreamMessage { stream_id: StreamId(b"\0\0\0\0\0\0\0'\0\0\0\0\0\0\0\r"), sequence: 0, content: Data(Init(ProposalInit { height: Height(39), round: Some(0), proposer: Address(815F9FA61D7C4F1E4A9E30D40DCA1115BB48F759) })) }, reply: Sender { inner: Some(Inner { state: State { is_complete: false, is_closed: false, is_rx_task_set: true, is_tx_task_set: false } }) } }
2025-08-25T09:38:16.076472Z  INFO node{moniker=app-1}:node{moniker=app-1}: Received proposal part from=12D3KooWD4wDmZaWggpGH9ACLhNztqnBvszLRcmBLzZdKwDiWmYh part.sequence=0 part.type=init part.size=28
2025-08-25T09:38:16.077350Z DEBUG node{moniker=app-1}:node{moniker=app-1}: metis-test:consensus-chan recv!!! msg:ReceivedProposalPart { from: PeerId("12D3KooWD4wDmZaWggpGH9ACLhNztqnBvszLRcmBLzZdKwDiWmYh"), part: StreamMessage { stream_id: StreamId(b"\0\0\0\0\0\0\0'\0\0\0\0\0\0\0\r"), sequence: 1, content: Data(Data(ProposalData { bytes: "<...>", len: 545 })) }, reply: Sender { inner: Some(Inner { state: State { is_complete: false, is_closed: false, is_rx_task_set: true, is_tx_task_set: false } }) } }
2025-08-25T09:38:16.077368Z  INFO node{moniker=app-1}:node{moniker=app-1}: Received proposal part from=12D3KooWD4wDmZaWggpGH9ACLhNztqnBvszLRcmBLzZdKwDiWmYh part.sequence=1 part.type=data part.size=551
2025-08-25T09:38:16.077387Z DEBUG node{moniker=app-1}:node{moniker=app-1}: metis-test:consensus-chan recv!!! msg:ReceivedProposalPart { from: PeerId("12D3KooWD4wDmZaWggpGH9ACLhNztqnBvszLRcmBLzZdKwDiWmYh"), part: StreamMessage { stream_id: StreamId(b"\0\0\0\0\0\0\0'\0\0\0\0\0\0\0\r"), sequence: 2, content: Data(Fin(ProposalFin { signature: Signature(Signature { R_bytes: "18d6e31833bb12ff463380fac76bee392ca51aad9d497e1b30611e6dd9800cbf", s_bytes: "45174315be427ab57dc7bfc34a496b8b5ebd3ba2ee7c56117d926a90538ec800" }) })) }, reply: Sender { inner: Some(Inner { state: State { is_complete: false, is_closed: false, is_rx_task_set: true, is_tx_task_set: false } }) } }
2025-08-25T09:38:16.077401Z  INFO node{moniker=app-1}:node{moniker=app-1}: Received proposal part from=12D3KooWD4wDmZaWggpGH9ACLhNztqnBvszLRcmBLzZdKwDiWmYh part.sequence=2 part.type=fin part.size=70
2025-08-25T09:38:16.077846Z DEBUG node{moniker=app-1}:node{moniker=app-1}: metis-test:consensus-chan recv!!! msg:ReceivedProposalPart { from: PeerId("12D3KooWD4wDmZaWggpGH9ACLhNztqnBvszLRcmBLzZdKwDiWmYh"), part: StreamMessage { stream_id: StreamId(b"\0\0\0\0\0\0\0'\0\0\0\0\0\0\0\r"), sequence: 3, content: Fin }, reply: Sender { inner: Some(Inner { state: State { is_complete: false, is_closed: false, is_rx_task_set: true, is_tx_task_set: false } }) } }
2025-08-25T09:38:16.077859Z  INFO node{moniker=app-1}:node{moniker=app-1}: Received proposal part from=12D3KooWD4wDmZaWggpGH9ACLhNztqnBvszLRcmBLzZdKwDiWmYh part.sequence=3 part.type=end of stream part.size=0
2025-08-25T09:38:16.078015Z  INFO node{moniker=app-1}:node{moniker=app-1}: Proposal data[0..32]: bde33a83d6ac924422fe5f265ac2ce7d18e8fafd1ea0d421c0211993b1b13ab0, total_size: 545 bytes, id: c8b1ae6f0eaaa626
2025-08-25T09:38:16.082851Z  INFO node{moniker=app-1}:consensus{height=39 round=0}: Received vote height=39 vote_height=39 address=815F9FA61D7C4F1E4A9E30D40DCA1115BB48F759 Prevote(height: 39, round: 0, value: c8b1ae6f0eaaa626, from: 815F9FA61D7C4F1E4A9E30D40DCA1115BB48F759)
2025-08-25T09:38:16.090474Z DEBUG node{moniker=app-1}:node{moniker=app-1}: ✅ Received complete proposal: ProposedValue { height: Height(39), round: Some(0), valid_round: Nil, proposer: Address(815F9FA61D7C4F1E4A9E30D40DCA1115BB48F759), value: Value { value: 14461531670474040870, extensions: b"\xbd\xe3:\x83\xd6\xac\x92D\"\xfe_&Z\xc2\xce}\x18\xe8\xfa\xfd\x1e\xa0\xd4!\xc0!\x19\x93\xb1\xb1:\xb0********************\xec&\xdf\x94B\xc5\xd4\xa0\xa0\xccSH\xc9`\x11[C\xda\x08\xc7\xae\xf6\xbeNL\xcc_\x13l\xa8\x92\xa6V\xe8\x1f\x17\x1b\xccU\xa6\xff\x83E\xe6\x92\xc0\xf8n[H\xe0\x1b\x99l\xad\xc0\x01b/\xb5\xe3c\xb4!\0\0\0\0\0\0\0\0\0\0\0\0\0\0\0\0\0\0\0\0\0\0\0\0\0\0\0\0\0\0\0\0\0\0\0\0\0\0\0\0\0\0\0\0\0\0\0\0\0\0\0\0\0\0\0\0\0\0\0\0\0\0\0\0\0\0\0\0\0\0\0\0\0\0\0\0\0\0\0\0\0\0\0\0\0\0\0\0\0\0\0\0\0\0\0\0\0\0\0\0\0\0\0\0\0\0\0\0\0\0\0\0\0\0\0\0\0\0\0\0\0\0\0\0\0\0\0\0\0\0\0\0\0\0\0\0\0\0\0\0\0\0\0\0\0\0\0\0\0\0\0\0\0\0\0\0\0\0\0\0\0\0\0\0\0\0\0\0\0\0\0\0\0\0\0\0\0\0\0\0\0\0\0\0\0\0\0\0\0\0\0\0\0\0\0\0\0\0\0\0\0\0\0\0\0\0\0\0\0\0\0\0\0\0\0\0\0\0\0\0\0\0\0\0\0\0\0\0\0\0\0\0\0\0\0\0\0\0\0\0\0\0\0\0\0\0\0\0\0\0\0\0\0\0\0\0\0\0\0\0\0\0\0\0\0\0\0\0\0\0\0\0\0\0\0\0\0\0\0\0\0\0\0\0\0\0\0\0'\0\0\0\0\0\0\0F\x86\xdb\x01\0\0\0\0\0\0\0\0\0\0\0\0*/\xach\0\0\0\0\x10\x02\0\0H\x87S\0\0\0\0\0\0\0\0\0\0\0\0\0\0\0\0\0\0\0\0\0\0\0\0\0\0\0\0\0#D\xe8\r9\xbf\xc3\xc3\x88\xe5\x9e\xb8\xbd\x08d\xb8\x8a\x17\xa9\x8a\x94uI.\xcf\x87\xa7C\x0b\xdb\x83\x82!\x02\0\0!\x02\0\0\0\0\0\0\0\0\0\0\0\0\0\0\0\0\0\0reth/v1.4.1/linux" }, validity: Valid }
2025-08-25T09:38:16.091116Z DEBUG node{moniker=app-1}:wal{height=39}: Wrote log entry type=Consensus(Vote) entry.size=118 
2025-08-25T09:38:16.091518Z  INFO node{moniker=app-1}:consensus{height=39 round=0}: Received proposal consensus.height=39 proposal.height=39 proposal.round=0 proposer=815F9FA61D7C4F1E4A9E30D40DCA1115BB48F759 Proposal(height: 39, round: 0, pol_round: -1, value: c8b1ae6f0eaaa626, from: 815F9FA61D7C4F1E4A9E30D40DCA1115BB48F759)
2025-08-25T09:38:16.092241Z DEBUG node{moniker=app-1}:wal{height=39}: Wrote log entry type=Consensus(Proposal) entry.size=668 
2025-08-25T09:38:16.092280Z DEBUG node{moniker=app-1}:consensus{height=39 round=0}: No full proposal for this round yet, stored proposal for later proposal.height=39 proposal.round=0
2025-08-25T09:38:16.092309Z DEBUG node{moniker=app-1}:consensus{height=39 round=0}: We have a full proposal for this round, checking... proposal.height=39 proposal.round=0
2025-08-25T09:38:16.092322Z DEBUG node{moniker=app-1}:consensus{height=39 round=0}: Transitioned to new step step.previous=Propose step.new=Prevote
2025-08-25T09:38:16.092332Z  INFO node{moniker=app-1}:consensus{height=39 round=0}: Voting vote_type=Prevote value=c8b1ae6f0eaaa626 round=0
2025-08-25T09:38:16.092622Z  INFO node{moniker=app-1}:consensus{height=39 round=0}: Received vote height=39 vote_height=39 address=DE7BA2BE72D2225286133990FF5810B691A5261C Prevote(height: 39, round: 0, value: c8b1ae6f0eaaa626, from: DE7BA2BE72D2225286133990FF5810B691A5261C)
2025-08-25T09:38:16.092769Z DEBUG node{moniker=app-1}:wal{height=39}: Wrote log entry type=Consensus(Vote) entry.size=118 
2025-08-25T09:38:16.092839Z DEBUG node{moniker=app-1}:consensus{height=39 round=0}: Transitioned to new step step.previous=Prevote step.new=Precommit
2025-08-25T09:38:16.092858Z  INFO node{moniker=app-1}:consensus{height=39 round=0}: Voting vote_type=Precommit value=c8b1ae6f0eaaa626 round=0
2025-08-25T09:38:16.092884Z DEBUG node{moniker=app-1}:node{moniker=app-1}: metis-test:consensus-chan recv!!! msg:ExtendVote { height: Height(39), round: Some(0), value_id: ValueId(14461531670474040870), reply: Sender { inner: Some(Inner { state: State { is_complete: false, is_closed: false, is_rx_task_set: true, is_tx_task_set: false } }) } }
2025-08-25T09:38:16.093293Z  INFO node{moniker=app-1}:consensus{height=39 round=0}: Received vote height=39 vote_height=39 address=DE7BA2BE72D2225286133990FF5810B691A5261C Precommit(height: 39, round: 0, value: c8b1ae6f0eaaa626, from: DE7BA2BE72D2225286133990FF5810B691A5261C)
2025-08-25T09:38:16.093427Z DEBUG node{moniker=app-1}:wal{height=39}: Wrote log entry type=Consensus(Vote) entry.size=120 
2025-08-25T09:38:16.097457Z DEBUG node{moniker=app-1}:wal{height=39}: Flushed WAL to disk wal.entries=4 wal.size=1088
2025-08-25T09:38:16.097604Z DEBUG node{moniker=app-1}:network: Published message channel=/consensus size=111
2025-08-25T09:38:16.098833Z DEBUG node{moniker=app-1}:wal{height=39}: Flushed WAL to disk wal.entries=4 wal.size=1088
2025-08-25T09:38:16.099018Z DEBUG node{moniker=app-1}:network: Published message channel=/consensus size=109
2025-08-25T09:38:16.106546Z  INFO node{moniker=app-1}:consensus{height=39 round=0}: Received vote height=39 vote_height=39 address=815F9FA61D7C4F1E4A9E30D40DCA1115BB48F759 Precommit(height: 39, round: 0, value: c8b1ae6f0eaaa626, from: 815F9FA61D7C4F1E4A9E30D40DCA1115BB48F759)
2025-08-25T09:38:16.106754Z DEBUG node{moniker=app-1}:wal{height=39}: Wrote log entry type=Consensus(Vote) entry.size=120 
2025-08-25T09:38:16.106821Z DEBUG node{moniker=app-1}:consensus{height=39 round=0}: Transitioned to new step step.previous=Precommit step.new=Commit
2025-08-25T09:38:16.106829Z  INFO node{moniker=app-1}:consensus{height=39 round=0}: Decided round=0 height=39 value=c8b1ae6f0eaaa626
2025-08-25T09:38:16.112536Z DEBUG node{moniker=app-1}:wal{height=39}: Flushed WAL to disk wal.entries=5 wal.size=1221
2025-08-25T09:38:16.112664Z DEBUG node{moniker=app-1}:sync{height.tip=38 height.sync=39}: Updating request state height.tip=39
2025-08-25T09:38:16.112679Z DEBUG node{moniker=app-1}:node{moniker=app-1}: metis-test:consensus-chan recv!!! msg:Decided { certificate: CommitCertificate { height: Height(39), round: Some(0), value_id: ValueId(14461531670474040870), commit_signatures: [CommitSignature { address: Address(815F9FA61D7C4F1E4A9E30D40DCA1115BB48F759), signature: Signature(Signature { R_bytes: "2a4cfba60cfdd8ccd73946a6513e3dd781fe032ee0277552e01bd46914e77ce1", s_bytes: "86a6bcf370f02a2b8e04a75ae177ef5eadf0c0347a845f387a5a653ca0db9a0b" }) }, CommitSignature { address: Address(DE7BA2BE72D2225286133990FF5810B691A5261C), signature: Signature(Signature { R_bytes: "e7b056dfa76083d9dc198aa218b5edb20fb9c049cb27fb97d516ebf4a547ae55", s_bytes: "5beeb52663c575dd6ad0eab09fe856edd4fc60f1070288b914edefeea72d2106" }) }] }, extensions: VoteExtensions { extensions: [] }, reply: Sender { inner: Some(Inner { state: State { is_complete: false, is_closed: false, is_rx_task_set: true, is_tx_task_set: false } }) } }
2025-08-25T09:38:16.112699Z  INFO node{moniker=app-1}:node{moniker=app-1}: 🟢🟢 Consensus has decided on value height=39 round=0 value=c8b1ae6f0eaaa626
2025-08-25T09:38:16.113050Z DEBUG node{moniker=app-1}:node{moniker=app-1}: 🎁 block size: 545, height: 39
2025-08-25T09:38:16.113067Z  INFO node{moniker=app-1}:node{moniker=app-1}: 👉 stats at height 39: #txs=0, txs/s=0.00, chain_bytes=21255, bytes/s=2338.23
2025-08-25T09:38:16.113072Z DEBUG node{moniker=app-1}:node{moniker=app-1}: 🦄 Block at height 39 contains 0 transactions
2025-08-25T09:38:16.114213Z DEBUG node{moniker=app-1}:node{moniker=app-1}: 💡 New block added at height 39 with hash: 0x2344e80d39bfc3c388e59eb8bd0864b88a17a98a9475492ecf87a7430bdb8382
2025-08-25T09:38:16.114220Z DEBUG node{moniker=app-1}:node{moniker=app-1}: 🟠 set_latest_forkchoice_state: 0x2344e80d39bfc3c388e59eb8bd0864b88a17a98a9475492ecf87a7430bdb8382
2025-08-25T09:38:16.114994Z DEBUG node{moniker=app-1}:node{moniker=app-1}: ➡️ payload_status: PayloadStatus { status: Valid, latest_valid_hash: Some(0x2344e80d39bfc3c388e59eb8bd0864b88a17a98a9475492ecf87a7430bdb8382) }
2025-08-25T09:38:16.115001Z DEBUG node{moniker=app-1}:node{moniker=app-1}: 🚀 Forkchoice updated to height 39 for block hash=0x2344e80d39bfc3c388e59eb8bd0864b88a17a98a9475492ecf87a7430bdb8382 and latest_valid_hash=0x2344e80d39bfc3c388e59eb8bd0864b88a17a98a9475492ecf87a7430bdb8382
2025-08-25T09:38:16.115004Z  INFO node{moniker=app-1}:node{moniker=app-1}: Looking for certificate height=39 round=0
2025-08-25T09:38:16.121433Z  INFO node{moniker=app-1}:node{moniker=app-1}: Committed block_data[0..32]: bde33a83d6ac924422fe5f265ac2ce7d18e8fafd1ea0d421c0211993b1b13ab0
2025-08-25T09:38:16.145550Z DEBUG node{moniker=app-1}:wal{height=40}: Reset WAL height=40
2025-08-25T09:38:16.145611Z DEBUG node{moniker=app-1}:consensus{height=40 round=0}: No WAL entries to replay height=40
2025-08-25T09:38:16.145644Z  INFO node{moniker=app-1}:consensus{height=40 round=0}: Starting new height height=40
2025-08-25T09:38:16.145650Z  INFO node{moniker=app-1}:consensus{height=40 round=0}: Starting new round height=40 round=0 proposer=02CB1B49DA09615BD4A12212C39378556D990DFD role=Validator
2025-08-25T09:38:16.145675Z DEBUG node{moniker=app-1}:sync{height.tip=38 height.sync=39}: Starting new height height.tip=39 height.sync=40 restart=false
2025-08-25T09:38:16.145680Z DEBUG node{moniker=app-1}:sync{height.tip=38 height.sync=39}: No peer to request sync from height.sync=40
2025-08-25T09:38:16.148585Z DEBUG node{moniker=app-1}:wal{height=40}: Flushed WAL to disk wal.entries=0 wal.size=12
2025-08-25T09:38:16.148752Z DEBUG node{moniker=app-1}:node{moniker=app-1}: metis-test:consensus-chan recv!!! msg:StartedRound { height: Height(40), round: Some(0), proposer: Address(02CB1B49DA09615BD4A12212C39378556D990DFD), role: Validator, reply_value: Sender { inner: Some(Inner { state: State { is_complete: false, is_closed: false, is_rx_task_set: false, is_tx_task_set: false } }) } }
2025-08-25T09:38:16.148765Z  INFO node{moniker=app-1}:node{moniker=app-1}: 🟢🟢 Started round height=40 round=0 proposer=02CB1B49DA09615BD4A12212C39378556D990DFD role=Validator
2025-08-25T09:38:16.148779Z ERROR node{moniker=app-1}:consensus{height=40 round=0}: Error when processing effect: Messaging(RecvErr)
2025-08-25T09:38:16.148797Z DEBUG node{moniker=app-1}:consensus{height=40 round=0}: Transitioned to new step step.previous=Unstarted step.new=Propose
2025-08-25T09:38:16.148802Z  INFO node{moniker=app-1}:consensus{height=40 round=0}: Scheduling timeout round=0 step=Propose
2025-08-25T09:38:16.148812Z DEBUG node{moniker=app-1}:consensus{height=40 round=0}: Replaying inputs count=0
2025-08-25T09:38:16.162858Z DEBUG node{moniker=app-1}:node{moniker=app-1}: metis-test:consensus-chan recv!!! msg:ReceivedProposalPart { from: PeerId("12D3KooWR2Quwt2G6MyT6WQkUdfS8nHZu7XcPotkmbhuEoqc94oJ"), part: StreamMessage { stream_id: StreamId(b"\0\0\0\0\0\0\0(\0\0\0\0\0\0\0\r"), sequence: 0, content: Data(Init(ProposalInit { height: Height(40), round: Some(0), proposer: Address(02CB1B49DA09615BD4A12212C39378556D990DFD) })) }, reply: Sender { inner: Some(Inner { state: State { is_complete: false, is_closed: false, is_rx_task_set: true, is_tx_task_set: false } }) } }
2025-08-25T09:38:16.162893Z  INFO node{moniker=app-1}:node{moniker=app-1}: Received proposal part from=12D3KooWR2Quwt2G6MyT6WQkUdfS8nHZu7XcPotkmbhuEoqc94oJ part.sequence=0 part.type=init part.size=28
2025-08-25T09:38:16.162918Z DEBUG node{moniker=app-1}:node{moniker=app-1}: metis-test:consensus-chan recv!!! msg:ReceivedProposalPart { from: PeerId("12D3KooWR2Quwt2G6MyT6WQkUdfS8nHZu7XcPotkmbhuEoqc94oJ"), part: StreamMessage { stream_id: StreamId(b"\0\0\0\0\0\0\0(\0\0\0\0\0\0\0\r"), sequence: 1, content: Data(Data(ProposalData { bytes: "<...>", len: 545 })) }, reply: Sender { inner: Some(Inner { state: State { is_complete: false, is_closed: false, is_rx_task_set: true, is_tx_task_set: false } }) } }
2025-08-25T09:38:16.162928Z  INFO node{moniker=app-1}:node{moniker=app-1}: Received proposal part from=12D3KooWR2Quwt2G6MyT6WQkUdfS8nHZu7XcPotkmbhuEoqc94oJ part.sequence=1 part.type=data part.size=551
2025-08-25T09:38:16.162938Z DEBUG node{moniker=app-1}:node{moniker=app-1}: metis-test:consensus-chan recv!!! msg:ReceivedProposalPart { from: PeerId("12D3KooWR2Quwt2G6MyT6WQkUdfS8nHZu7XcPotkmbhuEoqc94oJ"), part: StreamMessage { stream_id: StreamId(b"\0\0\0\0\0\0\0(\0\0\0\0\0\0\0\r"), sequence: 2, content: Data(Fin(ProposalFin { signature: Signature(Signature { R_bytes: "2f63d0a6eb5271bbc31048b955da66ff5bf776873166b6ca6630f0cbf2aaeb96", s_bytes: "9cd959fe18dee57b3a6e66ee4870c22d78a478cb9a999c4541ce8fc82092090d" }) })) }, reply: Sender { inner: Some(Inner { state: State { is_complete: false, is_closed: false, is_rx_task_set: true, is_tx_task_set: false } }) } }
2025-08-25T09:38:16.162949Z  INFO node{moniker=app-1}:node{moniker=app-1}: Received proposal part from=12D3KooWR2Quwt2G6MyT6WQkUdfS8nHZu7XcPotkmbhuEoqc94oJ part.sequence=2 part.type=fin part.size=70
2025-08-25T09:38:16.163004Z DEBUG node{moniker=app-1}:node{moniker=app-1}: metis-test:consensus-chan recv!!! msg:ReceivedProposalPart { from: PeerId("12D3KooWR2Quwt2G6MyT6WQkUdfS8nHZu7XcPotkmbhuEoqc94oJ"), part: StreamMessage { stream_id: StreamId(b"\0\0\0\0\0\0\0(\0\0\0\0\0\0\0\r"), sequence: 3, content: Fin }, reply: Sender { inner: Some(Inner { state: State { is_complete: false, is_closed: false, is_rx_task_set: true, is_tx_task_set: false } }) } }
2025-08-25T09:38:16.163012Z  INFO node{moniker=app-1}:node{moniker=app-1}: Received proposal part from=12D3KooWR2Quwt2G6MyT6WQkUdfS8nHZu7XcPotkmbhuEoqc94oJ part.sequence=3 part.type=end of stream part.size=0
2025-08-25T09:38:16.163232Z  INFO node{moniker=app-1}:node{moniker=app-1}: Proposal data[0..32]: 2344e80d39bfc3c388e59eb8bd0864b88a17a98a9475492ecf87a7430bdb8382, total_size: 545 bytes, id: ba6ec4bc5c5b67de
2025-08-25T09:38:16.168809Z  INFO node{moniker=app-1}:consensus{height=40 round=0}: Received vote height=40 vote_height=40 address=02CB1B49DA09615BD4A12212C39378556D990DFD Prevote(height: 40, round: 0, value: ba6ec4bc5c5b67de, from: 02CB1B49DA09615BD4A12212C39378556D990DFD)
2025-08-25T09:38:16.169115Z DEBUG node{moniker=app-1}:wal{height=40}: Wrote log entry type=Consensus(Vote) entry.size=118 
2025-08-25T09:38:16.172603Z  INFO node{moniker=app-1}:consensus{height=40 round=0}: Received proposal consensus.height=40 proposal.height=40 proposal.round=0 proposer=02CB1B49DA09615BD4A12212C39378556D990DFD Proposal(height: 40, round: 0, pol_round: -1, value: ba6ec4bc5c5b67de, from: 02CB1B49DA09615BD4A12212C39378556D990DFD)
2025-08-25T09:38:16.174874Z DEBUG node{moniker=app-1}:node{moniker=app-1}: ✅ Received complete proposal: ProposedValue { height: Height(40), round: Some(0), valid_round: Nil, proposer: Address(02CB1B49DA09615BD4A12212C39378556D990DFD), value: Value { value: 13433891051775158238, extensions: b"#D\xe8\r9\xbf\xc3\xc3\x88\xe5\x9e\xb8\xbd\x08d\xb8\x8a\x17\xa9\x8a\x94uI.\xcf\x87\xa7C\x0b\xdb\x83\x82********************\xec&\xdf\x94B\xc5\xd4\xa0\xa0\xccSH\xc9`\x11[C\xda\x08\xc7\xae\xf6\xbeNL\xcc_\x13l\xa8\x92\xa6V\xe8\x1f\x17\x1b\xccU\xa6\xff\x83E\xe6\x92\xc0\xf8n[H\xe0\x1b\x99l\xad\xc0\x01b/\xb5\xe3c\xb4!\0\0\0\0\0\0\0\0\0\0\0\0\0\0\0\0\0\0\0\0\0\0\0\0\0\0\0\0\0\0\0\0\0\0\0\0\0\0\0\0\0\0\0\0\0\0\0\0\0\0\0\0\0\0\0\0\0\0\0\0\0\0\0\0\0\0\0\0\0\0\0\0\0\0\0\0\0\0\0\0\0\0\0\0\0\0\0\0\0\0\0\0\0\0\0\0\0\0\0\0\0\0\0\0\0\0\0\0\0\0\0\0\0\0\0\0\0\0\0\0\0\0\0\0\0\0\0\0\0\0\0\0\0\0\0\0\0\0\0\0\0\0\0\0\0\0\0\0\0\0\0\0\0\0\0\0\0\0\0\0\0\0\0\0\0\0\0\0\0\0\0\0\0\0\0\0\0\0\0\0\0\0\0\0\0\0\0\0\0\0\0\0\0\0\0\0\0\0\0\0\0\0\0\0\0\0\0\0\0\0\0\0\0\0\0\0\0\0\0\0\0\0\0\0\0\0\0\0\0\0\0\0\0\0\0\0\0\0\0\0\0\0\0\0\0\0\0\0\0\0\0\0\0\0\0\0\0\0\0\0\0\0\0\0\0\0\0\0\0\0\0\0\0\0\0\0\0\0\0\0\0\0\0\0\0\0\0\0(\0\0\0\0\0\0\0&\xfd\xdb\x01\0\0\0\0\0\0\0\0\0\0\0\0+/\xach\0\0\0\0\x10\x02\0\0_\x16I\0\0\0\0\0\0\0\0\0\0\0\0\0\0\0\0\0\0\0\0\0\0\0\0\0\0\0\0\0\xe0\xe1b\x0c\xc0hd0\"c\x8ed\x99k\xefQ\x9e\xb3\xe1\xc1\xc0\x0b\xc7\x818{\x1c\x0c\x8d\x85\xdf(!\x02\0\0!\x02\0\0\0\0\0\0\0\0\0\0\0\0\0\0\0\0\0\0reth/v1.4.1/linux" }, validity: Valid }
2025-08-25T09:38:16.175198Z DEBUG node{moniker=app-1}:wal{height=40}: Wrote log entry type=Consensus(Proposal) entry.size=668 
2025-08-25T09:38:16.175238Z DEBUG node{moniker=app-1}:consensus{height=40 round=0}: No full proposal for this round yet, stored proposal for later proposal.height=40 proposal.round=0
2025-08-25T09:38:16.175261Z DEBUG node{moniker=app-1}:consensus{height=40 round=0}: We have a full proposal for this round, checking... proposal.height=40 proposal.round=0
2025-08-25T09:38:16.175274Z DEBUG node{moniker=app-1}:consensus{height=40 round=0}: Transitioned to new step step.previous=Propose step.new=Prevote
2025-08-25T09:38:16.175284Z  INFO node{moniker=app-1}:consensus{height=40 round=0}: Voting vote_type=Prevote value=ba6ec4bc5c5b67de round=0
2025-08-25T09:38:16.175453Z  INFO node{moniker=app-1}:consensus{height=40 round=0}: Received vote height=40 vote_height=40 address=DE7BA2BE72D2225286133990FF5810B691A5261C Prevote(height: 40, round: 0, value: ba6ec4bc5c5b67de, from: DE7BA2BE72D2225286133990FF5810B691A5261C)
2025-08-25T09:38:16.177934Z DEBUG node{moniker=app-1}:wal{height=40}: Wrote log entry type=Consensus(Vote) entry.size=118 
2025-08-25T09:38:16.178005Z DEBUG node{moniker=app-1}:consensus{height=40 round=0}: Transitioned to new step step.previous=Prevote step.new=Precommit
2025-08-25T09:38:16.178012Z  INFO node{moniker=app-1}:consensus{height=40 round=0}: Voting vote_type=Precommit value=ba6ec4bc5c5b67de round=0
2025-08-25T09:38:16.178029Z DEBUG node{moniker=app-1}:node{moniker=app-1}: metis-test:consensus-chan recv!!! msg:ExtendVote { height: Height(40), round: Some(0), value_id: ValueId(13433891051775158238), reply: Sender { inner: Some(Inner { state: State { is_complete: false, is_closed: false, is_rx_task_set: true, is_tx_task_set: false } }) } }
2025-08-25T09:38:16.178244Z  INFO node{moniker=app-1}:consensus{height=40 round=0}: Received vote height=40 vote_height=40 address=DE7BA2BE72D2225286133990FF5810B691A5261C Precommit(height: 40, round: 0, value: ba6ec4bc5c5b67de, from: DE7BA2BE72D2225286133990FF5810B691A5261C)
2025-08-25T09:38:16.178320Z DEBUG node{moniker=app-1}:wal{height=40}: Wrote log entry type=Consensus(Vote) entry.size=120 
2025-08-25T09:38:16.180205Z DEBUG node{moniker=app-1}:wal{height=40}: Flushed WAL to disk wal.entries=4 wal.size=1088
2025-08-25T09:38:16.180449Z DEBUG node{moniker=app-1}:network: Published message channel=/consensus size=111
2025-08-25T09:38:16.183568Z DEBUG node{moniker=app-1}:wal{height=40}: Flushed WAL to disk wal.entries=4 wal.size=1088
2025-08-25T09:38:16.183993Z DEBUG node{moniker=app-1}:network: Published message channel=/consensus size=109
2025-08-25T09:38:16.192619Z  INFO node{moniker=app-1}:consensus{height=40 round=0}: Received vote height=40 vote_height=40 address=02CB1B49DA09615BD4A12212C39378556D990DFD Precommit(height: 40, round: 0, value: ba6ec4bc5c5b67de, from: 02CB1B49DA09615BD4A12212C39378556D990DFD)
2025-08-25T09:38:16.192953Z DEBUG node{moniker=app-1}:wal{height=40}: Wrote log entry type=Consensus(Vote) entry.size=120 
2025-08-25T09:38:16.193010Z DEBUG node{moniker=app-1}:consensus{height=40 round=0}: Transitioned to new step step.previous=Precommit step.new=Commit
2025-08-25T09:38:16.193018Z  INFO node{moniker=app-1}:consensus{height=40 round=0}: Decided round=0 height=40 value=ba6ec4bc5c5b67de
2025-08-25T09:38:16.202106Z DEBUG node{moniker=app-1}:wal{height=40}: Flushed WAL to disk wal.entries=5 wal.size=1221
2025-08-25T09:38:16.202627Z DEBUG node{moniker=app-1}:sync{height.tip=39 height.sync=40}: Updating request state height.tip=40
2025-08-25T09:38:16.202646Z DEBUG node{moniker=app-1}:node{moniker=app-1}: metis-test:consensus-chan recv!!! msg:Decided { certificate: CommitCertificate { height: Height(40), round: Some(0), value_id: ValueId(13433891051775158238), commit_signatures: [CommitSignature { address: Address(02CB1B49DA09615BD4A12212C39378556D990DFD), signature: Signature(Signature { R_bytes: "778d5514945d04b40ab57ad708bb4529704b5b4d2e116638738650e7051d596f", s_bytes: "3b98656c5fb2f9fb17a4ce74bd4ccdf1efa6f3fa0add14ab5869da251ac5b500" }) }, CommitSignature { address: Address(DE7BA2BE72D2225286133990FF5810B691A5261C), signature: Signature(Signature { R_bytes: "339aa10dd3a5e318f89373d5b298be0984d73ae414b9a96eaf6750ac7aa8c41e", s_bytes: "72806ce1c7e80d5adf104d79a6acd200f8c2c4a30d377429ae345a114b1b6e03" }) }] }, extensions: VoteExtensions { extensions: [] }, reply: Sender { inner: Some(Inner { state: State { is_complete: false, is_closed: false, is_rx_task_set: true, is_tx_task_set: false } }) } }
2025-08-25T09:38:16.202677Z  INFO node{moniker=app-1}:node{moniker=app-1}: 🟢🟢 Consensus has decided on value height=40 round=0 value=ba6ec4bc5c5b67de
2025-08-25T09:38:16.202736Z DEBUG node{moniker=app-1}:node{moniker=app-1}: 🎁 block size: 545, height: 40
2025-08-25T09:38:16.202746Z  INFO node{moniker=app-1}:node{moniker=app-1}: 👉 stats at height 40: #txs=0, txs/s=0.00, chain_bytes=21800, bytes/s=2374.75
2025-08-25T09:38:16.202751Z DEBUG node{moniker=app-1}:node{moniker=app-1}: 🦄 Block at height 40 contains 0 transactions
2025-08-25T09:38:16.203509Z DEBUG node{moniker=app-1}:node{moniker=app-1}: 💡 New block added at height 40 with hash: 0xe0e1620cc068643022638e64996bef519eb3e1c1c00bc781387b1c0c8d85df28
2025-08-25T09:38:16.203515Z DEBUG node{moniker=app-1}:node{moniker=app-1}: 🟠 set_latest_forkchoice_state: 0xe0e1620cc068643022638e64996bef519eb3e1c1c00bc781387b1c0c8d85df28
2025-08-25T09:38:16.203960Z DEBUG node{moniker=app-1}:node{moniker=app-1}: ➡️ payload_status: PayloadStatus { status: Valid, latest_valid_hash: Some(0xe0e1620cc068643022638e64996bef519eb3e1c1c00bc781387b1c0c8d85df28) }
2025-08-25T09:38:16.203965Z DEBUG node{moniker=app-1}:node{moniker=app-1}: 🚀 Forkchoice updated to height 40 for block hash=0xe0e1620cc068643022638e64996bef519eb3e1c1c00bc781387b1c0c8d85df28 and latest_valid_hash=0xe0e1620cc068643022638e64996bef519eb3e1c1c00bc781387b1c0c8d85df28
2025-08-25T09:38:16.203967Z  INFO node{moniker=app-1}:node{moniker=app-1}: Looking for certificate height=40 round=0
2025-08-25T09:38:16.206944Z  INFO node{moniker=app-1}:node{moniker=app-1}: Committed block_data[0..32]: 2344e80d39bfc3c388e59eb8bd0864b88a17a98a9475492ecf87a7430bdb8382
2025-08-25T09:38:16.228808Z DEBUG node{moniker=app-1}:wal{height=41}: Reset WAL height=41
2025-08-25T09:38:16.228905Z DEBUG node{moniker=app-1}:consensus{height=41 round=0}: No WAL entries to replay height=41
2025-08-25T09:38:16.228955Z  INFO node{moniker=app-1}:consensus{height=41 round=0}: Starting new height height=41
2025-08-25T09:38:16.228965Z  INFO node{moniker=app-1}:consensus{height=41 round=0}: Starting new round height=41 round=0 proposer=02CB1B49DA09615BD4A12212C39378556D990DFD role=None
2025-08-25T09:38:16.229006Z DEBUG node{moniker=app-1}:sync{height.tip=39 height.sync=40}: Starting new height height.tip=40 height.sync=41 restart=false
2025-08-25T09:38:16.229081Z DEBUG node{moniker=app-1}:sync{height.tip=39 height.sync=40}: No peer to request sync from height.sync=41
2025-08-25T09:38:16.232826Z DEBUG node{moniker=app-1}:wal{height=41}: Flushed WAL to disk wal.entries=0 wal.size=12
2025-08-25T09:38:16.233066Z DEBUG node{moniker=app-1}:node{moniker=app-1}: metis-test:consensus-chan recv!!! msg:StartedRound { height: Height(41), round: Some(0), proposer: Address(02CB1B49DA09615BD4A12212C39378556D990DFD), role: None, reply_value: Sender { inner: Some(Inner { state: State { is_complete: false, is_closed: false, is_rx_task_set: false, is_tx_task_set: false } }) } }
2025-08-25T09:38:16.233079Z  INFO node{moniker=app-1}:node{moniker=app-1}: 🟢🟢 Started round height=41 round=0 proposer=02CB1B49DA09615BD4A12212C39378556D990DFD role=None
2025-08-25T09:38:16.233094Z ERROR node{moniker=app-1}:consensus{height=41 round=0}: Error when processing effect: Messaging(RecvErr)
2025-08-25T09:38:16.233122Z DEBUG node{moniker=app-1}:consensus{height=41 round=0}: Transitioned to new step step.previous=Unstarted step.new=Propose
2025-08-25T09:38:16.233126Z  INFO node{moniker=app-1}:consensus{height=41 round=0}: Scheduling timeout round=0 step=Propose
2025-08-25T09:38:16.233134Z DEBUG node{moniker=app-1}:consensus{height=41 round=0}: Replaying inputs count=0
2025-08-25T09:38:16.233912Z DEBUG node{moniker=app-1}:node{moniker=app-1}: metis-test:consensus-chan recv!!! msg:ReceivedProposalPart { from: PeerId("12D3KooWR2Quwt2G6MyT6WQkUdfS8nHZu7XcPotkmbhuEoqc94oJ"), part: StreamMessage { stream_id: StreamId(b"\0\0\0\0\0\0\0)\0\0\0\0\0\0\0\x0e"), sequence: 0, content: Data(Init(ProposalInit { height: Height(41), round: Some(0), proposer: Address(02CB1B49DA09615BD4A12212C39378556D990DFD) })) }, reply: Sender { inner: Some(Inner { state: State { is_complete: false, is_closed: false, is_rx_task_set: true, is_tx_task_set: false } }) } }
2025-08-25T09:38:16.233933Z  INFO node{moniker=app-1}:node{moniker=app-1}: Received proposal part from=12D3KooWR2Quwt2G6MyT6WQkUdfS8nHZu7XcPotkmbhuEoqc94oJ part.sequence=0 part.type=init part.size=28
2025-08-25T09:38:16.235042Z DEBUG node{moniker=app-1}:node{moniker=app-1}: metis-test:consensus-chan recv!!! msg:ReceivedProposalPart { from: PeerId("12D3KooWR2Quwt2G6MyT6WQkUdfS8nHZu7XcPotkmbhuEoqc94oJ"), part: StreamMessage { stream_id: StreamId(b"\0\0\0\0\0\0\0)\0\0\0\0\0\0\0\x0e"), sequence: 1, content: Data(Data(ProposalData { bytes: "<...>", len: 545 })) }, reply: Sender { inner: Some(Inner { state: State { is_complete: false, is_closed: false, is_rx_task_set: true, is_tx_task_set: false } }) } }
2025-08-25T09:38:16.235065Z  INFO node{moniker=app-1}:node{moniker=app-1}: Received proposal part from=12D3KooWR2Quwt2G6MyT6WQkUdfS8nHZu7XcPotkmbhuEoqc94oJ part.sequence=1 part.type=data part.size=551
2025-08-25T09:38:16.235085Z DEBUG node{moniker=app-1}:node{moniker=app-1}: metis-test:consensus-chan recv!!! msg:ReceivedProposalPart { from: PeerId("12D3KooWR2Quwt2G6MyT6WQkUdfS8nHZu7XcPotkmbhuEoqc94oJ"), part: StreamMessage { stream_id: StreamId(b"\0\0\0\0\0\0\0)\0\0\0\0\0\0\0\x0e"), sequence: 2, content: Data(Fin(ProposalFin { signature: Signature(Signature { R_bytes: "fc82324848517f1563d9573ce9b630a9e0e08379bd71e0de1ba1b156baa5a0d5", s_bytes: "aa4036de0064fdd5bec4c6a123b2132e5ab399b44fee63e92b43520516d1ca08" }) })) }, reply: Sender { inner: Some(Inner { state: State { is_complete: false, is_closed: false, is_rx_task_set: true, is_tx_task_set: false } }) } }
2025-08-25T09:38:16.235100Z  INFO node{moniker=app-1}:node{moniker=app-1}: Received proposal part from=12D3KooWR2Quwt2G6MyT6WQkUdfS8nHZu7XcPotkmbhuEoqc94oJ part.sequence=2 part.type=fin part.size=70
2025-08-25T09:38:16.235113Z DEBUG node{moniker=app-1}:node{moniker=app-1}: metis-test:consensus-chan recv!!! msg:ReceivedProposalPart { from: PeerId("12D3KooWR2Quwt2G6MyT6WQkUdfS8nHZu7XcPotkmbhuEoqc94oJ"), part: StreamMessage { stream_id: StreamId(b"\0\0\0\0\0\0\0)\0\0\0\0\0\0\0\x0e"), sequence: 3, content: Fin }, reply: Sender { inner: Some(Inner { state: State { is_complete: false, is_closed: false, is_rx_task_set: true, is_tx_task_set: false } }) } }
2025-08-25T09:38:16.235122Z  INFO node{moniker=app-1}:node{moniker=app-1}: Received proposal part from=12D3KooWR2Quwt2G6MyT6WQkUdfS8nHZu7XcPotkmbhuEoqc94oJ part.sequence=3 part.type=end of stream part.size=0
2025-08-25T09:38:16.235332Z  INFO node{moniker=app-1}:node{moniker=app-1}: Proposal data[0..32]: e0e1620cc068643022638e64996bef519eb3e1c1c00bc781387b1c0c8d85df28, total_size: 545 bytes, id: 2f182065b987f73d
2025-08-25T09:38:16.245811Z  INFO node{moniker=app-1}:consensus{height=41 round=0}: Received vote height=41 vote_height=41 address=02CB1B49DA09615BD4A12212C39378556D990DFD Prevote(height: 41, round: 0, value: 2f182065b987f73d, from: 02CB1B49DA09615BD4A12212C39378556D990DFD)
2025-08-25T09:38:16.247523Z DEBUG node{moniker=app-1}:node{moniker=app-1}: ✅ Received complete proposal: ProposedValue { height: Height(41), round: Some(0), valid_round: Nil, proposer: Address(02CB1B49DA09615BD4A12212C39378556D990DFD), value: Value { value: 3393497940500150077, extensions: b"\xe0\xe1b\x0c\xc0hd0\"c\x8ed\x99k\xefQ\x9e\xb3\xe1\xc1\xc0\x0b\xc7\x818{\x1c\x0c\x8d\x85\xdf(********************\xec&\xdf\x94B\xc5\xd4\xa0\xa0\xccSH\xc9`\x11[C\xda\x08\xc7\xae\xf6\xbeNL\xcc_\x13l\xa8\x92\xa6V\xe8\x1f\x17\x1b\xccU\xa6\xff\x83E\xe6\x92\xc0\xf8n[H\xe0\x1b\x99l\xad\xc0\x01b/\xb5\xe3c\xb4!\0\0\0\0\0\0\0\0\0\0\0\0\0\0\0\0\0\0\0\0\0\0\0\0\0\0\0\0\0\0\0\0\0\0\0\0\0\0\0\0\0\0\0\0\0\0\0\0\0\0\0\0\0\0\0\0\0\0\0\0\0\0\0\0\0\0\0\0\0\0\0\0\0\0\0\0\0\0\0\0\0\0\0\0\0\0\0\0\0\0\0\0\0\0\0\0\0\0\0\0\0\0\0\0\0\0\0\0\0\0\0\0\0\0\0\0\0\0\0\0\0\0\0\0\0\0\0\0\0\0\0\0\0\0\0\0\0\0\0\0\0\0\0\0\0\0\0\0\0\0\0\0\0\0\0\0\0\0\0\0\0\0\0\0\0\0\0\0\0\0\0\0\0\0\0\0\0\0\0\0\0\0\0\0\0\0\0\0\0\0\0\0\0\0\0\0\0\0\0\0\0\0\0\0\0\0\0\0\0\0\0\0\0\0\0\0\0\0\0\0\0\0\0\0\0\0\0\0\0\0\0\0\0\0\0\0\0\0\0\0\0\0\0\0\0\0\0\0\0\0\0\0\0\0\0\0\0\0\0\0\0\0\0\0\0\0\0\0\0\0\0\0\0\0\0\0\0\0\0\0\0\0\0\0\0\0\0\0)\0\0\0\0\0\0\0$t\xdc\x01\0\0\0\0\0\0\0\0\0\0\0\0,/\xach\0\0\0\0\x10\x02\0\0\x94\xf3?\0\0\0\0\0\0\0\0\0\0\0\0\0\0\0\0\0\0\0\0\0\0\0\0\0\0\0\0\0\xf7\xa6w\xc8\xda\x02\xe4\x9dq\x96$\x10\xbc\xd9\xd9\xac\x90M\xcd\xb2\xdc`EN#\\R+\xbc\xa0\xfbk!\x02\0\0!\x02\0\0\0\0\0\0\0\0\0\0\0\0\0\0\0\0\0\0reth/v1.4.1/linux" }, validity: Valid }
2025-08-25T09:38:16.247869Z DEBUG node{moniker=app-1}:wal{height=41}: Wrote log entry type=Consensus(Vote) entry.size=117 
2025-08-25T09:38:16.252090Z DEBUG node{moniker=app-1}:wal{height=41}: Wrote log entry type=LocallyProposedValue entry.size=598 
2025-08-25T09:38:16.252812Z  INFO node{moniker=app-1}:consensus{height=41 round=0}: Received proposal consensus.height=41 proposal.height=41 proposal.round=0 proposer=02CB1B49DA09615BD4A12212C39378556D990DFD Proposal(height: 41, round: 0, pol_round: -1, value: 2f182065b987f73d, from: 02CB1B49DA09615BD4A12212C39378556D990DFD)
2025-08-25T09:38:16.253203Z DEBUG node{moniker=app-1}:wal{height=41}: Wrote log entry type=Consensus(Proposal) entry.size=667 
2025-08-25T09:38:16.253265Z DEBUG node{moniker=app-1}:consensus{height=41 round=0}: Transitioned to new step step.previous=Propose step.new=Prevote
2025-08-25T09:38:16.258623Z  INFO node{moniker=app-1}:consensus{height=41 round=0}: Received vote height=41 vote_height=41 address=815F9FA61D7C4F1E4A9E30D40DCA1115BB48F759 Precommit(height: 41, round: 0, value: 2f182065b987f73d, from: 815F9FA61D7C4F1E4A9E30D40DCA1115BB48F759)
2025-08-25T09:38:16.259049Z DEBUG node{moniker=app-1}:wal{height=41}: Wrote log entry type=Consensus(Vote) entry.size=119 
2025-08-25T09:38:16.259944Z  INFO node{moniker=app-1}:consensus{height=41 round=0}: Received vote height=41 vote_height=41 address=815F9FA61D7C4F1E4A9E30D40DCA1115BB48F759 Prevote(height: 41, round: 0, value: 2f182065b987f73d, from: 815F9FA61D7C4F1E4A9E30D40DCA1115BB48F759)
2025-08-25T09:38:16.260056Z DEBUG node{moniker=app-1}:wal{height=41}: Wrote log entry type=Consensus(Vote) entry.size=117 
2025-08-25T09:38:16.260171Z DEBUG node{moniker=app-1}:consensus{height=41 round=0}: Transitioned to new step step.previous=Prevote step.new=Precommit
2025-08-25T09:38:16.267545Z  INFO node{moniker=app-1}:consensus{height=41 round=0}: Received vote height=41 vote_height=41 address=02CB1B49DA09615BD4A12212C39378556D990DFD Precommit(height: 41, round: 0, value: 2f182065b987f73d, from: 02CB1B49DA09615BD4A12212C39378556D990DFD)
2025-08-25T09:38:16.267883Z DEBUG node{moniker=app-1}:wal{height=41}: Wrote log entry type=Consensus(Vote) entry.size=119 
2025-08-25T09:38:16.267953Z DEBUG node{moniker=app-1}:consensus{height=41 round=0}: Transitioned to new step step.previous=Precommit step.new=Commit
2025-08-25T09:38:16.267960Z  INFO node{moniker=app-1}:consensus{height=41 round=0}: Decided round=0 height=41 value=2f182065b987f73d
2025-08-25T09:38:16.270322Z DEBUG node{moniker=app-1}:wal{height=41}: Flushed WAL to disk wal.entries=6 wal.size=1827
2025-08-25T09:38:16.270496Z DEBUG node{moniker=app-1}:sync{height.tip=40 height.sync=41}: Updating request state height.tip=41
2025-08-25T09:38:16.270509Z DEBUG node{moniker=app-1}:node{moniker=app-1}: metis-test:consensus-chan recv!!! msg:Decided { certificate: CommitCertificate { height: Height(41), round: Some(0), value_id: ValueId(3393497940500150077), commit_signatures: [CommitSignature { address: Address(02CB1B49DA09615BD4A12212C39378556D990DFD), signature: Signature(Signature { R_bytes: "9159f7aa843fcd56865ac70e6ac1963cb0124c87e768ecfc57702e485ddf285b", s_bytes: "3d4543cfcdf37b371f7138354527c005dabc906bc6d42d05e150cd9000b00f0a" }) }, CommitSignature { address: Address(815F9FA61D7C4F1E4A9E30D40DCA1115BB48F759), signature: Signature(Signature { R_bytes: "8ae3e1d9d111c32285f19b0dff2cb0984e96c3e86914d4eb501f92bf4af8c1f3", s_bytes: "aa3812e3e799483105d2410a287ba45a07793f8847ee4ce9ef6af5aa55da560f" }) }] }, extensions: VoteExtensions { extensions: [] }, reply: Sender { inner: Some(Inner { state: State { is_complete: false, is_closed: false, is_rx_task_set: true, is_tx_task_set: false } }) } }
2025-08-25T09:38:16.270528Z  INFO node{moniker=app-1}:node{moniker=app-1}: 🟢🟢 Consensus has decided on value height=41 round=0 value=2f182065b987f73d
2025-08-25T09:38:16.270589Z DEBUG node{moniker=app-1}:node{moniker=app-1}: 🎁 block size: 545, height: 41
2025-08-25T09:38:16.270599Z  INFO node{moniker=app-1}:node{moniker=app-1}: 👉 stats at height 41: #txs=0, txs/s=0.00, chain_bytes=22345, bytes/s=2416.26
2025-08-25T09:38:16.270603Z DEBUG node{moniker=app-1}:node{moniker=app-1}: 🦄 Block at height 41 contains 0 transactions
2025-08-25T09:38:16.272456Z DEBUG node{moniker=app-1}:node{moniker=app-1}: 💡 New block added at height 41 with hash: 0xf7a677c8da02e49d71962410bcd9d9ac904dcdb2dc60454e235c522bbca0fb6b
2025-08-25T09:38:16.272465Z DEBUG node{moniker=app-1}:node{moniker=app-1}: 🟠 set_latest_forkchoice_state: 0xf7a677c8da02e49d71962410bcd9d9ac904dcdb2dc60454e235c522bbca0fb6b
2025-08-25T09:38:16.277381Z DEBUG node{moniker=app-1}:node{moniker=app-1}: ➡️ payload_status: PayloadStatus { status: Valid, latest_valid_hash: Some(0xf7a677c8da02e49d71962410bcd9d9ac904dcdb2dc60454e235c522bbca0fb6b) }
2025-08-25T09:38:16.277403Z DEBUG node{moniker=app-1}:node{moniker=app-1}: 🚀 Forkchoice updated to height 41 for block hash=0xf7a677c8da02e49d71962410bcd9d9ac904dcdb2dc60454e235c522bbca0fb6b and latest_valid_hash=0xf7a677c8da02e49d71962410bcd9d9ac904dcdb2dc60454e235c522bbca0fb6b
2025-08-25T09:38:16.277407Z  INFO node{moniker=app-1}:node{moniker=app-1}: Looking for certificate height=41 round=0
2025-08-25T09:38:16.282680Z  INFO node{moniker=app-1}:node{moniker=app-1}: Committed block_data[0..32]: e0e1620cc068643022638e64996bef519eb3e1c1c00bc781387b1c0c8d85df28
2025-08-25T09:38:16.306290Z DEBUG node{moniker=app-1}:wal{height=42}: Reset WAL height=42
2025-08-25T09:38:16.306603Z DEBUG node{moniker=app-1}:consensus{height=42 round=0}: No WAL entries to replay height=42
2025-08-25T09:38:16.306656Z  INFO node{moniker=app-1}:consensus{height=42 round=0}: Starting new height height=42
2025-08-25T09:38:16.306667Z  INFO node{moniker=app-1}:consensus{height=42 round=0}: Starting new round height=42 round=0 proposer=DE7BA2BE72D2225286133990FF5810B691A5261C role=Proposer
2025-08-25T09:38:16.306708Z DEBUG node{moniker=app-1}:sync{height.tip=40 height.sync=41}: Starting new height height.tip=41 height.sync=42 restart=false
2025-08-25T09:38:16.306718Z DEBUG node{moniker=app-1}:sync{height.tip=40 height.sync=41}: No peer to request sync from height.sync=42
2025-08-25T09:38:16.310428Z DEBUG node{moniker=app-1}:wal{height=42}: Flushed WAL to disk wal.entries=0 wal.size=12
2025-08-25T09:38:16.310486Z DEBUG node{moniker=app-1}:node{moniker=app-1}: metis-test:consensus-chan recv!!! msg:StartedRound { height: Height(42), round: Some(0), proposer: Address(DE7BA2BE72D2225286133990FF5810B691A5261C), role: Proposer, reply_value: Sender { inner: Some(Inner { state: State { is_complete: false, is_closed: false, is_rx_task_set: false, is_tx_task_set: false } }) } }
2025-08-25T09:38:16.310496Z  INFO node{moniker=app-1}:node{moniker=app-1}: 🟢🟢 Started round height=42 round=0 proposer=DE7BA2BE72D2225286133990FF5810B691A5261C role=Proposer
2025-08-25T09:38:16.310507Z ERROR node{moniker=app-1}:consensus{height=42 round=0}: Error when processing effect: Messaging(RecvErr)
2025-08-25T09:38:16.310523Z DEBUG node{moniker=app-1}:consensus{height=42 round=0}: Transitioned to new step step.previous=Unstarted step.new=Propose
2025-08-25T09:38:16.310527Z  INFO node{moniker=app-1}:consensus{height=42 round=0}: Scheduling timeout round=0 step=Propose
2025-08-25T09:38:16.310532Z  INFO node{moniker=app-1}:consensus{height=42 round=0}: Requesting value from application height=42 round=0
2025-08-25T09:38:16.310540Z DEBUG node{moniker=app-1}:consensus{height=42 round=0}: Replaying inputs count=0
2025-08-25T09:38:16.310558Z DEBUG node{moniker=app-1}:node{moniker=app-1}: metis-test:consensus-chan recv!!! msg:GetValue { height: Height(42), round: Some(0), timeout: 3s, reply: Sender { inner: Some(Inner { state: State { is_complete: false, is_closed: false, is_rx_task_set: true, is_tx_task_set: false } }) } }
2025-08-25T09:38:16.310563Z  INFO node{moniker=app-1}:node{moniker=app-1}: 🟢🟢 Consensus is requesting a value to propose height=42 round=0
2025-08-25T09:38:16.310566Z DEBUG node{moniker=app-1}:node{moniker=app-1}: 🟠 generate_block on top of ExecutionBlock { block_hash: 0xf7a677c8da02e49d71962410bcd9d9ac904dcdb2dc60454e235c522bbca0fb6b, block_number: 41, parent_hash: 0xf7a677c8da02e49d71962410bcd9d9ac904dcdb2dc60454e235c522bbca0fb6b, timestamp: 1756114732, prev_randao: 0x0000000000000000000000000000000000000000000000000000000000000000 }
2025-08-25T09:38:16.312546Z DEBUG node{moniker=app-1}:node{moniker=app-1}: 🌈 Got execution payload: ExecutionPayloadV3 { payload_inner: ExecutionPayloadV2 { payload_inner: ExecutionPayloadV1 { parent_hash: 0xf7a677c8da02e49d71962410bcd9d9ac904dcdb2dc60454e235c522bbca0fb6b, fee_recipient: 0x2a2a2a2a2a2a2a2a2a2a2a2a2a2a2a2a2a2a2a2a, state_root: 0xec26df9442c5d4a0a0cc5348c960115b43da08c7aef6be4e4ccc5f136ca892a6, receipts_root: 0x56e81f171bcc55a6ff8345e692c0f86e5b48e01b996cadc001622fb5e363b421, logs_bloom: 0x00000000000000000000000000000000000000000000000000000000000000000000000000000000000000000000000000000000000000000000000000000000000000000000000000000000000000000000000000000000000000000000000000000000000000000000000000000000000000000000000000000000000000000000000000000000000000000000000000000000000000000000000000000000000000000000000000000000000000000000000000000000000000000000000000000000000000000000000000000000000000000000000000000000000000000000000000000000000000000000000000000000000000000000000000000000, prev_randao: 0x0000000000000000000000000000000000000000000000000000000000000000, block_number: 42, gas_limit: 31255360, gas_used: 0, timestamp: 1756114733, extra_data: 0x726574682f76312e342e312f6c696e7578, base_fee_per_gas: 3667234, block_hash: 0x6632894bdeb151fc6516709d5b708781b762ab8d9456f075fd05b2fcac2fe519, transactions: [] }, withdrawals: [] }, blob_gas_used: 0, excess_blob_gas: 0 }
2025-08-25T09:38:16.312564Z DEBUG node{moniker=app-1}:node{moniker=app-1}: 🎁 block size: 545, height: 42
2025-08-25T09:38:16.320613Z  INFO node{moniker=app-1}:node{moniker=app-1}: Streaming proposal part: StreamMessage { stream_id: StreamId(b"\0\0\0\0\0\0\0*\0\0\0\0\0\0\0\r"), sequence: 0, content: Data(Init(ProposalInit { height: Height(42), round: Some(0), proposer: Address(DE7BA2BE72D2225286133990FF5810B691A5261C) })) } height=42 round=0
2025-08-25T09:38:16.320646Z  INFO node{moniker=app-1}:node{moniker=app-1}: Streaming proposal part: StreamMessage { stream_id: StreamId(b"\0\0\0\0\0\0\0*\0\0\0\0\0\0\0\r"), sequence: 1, content: Data(Data(ProposalData { bytes: "<...>", len: 545 })) } height=42 round=0
2025-08-25T09:38:16.320679Z  INFO node{moniker=app-1}:node{moniker=app-1}: Streaming proposal part: StreamMessage { stream_id: StreamId(b"\0\0\0\0\0\0\0*\0\0\0\0\0\0\0\r"), sequence: 2, content: Data(Fin(ProposalFin { signature: Signature(Signature { R_bytes: "ef31bce0ff122e64dc442ff0b007a00f182edb5f76f3c2d664e5306545f4fac6", s_bytes: "a4e4101b24b49d95cbe1984e664daf2ff1c34e6ff0fd52d118221ea2184f3b07" }) })) } height=42 round=0
2025-08-25T09:38:16.320925Z DEBUG node{moniker=app-1}:network: Published message channel=/proposal_parts size=48
2025-08-25T09:38:16.320972Z  INFO node{moniker=app-1}:node{moniker=app-1}: Streaming proposal part: StreamMessage { stream_id: StreamId(b"\0\0\0\0\0\0\0*\0\0\0\0\0\0\0\r"), sequence: 3, content: Fin } height=42 round=0
2025-08-25T09:38:16.321119Z DEBUG node{moniker=app-1}:wal{height=42}: Wrote log entry type=LocallyProposedValue entry.size=599 
2025-08-25T09:38:16.321409Z DEBUG node{moniker=app-1}:network: Published message channel=/proposal_parts size=574
2025-08-25T09:38:16.321543Z DEBUG node{moniker=app-1}:node{moniker=app-1}: ✅ Proposal sent height=42 round=0
2025-08-25T09:38:16.321624Z  INFO node{moniker=app-1}:consensus{height=42 round=0}: Proposing value id=a1db31bd7f60bc4b round=0
2025-08-25T09:38:16.322089Z  INFO node{moniker=app-1}:consensus{height=42 round=0}: Received proposal consensus.height=42 proposal.height=42 proposal.round=0 proposer=DE7BA2BE72D2225286133990FF5810B691A5261C Proposal(height: 42, round: 0, pol_round: -1, value: a1db31bd7f60bc4b, from: DE7BA2BE72D2225286133990FF5810B691A5261C)
2025-08-25T09:38:16.322301Z DEBUG node{moniker=app-1}:network: Published message channel=/proposal_parts size=92
2025-08-25T09:38:16.322599Z DEBUG node{moniker=app-1}:network: Published message channel=/proposal_parts size=22
2025-08-25T09:38:16.322886Z DEBUG node{moniker=app-1}:wal{height=42}: Wrote log entry type=Consensus(Proposal) entry.size=668 
2025-08-25T09:38:16.322943Z DEBUG node{moniker=app-1}:consensus{height=42 round=0}: Transitioned to new step step.previous=Propose step.new=Prevote
2025-08-25T09:38:16.322956Z  INFO node{moniker=app-1}:consensus{height=42 round=0}: Voting vote_type=Prevote value=a1db31bd7f60bc4b round=0
2025-08-25T09:38:16.323520Z  INFO node{moniker=app-1}:consensus{height=42 round=0}: Received vote height=42 vote_height=42 address=DE7BA2BE72D2225286133990FF5810B691A5261C Prevote(height: 42, round: 0, value: a1db31bd7f60bc4b, from: DE7BA2BE72D2225286133990FF5810B691A5261C)
2025-08-25T09:38:16.323866Z DEBUG node{moniker=app-1}:wal{height=42}: Wrote log entry type=Consensus(Vote) entry.size=118 
2025-08-25T09:38:16.326417Z DEBUG node{moniker=app-1}:wal{height=42}: Flushed WAL to disk wal.entries=3 wal.size=1436
2025-08-25T09:38:16.326631Z DEBUG node{moniker=app-1}:network: Published message channel=/consensus size=109
2025-08-25T09:38:16.329687Z DEBUG node{moniker=app-1}:wal{height=42}: Flushed WAL to disk wal.entries=3 wal.size=1436
2025-08-25T09:38:16.330163Z DEBUG node{moniker=app-1}:network: Published message channel=/consensus size=659
2025-08-25T09:38:16.340697Z  INFO node{moniker=app-1}:consensus{height=42 round=0}: Received vote height=42 vote_height=42 address=815F9FA61D7C4F1E4A9E30D40DCA1115BB48F759 Precommit(height: 42, round: 0, value: a1db31bd7f60bc4b, from: 815F9FA61D7C4F1E4A9E30D40DCA1115BB48F759)
2025-08-25T09:38:16.342501Z DEBUG node{moniker=app-1}:wal{height=42}: Wrote log entry type=Consensus(Vote) entry.size=120 
2025-08-25T09:38:16.344075Z  INFO node{moniker=app-1}:consensus{height=42 round=0}: Received vote height=42 vote_height=42 address=815F9FA61D7C4F1E4A9E30D40DCA1115BB48F759 Prevote(height: 42, round: 0, value: a1db31bd7f60bc4b, from: 815F9FA61D7C4F1E4A9E30D40DCA1115BB48F759)
2025-08-25T09:38:16.344268Z DEBUG node{moniker=app-1}:wal{height=42}: Wrote log entry type=Consensus(Vote) entry.size=118 
2025-08-25T09:38:16.344501Z DEBUG node{moniker=app-1}:consensus{height=42 round=0}: Transitioned to new step step.previous=Prevote step.new=Precommit
2025-08-25T09:38:16.344512Z  INFO node{moniker=app-1}:consensus{height=42 round=0}: Voting vote_type=Precommit value=a1db31bd7f60bc4b round=0
2025-08-25T09:38:16.344537Z DEBUG node{moniker=app-1}:node{moniker=app-1}: metis-test:consensus-chan recv!!! msg:ExtendVote { height: Height(42), round: Some(0), value_id: ValueId(11662970349961657419), reply: Sender { inner: Some(Inner { state: State { is_complete: false, is_closed: false, is_rx_task_set: true, is_tx_task_set: false } }) } }
2025-08-25T09:38:16.344831Z  INFO node{moniker=app-1}:consensus{height=42 round=0}: Received vote height=42 vote_height=42 address=DE7BA2BE72D2225286133990FF5810B691A5261C Precommit(height: 42, round: 0, value: a1db31bd7f60bc4b, from: DE7BA2BE72D2225286133990FF5810B691A5261C)
2025-08-25T09:38:16.344958Z DEBUG node{moniker=app-1}:wal{height=42}: Wrote log entry type=Consensus(Vote) entry.size=120 
2025-08-25T09:38:16.345005Z DEBUG node{moniker=app-1}:consensus{height=42 round=0}: Transitioned to new step step.previous=Precommit step.new=Commit
2025-08-25T09:38:16.345018Z  INFO node{moniker=app-1}:consensus{height=42 round=0}: Decided round=0 height=42 value=a1db31bd7f60bc4b
2025-08-25T09:38:16.347733Z DEBUG node{moniker=app-1}:wal{height=42}: Flushed WAL to disk wal.entries=6 wal.size=1833
2025-08-25T09:38:16.347829Z DEBUG node{moniker=app-1}:sync{height.tip=41 height.sync=42}: Updating request state height.tip=42
2025-08-25T09:38:16.347869Z DEBUG node{moniker=app-1}:node{moniker=app-1}: metis-test:consensus-chan recv!!! msg:Decided { certificate: CommitCertificate { height: Height(42), round: Some(0), value_id: ValueId(11662970349961657419), commit_signatures: [CommitSignature { address: Address(815F9FA61D7C4F1E4A9E30D40DCA1115BB48F759), signature: Signature(Signature { R_bytes: "786d2b39b447209462903d63748378f84055b22c05dfc359ea3d99e7580042bc", s_bytes: "9871b121343a34b61208c53482120844a1482d610b51ef221508428b481e6d05" }) }, CommitSignature { address: Address(DE7BA2BE72D2225286133990FF5810B691A5261C), signature: Signature(Signature { R_bytes: "3d291517c012fb7520780b9d8478b66515c1d996ab3b164cc1967cd5a4d361a8", s_bytes: "a9c9ea91ac94f4fc4db8fac46ee343400e318dfd27e7a406c643d4c9a12e420d" }) }] }, extensions: VoteExtensions { extensions: [] }, reply: Sender { inner: Some(Inner { state: State { is_complete: false, is_closed: false, is_rx_task_set: true, is_tx_task_set: false } }) } }
2025-08-25T09:38:16.347898Z  INFO node{moniker=app-1}:node{moniker=app-1}: 🟢🟢 Consensus has decided on value height=42 round=0 value=a1db31bd7f60bc4b
2025-08-25T09:38:16.347992Z DEBUG node{moniker=app-1}:node{moniker=app-1}: 🎁 block size: 545, height: 42
2025-08-25T09:38:16.348011Z  INFO node{moniker=app-1}:node{moniker=app-1}: 👉 stats at height 42: #txs=0, txs/s=0.00, chain_bytes=22890, bytes/s=2454.65
2025-08-25T09:38:16.348018Z DEBUG node{moniker=app-1}:node{moniker=app-1}: 🦄 Block at height 42 contains 0 transactions
2025-08-25T09:38:16.350634Z DEBUG node{moniker=app-1}:node{moniker=app-1}: 💡 New block added at height 42 with hash: 0x6632894bdeb151fc6516709d5b708781b762ab8d9456f075fd05b2fcac2fe519
2025-08-25T09:38:16.350641Z DEBUG node{moniker=app-1}:node{moniker=app-1}: 🟠 set_latest_forkchoice_state: 0x6632894bdeb151fc6516709d5b708781b762ab8d9456f075fd05b2fcac2fe519
2025-08-25T09:38:16.352366Z DEBUG node{moniker=app-1}:node{moniker=app-1}: ➡️ payload_status: PayloadStatus { status: Valid, latest_valid_hash: Some(0x6632894bdeb151fc6516709d5b708781b762ab8d9456f075fd05b2fcac2fe519) }
2025-08-25T09:38:16.352372Z DEBUG node{moniker=app-1}:node{moniker=app-1}: 🚀 Forkchoice updated to height 42 for block hash=0x6632894bdeb151fc6516709d5b708781b762ab8d9456f075fd05b2fcac2fe519 and latest_valid_hash=0x6632894bdeb151fc6516709d5b708781b762ab8d9456f075fd05b2fcac2fe519
2025-08-25T09:38:16.352374Z  INFO node{moniker=app-1}:node{moniker=app-1}: Looking for certificate height=42 round=0
2025-08-25T09:38:16.352952Z DEBUG node{moniker=app-1}:wal{height=42}: Flushed WAL to disk wal.entries=6 wal.size=1833
2025-08-25T09:38:16.353155Z DEBUG node{moniker=app-1}:network: Published message channel=/consensus size=111
2025-08-25T09:38:16.357367Z  INFO node{moniker=app-1}:node{moniker=app-1}: Committed block_data[0..32]: f7a677c8da02e49d71962410bcd9d9ac904dcdb2dc60454e235c522bbca0fb6b
2025-08-25T09:38:16.384235Z DEBUG node{moniker=app-1}:wal{height=43}: Reset WAL height=43
2025-08-25T09:38:16.384307Z DEBUG node{moniker=app-1}:consensus{height=43 round=0}: No WAL entries to replay height=43
2025-08-25T09:38:16.384355Z  INFO node{moniker=app-1}:consensus{height=43 round=0}: Starting new height height=43
2025-08-25T09:38:16.384363Z  INFO node{moniker=app-1}:consensus{height=43 round=0}: Starting new round height=43 round=0 proposer=DE7BA2BE72D2225286133990FF5810B691A5261C role=Proposer
2025-08-25T09:38:16.384394Z DEBUG node{moniker=app-1}:sync{height.tip=41 height.sync=42}: Starting new height height.tip=42 height.sync=43 restart=false
2025-08-25T09:38:16.384401Z DEBUG node{moniker=app-1}:sync{height.tip=41 height.sync=42}: No peer to request sync from height.sync=43
2025-08-25T09:38:16.390573Z DEBUG node{moniker=app-1}:wal{height=43}: Flushed WAL to disk wal.entries=0 wal.size=12
2025-08-25T09:38:16.391410Z DEBUG node{moniker=app-1}:node{moniker=app-1}: metis-test:consensus-chan recv!!! msg:StartedRound { height: Height(43), round: Some(0), proposer: Address(DE7BA2BE72D2225286133990FF5810B691A5261C), role: Proposer, reply_value: Sender { inner: Some(Inner { state: State { is_complete: false, is_closed: false, is_rx_task_set: false, is_tx_task_set: false } }) } }
2025-08-25T09:38:16.391428Z  INFO node{moniker=app-1}:node{moniker=app-1}: 🟢🟢 Started round height=43 round=0 proposer=DE7BA2BE72D2225286133990FF5810B691A5261C role=Proposer
2025-08-25T09:38:16.391445Z ERROR node{moniker=app-1}:consensus{height=43 round=0}: Error when processing effect: Messaging(RecvErr)
2025-08-25T09:38:16.391500Z DEBUG node{moniker=app-1}:consensus{height=43 round=0}: Transitioned to new step step.previous=Unstarted step.new=Propose
2025-08-25T09:38:16.391562Z  INFO node{moniker=app-1}:consensus{height=43 round=0}: Scheduling timeout round=0 step=Propose
2025-08-25T09:38:16.391575Z  INFO node{moniker=app-1}:consensus{height=43 round=0}: Requesting value from application height=43 round=0
2025-08-25T09:38:16.391588Z DEBUG node{moniker=app-1}:consensus{height=43 round=0}: Replaying inputs count=0
2025-08-25T09:38:16.391626Z DEBUG node{moniker=app-1}:node{moniker=app-1}: metis-test:consensus-chan recv!!! msg:GetValue { height: Height(43), round: Some(0), timeout: 3s, reply: Sender { inner: Some(Inner { state: State { is_complete: false, is_closed: false, is_rx_task_set: true, is_tx_task_set: false } }) } }
2025-08-25T09:38:16.391634Z  INFO node{moniker=app-1}:node{moniker=app-1}: 🟢🟢 Consensus is requesting a value to propose height=43 round=0
2025-08-25T09:38:16.391638Z DEBUG node{moniker=app-1}:node{moniker=app-1}: 🟠 generate_block on top of ExecutionBlock { block_hash: 0x6632894bdeb151fc6516709d5b708781b762ab8d9456f075fd05b2fcac2fe519, block_number: 42, parent_hash: 0x6632894bdeb151fc6516709d5b708781b762ab8d9456f075fd05b2fcac2fe519, timestamp: 1756114733, prev_randao: 0x0000000000000000000000000000000000000000000000000000000000000000 }
2025-08-25T09:38:16.393188Z DEBUG node{moniker=app-1}:node{moniker=app-1}: 🌈 Got execution payload: ExecutionPayloadV3 { payload_inner: ExecutionPayloadV2 { payload_inner: ExecutionPayloadV1 { parent_hash: 0x6632894bdeb151fc6516709d5b708781b762ab8d9456f075fd05b2fcac2fe519, fee_recipient: 0x2a2a2a2a2a2a2a2a2a2a2a2a2a2a2a2a2a2a2a2a, state_root: 0xec26df9442c5d4a0a0cc5348c960115b43da08c7aef6be4e4ccc5f136ca892a6, receipts_root: 0x56e81f171bcc55a6ff8345e692c0f86e5b48e01b996cadc001622fb5e363b421, logs_bloom: 0x00000000000000000000000000000000000000000000000000000000000000000000000000000000000000000000000000000000000000000000000000000000000000000000000000000000000000000000000000000000000000000000000000000000000000000000000000000000000000000000000000000000000000000000000000000000000000000000000000000000000000000000000000000000000000000000000000000000000000000000000000000000000000000000000000000000000000000000000000000000000000000000000000000000000000000000000000000000000000000000000000000000000000000000000000000000, prev_randao: 0x0000000000000000000000000000000000000000000000000000000000000000, block_number: 43, gas_limit: 31285881, gas_used: 0, timestamp: 1756114734, extra_data: 0x726574682f76312e342e312f6c696e7578, base_fee_per_gas: 3208830, block_hash: 0xa2abbd06c0bd5cf84089c747816e2adec946bf70ae034f93770c6e12d58358ed, transactions: [] }, withdrawals: [] }, blob_gas_used: 0, excess_blob_gas: 0 }
2025-08-25T09:38:16.393204Z DEBUG node{moniker=app-1}:node{moniker=app-1}: 🎁 block size: 545, height: 43
2025-08-25T09:38:16.407696Z  INFO node{moniker=app-1}:node{moniker=app-1}: Streaming proposal part: StreamMessage { stream_id: StreamId(b"\0\0\0\0\0\0\0+\0\0\0\0\0\0\0\x0e"), sequence: 0, content: Data(Init(ProposalInit { height: Height(43), round: Some(0), proposer: Address(DE7BA2BE72D2225286133990FF5810B691A5261C) })) } height=43 round=0
2025-08-25T09:38:16.407720Z  INFO node{moniker=app-1}:node{moniker=app-1}: Streaming proposal part: StreamMessage { stream_id: StreamId(b"\0\0\0\0\0\0\0+\0\0\0\0\0\0\0\x0e"), sequence: 1, content: Data(Data(ProposalData { bytes: "<...>", len: 545 })) } height=43 round=0
2025-08-25T09:38:16.407749Z  INFO node{moniker=app-1}:node{moniker=app-1}: Streaming proposal part: StreamMessage { stream_id: StreamId(b"\0\0\0\0\0\0\0+\0\0\0\0\0\0\0\x0e"), sequence: 2, content: Data(Fin(ProposalFin { signature: Signature(Signature { R_bytes: "b5e1e3672f11acdeb8d750d5e6a8968af7c014860d602f4bb0b3c9190fe74d68", s_bytes: "dcca2c645dc961b30d057697b3e821ae22c82de79b5901031fe5041697ef7804" }) })) } height=43 round=0
2025-08-25T09:38:16.407966Z DEBUG node{moniker=app-1}:network: Published message channel=/proposal_parts size=48
2025-08-25T09:38:16.408083Z  INFO node{moniker=app-1}:node{moniker=app-1}: Streaming proposal part: StreamMessage { stream_id: StreamId(b"\0\0\0\0\0\0\0+\0\0\0\0\0\0\0\x0e"), sequence: 3, content: Fin } height=43 round=0
2025-08-25T09:38:16.408415Z DEBUG node{moniker=app-1}:network: Published message channel=/proposal_parts size=574
2025-08-25T09:38:16.408490Z DEBUG node{moniker=app-1}:node{moniker=app-1}: ✅ Proposal sent height=43 round=0
2025-08-25T09:38:16.408610Z DEBUG node{moniker=app-1}:network: Published message channel=/proposal_parts size=92
2025-08-25T09:38:16.408807Z DEBUG node{moniker=app-1}:network: Published message channel=/proposal_parts size=22
2025-08-25T09:38:16.410972Z DEBUG node{moniker=app-1}:wal{height=43}: Wrote log entry type=LocallyProposedValue entry.size=598 
2025-08-25T09:38:16.411280Z  INFO node{moniker=app-1}:consensus{height=43 round=0}: Proposing value id=4973e837d70236a3 round=0
2025-08-25T09:38:16.411545Z  INFO node{moniker=app-1}:consensus{height=43 round=0}: Received proposal consensus.height=43 proposal.height=43 proposal.round=0 proposer=DE7BA2BE72D2225286133990FF5810B691A5261C Proposal(height: 43, round: 0, pol_round: -1, value: 4973e837d70236a3, from: DE7BA2BE72D2225286133990FF5810B691A5261C)
2025-08-25T09:38:16.417025Z DEBUG node{moniker=app-1}:wal{height=43}: Wrote log entry type=Consensus(Proposal) entry.size=667 
2025-08-25T09:38:16.417282Z DEBUG node{moniker=app-1}:consensus{height=43 round=0}: Transitioned to new step step.previous=Propose step.new=Prevote
2025-08-25T09:38:16.417298Z  INFO node{moniker=app-1}:consensus{height=43 round=0}: Voting vote_type=Prevote value=4973e837d70236a3 round=0
2025-08-25T09:38:16.417527Z  INFO node{moniker=app-1}:consensus{height=43 round=0}: Received vote height=43 vote_height=43 address=DE7BA2BE72D2225286133990FF5810B691A5261C Prevote(height: 43, round: 0, value: 4973e837d70236a3, from: DE7BA2BE72D2225286133990FF5810B691A5261C)
2025-08-25T09:38:16.420101Z DEBUG node{moniker=app-1}:wal{height=43}: Wrote log entry type=Consensus(Vote) entry.size=117 
2025-08-25T09:38:16.423752Z DEBUG node{moniker=app-1}:wal{height=43}: Flushed WAL to disk wal.entries=3 wal.size=1433
2025-08-25T09:38:16.424063Z DEBUG node{moniker=app-1}:network: Published message channel=/consensus size=108
2025-08-25T09:38:16.425864Z DEBUG node{moniker=app-1}:wal{height=43}: Flushed WAL to disk wal.entries=3 wal.size=1433
2025-08-25T09:38:16.428959Z DEBUG node{moniker=app-1}:network: Published message channel=/consensus size=658
2025-08-25T09:38:16.440250Z  INFO node{moniker=app-1}:consensus{height=43 round=0}: Received vote height=43 vote_height=43 address=02CB1B49DA09615BD4A12212C39378556D990DFD Precommit(height: 43, round: 0, value: 4973e837d70236a3, from: 02CB1B49DA09615BD4A12212C39378556D990DFD)
2025-08-25T09:38:16.442597Z DEBUG node{moniker=app-1}:wal{height=43}: Wrote log entry type=Consensus(Vote) entry.size=119 
2025-08-25T09:38:16.442846Z  INFO node{moniker=app-1}:consensus{height=43 round=0}: Received vote height=43 vote_height=43 address=02CB1B49DA09615BD4A12212C39378556D990DFD Prevote(height: 43, round: 0, value: 4973e837d70236a3, from: 02CB1B49DA09615BD4A12212C39378556D990DFD)
2025-08-25T09:38:16.442881Z DEBUG node{moniker=app-1}:wal{height=43}: Wrote log entry type=Consensus(Vote) entry.size=117 
2025-08-25T09:38:16.442970Z DEBUG node{moniker=app-1}:consensus{height=43 round=0}: Transitioned to new step step.previous=Prevote step.new=Precommit
2025-08-25T09:38:16.442975Z  INFO node{moniker=app-1}:consensus{height=43 round=0}: Voting vote_type=Precommit value=4973e837d70236a3 round=0
2025-08-25T09:38:16.442985Z DEBUG node{moniker=app-1}:node{moniker=app-1}: metis-test:consensus-chan recv!!! msg:ExtendVote { height: Height(43), round: Some(0), value_id: ValueId(5292829313618556579), reply: Sender { inner: Some(Inner { state: State { is_complete: false, is_closed: false, is_rx_task_set: true, is_tx_task_set: false } }) } }
2025-08-25T09:38:16.443059Z  INFO node{moniker=app-1}:consensus{height=43 round=0}: Received vote height=43 vote_height=43 address=DE7BA2BE72D2225286133990FF5810B691A5261C Precommit(height: 43, round: 0, value: 4973e837d70236a3, from: DE7BA2BE72D2225286133990FF5810B691A5261C)
2025-08-25T09:38:16.443085Z DEBUG node{moniker=app-1}:wal{height=43}: Wrote log entry type=Consensus(Vote) entry.size=119 
2025-08-25T09:38:16.443099Z DEBUG node{moniker=app-1}:consensus{height=43 round=0}: Transitioned to new step step.previous=Precommit step.new=Commit
2025-08-25T09:38:16.443102Z  INFO node{moniker=app-1}:consensus{height=43 round=0}: Decided round=0 height=43 value=4973e837d70236a3
2025-08-25T09:38:16.446463Z DEBUG node{moniker=app-1}:wal{height=43}: Flushed WAL to disk wal.entries=6 wal.size=1827
2025-08-25T09:38:16.446492Z DEBUG node{moniker=app-1}:sync{height.tip=42 height.sync=43}: Updating request state height.tip=43
2025-08-25T09:38:16.446503Z DEBUG node{moniker=app-1}:node{moniker=app-1}: metis-test:consensus-chan recv!!! msg:Decided { certificate: CommitCertificate { height: Height(43), round: Some(0), value_id: ValueId(5292829313618556579), commit_signatures: [CommitSignature { address: Address(02CB1B49DA09615BD4A12212C39378556D990DFD), signature: Signature(Signature { R_bytes: "e09f7983914d25df4f0ea9d592503bb9fca1bc7958658d860ad182f0afed5f18", s_bytes: "3c883833d02eee53f4a34f9b8f43dcf48306395bf5891e80c12fbb2ef987420b" }) }, CommitSignature { address: Address(DE7BA2BE72D2225286133990FF5810B691A5261C), signature: Signature(Signature { R_bytes: "9402c885c092378c6b17146b940703120d4ba634ff7f056564886f379d9b5423", s_bytes: "c9596ae10bbe9a4370c9b7ca1d1ab51ec98aab0836081079da9cf1d928a4bd0f" }) }] }, extensions: VoteExtensions { extensions: [] }, reply: Sender { inner: Some(Inner { state: State { is_complete: false, is_closed: false, is_rx_task_set: true, is_tx_task_set: false } }) } }
2025-08-25T09:38:16.446513Z  INFO node{moniker=app-1}:node{moniker=app-1}: 🟢🟢 Consensus has decided on value height=43 round=0 value=4973e837d70236a3
2025-08-25T09:38:16.446537Z DEBUG node{moniker=app-1}:node{moniker=app-1}: 🎁 block size: 545, height: 43
2025-08-25T09:38:16.446541Z  INFO node{moniker=app-1}:node{moniker=app-1}: 👉 stats at height 43: #txs=0, txs/s=0.00, chain_bytes=23435, bytes/s=2486.81
2025-08-25T09:38:16.446543Z DEBUG node{moniker=app-1}:node{moniker=app-1}: 🦄 Block at height 43 contains 0 transactions
2025-08-25T09:38:16.447937Z DEBUG node{moniker=app-1}:node{moniker=app-1}: 💡 New block added at height 43 with hash: 0xa2abbd06c0bd5cf84089c747816e2adec946bf70ae034f93770c6e12d58358ed
2025-08-25T09:38:16.447949Z DEBUG node{moniker=app-1}:node{moniker=app-1}: 🟠 set_latest_forkchoice_state: 0xa2abbd06c0bd5cf84089c747816e2adec946bf70ae034f93770c6e12d58358ed
2025-08-25T09:38:16.448293Z DEBUG node{moniker=app-1}:wal{height=43}: Flushed WAL to disk wal.entries=6 wal.size=1827
2025-08-25T09:38:16.448488Z DEBUG node{moniker=app-1}:network: Published message channel=/consensus size=110
2025-08-25T09:38:16.448699Z DEBUG node{moniker=app-1}:node{moniker=app-1}: ➡️ payload_status: PayloadStatus { status: Valid, latest_valid_hash: Some(0xa2abbd06c0bd5cf84089c747816e2adec946bf70ae034f93770c6e12d58358ed) }
2025-08-25T09:38:16.448706Z DEBUG node{moniker=app-1}:node{moniker=app-1}: 🚀 Forkchoice updated to height 43 for block hash=0xa2abbd06c0bd5cf84089c747816e2adec946bf70ae034f93770c6e12d58358ed and latest_valid_hash=0xa2abbd06c0bd5cf84089c747816e2adec946bf70ae034f93770c6e12d58358ed
2025-08-25T09:38:16.448709Z  INFO node{moniker=app-1}:node{moniker=app-1}: Looking for certificate height=43 round=0
2025-08-25T09:38:16.453178Z  INFO node{moniker=app-1}:node{moniker=app-1}: Committed block_data[0..32]: 6632894bdeb151fc6516709d5b708781b762ab8d9456f075fd05b2fcac2fe519
2025-08-25T09:38:16.466588Z DEBUG node{moniker=app-1}:wal{height=44}: Reset WAL height=44
2025-08-25T09:38:16.466714Z DEBUG node{moniker=app-1}:consensus{height=44 round=0}: No WAL entries to replay height=44
2025-08-25T09:38:16.467331Z  INFO node{moniker=app-1}:consensus{height=44 round=0}: Starting new height height=44
2025-08-25T09:38:16.467355Z  INFO node{moniker=app-1}:consensus{height=44 round=0}: Starting new round height=44 round=0 proposer=815F9FA61D7C4F1E4A9E30D40DCA1115BB48F759 role=None
2025-08-25T09:38:16.467434Z DEBUG node{moniker=app-1}:sync{height.tip=42 height.sync=43}: Starting new height height.tip=43 height.sync=44 restart=false
2025-08-25T09:38:16.467442Z DEBUG node{moniker=app-1}:sync{height.tip=42 height.sync=43}: No peer to request sync from height.sync=44
2025-08-25T09:38:16.474435Z DEBUG node{moniker=app-1}:wal{height=44}: Flushed WAL to disk wal.entries=0 wal.size=12
2025-08-25T09:38:16.474637Z DEBUG node{moniker=app-1}:node{moniker=app-1}: metis-test:consensus-chan recv!!! msg:StartedRound { height: Height(44), round: Some(0), proposer: Address(815F9FA61D7C4F1E4A9E30D40DCA1115BB48F759), role: None, reply_value: Sender { inner: Some(Inner { state: State { is_complete: false, is_closed: false, is_rx_task_set: false, is_tx_task_set: false } }) } }
2025-08-25T09:38:16.474653Z  INFO node{moniker=app-1}:node{moniker=app-1}: 🟢🟢 Started round height=44 round=0 proposer=815F9FA61D7C4F1E4A9E30D40DCA1115BB48F759 role=None
2025-08-25T09:38:16.474667Z ERROR node{moniker=app-1}:consensus{height=44 round=0}: Error when processing effect: Messaging(RecvErr)
2025-08-25T09:38:16.474690Z DEBUG node{moniker=app-1}:consensus{height=44 round=0}: Transitioned to new step step.previous=Unstarted step.new=Propose
2025-08-25T09:38:16.474696Z  INFO node{moniker=app-1}:consensus{height=44 round=0}: Scheduling timeout round=0 step=Propose
2025-08-25T09:38:16.474708Z DEBUG node{moniker=app-1}:consensus{height=44 round=0}: Replaying inputs count=0
2025-08-25T09:38:16.505736Z DEBUG node{moniker=app-1}:node{moniker=app-1}: metis-test:consensus-chan recv!!! msg:ReceivedProposalPart { from: PeerId("12D3KooWD4wDmZaWggpGH9ACLhNztqnBvszLRcmBLzZdKwDiWmYh"), part: StreamMessage { stream_id: StreamId(b"\0\0\0\0\0\0\0,\0\0\0\0\0\0\0\x0e"), sequence: 0, content: Data(Init(ProposalInit { height: Height(44), round: Some(0), proposer: Address(815F9FA61D7C4F1E4A9E30D40DCA1115BB48F759) })) }, reply: Sender { inner: Some(Inner { state: State { is_complete: false, is_closed: false, is_rx_task_set: true, is_tx_task_set: false } }) } }
2025-08-25T09:38:16.505791Z  INFO node{moniker=app-1}:node{moniker=app-1}: Received proposal part from=12D3KooWD4wDmZaWggpGH9ACLhNztqnBvszLRcmBLzZdKwDiWmYh part.sequence=0 part.type=init part.size=28
2025-08-25T09:38:16.506654Z DEBUG node{moniker=app-1}:node{moniker=app-1}: metis-test:consensus-chan recv!!! msg:ReceivedProposalPart { from: PeerId("12D3KooWD4wDmZaWggpGH9ACLhNztqnBvszLRcmBLzZdKwDiWmYh"), part: StreamMessage { stream_id: StreamId(b"\0\0\0\0\0\0\0,\0\0\0\0\0\0\0\x0e"), sequence: 1, content: Data(Data(ProposalData { bytes: "<...>", len: 545 })) }, reply: Sender { inner: Some(Inner { state: State { is_complete: false, is_closed: false, is_rx_task_set: true, is_tx_task_set: false } }) } }
2025-08-25T09:38:16.506688Z  INFO node{moniker=app-1}:node{moniker=app-1}: Received proposal part from=12D3KooWD4wDmZaWggpGH9ACLhNztqnBvszLRcmBLzZdKwDiWmYh part.sequence=1 part.type=data part.size=551
2025-08-25T09:38:16.507807Z DEBUG node{moniker=app-1}:node{moniker=app-1}: metis-test:consensus-chan recv!!! msg:ReceivedProposalPart { from: PeerId("12D3KooWD4wDmZaWggpGH9ACLhNztqnBvszLRcmBLzZdKwDiWmYh"), part: StreamMessage { stream_id: StreamId(b"\0\0\0\0\0\0\0,\0\0\0\0\0\0\0\x0e"), sequence: 2, content: Data(Fin(ProposalFin { signature: Signature(Signature { R_bytes: "7ef4d8584c910ac0b84798b57d77d5c7357ae4818162f9c653333caf6fa8d73e", s_bytes: "eaa17279c95e8d49d62593f764db8eacd402efc3122dd92ef8e07b3fe0746200" }) })) }, reply: Sender { inner: Some(Inner { state: State { is_complete: false, is_closed: false, is_rx_task_set: true, is_tx_task_set: false } }) } }
2025-08-25T09:38:16.507842Z  INFO node{moniker=app-1}:node{moniker=app-1}: Received proposal part from=12D3KooWD4wDmZaWggpGH9ACLhNztqnBvszLRcmBLzZdKwDiWmYh part.sequence=2 part.type=fin part.size=70
2025-08-25T09:38:16.507873Z DEBUG node{moniker=app-1}:node{moniker=app-1}: metis-test:consensus-chan recv!!! msg:ReceivedProposalPart { from: PeerId("12D3KooWD4wDmZaWggpGH9ACLhNztqnBvszLRcmBLzZdKwDiWmYh"), part: StreamMessage { stream_id: StreamId(b"\0\0\0\0\0\0\0,\0\0\0\0\0\0\0\x0e"), sequence: 3, content: Fin }, reply: Sender { inner: Some(Inner { state: State { is_complete: false, is_closed: false, is_rx_task_set: true, is_tx_task_set: false } }) } }
2025-08-25T09:38:16.507891Z  INFO node{moniker=app-1}:node{moniker=app-1}: Received proposal part from=12D3KooWD4wDmZaWggpGH9ACLhNztqnBvszLRcmBLzZdKwDiWmYh part.sequence=3 part.type=end of stream part.size=0
2025-08-25T09:38:16.508234Z  INFO node{moniker=app-1}:node{moniker=app-1}: Proposal data[0..32]: a2abbd06c0bd5cf84089c747816e2adec946bf70ae034f93770c6e12d58358ed, total_size: 545 bytes, id: 4c24a8adcf0d2ba5
2025-08-25T09:38:16.511591Z  INFO node{moniker=app-1}:consensus{height=44 round=0}: Received vote height=44 vote_height=44 address=815F9FA61D7C4F1E4A9E30D40DCA1115BB48F759 Prevote(height: 44, round: 0, value: 4c24a8adcf0d2ba5, from: 815F9FA61D7C4F1E4A9E30D40DCA1115BB48F759)
2025-08-25T09:38:16.513272Z DEBUG node{moniker=app-1}:wal{height=44}: Wrote log entry type=Consensus(Vote) entry.size=117 
2025-08-25T09:38:16.518642Z  INFO node{moniker=app-1}:consensus{height=44 round=0}: Received proposal consensus.height=44 proposal.height=44 proposal.round=0 proposer=815F9FA61D7C4F1E4A9E30D40DCA1115BB48F759 Proposal(height: 44, round: 0, pol_round: -1, value: 4c24a8adcf0d2ba5, from: 815F9FA61D7C4F1E4A9E30D40DCA1115BB48F759)
2025-08-25T09:38:16.520414Z DEBUG node{moniker=app-1}:wal{height=44}: Wrote log entry type=Consensus(Proposal) entry.size=667 
2025-08-25T09:38:16.520574Z DEBUG node{moniker=app-1}:consensus{height=44 round=0}: No full proposal for this round yet, stored proposal for later proposal.height=44 proposal.round=0
2025-08-25T09:38:16.520590Z DEBUG node{moniker=app-1}:node{moniker=app-1}: ✅ Received complete proposal: ProposedValue { height: Height(44), round: Some(0), valid_round: Nil, proposer: Address(815F9FA61D7C4F1E4A9E30D40DCA1115BB48F759), value: Value { value: 5486695710500662181, extensions: b"\xa2\xab\xbd\x06\xc0\xbd\\\xf8@\x89\xc7G\x81n*\xde\xc9F\xbfp\xae\x03O\x93w\x0cn\x12\xd5\x83X\xed********************\xec&\xdf\x94B\xc5\xd4\xa0\xa0\xccSH\xc9`\x11[C\xda\x08\xc7\xae\xf6\xbeNL\xcc_\x13l\xa8\x92\xa6V\xe8\x1f\x17\x1b\xccU\xa6\xff\x83E\xe6\x92\xc0\xf8n[H\xe0\x1b\x99l\xad\xc0\x01b/\xb5\xe3c\xb4!\0\0\0\0\0\0\0\0\0\0\0\0\0\0\0\0\0\0\0\0\0\0\0\0\0\0\0\0\0\0\0\0\0\0\0\0\0\0\0\0\0\0\0\0\0\0\0\0\0\0\0\0\0\0\0\0\0\0\0\0\0\0\0\0\0\0\0\0\0\0\0\0\0\0\0\0\0\0\0\0\0\0\0\0\0\0\0\0\0\0\0\0\0\0\0\0\0\0\0\0\0\0\0\0\0\0\0\0\0\0\0\0\0\0\0\0\0\0\0\0\0\0\0\0\0\0\0\0\0\0\0\0\0\0\0\0\0\0\0\0\0\0\0\0\0\0\0\0\0\0\0\0\0\0\0\0\0\0\0\0\0\0\0\0\0\0\0\0\0\0\0\0\0\0\0\0\0\0\0\0\0\0\0\0\0\0\0\0\0\0\0\0\0\0\0\0\0\0\0\0\0\0\0\0\0\0\0\0\0\0\0\0\0\0\0\0\0\0\0\0\0\0\0\0\0\0\0\0\0\0\0\0\0\0\0\0\0\0\0\0\0\0\0\0\0\0\0\0\0\0\0\0\0\0\0\0\0\0\0\0\0\0\0\0\0\0\0\0\0\0\0\0\0\0\0\0\0\0\0\0\0\0\0\0\0\0\0\0,\0\0\0\0\0\0\0\xd0\xd9\xdd\x01\0\0\0\0\0\0\0\0\0\0\0\0//\xach\0\0\0\0\x10\x02\0\0\xaf\xd7*\0\0\0\0\0\0\0\0\0\0\0\0\0\0\0\0\0\0\0\0\0\0\0\0\0\0\0\0\0z%\x88\xe2\x19q\x08|\xdd\x10Q\xeb\x1c\x11h2\xc3\xccn7\xf7[3\xb02,#\x80\xefR0\xd2!\x02\0\0!\x02\0\0\0\0\0\0\0\0\0\0\0\0\0\0\0\0\0\0reth/v1.4.1/linux" }, validity: Valid }
2025-08-25T09:38:16.520635Z DEBUG node{moniker=app-1}:consensus{height=44 round=0}: We have a full proposal for this round, checking... proposal.height=44 proposal.round=0
2025-08-25T09:38:16.520649Z DEBUG node{moniker=app-1}:consensus{height=44 round=0}: Transitioned to new step step.previous=Propose step.new=Prevote
2025-08-25T09:38:16.526227Z  INFO node{moniker=app-1}:consensus{height=44 round=0}: Received vote height=44 vote_height=44 address=02CB1B49DA09615BD4A12212C39378556D990DFD Precommit(height: 44, round: 0, value: 4c24a8adcf0d2ba5, from: 02CB1B49DA09615BD4A12212C39378556D990DFD)
2025-08-25T09:38:16.527397Z DEBUG node{moniker=app-1}:wal{height=44}: Wrote log entry type=Consensus(Vote) entry.size=119 
2025-08-25T09:38:16.528403Z  INFO node{moniker=app-1}:consensus{height=44 round=0}: Received vote height=44 vote_height=44 address=02CB1B49DA09615BD4A12212C39378556D990DFD Prevote(height: 44, round: 0, value: 4c24a8adcf0d2ba5, from: 02CB1B49DA09615BD4A12212C39378556D990DFD)
2025-08-25T09:38:16.528591Z DEBUG node{moniker=app-1}:wal{height=44}: Wrote log entry type=Consensus(Vote) entry.size=117 
2025-08-25T09:38:16.529141Z DEBUG node{moniker=app-1}:consensus{height=44 round=0}: Transitioned to new step step.previous=Prevote step.new=Precommit
2025-08-25T09:38:16.538344Z  INFO node{moniker=app-1}:consensus{height=44 round=0}: Received vote height=44 vote_height=44 address=815F9FA61D7C4F1E4A9E30D40DCA1115BB48F759 Precommit(height: 44, round: 0, value: 4c24a8adcf0d2ba5, from: 815F9FA61D7C4F1E4A9E30D40DCA1115BB48F759)
2025-08-25T09:38:16.540789Z DEBUG node{moniker=app-1}:wal{height=44}: Wrote log entry type=Consensus(Vote) entry.size=119 
2025-08-25T09:38:16.540881Z DEBUG node{moniker=app-1}:consensus{height=44 round=0}: Transitioned to new step step.previous=Precommit step.new=Commit
2025-08-25T09:38:16.540894Z  INFO node{moniker=app-1}:consensus{height=44 round=0}: Decided round=0 height=44 value=4c24a8adcf0d2ba5
2025-08-25T09:38:16.548520Z DEBUG node{moniker=app-1}:wal{height=44}: Flushed WAL to disk wal.entries=5 wal.size=1216
2025-08-25T09:38:16.548677Z DEBUG node{moniker=app-1}:sync{height.tip=43 height.sync=44}: Updating request state height.tip=44
2025-08-25T09:38:16.548701Z DEBUG node{moniker=app-1}:node{moniker=app-1}: metis-test:consensus-chan recv!!! msg:Decided { certificate: CommitCertificate { height: Height(44), round: Some(0), value_id: ValueId(5486695710500662181), commit_signatures: [CommitSignature { address: Address(02CB1B49DA09615BD4A12212C39378556D990DFD), signature: Signature(Signature { R_bytes: "ad331f822821ce750abb6b0b32ecdf0e538e823ee880dec549e31160b443d98f", s_bytes: "55bf7df420e18dbd663a4b8b148bb7fa7f8c5f158904598855451e4e31583c07" }) }, CommitSignature { address: Address(815F9FA61D7C4F1E4A9E30D40DCA1115BB48F759), signature: Signature(Signature { R_bytes: "7935ee7eec91efc28adea99b85db038254ea283b0cae4bdfc6141069e62e8840", s_bytes: "b62ed29156e8b28778ecee04282f032ab0152406fa86b0e889a47f45c2803f05" }) }] }, extensions: VoteExtensions { extensions: [] }, reply: Sender { inner: Some(Inner { state: State { is_complete: false, is_closed: false, is_rx_task_set: true, is_tx_task_set: false } }) } }
2025-08-25T09:38:16.548733Z  INFO node{moniker=app-1}:node{moniker=app-1}: 🟢🟢 Consensus has decided on value height=44 round=0 value=4c24a8adcf0d2ba5
2025-08-25T09:38:16.548842Z DEBUG node{moniker=app-1}:node{moniker=app-1}: 🎁 block size: 545, height: 44
2025-08-25T09:38:16.548862Z  INFO node{moniker=app-1}:node{moniker=app-1}: 👉 stats at height 44: #txs=0, txs/s=0.00, chain_bytes=23980, bytes/s=2517.32
2025-08-25T09:38:16.548870Z DEBUG node{moniker=app-1}:node{moniker=app-1}: 🦄 Block at height 44 contains 0 transactions
2025-08-25T09:38:16.549790Z DEBUG node{moniker=app-1}:node{moniker=app-1}: 💡 New block added at height 44 with hash: 0x7a2588e21971087cdd1051eb1c116832c3cc6e37f75b33b0322c2380ef5230d2
2025-08-25T09:38:16.549795Z DEBUG node{moniker=app-1}:node{moniker=app-1}: 🟠 set_latest_forkchoice_state: 0x7a2588e21971087cdd1051eb1c116832c3cc6e37f75b33b0322c2380ef5230d2
2025-08-25T09:38:16.550170Z DEBUG node{moniker=app-1}:node{moniker=app-1}: ➡️ payload_status: PayloadStatus { status: Valid, latest_valid_hash: Some(0x7a2588e21971087cdd1051eb1c116832c3cc6e37f75b33b0322c2380ef5230d2) }
2025-08-25T09:38:16.550175Z DEBUG node{moniker=app-1}:node{moniker=app-1}: 🚀 Forkchoice updated to height 44 for block hash=0x7a2588e21971087cdd1051eb1c116832c3cc6e37f75b33b0322c2380ef5230d2 and latest_valid_hash=0x7a2588e21971087cdd1051eb1c116832c3cc6e37f75b33b0322c2380ef5230d2
2025-08-25T09:38:16.550177Z  INFO node{moniker=app-1}:node{moniker=app-1}: Looking for certificate height=44 round=0
2025-08-25T09:38:16.557659Z  INFO node{moniker=app-1}:node{moniker=app-1}: Committed block_data[0..32]: a2abbd06c0bd5cf84089c747816e2adec946bf70ae034f93770c6e12d58358ed
2025-08-25T09:38:16.579403Z DEBUG node{moniker=app-1}:wal{height=45}: Reset WAL height=45
2025-08-25T09:38:16.580331Z DEBUG node{moniker=app-1}:consensus{height=45 round=0}: No WAL entries to replay height=45
2025-08-25T09:38:16.580386Z  INFO node{moniker=app-1}:consensus{height=45 round=0}: Starting new height height=45
2025-08-25T09:38:16.580397Z  INFO node{moniker=app-1}:consensus{height=45 round=0}: Starting new round height=45 round=0 proposer=815F9FA61D7C4F1E4A9E30D40DCA1115BB48F759 role=Validator
2025-08-25T09:38:16.580442Z DEBUG node{moniker=app-1}:sync{height.tip=43 height.sync=44}: Starting new height height.tip=44 height.sync=45 restart=false
2025-08-25T09:38:16.580452Z DEBUG node{moniker=app-1}:sync{height.tip=43 height.sync=44}: No peer to request sync from height.sync=45
2025-08-25T09:38:16.584679Z DEBUG node{moniker=app-1}:wal{height=45}: Flushed WAL to disk wal.entries=0 wal.size=12
2025-08-25T09:38:16.585169Z DEBUG node{moniker=app-1}:node{moniker=app-1}: metis-test:consensus-chan recv!!! msg:StartedRound { height: Height(45), round: Some(0), proposer: Address(815F9FA61D7C4F1E4A9E30D40DCA1115BB48F759), role: Validator, reply_value: Sender { inner: Some(Inner { state: State { is_complete: false, is_closed: false, is_rx_task_set: false, is_tx_task_set: false } }) } }
2025-08-25T09:38:16.585185Z  INFO node{moniker=app-1}:node{moniker=app-1}: 🟢🟢 Started round height=45 round=0 proposer=815F9FA61D7C4F1E4A9E30D40DCA1115BB48F759 role=Validator
2025-08-25T09:38:16.585199Z ERROR node{moniker=app-1}:consensus{height=45 round=0}: Error when processing effect: Messaging(RecvErr)
2025-08-25T09:38:16.585220Z DEBUG node{moniker=app-1}:consensus{height=45 round=0}: Transitioned to new step step.previous=Unstarted step.new=Propose
2025-08-25T09:38:16.585226Z  INFO node{moniker=app-1}:consensus{height=45 round=0}: Scheduling timeout round=0 step=Propose
2025-08-25T09:38:16.585235Z DEBUG node{moniker=app-1}:consensus{height=45 round=0}: Replaying inputs count=0
2025-08-25T09:38:16.585307Z DEBUG node{moniker=app-1}:node{moniker=app-1}: metis-test:consensus-chan recv!!! msg:ReceivedProposalPart { from: PeerId("12D3KooWD4wDmZaWggpGH9ACLhNztqnBvszLRcmBLzZdKwDiWmYh"), part: StreamMessage { stream_id: StreamId(b"\0\0\0\0\0\0\0-\0\0\0\0\0\0\0\x0f"), sequence: 0, content: Data(Init(ProposalInit { height: Height(45), round: Some(0), proposer: Address(815F9FA61D7C4F1E4A9E30D40DCA1115BB48F759) })) }, reply: Sender { inner: Some(Inner { state: State { is_complete: false, is_closed: false, is_rx_task_set: true, is_tx_task_set: false } }) } }
2025-08-25T09:38:16.585330Z  INFO node{moniker=app-1}:node{moniker=app-1}: Received proposal part from=12D3KooWD4wDmZaWggpGH9ACLhNztqnBvszLRcmBLzZdKwDiWmYh part.sequence=0 part.type=init part.size=28
2025-08-25T09:38:16.585355Z DEBUG node{moniker=app-1}:node{moniker=app-1}: metis-test:consensus-chan recv!!! msg:ReceivedProposalPart { from: PeerId("12D3KooWD4wDmZaWggpGH9ACLhNztqnBvszLRcmBLzZdKwDiWmYh"), part: StreamMessage { stream_id: StreamId(b"\0\0\0\0\0\0\0-\0\0\0\0\0\0\0\x0f"), sequence: 1, content: Data(Data(ProposalData { bytes: "<...>", len: 545 })) }, reply: Sender { inner: Some(Inner { state: State { is_complete: false, is_closed: false, is_rx_task_set: true, is_tx_task_set: false } }) } }
2025-08-25T09:38:16.585367Z  INFO node{moniker=app-1}:node{moniker=app-1}: Received proposal part from=12D3KooWD4wDmZaWggpGH9ACLhNztqnBvszLRcmBLzZdKwDiWmYh part.sequence=1 part.type=data part.size=551
2025-08-25T09:38:16.585394Z DEBUG node{moniker=app-1}:node{moniker=app-1}: metis-test:consensus-chan recv!!! msg:ReceivedProposalPart { from: PeerId("12D3KooWD4wDmZaWggpGH9ACLhNztqnBvszLRcmBLzZdKwDiWmYh"), part: StreamMessage { stream_id: StreamId(b"\0\0\0\0\0\0\0-\0\0\0\0\0\0\0\x0f"), sequence: 2, content: Data(Fin(ProposalFin { signature: Signature(Signature { R_bytes: "f9b87aa1e54919bec51cac52cac2e2923bba2a4fd16d4128b201aab9236e8938", s_bytes: "be34f37ed4bb1daed4cc22c1242c99c4c0f53431a16071e236a35364aa145008" }) })) }, reply: Sender { inner: Some(Inner { state: State { is_complete: false, is_closed: false, is_rx_task_set: true, is_tx_task_set: false } }) } }
2025-08-25T09:38:16.585428Z  INFO node{moniker=app-1}:node{moniker=app-1}: Received proposal part from=12D3KooWD4wDmZaWggpGH9ACLhNztqnBvszLRcmBLzZdKwDiWmYh part.sequence=2 part.type=fin part.size=70
2025-08-25T09:38:16.585450Z DEBUG node{moniker=app-1}:node{moniker=app-1}: metis-test:consensus-chan recv!!! msg:ReceivedProposalPart { from: PeerId("12D3KooWD4wDmZaWggpGH9ACLhNztqnBvszLRcmBLzZdKwDiWmYh"), part: StreamMessage { stream_id: StreamId(b"\0\0\0\0\0\0\0-\0\0\0\0\0\0\0\x0f"), sequence: 3, content: Fin }, reply: Sender { inner: Some(Inner { state: State { is_complete: false, is_closed: false, is_rx_task_set: true, is_tx_task_set: false } }) } }
2025-08-25T09:38:16.585460Z  INFO node{moniker=app-1}:node{moniker=app-1}: Received proposal part from=12D3KooWD4wDmZaWggpGH9ACLhNztqnBvszLRcmBLzZdKwDiWmYh part.sequence=3 part.type=end of stream part.size=0
2025-08-25T09:38:16.585640Z  INFO node{moniker=app-1}:node{moniker=app-1}: Proposal data[0..32]: 7a2588e21971087cdd1051eb1c116832c3cc6e37f75b33b0322c2380ef5230d2, total_size: 545 bytes, id: dc9c4bb2dbe7f930
2025-08-25T09:38:16.594803Z  INFO node{moniker=app-1}:consensus{height=45 round=0}: Received vote height=45 vote_height=45 address=815F9FA61D7C4F1E4A9E30D40DCA1115BB48F759 Prevote(height: 45, round: 0, value: dc9c4bb2dbe7f930, from: 815F9FA61D7C4F1E4A9E30D40DCA1115BB48F759)
2025-08-25T09:38:16.596600Z DEBUG node{moniker=app-1}:node{moniker=app-1}: ✅ Received complete proposal: ProposedValue { height: Height(45), round: Some(0), valid_round: Nil, proposer: Address(815F9FA61D7C4F1E4A9E30D40DCA1115BB48F759), value: Value { value: 15896664016276683056, extensions: b"z%\x88\xe2\x19q\x08|\xdd\x10Q\xeb\x1c\x11h2\xc3\xccn7\xf7[3\xb02,#\x80\xefR0\xd2********************\xec&\xdf\x94B\xc5\xd4\xa0\xa0\xccSH\xc9`\x11[C\xda\x08\xc7\xae\xf6\xbeNL\xcc_\x13l\xa8\x92\xa6V\xe8\x1f\x17\x1b\xccU\xa6\xff\x83E\xe6\x92\xc0\xf8n[H\xe0\x1b\x99l\xad\xc0\x01b/\xb5\xe3c\xb4!\0\0\0\0\0\0\0\0\0\0\0\0\0\0\0\0\0\0\0\0\0\0\0\0\0\0\0\0\0\0\0\0\0\0\0\0\0\0\0\0\0\0\0\0\0\0\0\0\0\0\0\0\0\0\0\0\0\0\0\0\0\0\0\0\0\0\0\0\0\0\0\0\0\0\0\0\0\0\0\0\0\0\0\0\0\0\0\0\0\0\0\0\0\0\0\0\0\0\0\0\0\0\0\0\0\0\0\0\0\0\0\0\0\0\0\0\0\0\0\0\0\0\0\0\0\0\0\0\0\0\0\0\0\0\0\0\0\0\0\0\0\0\0\0\0\0\0\0\0\0\0\0\0\0\0\0\0\0\0\0\0\0\0\0\0\0\0\0\0\0\0\0\0\0\0\0\0\0\0\0\0\0\0\0\0\0\0\0\0\0\0\0\0\0\0\0\0\0\0\0\0\0\0\0\0\0\0\0\0\0\0\0\0\0\0\0\0\0\0\0\0\0\0\0\0\0\0\0\0\0\0\0\0\0\0\0\0\0\0\0\0\0\0\0\0\0\0\0\0\0\0\0\0\0\0\0\0\0\0\0\0\0\0\0\0\0\0\0\0\0\0\0\0\0\0\0\0\0\0\0\0\0\0\0\0\0\0\0-\0\0\0\0\0\0\0EQ\xde\x01\0\0\0\0\0\0\0\0\0\0\0\00/\xach\0\0\0\0\x10\x02\0\0\xba|%\0\0\0\0\0\0\0\0\0\0\0\0\0\0\0\0\0\0\0\0\0\0\0\0\0\0\0\0\0\xb8`\xef\xfd\xffW\xb3\x0f\x80\xb7\x15\x15\xd3\x14\xce/\xf5\xe9\xac\xc5@\xc0\x81Q\xd2_\xfb\xc8\xa6\xady\xca!\x02\0\0!\x02\0\0\0\0\0\0\0\0\0\0\0\0\0\0\0\0\0\0reth/v1.4.1/linux" }, validity: Valid }
2025-08-25T09:38:16.597584Z DEBUG node{moniker=app-1}:wal{height=45}: Wrote log entry type=Consensus(Vote) entry.size=118 
2025-08-25T09:38:16.600751Z DEBUG node{moniker=app-1}:wal{height=45}: Wrote log entry type=LocallyProposedValue entry.size=599 
2025-08-25T09:38:16.602117Z  INFO node{moniker=app-1}:consensus{height=45 round=0}: Received proposal consensus.height=45 proposal.height=45 proposal.round=0 proposer=815F9FA61D7C4F1E4A9E30D40DCA1115BB48F759 Proposal(height: 45, round: 0, pol_round: -1, value: dc9c4bb2dbe7f930, from: 815F9FA61D7C4F1E4A9E30D40DCA1115BB48F759)
2025-08-25T09:38:16.605015Z DEBUG node{moniker=app-1}:wal{height=45}: Wrote log entry type=Consensus(Proposal) entry.size=668 
2025-08-25T09:38:16.605110Z DEBUG node{moniker=app-1}:consensus{height=45 round=0}: Transitioned to new step step.previous=Propose step.new=Prevote
2025-08-25T09:38:16.605131Z  INFO node{moniker=app-1}:consensus{height=45 round=0}: Voting vote_type=Prevote value=dc9c4bb2dbe7f930 round=0
2025-08-25T09:38:16.605542Z  INFO node{moniker=app-1}:consensus{height=45 round=0}: Received vote height=45 vote_height=45 address=DE7BA2BE72D2225286133990FF5810B691A5261C Prevote(height: 45, round: 0, value: dc9c4bb2dbe7f930, from: DE7BA2BE72D2225286133990FF5810B691A5261C)
2025-08-25T09:38:16.605703Z DEBUG node{moniker=app-1}:wal{height=45}: Wrote log entry type=Consensus(Vote) entry.size=118 
2025-08-25T09:38:16.605764Z DEBUG node{moniker=app-1}:consensus{height=45 round=0}: Transitioned to new step step.previous=Prevote step.new=Precommit
2025-08-25T09:38:16.605782Z  INFO node{moniker=app-1}:consensus{height=45 round=0}: Voting vote_type=Precommit value=dc9c4bb2dbe7f930 round=0
2025-08-25T09:38:16.605831Z DEBUG node{moniker=app-1}:node{moniker=app-1}: metis-test:consensus-chan recv!!! msg:ExtendVote { height: Height(45), round: Some(0), value_id: ValueId(15896664016276683056), reply: Sender { inner: Some(Inner { state: State { is_complete: false, is_closed: false, is_rx_task_set: true, is_tx_task_set: false } }) } }
2025-08-25T09:38:16.606233Z  INFO node{moniker=app-1}:consensus{height=45 round=0}: Received vote height=45 vote_height=45 address=DE7BA2BE72D2225286133990FF5810B691A5261C Precommit(height: 45, round: 0, value: dc9c4bb2dbe7f930, from: DE7BA2BE72D2225286133990FF5810B691A5261C)
2025-08-25T09:38:16.606313Z DEBUG node{moniker=app-1}:wal{height=45}: Wrote log entry type=Consensus(Vote) entry.size=120 
2025-08-25T09:38:16.609719Z DEBUG node{moniker=app-1}:wal{height=45}: Flushed WAL to disk wal.entries=5 wal.size=1700
2025-08-25T09:38:16.609993Z DEBUG node{moniker=app-1}:network: Published message channel=/consensus size=111
2025-08-25T09:38:16.612365Z DEBUG node{moniker=app-1}:wal{height=45}: Flushed WAL to disk wal.entries=5 wal.size=1700
2025-08-25T09:38:16.612582Z DEBUG node{moniker=app-1}:network: Published message channel=/consensus size=109
2025-08-25T09:38:16.623550Z  INFO node{moniker=app-1}:consensus{height=45 round=0}: Received vote height=45 vote_height=45 address=815F9FA61D7C4F1E4A9E30D40DCA1115BB48F759 Precommit(height: 45, round: 0, value: dc9c4bb2dbe7f930, from: 815F9FA61D7C4F1E4A9E30D40DCA1115BB48F759)
2025-08-25T09:38:16.624072Z DEBUG node{moniker=app-1}:wal{height=45}: Wrote log entry type=Consensus(Vote) entry.size=120 
2025-08-25T09:38:16.624449Z DEBUG node{moniker=app-1}:consensus{height=45 round=0}: Transitioned to new step step.previous=Precommit step.new=Commit
2025-08-25T09:38:16.624500Z  INFO node{moniker=app-1}:consensus{height=45 round=0}: Decided round=0 height=45 value=dc9c4bb2dbe7f930
2025-08-25T09:38:16.632437Z DEBUG node{moniker=app-1}:wal{height=45}: Flushed WAL to disk wal.entries=6 wal.size=1833
2025-08-25T09:38:16.632542Z DEBUG node{moniker=app-1}:sync{height.tip=44 height.sync=45}: Updating request state height.tip=45
2025-08-25T09:38:16.632560Z DEBUG node{moniker=app-1}:node{moniker=app-1}: metis-test:consensus-chan recv!!! msg:Decided { certificate: CommitCertificate { height: Height(45), round: Some(0), value_id: ValueId(15896664016276683056), commit_signatures: [CommitSignature { address: Address(815F9FA61D7C4F1E4A9E30D40DCA1115BB48F759), signature: Signature(Signature { R_bytes: "a125f24fbee773a450a49a60b08fa077fbd7622aff1519cccdbd58fb51723fe4", s_bytes: "8e662da2d0c28e6f3c96ca33f532be6b7f21b5395bbcb8b59952f4e1424b6906" }) }, CommitSignature { address: Address(DE7BA2BE72D2225286133990FF5810B691A5261C), signature: Signature(Signature { R_bytes: "feda373ad9217b2ffcfbed1af3c466226073923a76951a1f55ca135446ec4a5e", s_bytes: "acb82cdc1a6a1e5b60de4dc892190011a5648c7611be0f884d79772f70cab104" }) }] }, extensions: VoteExtensions { extensions: [] }, reply: Sender { inner: Some(Inner { state: State { is_complete: false, is_closed: false, is_rx_task_set: true, is_tx_task_set: false } }) } }
2025-08-25T09:38:16.632584Z  INFO node{moniker=app-1}:node{moniker=app-1}: 🟢🟢 Consensus has decided on value height=45 round=0 value=dc9c4bb2dbe7f930
2025-08-25T09:38:16.632652Z DEBUG node{moniker=app-1}:node{moniker=app-1}: 🎁 block size: 545, height: 45
2025-08-25T09:38:16.632663Z  INFO node{moniker=app-1}:node{moniker=app-1}: 👉 stats at height 45: #txs=0, txs/s=0.00, chain_bytes=24525, bytes/s=2552.08
2025-08-25T09:38:16.632669Z DEBUG node{moniker=app-1}:node{moniker=app-1}: 🦄 Block at height 45 contains 0 transactions
2025-08-25T09:38:16.633353Z DEBUG node{moniker=app-1}:node{moniker=app-1}: 💡 New block added at height 45 with hash: 0xb860effdff57b30f80b71515d314ce2ff5e9acc540c08151d25ffbc8a6ad79ca
2025-08-25T09:38:16.633358Z DEBUG node{moniker=app-1}:node{moniker=app-1}: 🟠 set_latest_forkchoice_state: 0xb860effdff57b30f80b71515d314ce2ff5e9acc540c08151d25ffbc8a6ad79ca
2025-08-25T09:38:16.633779Z DEBUG node{moniker=app-1}:node{moniker=app-1}: ➡️ payload_status: PayloadStatus { status: Valid, latest_valid_hash: Some(0xb860effdff57b30f80b71515d314ce2ff5e9acc540c08151d25ffbc8a6ad79ca) }
2025-08-25T09:38:16.633784Z DEBUG node{moniker=app-1}:node{moniker=app-1}: 🚀 Forkchoice updated to height 45 for block hash=0xb860effdff57b30f80b71515d314ce2ff5e9acc540c08151d25ffbc8a6ad79ca and latest_valid_hash=0xb860effdff57b30f80b71515d314ce2ff5e9acc540c08151d25ffbc8a6ad79ca
2025-08-25T09:38:16.633787Z  INFO node{moniker=app-1}:node{moniker=app-1}: Looking for certificate height=45 round=0
2025-08-25T09:38:16.638949Z  INFO node{moniker=app-1}:node{moniker=app-1}: Committed block_data[0..32]: 7a2588e21971087cdd1051eb1c116832c3cc6e37f75b33b0322c2380ef5230d2
2025-08-25T09:38:16.655142Z DEBUG node{moniker=app-1}:wal{height=46}: Reset WAL height=46
2025-08-25T09:38:16.655215Z DEBUG node{moniker=app-1}:consensus{height=46 round=0}: No WAL entries to replay height=46
2025-08-25T09:38:16.655250Z  INFO node{moniker=app-1}:consensus{height=46 round=0}: Starting new height height=46
2025-08-25T09:38:16.655257Z  INFO node{moniker=app-1}:consensus{height=46 round=0}: Starting new round height=46 round=0 proposer=02CB1B49DA09615BD4A12212C39378556D990DFD role=Validator
2025-08-25T09:38:16.655282Z DEBUG node{moniker=app-1}:sync{height.tip=44 height.sync=45}: Starting new height height.tip=45 height.sync=46 restart=false
2025-08-25T09:38:16.655288Z DEBUG node{moniker=app-1}:sync{height.tip=44 height.sync=45}: No peer to request sync from height.sync=46
2025-08-25T09:38:16.661252Z DEBUG node{moniker=app-1}:wal{height=46}: Flushed WAL to disk wal.entries=0 wal.size=12
2025-08-25T09:38:16.661330Z DEBUG node{moniker=app-1}:node{moniker=app-1}: metis-test:consensus-chan recv!!! msg:StartedRound { height: Height(46), round: Some(0), proposer: Address(02CB1B49DA09615BD4A12212C39378556D990DFD), role: Validator, reply_value: Sender { inner: Some(Inner { state: State { is_complete: false, is_closed: false, is_rx_task_set: false, is_tx_task_set: false } }) } }
2025-08-25T09:38:16.661683Z  INFO node{moniker=app-1}:node{moniker=app-1}: 🟢🟢 Started round height=46 round=0 proposer=02CB1B49DA09615BD4A12212C39378556D990DFD role=Validator
2025-08-25T09:38:16.661707Z ERROR node{moniker=app-1}:consensus{height=46 round=0}: Error when processing effect: Messaging(RecvErr)
2025-08-25T09:38:16.661730Z DEBUG node{moniker=app-1}:consensus{height=46 round=0}: Transitioned to new step step.previous=Unstarted step.new=Propose
2025-08-25T09:38:16.661748Z  INFO node{moniker=app-1}:consensus{height=46 round=0}: Scheduling timeout round=0 step=Propose
2025-08-25T09:38:16.661758Z DEBUG node{moniker=app-1}:consensus{height=46 round=0}: Replaying inputs count=0
2025-08-25T09:38:16.675442Z DEBUG node{moniker=app-1}:node{moniker=app-1}: metis-test:consensus-chan recv!!! msg:ReceivedProposalPart { from: PeerId("12D3KooWR2Quwt2G6MyT6WQkUdfS8nHZu7XcPotkmbhuEoqc94oJ"), part: StreamMessage { stream_id: StreamId(b"\0\0\0\0\0\0\0.\0\0\0\0\0\0\0\x0f"), sequence: 0, content: Data(Init(ProposalInit { height: Height(46), round: Some(0), proposer: Address(02CB1B49DA09615BD4A12212C39378556D990DFD) })) }, reply: Sender { inner: Some(Inner { state: State { is_complete: false, is_closed: false, is_rx_task_set: true, is_tx_task_set: false } }) } }
2025-08-25T09:38:16.675481Z  INFO node{moniker=app-1}:node{moniker=app-1}: Received proposal part from=12D3KooWR2Quwt2G6MyT6WQkUdfS8nHZu7XcPotkmbhuEoqc94oJ part.sequence=0 part.type=init part.size=28
2025-08-25T09:38:16.675531Z DEBUG node{moniker=app-1}:node{moniker=app-1}: metis-test:consensus-chan recv!!! msg:ReceivedProposalPart { from: PeerId("12D3KooWR2Quwt2G6MyT6WQkUdfS8nHZu7XcPotkmbhuEoqc94oJ"), part: StreamMessage { stream_id: StreamId(b"\0\0\0\0\0\0\0.\0\0\0\0\0\0\0\x0f"), sequence: 1, content: Data(Data(ProposalData { bytes: "<...>", len: 545 })) }, reply: Sender { inner: Some(Inner { state: State { is_complete: false, is_closed: false, is_rx_task_set: true, is_tx_task_set: false } }) } }
2025-08-25T09:38:16.675548Z  INFO node{moniker=app-1}:node{moniker=app-1}: Received proposal part from=12D3KooWR2Quwt2G6MyT6WQkUdfS8nHZu7XcPotkmbhuEoqc94oJ part.sequence=1 part.type=data part.size=551
2025-08-25T09:38:16.675566Z DEBUG node{moniker=app-1}:node{moniker=app-1}: metis-test:consensus-chan recv!!! msg:ReceivedProposalPart { from: PeerId("12D3KooWR2Quwt2G6MyT6WQkUdfS8nHZu7XcPotkmbhuEoqc94oJ"), part: StreamMessage { stream_id: StreamId(b"\0\0\0\0\0\0\0.\0\0\0\0\0\0\0\x0f"), sequence: 2, content: Data(Fin(ProposalFin { signature: Signature(Signature { R_bytes: "f5ad7e9a04664f9c010e0705b65a216557b0fee89b3c2a5799b6ac07e29a7c39", s_bytes: "35095afcc898965f68c091e9722afb112aade3d29a0fa95cac3442b6dd3f2c0f" }) })) }, reply: Sender { inner: Some(Inner { state: State { is_complete: false, is_closed: false, is_rx_task_set: true, is_tx_task_set: false } }) } }
2025-08-25T09:38:16.675579Z  INFO node{moniker=app-1}:node{moniker=app-1}: Received proposal part from=12D3KooWR2Quwt2G6MyT6WQkUdfS8nHZu7XcPotkmbhuEoqc94oJ part.sequence=2 part.type=fin part.size=70
2025-08-25T09:38:16.675591Z DEBUG node{moniker=app-1}:node{moniker=app-1}: metis-test:consensus-chan recv!!! msg:ReceivedProposalPart { from: PeerId("12D3KooWR2Quwt2G6MyT6WQkUdfS8nHZu7XcPotkmbhuEoqc94oJ"), part: StreamMessage { stream_id: StreamId(b"\0\0\0\0\0\0\0.\0\0\0\0\0\0\0\x0f"), sequence: 3, content: Fin }, reply: Sender { inner: Some(Inner { state: State { is_complete: false, is_closed: false, is_rx_task_set: true, is_tx_task_set: false } }) } }
2025-08-25T09:38:16.675599Z  INFO node{moniker=app-1}:node{moniker=app-1}: Received proposal part from=12D3KooWR2Quwt2G6MyT6WQkUdfS8nHZu7XcPotkmbhuEoqc94oJ part.sequence=3 part.type=end of stream part.size=0
2025-08-25T09:38:16.675760Z  INFO node{moniker=app-1}:node{moniker=app-1}: Proposal data[0..32]: b860effdff57b30f80b71515d314ce2ff5e9acc540c08151d25ffbc8a6ad79ca, total_size: 545 bytes, id: e6d83434b0a5b141
2025-08-25T09:38:16.679590Z  INFO node{moniker=app-1}:consensus{height=46 round=0}: Received vote height=46 vote_height=46 address=02CB1B49DA09615BD4A12212C39378556D990DFD Prevote(height: 46, round: 0, value: e6d83434b0a5b141, from: 02CB1B49DA09615BD4A12212C39378556D990DFD)
2025-08-25T09:38:16.685213Z DEBUG node{moniker=app-1}:node{moniker=app-1}: ✅ Received complete proposal: ProposedValue { height: Height(46), round: Some(0), valid_round: Nil, proposer: Address(02CB1B49DA09615BD4A12212C39378556D990DFD), value: Value { value: 16634102624599519553, extensions: b"\xb8`\xef\xfd\xffW\xb3\x0f\x80\xb7\x15\x15\xd3\x14\xce/\xf5\xe9\xac\xc5@\xc0\x81Q\xd2_\xfb\xc8\xa6\xady\xca********************\xec&\xdf\x94B\xc5\xd4\xa0\xa0\xccSH\xc9`\x11[C\xda\x08\xc7\xae\xf6\xbeNL\xcc_\x13l\xa8\x92\xa6V\xe8\x1f\x17\x1b\xccU\xa6\xff\x83E\xe6\x92\xc0\xf8n[H\xe0\x1b\x99l\xad\xc0\x01b/\xb5\xe3c\xb4!\0\0\0\0\0\0\0\0\0\0\0\0\0\0\0\0\0\0\0\0\0\0\0\0\0\0\0\0\0\0\0\0\0\0\0\0\0\0\0\0\0\0\0\0\0\0\0\0\0\0\0\0\0\0\0\0\0\0\0\0\0\0\0\0\0\0\0\0\0\0\0\0\0\0\0\0\0\0\0\0\0\0\0\0\0\0\0\0\0\0\0\0\0\0\0\0\0\0\0\0\0\0\0\0\0\0\0\0\0\0\0\0\0\0\0\0\0\0\0\0\0\0\0\0\0\0\0\0\0\0\0\0\0\0\0\0\0\0\0\0\0\0\0\0\0\0\0\0\0\0\0\0\0\0\0\0\0\0\0\0\0\0\0\0\0\0\0\0\0\0\0\0\0\0\0\0\0\0\0\0\0\0\0\0\0\0\0\0\0\0\0\0\0\0\0\0\0\0\0\0\0\0\0\0\0\0\0\0\0\0\0\0\0\0\0\0\0\0\0\0\0\0\0\0\0\0\0\0\0\0\0\0\0\0\0\0\0\0\0\0\0\0\0\0\0\0\0\0\0\0\0\0\0\0\0\0\0\0\0\0\0\0\0\0\0\0\0\0\0\0\0\0\0\0\0\0\0\0\0\0\0\0\0\0\0\0\0\0.\0\0\0\0\0\0\0\xd8\xc8\xde\x01\0\0\0\0\0\0\0\0\0\0\0\01/\xach\0\0\0\0\x10\x02\0\0#\xcd \0\0\0\0\0\0\0\0\0\0\0\0\0\0\0\0\0\0\0\0\0\0\0\0\0\0\0\0\0\xc3\xfaqE\xa4\xb9H\\\x94\xa3\xc3S\">\xc5\xaa\x1a%w\x84\xb0PJB6y\xadE\xc9\x05bp!\x02\0\0!\x02\0\0\0\0\0\0\0\0\0\0\0\0\0\0\0\0\0\0reth/v1.4.1/linux" }, validity: Valid }
2025-08-25T09:38:16.685552Z DEBUG node{moniker=app-1}:wal{height=46}: Wrote log entry type=Consensus(Vote) entry.size=118 
2025-08-25T09:38:16.685751Z  INFO node{moniker=app-1}:consensus{height=46 round=0}: Received proposal consensus.height=46 proposal.height=46 proposal.round=0 proposer=02CB1B49DA09615BD4A12212C39378556D990DFD Proposal(height: 46, round: 0, pol_round: -1, value: e6d83434b0a5b141, from: 02CB1B49DA09615BD4A12212C39378556D990DFD)
2025-08-25T09:38:16.688476Z DEBUG node{moniker=app-1}:wal{height=46}: Wrote log entry type=Consensus(Proposal) entry.size=668 
2025-08-25T09:38:16.688574Z DEBUG node{moniker=app-1}:consensus{height=46 round=0}: No full proposal for this round yet, stored proposal for later proposal.height=46 proposal.round=0
2025-08-25T09:38:16.688607Z DEBUG node{moniker=app-1}:consensus{height=46 round=0}: We have a full proposal for this round, checking... proposal.height=46 proposal.round=0
2025-08-25T09:38:16.688624Z DEBUG node{moniker=app-1}:consensus{height=46 round=0}: Transitioned to new step step.previous=Propose step.new=Prevote
2025-08-25T09:38:16.688636Z  INFO node{moniker=app-1}:consensus{height=46 round=0}: Voting vote_type=Prevote value=e6d83434b0a5b141 round=0
2025-08-25T09:38:16.688855Z  INFO node{moniker=app-1}:consensus{height=46 round=0}: Received vote height=46 vote_height=46 address=DE7BA2BE72D2225286133990FF5810B691A5261C Prevote(height: 46, round: 0, value: e6d83434b0a5b141, from: DE7BA2BE72D2225286133990FF5810B691A5261C)
2025-08-25T09:38:16.688957Z DEBUG node{moniker=app-1}:wal{height=46}: Wrote log entry type=Consensus(Vote) entry.size=118 
2025-08-25T09:38:16.689007Z DEBUG node{moniker=app-1}:consensus{height=46 round=0}: Transitioned to new step step.previous=Prevote step.new=Precommit
2025-08-25T09:38:16.689014Z  INFO node{moniker=app-1}:consensus{height=46 round=0}: Voting vote_type=Precommit value=e6d83434b0a5b141 round=0
2025-08-25T09:38:16.689033Z DEBUG node{moniker=app-1}:node{moniker=app-1}: metis-test:consensus-chan recv!!! msg:ExtendVote { height: Height(46), round: Some(0), value_id: ValueId(16634102624599519553), reply: Sender { inner: Some(Inner { state: State { is_complete: false, is_closed: false, is_rx_task_set: true, is_tx_task_set: false } }) } }
2025-08-25T09:38:16.689254Z  INFO node{moniker=app-1}:consensus{height=46 round=0}: Received vote height=46 vote_height=46 address=DE7BA2BE72D2225286133990FF5810B691A5261C Precommit(height: 46, round: 0, value: e6d83434b0a5b141, from: DE7BA2BE72D2225286133990FF5810B691A5261C)
2025-08-25T09:38:16.689340Z DEBUG node{moniker=app-1}:wal{height=46}: Wrote log entry type=Consensus(Vote) entry.size=120 
2025-08-25T09:38:16.691549Z DEBUG node{moniker=app-1}:wal{height=46}: Flushed WAL to disk wal.entries=4 wal.size=1088
2025-08-25T09:38:16.691730Z DEBUG node{moniker=app-1}:network: Published message channel=/consensus size=111
2025-08-25T09:38:16.694943Z DEBUG node{moniker=app-1}:wal{height=46}: Flushed WAL to disk wal.entries=4 wal.size=1088
2025-08-25T09:38:16.695549Z DEBUG node{moniker=app-1}:network: Published message channel=/consensus size=109
2025-08-25T09:38:16.707923Z  INFO node{moniker=app-1}:consensus{height=46 round=0}: Received vote height=46 vote_height=46 address=02CB1B49DA09615BD4A12212C39378556D990DFD Precommit(height: 46, round: 0, value: e6d83434b0a5b141, from: 02CB1B49DA09615BD4A12212C39378556D990DFD)
2025-08-25T09:38:16.708676Z DEBUG node{moniker=app-1}:wal{height=46}: Wrote log entry type=Consensus(Vote) entry.size=120 
2025-08-25T09:38:16.708741Z DEBUG node{moniker=app-1}:consensus{height=46 round=0}: Transitioned to new step step.previous=Precommit step.new=Commit
2025-08-25T09:38:16.708750Z  INFO node{moniker=app-1}:consensus{height=46 round=0}: Decided round=0 height=46 value=e6d83434b0a5b141
2025-08-25T09:38:16.714631Z DEBUG node{moniker=app-1}:wal{height=46}: Flushed WAL to disk wal.entries=5 wal.size=1221
2025-08-25T09:38:16.715766Z DEBUG node{moniker=app-1}:sync{height.tip=45 height.sync=46}: Updating request state height.tip=46
2025-08-25T09:38:16.715786Z DEBUG node{moniker=app-1}:node{moniker=app-1}: metis-test:consensus-chan recv!!! msg:Decided { certificate: CommitCertificate { height: Height(46), round: Some(0), value_id: ValueId(16634102624599519553), commit_signatures: [CommitSignature { address: Address(02CB1B49DA09615BD4A12212C39378556D990DFD), signature: Signature(Signature { R_bytes: "bc6f2b4e7e0cc2d65b833fb245c0e3930773c4106dabc39a5a40790aeef3af6a", s_bytes: "9f64dc93f30fc86e3d68cb3089c124859145c28dae049efb11fb652ed25dd608" }) }, CommitSignature { address: Address(DE7BA2BE72D2225286133990FF5810B691A5261C), signature: Signature(Signature { R_bytes: "19c03768b22963c313d8bd2c67c8e5c154cd5665d3eb8923dd78d66621e67fab", s_bytes: "b67ddaeeb8a3048463ae76016fcc94a35db8f9afe58f52025337b2f07eaa1008" }) }] }, extensions: VoteExtensions { extensions: [] }, reply: Sender { inner: Some(Inner { state: State { is_complete: false, is_closed: false, is_rx_task_set: true, is_tx_task_set: false } }) } }
2025-08-25T09:38:16.715809Z  INFO node{moniker=app-1}:node{moniker=app-1}: 🟢🟢 Consensus has decided on value height=46 round=0 value=e6d83434b0a5b141
2025-08-25T09:38:16.716028Z DEBUG node{moniker=app-1}:node{moniker=app-1}: 🎁 block size: 545, height: 46
2025-08-25T09:38:16.716043Z  INFO node{moniker=app-1}:node{moniker=app-1}: 👉 stats at height 46: #txs=0, txs/s=0.00, chain_bytes=25070, bytes/s=2586.35
2025-08-25T09:38:16.716049Z DEBUG node{moniker=app-1}:node{moniker=app-1}: 🦄 Block at height 46 contains 0 transactions
2025-08-25T09:38:16.719244Z DEBUG node{moniker=app-1}:node{moniker=app-1}: 💡 New block added at height 46 with hash: 0xc3fa7145a4b9485c94a3c353223ec5aa1a257784b0504a423679ad45c9056270
2025-08-25T09:38:16.719260Z DEBUG node{moniker=app-1}:node{moniker=app-1}: 🟠 set_latest_forkchoice_state: 0xc3fa7145a4b9485c94a3c353223ec5aa1a257784b0504a423679ad45c9056270
2025-08-25T09:38:16.720325Z DEBUG node{moniker=app-1}:node{moniker=app-1}: ➡️ payload_status: PayloadStatus { status: Valid, latest_valid_hash: Some(0xc3fa7145a4b9485c94a3c353223ec5aa1a257784b0504a423679ad45c9056270) }
2025-08-25T09:38:16.720336Z DEBUG node{moniker=app-1}:node{moniker=app-1}: 🚀 Forkchoice updated to height 46 for block hash=0xc3fa7145a4b9485c94a3c353223ec5aa1a257784b0504a423679ad45c9056270 and latest_valid_hash=0xc3fa7145a4b9485c94a3c353223ec5aa1a257784b0504a423679ad45c9056270
2025-08-25T09:38:16.720340Z  INFO node{moniker=app-1}:node{moniker=app-1}: Looking for certificate height=46 round=0
2025-08-25T09:38:16.726801Z  INFO node{moniker=app-1}:node{moniker=app-1}: Committed block_data[0..32]: b860effdff57b30f80b71515d314ce2ff5e9acc540c08151d25ffbc8a6ad79ca
2025-08-25T09:38:16.746516Z DEBUG node{moniker=app-1}:wal{height=47}: Reset WAL height=47
2025-08-25T09:38:16.746596Z DEBUG node{moniker=app-1}:consensus{height=47 round=0}: No WAL entries to replay height=47
2025-08-25T09:38:16.746647Z  INFO node{moniker=app-1}:consensus{height=47 round=0}: Starting new height height=47
2025-08-25T09:38:16.746656Z  INFO node{moniker=app-1}:consensus{height=47 round=0}: Starting new round height=47 round=0 proposer=02CB1B49DA09615BD4A12212C39378556D990DFD role=None
2025-08-25T09:38:16.746690Z DEBUG node{moniker=app-1}:sync{height.tip=45 height.sync=46}: Starting new height height.tip=46 height.sync=47 restart=false
2025-08-25T09:38:16.746697Z DEBUG node{moniker=app-1}:sync{height.tip=45 height.sync=46}: No peer to request sync from height.sync=47
2025-08-25T09:38:16.749632Z DEBUG node{moniker=app-1}:wal{height=47}: Flushed WAL to disk wal.entries=0 wal.size=12
2025-08-25T09:38:16.749720Z DEBUG node{moniker=app-1}:node{moniker=app-1}: metis-test:consensus-chan recv!!! msg:StartedRound { height: Height(47), round: Some(0), proposer: Address(02CB1B49DA09615BD4A12212C39378556D990DFD), role: None, reply_value: Sender { inner: Some(Inner { state: State { is_complete: false, is_closed: false, is_rx_task_set: false, is_tx_task_set: false } }) } }
2025-08-25T09:38:16.749735Z  INFO node{moniker=app-1}:node{moniker=app-1}: 🟢🟢 Started round height=47 round=0 proposer=02CB1B49DA09615BD4A12212C39378556D990DFD role=None
2025-08-25T09:38:16.749749Z ERROR node{moniker=app-1}:consensus{height=47 round=0}: Error when processing effect: Messaging(RecvErr)
2025-08-25T09:38:16.749772Z DEBUG node{moniker=app-1}:consensus{height=47 round=0}: Transitioned to new step step.previous=Unstarted step.new=Propose
2025-08-25T09:38:16.749779Z  INFO node{moniker=app-1}:consensus{height=47 round=0}: Scheduling timeout round=0 step=Propose
2025-08-25T09:38:16.749789Z DEBUG node{moniker=app-1}:consensus{height=47 round=0}: Replaying inputs count=0
2025-08-25T09:38:16.764314Z DEBUG node{moniker=app-1}:node{moniker=app-1}: metis-test:consensus-chan recv!!! msg:ReceivedProposalPart { from: PeerId("12D3KooWR2Quwt2G6MyT6WQkUdfS8nHZu7XcPotkmbhuEoqc94oJ"), part: StreamMessage { stream_id: StreamId(b"\0\0\0\0\0\0\0/\0\0\0\0\0\0\0\x10"), sequence: 0, content: Data(Init(ProposalInit { height: Height(47), round: Some(0), proposer: Address(02CB1B49DA09615BD4A12212C39378556D990DFD) })) }, reply: Sender { inner: Some(Inner { state: State { is_complete: false, is_closed: false, is_rx_task_set: true, is_tx_task_set: false } }) } }
2025-08-25T09:38:16.764366Z  INFO node{moniker=app-1}:node{moniker=app-1}: Received proposal part from=12D3KooWR2Quwt2G6MyT6WQkUdfS8nHZu7XcPotkmbhuEoqc94oJ part.sequence=0 part.type=init part.size=28
2025-08-25T09:38:16.764405Z DEBUG node{moniker=app-1}:node{moniker=app-1}: metis-test:consensus-chan recv!!! msg:ReceivedProposalPart { from: PeerId("12D3KooWR2Quwt2G6MyT6WQkUdfS8nHZu7XcPotkmbhuEoqc94oJ"), part: StreamMessage { stream_id: StreamId(b"\0\0\0\0\0\0\0/\0\0\0\0\0\0\0\x10"), sequence: 1, content: Data(Data(ProposalData { bytes: "<...>", len: 545 })) }, reply: Sender { inner: Some(Inner { state: State { is_complete: false, is_closed: false, is_rx_task_set: true, is_tx_task_set: false } }) } }
2025-08-25T09:38:16.764417Z  INFO node{moniker=app-1}:node{moniker=app-1}: Received proposal part from=12D3KooWR2Quwt2G6MyT6WQkUdfS8nHZu7XcPotkmbhuEoqc94oJ part.sequence=1 part.type=data part.size=551
2025-08-25T09:38:16.764428Z DEBUG node{moniker=app-1}:node{moniker=app-1}: metis-test:consensus-chan recv!!! msg:ReceivedProposalPart { from: PeerId("12D3KooWR2Quwt2G6MyT6WQkUdfS8nHZu7XcPotkmbhuEoqc94oJ"), part: StreamMessage { stream_id: StreamId(b"\0\0\0\0\0\0\0/\0\0\0\0\0\0\0\x10"), sequence: 2, content: Data(Fin(ProposalFin { signature: Signature(Signature { R_bytes: "3a254eb7f7f5070fb797d6ee57930bc1c0d08e9a91d6ffdd44e4a08bcc7e6b24", s_bytes: "92e2d92599fdfa0aa5aadd3bc3d15f22f7ff75cd7186f5bad2aa0d84d38e6505" }) })) }, reply: Sender { inner: Some(Inner { state: State { is_complete: false, is_closed: false, is_rx_task_set: true, is_tx_task_set: false } }) } }
2025-08-25T09:38:16.764441Z  INFO node{moniker=app-1}:node{moniker=app-1}: Received proposal part from=12D3KooWR2Quwt2G6MyT6WQkUdfS8nHZu7XcPotkmbhuEoqc94oJ part.sequence=2 part.type=fin part.size=70
2025-08-25T09:38:16.764451Z DEBUG node{moniker=app-1}:node{moniker=app-1}: metis-test:consensus-chan recv!!! msg:ReceivedProposalPart { from: PeerId("12D3KooWR2Quwt2G6MyT6WQkUdfS8nHZu7XcPotkmbhuEoqc94oJ"), part: StreamMessage { stream_id: StreamId(b"\0\0\0\0\0\0\0/\0\0\0\0\0\0\0\x10"), sequence: 3, content: Fin }, reply: Sender { inner: Some(Inner { state: State { is_complete: false, is_closed: false, is_rx_task_set: true, is_tx_task_set: false } }) } }
2025-08-25T09:38:16.764560Z  INFO node{moniker=app-1}:node{moniker=app-1}: Received proposal part from=12D3KooWR2Quwt2G6MyT6WQkUdfS8nHZu7XcPotkmbhuEoqc94oJ part.sequence=3 part.type=end of stream part.size=0
2025-08-25T09:38:16.764793Z  INFO node{moniker=app-1}:node{moniker=app-1}: Proposal data[0..32]: c3fa7145a4b9485c94a3c353223ec5aa1a257784b0504a423679ad45c9056270, total_size: 545 bytes, id: adfd06895819147c
2025-08-25T09:38:16.772410Z  INFO node{moniker=app-1}:consensus{height=47 round=0}: Received vote height=47 vote_height=47 address=02CB1B49DA09615BD4A12212C39378556D990DFD Prevote(height: 47, round: 0, value: adfd06895819147c, from: 02CB1B49DA09615BD4A12212C39378556D990DFD)
2025-08-25T09:38:16.776364Z DEBUG node{moniker=app-1}:wal{height=47}: Wrote log entry type=Consensus(Vote) entry.size=118 
2025-08-25T09:38:16.777378Z  INFO node{moniker=app-1}:consensus{height=47 round=0}: Received proposal consensus.height=47 proposal.height=47 proposal.round=0 proposer=02CB1B49DA09615BD4A12212C39378556D990DFD Proposal(height: 47, round: 0, pol_round: -1, value: adfd06895819147c, from: 02CB1B49DA09615BD4A12212C39378556D990DFD)
2025-08-25T09:38:16.779469Z DEBUG node{moniker=app-1}:wal{height=47}: Wrote log entry type=Consensus(Proposal) entry.size=668 
2025-08-25T09:38:16.779551Z DEBUG node{moniker=app-1}:node{moniker=app-1}: ✅ Received complete proposal: ProposedValue { height: Height(47), round: Some(0), valid_round: Nil, proposer: Address(02CB1B49DA09615BD4A12212C39378556D990DFD), value: Value { value: 12537184124627653756, extensions: b"\xc3\xfaqE\xa4\xb9H\\\x94\xa3\xc3S\">\xc5\xaa\x1a%w\x84\xb0PJB6y\xadE\xc9\x05bp********************\xec&\xdf\x94B\xc5\xd4\xa0\xa0\xccSH\xc9`\x11[C\xda\x08\xc7\xae\xf6\xbeNL\xcc_\x13l\xa8\x92\xa6V\xe8\x1f\x17\x1b\xccU\xa6\xff\x83E\xe6\x92\xc0\xf8n[H\xe0\x1b\x99l\xad\xc0\x01b/\xb5\xe3c\xb4!\0\0\0\0\0\0\0\0\0\0\0\0\0\0\0\0\0\0\0\0\0\0\0\0\0\0\0\0\0\0\0\0\0\0\0\0\0\0\0\0\0\0\0\0\0\0\0\0\0\0\0\0\0\0\0\0\0\0\0\0\0\0\0\0\0\0\0\0\0\0\0\0\0\0\0\0\0\0\0\0\0\0\0\0\0\0\0\0\0\0\0\0\0\0\0\0\0\0\0\0\0\0\0\0\0\0\0\0\0\0\0\0\0\0\0\0\0\0\0\0\0\0\0\0\0\0\0\0\0\0\0\0\0\0\0\0\0\0\0\0\0\0\0\0\0\0\0\0\0\0\0\0\0\0\0\0\0\0\0\0\0\0\0\0\0\0\0\0\0\0\0\0\0\0\0\0\0\0\0\0\0\0\0\0\0\0\0\0\0\0\0\0\0\0\0\0\0\0\0\0\0\0\0\0\0\0\0\0\0\0\0\0\0\0\0\0\0\0\0\0\0\0\0\0\0\0\0\0\0\0\0\0\0\0\0\0\0\0\0\0\0\0\0\0\0\0\0\0\0\0\0\0\0\0\0\0\0\0\0\0\0\0\0\0\0\0\0\0\0\0\0\0\0\0\0\0\0\0\0\0\0\0\0\0\0\0\0\0/\0\0\0\0\0\0\0\x89@\xdf\x01\0\0\0\0\0\0\0\0\0\0\0\02/\xach\0\0\0\0\x10\x02\0\0\x7f\xb3\x1c\0\0\0\0\0\0\0\0\0\0\0\0\0\0\0\0\0\0\0\0\0\0\0\0\0\0\0\0\0q\x0ed\x91\x04\x10S\xa1\xce\xe1Q8y\x98Z&_\xf2\xd90Y\x8b\xfdy\x96\x858+U\xd0\xefP!\x02\0\0!\x02\0\0\0\0\0\0\0\0\0\0\0\0\0\0\0\0\0\0reth/v1.4.1/linux" }, validity: Valid }
2025-08-25T09:38:16.779848Z DEBUG node{moniker=app-1}:consensus{height=47 round=0}: No full proposal for this round yet, stored proposal for later proposal.height=47 proposal.round=0
2025-08-25T09:38:16.779892Z DEBUG node{moniker=app-1}:consensus{height=47 round=0}: We have a full proposal for this round, checking... proposal.height=47 proposal.round=0
2025-08-25T09:38:16.779907Z DEBUG node{moniker=app-1}:consensus{height=47 round=0}: Transitioned to new step step.previous=Propose step.new=Prevote
2025-08-25T09:38:16.786875Z  INFO node{moniker=app-1}:consensus{height=47 round=0}: Received vote height=47 vote_height=47 address=815F9FA61D7C4F1E4A9E30D40DCA1115BB48F759 Precommit(height: 47, round: 0, value: adfd06895819147c, from: 815F9FA61D7C4F1E4A9E30D40DCA1115BB48F759)
2025-08-25T09:38:16.790010Z DEBUG node{moniker=app-1}:wal{height=47}: Wrote log entry type=Consensus(Vote) entry.size=120 
2025-08-25T09:38:16.790723Z  INFO node{moniker=app-1}:consensus{height=47 round=0}: Received vote height=47 vote_height=47 address=815F9FA61D7C4F1E4A9E30D40DCA1115BB48F759 Prevote(height: 47, round: 0, value: adfd06895819147c, from: 815F9FA61D7C4F1E4A9E30D40DCA1115BB48F759)
2025-08-25T09:38:16.790940Z DEBUG node{moniker=app-1}:wal{height=47}: Wrote log entry type=Consensus(Vote) entry.size=118 
2025-08-25T09:38:16.791007Z DEBUG node{moniker=app-1}:consensus{height=47 round=0}: Transitioned to new step step.previous=Prevote step.new=Precommit
2025-08-25T09:38:16.798667Z  INFO node{moniker=app-1}:consensus{height=47 round=0}: Received vote height=47 vote_height=47 address=02CB1B49DA09615BD4A12212C39378556D990DFD Precommit(height: 47, round: 0, value: adfd06895819147c, from: 02CB1B49DA09615BD4A12212C39378556D990DFD)
2025-08-25T09:38:16.800573Z DEBUG node{moniker=app-1}:wal{height=47}: Wrote log entry type=Consensus(Vote) entry.size=120 
2025-08-25T09:38:16.800666Z DEBUG node{moniker=app-1}:consensus{height=47 round=0}: Transitioned to new step step.previous=Precommit step.new=Commit
2025-08-25T09:38:16.800675Z  INFO node{moniker=app-1}:consensus{height=47 round=0}: Decided round=0 height=47 value=adfd06895819147c
2025-08-25T09:38:16.804293Z DEBUG node{moniker=app-1}:wal{height=47}: Flushed WAL to disk wal.entries=5 wal.size=1221
2025-08-25T09:38:16.804374Z DEBUG node{moniker=app-1}:sync{height.tip=46 height.sync=47}: Updating request state height.tip=47
2025-08-25T09:38:16.804385Z DEBUG node{moniker=app-1}:node{moniker=app-1}: metis-test:consensus-chan recv!!! msg:Decided { certificate: CommitCertificate { height: Height(47), round: Some(0), value_id: ValueId(12537184124627653756), commit_signatures: [CommitSignature { address: Address(02CB1B49DA09615BD4A12212C39378556D990DFD), signature: Signature(Signature { R_bytes: "5fd9f74278aae90b45784cc104bddbd6ccd5e0f1347b8bf8d55c0585e8d0d0c4", s_bytes: "a1571872bbd4fad7d5fa27a5db021952c47fb66b3ecdb73300b7a2fbde267802" }) }, CommitSignature { address: Address(815F9FA61D7C4F1E4A9E30D40DCA1115BB48F759), signature: Signature(Signature { R_bytes: "8e78b8506c7bb66905f7d114cca6e7f5635dedad5ae04c78aa107768ed9732b2", s_bytes: "49ca33efbd10d781860d9b9f160b270302b954d33a7859d8888000f74642f40b" }) }] }, extensions: VoteExtensions { extensions: [] }, reply: Sender { inner: Some(Inner { state: State { is_complete: false, is_closed: false, is_rx_task_set: true, is_tx_task_set: false } }) } }
2025-08-25T09:38:16.804402Z  INFO node{moniker=app-1}:node{moniker=app-1}: 🟢🟢 Consensus has decided on value height=47 round=0 value=adfd06895819147c
2025-08-25T09:38:16.804543Z DEBUG node{moniker=app-1}:node{moniker=app-1}: 🎁 block size: 545, height: 47
2025-08-25T09:38:16.804554Z  INFO node{moniker=app-1}:node{moniker=app-1}: 👉 stats at height 47: #txs=0, txs/s=0.00, chain_bytes=25615, bytes/s=2618.66
2025-08-25T09:38:16.804559Z DEBUG node{moniker=app-1}:node{moniker=app-1}: 🦄 Block at height 47 contains 0 transactions
2025-08-25T09:38:16.805501Z DEBUG node{moniker=app-1}:node{moniker=app-1}: 💡 New block added at height 47 with hash: 0x710e6491041053a1cee1513879985a265ff2d930598bfd799685382b55d0ef50
2025-08-25T09:38:16.805508Z DEBUG node{moniker=app-1}:node{moniker=app-1}: 🟠 set_latest_forkchoice_state: 0x710e6491041053a1cee1513879985a265ff2d930598bfd799685382b55d0ef50
2025-08-25T09:38:16.806458Z DEBUG node{moniker=app-1}:node{moniker=app-1}: ➡️ payload_status: PayloadStatus { status: Valid, latest_valid_hash: Some(0x710e6491041053a1cee1513879985a265ff2d930598bfd799685382b55d0ef50) }
2025-08-25T09:38:16.806465Z DEBUG node{moniker=app-1}:node{moniker=app-1}: 🚀 Forkchoice updated to height 47 for block hash=0x710e6491041053a1cee1513879985a265ff2d930598bfd799685382b55d0ef50 and latest_valid_hash=0x710e6491041053a1cee1513879985a265ff2d930598bfd799685382b55d0ef50
2025-08-25T09:38:16.806468Z  INFO node{moniker=app-1}:node{moniker=app-1}: Looking for certificate height=47 round=0
2025-08-25T09:38:16.811359Z  INFO node{moniker=app-1}:node{moniker=app-1}: Committed block_data[0..32]: c3fa7145a4b9485c94a3c353223ec5aa1a257784b0504a423679ad45c9056270
2025-08-25T09:38:16.835710Z DEBUG node{moniker=app-1}:wal{height=48}: Reset WAL height=48
2025-08-25T09:38:16.835798Z DEBUG node{moniker=app-1}:consensus{height=48 round=0}: No WAL entries to replay height=48
2025-08-25T09:38:16.835836Z  INFO node{moniker=app-1}:consensus{height=48 round=0}: Starting new height height=48
2025-08-25T09:38:16.835842Z  INFO node{moniker=app-1}:consensus{height=48 round=0}: Starting new round height=48 round=0 proposer=DE7BA2BE72D2225286133990FF5810B691A5261C role=Proposer
2025-08-25T09:38:16.835873Z DEBUG node{moniker=app-1}:sync{height.tip=46 height.sync=47}: Starting new height height.tip=47 height.sync=48 restart=false
2025-08-25T09:38:16.835880Z DEBUG node{moniker=app-1}:sync{height.tip=46 height.sync=47}: No peer to request sync from height.sync=48
2025-08-25T09:38:16.841546Z DEBUG node{moniker=app-1}:wal{height=48}: Flushed WAL to disk wal.entries=0 wal.size=12
2025-08-25T09:38:16.841657Z DEBUG node{moniker=app-1}:node{moniker=app-1}: metis-test:consensus-chan recv!!! msg:StartedRound { height: Height(48), round: Some(0), proposer: Address(DE7BA2BE72D2225286133990FF5810B691A5261C), role: Proposer, reply_value: Sender { inner: Some(Inner { state: State { is_complete: false, is_closed: false, is_rx_task_set: false, is_tx_task_set: false } }) } }
2025-08-25T09:38:16.841687Z  INFO node{moniker=app-1}:node{moniker=app-1}: 🟢🟢 Started round height=48 round=0 proposer=DE7BA2BE72D2225286133990FF5810B691A5261C role=Proposer
2025-08-25T09:38:16.841712Z ERROR node{moniker=app-1}:consensus{height=48 round=0}: Error when processing effect: Messaging(RecvErr)
2025-08-25T09:38:16.841742Z DEBUG node{moniker=app-1}:consensus{height=48 round=0}: Transitioned to new step step.previous=Unstarted step.new=Propose
2025-08-25T09:38:16.841748Z  INFO node{moniker=app-1}:consensus{height=48 round=0}: Scheduling timeout round=0 step=Propose
2025-08-25T09:38:16.841755Z  INFO node{moniker=app-1}:consensus{height=48 round=0}: Requesting value from application height=48 round=0
2025-08-25T09:38:16.841765Z DEBUG node{moniker=app-1}:consensus{height=48 round=0}: Replaying inputs count=0
2025-08-25T09:38:16.841799Z DEBUG node{moniker=app-1}:node{moniker=app-1}: metis-test:consensus-chan recv!!! msg:GetValue { height: Height(48), round: Some(0), timeout: 3s, reply: Sender { inner: Some(Inner { state: State { is_complete: false, is_closed: false, is_rx_task_set: true, is_tx_task_set: false } }) } }
2025-08-25T09:38:16.841811Z  INFO node{moniker=app-1}:node{moniker=app-1}: 🟢🟢 Consensus is requesting a value to propose height=48 round=0
2025-08-25T09:38:16.841815Z DEBUG node{moniker=app-1}:node{moniker=app-1}: 🟠 generate_block on top of ExecutionBlock { block_hash: 0x710e6491041053a1cee1513879985a265ff2d930598bfd799685382b55d0ef50, block_number: 47, parent_hash: 0x710e6491041053a1cee1513879985a265ff2d930598bfd799685382b55d0ef50, timestamp: 1756114738, prev_randao: 0x0000000000000000000000000000000000000000000000000000000000000000 }
2025-08-25T09:38:16.843633Z DEBUG node{moniker=app-1}:node{moniker=app-1}: 🌈 Got execution payload: ExecutionPayloadV3 { payload_inner: ExecutionPayloadV2 { payload_inner: ExecutionPayloadV1 { parent_hash: 0x710e6491041053a1cee1513879985a265ff2d930598bfd799685382b55d0ef50, fee_recipient: 0x2a2a2a2a2a2a2a2a2a2a2a2a2a2a2a2a2a2a2a2a, state_root: 0xec26df9442c5d4a0a0cc5348c960115b43da08c7aef6be4e4ccc5f136ca892a6, receipts_root: 0x56e81f171bcc55a6ff8345e692c0f86e5b48e01b996cadc001622fb5e363b421, logs_bloom: 0x00000000000000000000000000000000000000000000000000000000000000000000000000000000000000000000000000000000000000000000000000000000000000000000000000000000000000000000000000000000000000000000000000000000000000000000000000000000000000000000000000000000000000000000000000000000000000000000000000000000000000000000000000000000000000000000000000000000000000000000000000000000000000000000000000000000000000000000000000000000000000000000000000000000000000000000000000000000000000000000000000000000000000000000000000000000, prev_randao: 0x0000000000000000000000000000000000000000000000000000000000000000, block_number: 48, gas_limit: 31438936, gas_used: 0, timestamp: 1756114739, extra_data: 0x726574682f76312e342e312f6c696e7578, base_fee_per_gas: 1645840, block_hash: 0xa272383ca8aa008006d39e47769304e2bf79d0663f6bd763784a35a7685fe5f6, transactions: [] }, withdrawals: [] }, blob_gas_used: 0, excess_blob_gas: 0 }
2025-08-25T09:38:16.843652Z DEBUG node{moniker=app-1}:node{moniker=app-1}: 🎁 block size: 545, height: 48
2025-08-25T09:38:16.850368Z  INFO node{moniker=app-1}:node{moniker=app-1}: Streaming proposal part: StreamMessage { stream_id: StreamId(b"\0\0\0\0\0\0\00\0\0\0\0\0\0\0\x0f"), sequence: 0, content: Data(Init(ProposalInit { height: Height(48), round: Some(0), proposer: Address(DE7BA2BE72D2225286133990FF5810B691A5261C) })) } height=48 round=0
2025-08-25T09:38:16.850398Z  INFO node{moniker=app-1}:node{moniker=app-1}: Streaming proposal part: StreamMessage { stream_id: StreamId(b"\0\0\0\0\0\0\00\0\0\0\0\0\0\0\x0f"), sequence: 1, content: Data(Data(ProposalData { bytes: "<...>", len: 545 })) } height=48 round=0
2025-08-25T09:38:16.850430Z  INFO node{moniker=app-1}:node{moniker=app-1}: Streaming proposal part: StreamMessage { stream_id: StreamId(b"\0\0\0\0\0\0\00\0\0\0\0\0\0\0\x0f"), sequence: 2, content: Data(Fin(ProposalFin { signature: Signature(Signature { R_bytes: "1b4169bbeb1b48ac56f4a8d73873004826be82fdea30f58b1d0a63bd6a164daa", s_bytes: "a7fba7f1aafc9c145f8562b1e7cf22f5d3024d60dae91fe852a7f18b4099d60a" }) })) } height=48 round=0
2025-08-25T09:38:16.850611Z DEBUG node{moniker=app-1}:network: Published message channel=/proposal_parts size=48
2025-08-25T09:38:16.850656Z  INFO node{moniker=app-1}:node{moniker=app-1}: Streaming proposal part: StreamMessage { stream_id: StreamId(b"\0\0\0\0\0\0\00\0\0\0\0\0\0\0\x0f"), sequence: 3, content: Fin } height=48 round=0
2025-08-25T09:38:16.850846Z DEBUG node{moniker=app-1}:wal{height=48}: Wrote log entry type=LocallyProposedValue entry.size=599 
2025-08-25T09:38:16.850936Z DEBUG node{moniker=app-1}:network: Published message channel=/proposal_parts size=574
2025-08-25T09:38:16.851048Z DEBUG node{moniker=app-1}:node{moniker=app-1}: ✅ Proposal sent height=48 round=0
2025-08-25T09:38:16.851576Z DEBUG node{moniker=app-1}:network: Published message channel=/proposal_parts size=92
2025-08-25T09:38:16.851616Z  INFO node{moniker=app-1}:consensus{height=48 round=0}: Proposing value id=b2326e56578cc1a3 round=0
2025-08-25T09:38:16.851951Z  INFO node{moniker=app-1}:consensus{height=48 round=0}: Received proposal consensus.height=48 proposal.height=48 proposal.round=0 proposer=DE7BA2BE72D2225286133990FF5810B691A5261C Proposal(height: 48, round: 0, pol_round: -1, value: b2326e56578cc1a3, from: DE7BA2BE72D2225286133990FF5810B691A5261C)
2025-08-25T09:38:16.852471Z DEBUG node{moniker=app-1}:network: Published message channel=/proposal_parts size=22
2025-08-25T09:38:16.853268Z DEBUG node{moniker=app-1}:wal{height=48}: Wrote log entry type=Consensus(Proposal) entry.size=668 
2025-08-25T09:38:16.853547Z DEBUG node{moniker=app-1}:consensus{height=48 round=0}: Transitioned to new step step.previous=Propose step.new=Prevote
2025-08-25T09:38:16.853558Z  INFO node{moniker=app-1}:consensus{height=48 round=0}: Voting vote_type=Prevote value=b2326e56578cc1a3 round=0
2025-08-25T09:38:16.854339Z  INFO node{moniker=app-1}:consensus{height=48 round=0}: Received vote height=48 vote_height=48 address=DE7BA2BE72D2225286133990FF5810B691A5261C Prevote(height: 48, round: 0, value: b2326e56578cc1a3, from: DE7BA2BE72D2225286133990FF5810B691A5261C)
2025-08-25T09:38:16.854586Z DEBUG node{moniker=app-1}:wal{height=48}: Wrote log entry type=Consensus(Vote) entry.size=118 
2025-08-25T09:38:16.857690Z DEBUG node{moniker=app-1}:wal{height=48}: Flushed WAL to disk wal.entries=3 wal.size=1436
2025-08-25T09:38:16.857870Z DEBUG node{moniker=app-1}:network: Published message channel=/consensus size=109
2025-08-25T09:38:16.860404Z DEBUG node{moniker=app-1}:wal{height=48}: Flushed WAL to disk wal.entries=3 wal.size=1436
2025-08-25T09:38:16.861171Z DEBUG node{moniker=app-1}:network: Published message channel=/consensus size=659
2025-08-25T09:38:16.875532Z  INFO node{moniker=app-1}:consensus{height=48 round=0}: Received vote height=48 vote_height=48 address=815F9FA61D7C4F1E4A9E30D40DCA1115BB48F759 Precommit(height: 48, round: 0, value: b2326e56578cc1a3, from: 815F9FA61D7C4F1E4A9E30D40DCA1115BB48F759)
2025-08-25T09:38:16.877854Z DEBUG node{moniker=app-1}:wal{height=48}: Wrote log entry type=Consensus(Vote) entry.size=120 
2025-08-25T09:38:16.879956Z  INFO node{moniker=app-1}:consensus{height=48 round=0}: Received vote height=48 vote_height=48 address=815F9FA61D7C4F1E4A9E30D40DCA1115BB48F759 Prevote(height: 48, round: 0, value: b2326e56578cc1a3, from: 815F9FA61D7C4F1E4A9E30D40DCA1115BB48F759)
2025-08-25T09:38:16.881270Z DEBUG node{moniker=app-1}:wal{height=48}: Wrote log entry type=Consensus(Vote) entry.size=118 
2025-08-25T09:38:16.881327Z DEBUG node{moniker=app-1}:consensus{height=48 round=0}: Transitioned to new step step.previous=Prevote step.new=Precommit
2025-08-25T09:38:16.881337Z  INFO node{moniker=app-1}:consensus{height=48 round=0}: Voting vote_type=Precommit value=b2326e56578cc1a3 round=0
2025-08-25T09:38:16.881357Z DEBUG node{moniker=app-1}:node{moniker=app-1}: metis-test:consensus-chan recv!!! msg:ExtendVote { height: Height(48), round: Some(0), value_id: ValueId(12840446804701790627), reply: Sender { inner: Some(Inner { state: State { is_complete: false, is_closed: false, is_rx_task_set: true, is_tx_task_set: false } }) } }
2025-08-25T09:38:16.881524Z  INFO node{moniker=app-1}:consensus{height=48 round=0}: Received vote height=48 vote_height=48 address=DE7BA2BE72D2225286133990FF5810B691A5261C Precommit(height: 48, round: 0, value: b2326e56578cc1a3, from: DE7BA2BE72D2225286133990FF5810B691A5261C)
2025-08-25T09:38:16.881592Z DEBUG node{moniker=app-1}:wal{height=48}: Wrote log entry type=Consensus(Vote) entry.size=120 
2025-08-25T09:38:16.881630Z DEBUG node{moniker=app-1}:consensus{height=48 round=0}: Transitioned to new step step.previous=Precommit step.new=Commit
2025-08-25T09:38:16.881638Z  INFO node{moniker=app-1}:consensus{height=48 round=0}: Decided round=0 height=48 value=b2326e56578cc1a3
2025-08-25T09:38:16.884011Z DEBUG node{moniker=app-1}:wal{height=48}: Flushed WAL to disk wal.entries=6 wal.size=1833
2025-08-25T09:38:16.884080Z DEBUG node{moniker=app-1}:sync{height.tip=47 height.sync=48}: Updating request state height.tip=48
2025-08-25T09:38:16.884107Z DEBUG node{moniker=app-1}:node{moniker=app-1}: metis-test:consensus-chan recv!!! msg:Decided { certificate: CommitCertificate { height: Height(48), round: Some(0), value_id: ValueId(12840446804701790627), commit_signatures: [CommitSignature { address: Address(815F9FA61D7C4F1E4A9E30D40DCA1115BB48F759), signature: Signature(Signature { R_bytes: "af18c6cedcc9cef9513859b6d209161aaa6393d724c5f6798b19f80a813eb14d", s_bytes: "970b8d598ad834ab9eae864656bb9637e5667c22f2b465e55769bdfb8f43cd0c" }) }, CommitSignature { address: Address(DE7BA2BE72D2225286133990FF5810B691A5261C), signature: Signature(Signature { R_bytes: "3da0f3df201a0f3516f9457091ab0d22b61f3cb983b31f71a9c4327cb7feaf95", s_bytes: "10b71c342ab9731d741aba0389f6c950cfbc0e27dab9deb4d227f8e14fb8a201" }) }] }, extensions: VoteExtensions { extensions: [] }, reply: Sender { inner: Some(Inner { state: State { is_complete: false, is_closed: false, is_rx_task_set: true, is_tx_task_set: false } }) } }
2025-08-25T09:38:16.884137Z  INFO node{moniker=app-1}:node{moniker=app-1}: 🟢🟢 Consensus has decided on value height=48 round=0 value=b2326e56578cc1a3
2025-08-25T09:38:16.884437Z DEBUG node{moniker=app-1}:node{moniker=app-1}: 🎁 block size: 545, height: 48
2025-08-25T09:38:16.884447Z  INFO node{moniker=app-1}:node{moniker=app-1}: 👉 stats at height 48: #txs=0, txs/s=0.00, chain_bytes=26160, bytes/s=2652.71
2025-08-25T09:38:16.884451Z DEBUG node{moniker=app-1}:node{moniker=app-1}: 🦄 Block at height 48 contains 0 transactions
2025-08-25T09:38:16.886277Z DEBUG node{moniker=app-1}:wal{height=48}: Flushed WAL to disk wal.entries=6 wal.size=1833
2025-08-25T09:38:16.887563Z DEBUG node{moniker=app-1}:network: Published message channel=/consensus size=111
2025-08-25T09:38:16.888961Z DEBUG node{moniker=app-1}:node{moniker=app-1}: 💡 New block added at height 48 with hash: 0xa272383ca8aa008006d39e47769304e2bf79d0663f6bd763784a35a7685fe5f6
2025-08-25T09:38:16.888971Z DEBUG node{moniker=app-1}:node{moniker=app-1}: 🟠 set_latest_forkchoice_state: 0xa272383ca8aa008006d39e47769304e2bf79d0663f6bd763784a35a7685fe5f6
2025-08-25T09:38:16.889723Z DEBUG node{moniker=app-1}:node{moniker=app-1}: ➡️ payload_status: PayloadStatus { status: Valid, latest_valid_hash: Some(0xa272383ca8aa008006d39e47769304e2bf79d0663f6bd763784a35a7685fe5f6) }
2025-08-25T09:38:16.889743Z DEBUG node{moniker=app-1}:node{moniker=app-1}: 🚀 Forkchoice updated to height 48 for block hash=0xa272383ca8aa008006d39e47769304e2bf79d0663f6bd763784a35a7685fe5f6 and latest_valid_hash=0xa272383ca8aa008006d39e47769304e2bf79d0663f6bd763784a35a7685fe5f6
2025-08-25T09:38:16.889747Z  INFO node{moniker=app-1}:node{moniker=app-1}: Looking for certificate height=48 round=0
2025-08-25T09:38:16.900072Z  INFO node{moniker=app-1}:node{moniker=app-1}: Committed block_data[0..32]: 710e6491041053a1cee1513879985a265ff2d930598bfd799685382b55d0ef50
2025-08-25T09:38:16.924556Z DEBUG node{moniker=app-1}:wal{height=49}: Reset WAL height=49
2025-08-25T09:38:16.924645Z DEBUG node{moniker=app-1}:consensus{height=49 round=0}: No WAL entries to replay height=49
2025-08-25T09:38:16.924698Z  INFO node{moniker=app-1}:consensus{height=49 round=0}: Starting new height height=49
2025-08-25T09:38:16.924707Z  INFO node{moniker=app-1}:consensus{height=49 round=0}: Starting new round height=49 round=0 proposer=DE7BA2BE72D2225286133990FF5810B691A5261C role=Proposer
2025-08-25T09:38:16.924746Z DEBUG node{moniker=app-1}:sync{height.tip=47 height.sync=48}: Starting new height height.tip=48 height.sync=49 restart=false
2025-08-25T09:38:16.924755Z DEBUG node{moniker=app-1}:sync{height.tip=47 height.sync=48}: No peer to request sync from height.sync=49
2025-08-25T09:38:16.928690Z DEBUG node{moniker=app-1}:wal{height=49}: Flushed WAL to disk wal.entries=0 wal.size=12
2025-08-25T09:38:16.928972Z DEBUG node{moniker=app-1}:node{moniker=app-1}: metis-test:consensus-chan recv!!! msg:StartedRound { height: Height(49), round: Some(0), proposer: Address(DE7BA2BE72D2225286133990FF5810B691A5261C), role: Proposer, reply_value: Sender { inner: Some(Inner { state: State { is_complete: false, is_closed: false, is_rx_task_set: false, is_tx_task_set: false } }) } }
2025-08-25T09:38:16.928992Z  INFO node{moniker=app-1}:node{moniker=app-1}: 🟢🟢 Started round height=49 round=0 proposer=DE7BA2BE72D2225286133990FF5810B691A5261C role=Proposer
2025-08-25T09:38:16.929011Z ERROR node{moniker=app-1}:consensus{height=49 round=0}: Error when processing effect: Messaging(RecvErr)
2025-08-25T09:38:16.929036Z DEBUG node{moniker=app-1}:consensus{height=49 round=0}: Transitioned to new step step.previous=Unstarted step.new=Propose
2025-08-25T09:38:16.929044Z  INFO node{moniker=app-1}:consensus{height=49 round=0}: Scheduling timeout round=0 step=Propose
2025-08-25T09:38:16.929054Z  INFO node{moniker=app-1}:consensus{height=49 round=0}: Requesting value from application height=49 round=0
2025-08-25T09:38:16.929067Z DEBUG node{moniker=app-1}:consensus{height=49 round=0}: Replaying inputs count=0
2025-08-25T09:38:16.929100Z DEBUG node{moniker=app-1}:node{moniker=app-1}: metis-test:consensus-chan recv!!! msg:GetValue { height: Height(49), round: Some(0), timeout: 3s, reply: Sender { inner: Some(Inner { state: State { is_complete: false, is_closed: false, is_rx_task_set: true, is_tx_task_set: false } }) } }
2025-08-25T09:38:16.929109Z  INFO node{moniker=app-1}:node{moniker=app-1}: 🟢🟢 Consensus is requesting a value to propose height=49 round=0
2025-08-25T09:38:16.929114Z DEBUG node{moniker=app-1}:node{moniker=app-1}: 🟠 generate_block on top of ExecutionBlock { block_hash: 0xa272383ca8aa008006d39e47769304e2bf79d0663f6bd763784a35a7685fe5f6, block_number: 48, parent_hash: 0xa272383ca8aa008006d39e47769304e2bf79d0663f6bd763784a35a7685fe5f6, timestamp: 1756114739, prev_randao: 0x0000000000000000000000000000000000000000000000000000000000000000 }
2025-08-25T09:38:16.930656Z DEBUG node{moniker=app-1}:node{moniker=app-1}: 🌈 Got execution payload: ExecutionPayloadV3 { payload_inner: ExecutionPayloadV2 { payload_inner: ExecutionPayloadV1 { parent_hash: 0xa272383ca8aa008006d39e47769304e2bf79d0663f6bd763784a35a7685fe5f6, fee_recipient: 0x2a2a2a2a2a2a2a2a2a2a2a2a2a2a2a2a2a2a2a2a, state_root: 0xec26df9442c5d4a0a0cc5348c960115b43da08c7aef6be4e4ccc5f136ca892a6, receipts_root: 0x56e81f171bcc55a6ff8345e692c0f86e5b48e01b996cadc001622fb5e363b421, logs_bloom: 0x00000000000000000000000000000000000000000000000000000000000000000000000000000000000000000000000000000000000000000000000000000000000000000000000000000000000000000000000000000000000000000000000000000000000000000000000000000000000000000000000000000000000000000000000000000000000000000000000000000000000000000000000000000000000000000000000000000000000000000000000000000000000000000000000000000000000000000000000000000000000000000000000000000000000000000000000000000000000000000000000000000000000000000000000000000000, prev_randao: 0x0000000000000000000000000000000000000000000000000000000000000000, block_number: 49, gas_limit: 31469637, gas_used: 0, timestamp: 1756114740, extra_data: 0x726574682f76312e342e312f6c696e7578, base_fee_per_gas: 1440110, block_hash: 0x7d01af50c434abdc76d3f59d8e66674d662bf1ab97784552880b80bf384e90e2, transactions: [] }, withdrawals: [] }, blob_gas_used: 0, excess_blob_gas: 0 }
2025-08-25T09:38:16.930672Z DEBUG node{moniker=app-1}:node{moniker=app-1}: 🎁 block size: 545, height: 49
2025-08-25T09:38:16.943531Z  INFO node{moniker=app-1}:node{moniker=app-1}: Streaming proposal part: StreamMessage { stream_id: StreamId(b"\0\0\0\0\0\0\01\0\0\0\0\0\0\0\x10"), sequence: 0, content: Data(Init(ProposalInit { height: Height(49), round: Some(0), proposer: Address(DE7BA2BE72D2225286133990FF5810B691A5261C) })) } height=49 round=0
2025-08-25T09:38:16.943557Z  INFO node{moniker=app-1}:node{moniker=app-1}: Streaming proposal part: StreamMessage { stream_id: StreamId(b"\0\0\0\0\0\0\01\0\0\0\0\0\0\0\x10"), sequence: 1, content: Data(Data(ProposalData { bytes: "<...>", len: 545 })) } height=49 round=0
2025-08-25T09:38:16.943586Z  INFO node{moniker=app-1}:node{moniker=app-1}: Streaming proposal part: StreamMessage { stream_id: StreamId(b"\0\0\0\0\0\0\01\0\0\0\0\0\0\0\x10"), sequence: 2, content: Data(Fin(ProposalFin { signature: Signature(Signature { R_bytes: "7a10e43878cbe79bf41d6ed9698e5474f6a175f6ca8b4eb613f7853c6434a11a", s_bytes: "a5aeefc71ced2263e24e76480809f20766f94872c4f9a2221a2871d7e69fc30b" }) })) } height=49 round=0
2025-08-25T09:38:16.943750Z DEBUG node{moniker=app-1}:network: Published message channel=/proposal_parts size=48
2025-08-25T09:38:16.943788Z  INFO node{moniker=app-1}:node{moniker=app-1}: Streaming proposal part: StreamMessage { stream_id: StreamId(b"\0\0\0\0\0\0\01\0\0\0\0\0\0\0\x10"), sequence: 3, content: Fin } height=49 round=0
2025-08-25T09:38:16.943974Z DEBUG node{moniker=app-1}:wal{height=49}: Wrote log entry type=LocallyProposedValue entry.size=599 
2025-08-25T09:38:16.944160Z DEBUG node{moniker=app-1}:network: Published message channel=/proposal_parts size=574
2025-08-25T09:38:16.944268Z DEBUG node{moniker=app-1}:node{moniker=app-1}: ✅ Proposal sent height=49 round=0
2025-08-25T09:38:16.944607Z DEBUG node{moniker=app-1}:network: Published message channel=/proposal_parts size=92
2025-08-25T09:38:16.944882Z  INFO node{moniker=app-1}:consensus{height=49 round=0}: Proposing value id=ce8d657e372af970 round=0
2025-08-25T09:38:16.945051Z  INFO node{moniker=app-1}:consensus{height=49 round=0}: Received proposal consensus.height=49 proposal.height=49 proposal.round=0 proposer=DE7BA2BE72D2225286133990FF5810B691A5261C Proposal(height: 49, round: 0, pol_round: -1, value: ce8d657e372af970, from: DE7BA2BE72D2225286133990FF5810B691A5261C)
2025-08-25T09:38:16.945124Z DEBUG node{moniker=app-1}:network: Published message channel=/proposal_parts size=22
2025-08-25T09:38:16.945555Z DEBUG node{moniker=app-1}:wal{height=49}: Wrote log entry type=Consensus(Proposal) entry.size=668 
2025-08-25T09:38:16.946561Z DEBUG node{moniker=app-1}:consensus{height=49 round=0}: Transitioned to new step step.previous=Propose step.new=Prevote
2025-08-25T09:38:16.946574Z  INFO node{moniker=app-1}:consensus{height=49 round=0}: Voting vote_type=Prevote value=ce8d657e372af970 round=0
2025-08-25T09:38:16.947298Z  INFO node{moniker=app-1}:consensus{height=49 round=0}: Received vote height=49 vote_height=49 address=DE7BA2BE72D2225286133990FF5810B691A5261C Prevote(height: 49, round: 0, value: ce8d657e372af970, from: DE7BA2BE72D2225286133990FF5810B691A5261C)
2025-08-25T09:38:16.947731Z DEBUG node{moniker=app-1}:wal{height=49}: Wrote log entry type=Consensus(Vote) entry.size=118 
2025-08-25T09:38:16.950412Z DEBUG node{moniker=app-1}:wal{height=49}: Flushed WAL to disk wal.entries=3 wal.size=1436
2025-08-25T09:38:16.950600Z DEBUG node{moniker=app-1}:network: Published message channel=/consensus size=109
2025-08-25T09:38:16.953866Z DEBUG node{moniker=app-1}:wal{height=49}: Flushed WAL to disk wal.entries=3 wal.size=1436
2025-08-25T09:38:16.954513Z DEBUG node{moniker=app-1}:network: Published message channel=/consensus size=659
2025-08-25T09:38:16.967689Z  INFO node{moniker=app-1}:consensus{height=49 round=0}: Received vote height=49 vote_height=49 address=02CB1B49DA09615BD4A12212C39378556D990DFD Precommit(height: 49, round: 0, value: ce8d657e372af970, from: 02CB1B49DA09615BD4A12212C39378556D990DFD)
2025-08-25T09:38:16.967827Z DEBUG node{moniker=app-1}:wal{height=49}: Wrote log entry type=Consensus(Vote) entry.size=120 
2025-08-25T09:38:16.968561Z  INFO node{moniker=app-1}:consensus{height=49 round=0}: Received vote height=49 vote_height=49 address=02CB1B49DA09615BD4A12212C39378556D990DFD Prevote(height: 49, round: 0, value: ce8d657e372af970, from: 02CB1B49DA09615BD4A12212C39378556D990DFD)
2025-08-25T09:38:16.969022Z DEBUG node{moniker=app-1}:wal{height=49}: Wrote log entry type=Consensus(Vote) entry.size=118 
2025-08-25T09:38:16.969113Z DEBUG node{moniker=app-1}:consensus{height=49 round=0}: Transitioned to new step step.previous=Prevote step.new=Precommit
2025-08-25T09:38:16.969122Z  INFO node{moniker=app-1}:consensus{height=49 round=0}: Voting vote_type=Precommit value=ce8d657e372af970 round=0
2025-08-25T09:38:16.969143Z DEBUG node{moniker=app-1}:node{moniker=app-1}: metis-test:consensus-chan recv!!! msg:ExtendVote { height: Height(49), round: Some(0), value_id: ValueId(14883663936295205232), reply: Sender { inner: Some(Inner { state: State { is_complete: false, is_closed: false, is_rx_task_set: true, is_tx_task_set: false } }) } }
2025-08-25T09:38:16.969364Z  INFO node{moniker=app-1}:consensus{height=49 round=0}: Received vote height=49 vote_height=49 address=DE7BA2BE72D2225286133990FF5810B691A5261C Precommit(height: 49, round: 0, value: ce8d657e372af970, from: DE7BA2BE72D2225286133990FF5810B691A5261C)
2025-08-25T09:38:16.969436Z DEBUG node{moniker=app-1}:wal{height=49}: Wrote log entry type=Consensus(Vote) entry.size=120 
2025-08-25T09:38:16.969479Z DEBUG node{moniker=app-1}:consensus{height=49 round=0}: Transitioned to new step step.previous=Precommit step.new=Commit
2025-08-25T09:38:16.969484Z  INFO node{moniker=app-1}:consensus{height=49 round=0}: Decided round=0 height=49 value=ce8d657e372af970
2025-08-25T09:38:16.973480Z DEBUG node{moniker=app-1}:wal{height=49}: Flushed WAL to disk wal.entries=6 wal.size=1833
2025-08-25T09:38:16.974102Z DEBUG node{moniker=app-1}:sync{height.tip=48 height.sync=49}: Updating request state height.tip=49
2025-08-25T09:38:16.974147Z DEBUG node{moniker=app-1}:node{moniker=app-1}: metis-test:consensus-chan recv!!! msg:Decided { certificate: CommitCertificate { height: Height(49), round: Some(0), value_id: ValueId(14883663936295205232), commit_signatures: [CommitSignature { address: Address(02CB1B49DA09615BD4A12212C39378556D990DFD), signature: Signature(Signature { R_bytes: "755084f3434db2e1d4b0a1f60071ab421eba2f038976851e00c4ac14a6246721", s_bytes: "b2c5dc2e75793394203e40b67b1d0bd616213ab93757dd6a8a9dcc3b33c78f06" }) }, CommitSignature { address: Address(DE7BA2BE72D2225286133990FF5810B691A5261C), signature: Signature(Signature { R_bytes: "3d05d2d1be028b902073349c570bc1ade5bb6acede973b0e80ea3b381e9a0fda", s_bytes: "92db07db8a1c2179146407fa1fc2032c2a6c22858df35c15f813c2cdd3b91908" }) }] }, extensions: VoteExtensions { extensions: [] }, reply: Sender { inner: Some(Inner { state: State { is_complete: false, is_closed: false, is_rx_task_set: true, is_tx_task_set: false } }) } }
2025-08-25T09:38:16.974163Z  INFO node{moniker=app-1}:node{moniker=app-1}: 🟢🟢 Consensus has decided on value height=49 round=0 value=ce8d657e372af970
2025-08-25T09:38:16.974373Z DEBUG node{moniker=app-1}:node{moniker=app-1}: 🎁 block size: 545, height: 49
2025-08-25T09:38:16.974382Z  INFO node{moniker=app-1}:node{moniker=app-1}: 👉 stats at height 49: #txs=0, txs/s=0.00, chain_bytes=26705, bytes/s=2683.51
2025-08-25T09:38:16.974386Z DEBUG node{moniker=app-1}:node{moniker=app-1}: 🦄 Block at height 49 contains 0 transactions
2025-08-25T09:38:16.978776Z DEBUG node{moniker=app-1}:wal{height=49}: Flushed WAL to disk wal.entries=6 wal.size=1833
2025-08-25T09:38:16.984092Z DEBUG node{moniker=app-1}:network: Published message channel=/consensus size=111
2025-08-25T09:38:16.984673Z DEBUG node{moniker=app-1}:node{moniker=app-1}: 💡 New block added at height 49 with hash: 0x7d01af50c434abdc76d3f59d8e66674d662bf1ab97784552880b80bf384e90e2
2025-08-25T09:38:16.984682Z DEBUG node{moniker=app-1}:node{moniker=app-1}: 🟠 set_latest_forkchoice_state: 0x7d01af50c434abdc76d3f59d8e66674d662bf1ab97784552880b80bf384e90e2
2025-08-25T09:38:16.987007Z DEBUG node{moniker=app-1}:node{moniker=app-1}: ➡️ payload_status: PayloadStatus { status: Valid, latest_valid_hash: Some(0x7d01af50c434abdc76d3f59d8e66674d662bf1ab97784552880b80bf384e90e2) }
2025-08-25T09:38:16.987020Z DEBUG node{moniker=app-1}:node{moniker=app-1}: 🚀 Forkchoice updated to height 49 for block hash=0x7d01af50c434abdc76d3f59d8e66674d662bf1ab97784552880b80bf384e90e2 and latest_valid_hash=0x7d01af50c434abdc76d3f59d8e66674d662bf1ab97784552880b80bf384e90e2
2025-08-25T09:38:16.987024Z  INFO node{moniker=app-1}:node{moniker=app-1}: Looking for certificate height=49 round=0
2025-08-25T09:38:16.999970Z  INFO node{moniker=app-1}:node{moniker=app-1}: Committed block_data[0..32]: a272383ca8aa008006d39e47769304e2bf79d0663f6bd763784a35a7685fe5f6
2025-08-25T09:38:17.013282Z DEBUG node{moniker=app-1}:wal{height=50}: Reset WAL height=50
2025-08-25T09:38:17.013652Z DEBUG node{moniker=app-1}:consensus{height=50 round=0}: No WAL entries to replay height=50
2025-08-25T09:38:17.013688Z  INFO node{moniker=app-1}:consensus{height=50 round=0}: Starting new height height=50
2025-08-25T09:38:17.013695Z  INFO node{moniker=app-1}:consensus{height=50 round=0}: Starting new round height=50 round=0 proposer=815F9FA61D7C4F1E4A9E30D40DCA1115BB48F759 role=None
2025-08-25T09:38:17.013722Z DEBUG node{moniker=app-1}:sync{height.tip=48 height.sync=49}: Starting new height height.tip=49 height.sync=50 restart=false
2025-08-25T09:38:17.013728Z DEBUG node{moniker=app-1}:sync{height.tip=48 height.sync=49}: No peer to request sync from height.sync=50
2025-08-25T09:38:17.019292Z DEBUG node{moniker=app-1}:wal{height=50}: Flushed WAL to disk wal.entries=0 wal.size=12
2025-08-25T09:38:17.019369Z DEBUG node{moniker=app-1}:node{moniker=app-1}: metis-test:consensus-chan recv!!! msg:StartedRound { height: Height(50), round: Some(0), proposer: Address(815F9FA61D7C4F1E4A9E30D40DCA1115BB48F759), role: None, reply_value: Sender { inner: Some(Inner { state: State { is_complete: false, is_closed: false, is_rx_task_set: false, is_tx_task_set: false } }) } }
2025-08-25T09:38:17.019495Z  INFO node{moniker=app-1}:node{moniker=app-1}: 🟢🟢 Started round height=50 round=0 proposer=815F9FA61D7C4F1E4A9E30D40DCA1115BB48F759 role=None
2025-08-25T09:38:17.019516Z ERROR node{moniker=app-1}:consensus{height=50 round=0}: Error when processing effect: Messaging(RecvErr)
2025-08-25T09:38:17.019536Z DEBUG node{moniker=app-1}:consensus{height=50 round=0}: Transitioned to new step step.previous=Unstarted step.new=Propose
2025-08-25T09:38:17.019541Z  INFO node{moniker=app-1}:consensus{height=50 round=0}: Scheduling timeout round=0 step=Propose
2025-08-25T09:38:17.019549Z DEBUG node{moniker=app-1}:consensus{height=50 round=0}: Replaying inputs count=0
2025-08-25T09:38:17.043532Z DEBUG node{moniker=app-1}:node{moniker=app-1}: metis-test:consensus-chan recv!!! msg:ReceivedProposalPart { from: PeerId("12D3KooWD4wDmZaWggpGH9ACLhNztqnBvszLRcmBLzZdKwDiWmYh"), part: StreamMessage { stream_id: StreamId(b"\0\0\0\0\0\0\02\0\0\0\0\0\0\0\x10"), sequence: 0, content: Data(Init(ProposalInit { height: Height(50), round: Some(0), proposer: Address(815F9FA61D7C4F1E4A9E30D40DCA1115BB48F759) })) }, reply: Sender { inner: Some(Inner { state: State { is_complete: false, is_closed: false, is_rx_task_set: true, is_tx_task_set: false } }) } }
2025-08-25T09:38:17.043567Z  INFO node{moniker=app-1}:node{moniker=app-1}: Received proposal part from=12D3KooWD4wDmZaWggpGH9ACLhNztqnBvszLRcmBLzZdKwDiWmYh part.sequence=0 part.type=init part.size=28
2025-08-25T09:38:17.044231Z DEBUG node{moniker=app-1}:node{moniker=app-1}: metis-test:consensus-chan recv!!! msg:ReceivedProposalPart { from: PeerId("12D3KooWD4wDmZaWggpGH9ACLhNztqnBvszLRcmBLzZdKwDiWmYh"), part: StreamMessage { stream_id: StreamId(b"\0\0\0\0\0\0\02\0\0\0\0\0\0\0\x10"), sequence: 1, content: Data(Data(ProposalData { bytes: "<...>", len: 545 })) }, reply: Sender { inner: Some(Inner { state: State { is_complete: false, is_closed: false, is_rx_task_set: true, is_tx_task_set: false } }) } }
2025-08-25T09:38:17.044251Z  INFO node{moniker=app-1}:node{moniker=app-1}: Received proposal part from=12D3KooWD4wDmZaWggpGH9ACLhNztqnBvszLRcmBLzZdKwDiWmYh part.sequence=1 part.type=data part.size=551
2025-08-25T09:38:17.044270Z DEBUG node{moniker=app-1}:node{moniker=app-1}: metis-test:consensus-chan recv!!! msg:ReceivedProposalPart { from: PeerId("12D3KooWD4wDmZaWggpGH9ACLhNztqnBvszLRcmBLzZdKwDiWmYh"), part: StreamMessage { stream_id: StreamId(b"\0\0\0\0\0\0\02\0\0\0\0\0\0\0\x10"), sequence: 2, content: Data(Fin(ProposalFin { signature: Signature(Signature { R_bytes: "aa9b990f9ad3ab954266607d9612393a38d0136ab61b9808f5e35e0f782e5aab", s_bytes: "cc39f6086d4133828baee9c9049b04a00640bf1aed3bac36027a2f140e54ec0f" }) })) }, reply: Sender { inner: Some(Inner { state: State { is_complete: false, is_closed: false, is_rx_task_set: true, is_tx_task_set: false } }) } }
2025-08-25T09:38:17.044284Z  INFO node{moniker=app-1}:node{moniker=app-1}: Received proposal part from=12D3KooWD4wDmZaWggpGH9ACLhNztqnBvszLRcmBLzZdKwDiWmYh part.sequence=2 part.type=fin part.size=70
2025-08-25T09:38:17.044704Z DEBUG node{moniker=app-1}:node{moniker=app-1}: metis-test:consensus-chan recv!!! msg:ReceivedProposalPart { from: PeerId("12D3KooWD4wDmZaWggpGH9ACLhNztqnBvszLRcmBLzZdKwDiWmYh"), part: StreamMessage { stream_id: StreamId(b"\0\0\0\0\0\0\02\0\0\0\0\0\0\0\x10"), sequence: 3, content: Fin }, reply: Sender { inner: Some(Inner { state: State { is_complete: false, is_closed: false, is_rx_task_set: true, is_tx_task_set: false } }) } }
2025-08-25T09:38:17.044714Z  INFO node{moniker=app-1}:node{moniker=app-1}: Received proposal part from=12D3KooWD4wDmZaWggpGH9ACLhNztqnBvszLRcmBLzZdKwDiWmYh part.sequence=3 part.type=end of stream part.size=0
2025-08-25T09:38:17.045518Z  INFO node{moniker=app-1}:node{moniker=app-1}: Proposal data[0..32]: 7d01af50c434abdc76d3f59d8e66674d662bf1ab97784552880b80bf384e90e2, total_size: 545 bytes, id: 67ce0d5cffba80ff
2025-08-25T09:38:17.048163Z DEBUG node{moniker=app-1}:sync{height.tip=49 height.sync=50}: Broadcasting status height.tip=49
2025-08-25T09:38:17.048441Z  INFO node{moniker=app-1}:consensus{height=50 round=0}: Received vote height=50 vote_height=50 address=815F9FA61D7C4F1E4A9E30D40DCA1115BB48F759 Prevote(height: 50, round: 0, value: 67ce0d5cffba80ff, from: 815F9FA61D7C4F1E4A9E30D40DCA1115BB48F759)
2025-08-25T09:38:17.058453Z DEBUG node{moniker=app-1}:wal{height=50}: Wrote log entry type=Consensus(Vote) entry.size=117 
2025-08-25T09:38:17.058485Z DEBUG node{moniker=app-1}:node{moniker=app-1}: ✅ Received complete proposal: ProposedValue { height: Height(50), round: Some(0), valid_round: Nil, proposer: Address(815F9FA61D7C4F1E4A9E30D40DCA1115BB48F759), value: Value { value: 7479930724187537663, extensions: b"}\x01\xafP\xc44\xab\xdcv\xd3\xf5\x9d\x8efgMf+\xf1\xab\x97xER\x88\x0b\x80\xbf8N\x90\xe2********************\xec&\xdf\x94B\xc5\xd4\xa0\xa0\xccSH\xc9`\x11[C\xda\x08\xc7\xae\xf6\xbeNL\xcc_\x13l\xa8\x92\xa6V\xe8\x1f\x17\x1b\xccU\xa6\xff\x83E\xe6\x92\xc0\xf8n[H\xe0\x1b\x99l\xad\xc0\x01b/\xb5\xe3c\xb4!\0\0\0\0\0\0\0\0\0\0\0\0\0\0\0\0\0\0\0\0\0\0\0\0\0\0\0\0\0\0\0\0\0\0\0\0\0\0\0\0\0\0\0\0\0\0\0\0\0\0\0\0\0\0\0\0\0\0\0\0\0\0\0\0\0\0\0\0\0\0\0\0\0\0\0\0\0\0\0\0\0\0\0\0\0\0\0\0\0\0\0\0\0\0\0\0\0\0\0\0\0\0\0\0\0\0\0\0\0\0\0\0\0\0\0\0\0\0\0\0\0\0\0\0\0\0\0\0\0\0\0\0\0\0\0\0\0\0\0\0\0\0\0\0\0\0\0\0\0\0\0\0\0\0\0\0\0\0\0\0\0\0\0\0\0\0\0\0\0\0\0\0\0\0\0\0\0\0\0\0\0\0\0\0\0\0\0\0\0\0\0\0\0\0\0\0\0\0\0\0\0\0\0\0\0\0\0\0\0\0\0\0\0\0\0\0\0\0\0\0\0\0\0\0\0\0\0\0\0\0\0\0\0\0\0\0\0\0\0\0\0\0\0\0\0\0\0\0\0\0\0\0\0\0\0\0\0\0\0\0\0\0\0\0\0\0\0\0\0\0\0\0\0\0\0\0\0\0\0\0\0\0\0\0\0\0\0\02\0\0\0\0\0\0\0P\xa8\xe0\x01\0\0\0\0\0\0\0\0\0\0\0\05/\xach\0\0\0\0\x10\x02\0\0A:\x13\0\0\0\0\0\0\0\0\0\0\0\0\0\0\0\0\0\0\0\0\0\0\0\0\0\0\0\0\05\x0c\0\x9aX\xfb\x9d\xb7\x04\xba\xb7\xfa\xd8gDCJ:_\xeb\x8eO\xad\x93\x96\xb9\x9a\x84G1\x89F!\x02\0\0!\x02\0\0\0\0\0\0\0\0\0\0\0\0\0\0\0\0\0\0reth/v1.4.1/linux" }, validity: Valid }
2025-08-25T09:38:17.058538Z DEBUG node{moniker=app-1}:node{moniker=app-1}: metis-test:consensus-chan recv!!! msg:GetHistoryMinHeight { reply: Sender { inner: Some(Inner { state: State { is_complete: false, is_closed: false, is_rx_task_set: true, is_tx_task_set: false } }) } }
2025-08-25T09:38:17.058738Z  INFO node{moniker=app-1}:consensus{height=50 round=0}: Received proposal consensus.height=50 proposal.height=50 proposal.round=0 proposer=815F9FA61D7C4F1E4A9E30D40DCA1115BB48F759 Proposal(height: 50, round: 0, pol_round: -1, value: 67ce0d5cffba80ff, from: 815F9FA61D7C4F1E4A9E30D40DCA1115BB48F759)
2025-08-25T09:38:17.058788Z DEBUG node{moniker=app-1}:sync{height.tip=49 height.sync=50}: Peer scores: {}
2025-08-25T09:38:17.058814Z DEBUG node{moniker=app-1}:wal{height=50}: Wrote log entry type=Consensus(Proposal) entry.size=667 
2025-08-25T09:38:17.058833Z DEBUG node{moniker=app-1}:network: Broadcasted message channel=/sync size=46
2025-08-25T09:38:17.058994Z DEBUG node{moniker=app-1}:consensus{height=50 round=0}: No full proposal for this round yet, stored proposal for later proposal.height=50 proposal.round=0
2025-08-25T09:38:17.059013Z DEBUG node{moniker=app-1}:consensus{height=50 round=0}: We have a full proposal for this round, checking... proposal.height=50 proposal.round=0
2025-08-25T09:38:17.059026Z DEBUG node{moniker=app-1}:consensus{height=50 round=0}: Transitioned to new step step.previous=Propose step.new=Prevote
2025-08-25T09:38:17.064323Z  INFO node{moniker=app-1}:consensus{height=50 round=0}: Received vote height=50 vote_height=50 address=02CB1B49DA09615BD4A12212C39378556D990DFD Precommit(height: 50, round: 0, value: 67ce0d5cffba80ff, from: 02CB1B49DA09615BD4A12212C39378556D990DFD)
2025-08-25T09:38:17.064633Z DEBUG node{moniker=app-1}:wal{height=50}: Wrote log entry type=Consensus(Vote) entry.size=119 
2025-08-25T09:38:17.065216Z  INFO node{moniker=app-1}:consensus{height=50 round=0}: Received vote height=50 vote_height=50 address=02CB1B49DA09615BD4A12212C39378556D990DFD Prevote(height: 50, round: 0, value: 67ce0d5cffba80ff, from: 02CB1B49DA09615BD4A12212C39378556D990DFD)
2025-08-25T09:38:17.065280Z DEBUG node{moniker=app-1}:wal{height=50}: Wrote log entry type=Consensus(Vote) entry.size=117 
2025-08-25T09:38:17.065399Z DEBUG node{moniker=app-1}:consensus{height=50 round=0}: Transitioned to new step step.previous=Prevote step.new=Precommit
2025-08-25T09:38:17.070681Z  INFO node{moniker=app-1}:consensus{height=50 round=0}: Received vote height=50 vote_height=50 address=815F9FA61D7C4F1E4A9E30D40DCA1115BB48F759 Precommit(height: 50, round: 0, value: 67ce0d5cffba80ff, from: 815F9FA61D7C4F1E4A9E30D40DCA1115BB48F759)
2025-08-25T09:38:17.071129Z DEBUG node{moniker=app-1}:wal{height=50}: Wrote log entry type=Consensus(Vote) entry.size=119 
2025-08-25T09:38:17.071549Z DEBUG node{moniker=app-1}:consensus{height=50 round=0}: Transitioned to new step step.previous=Precommit step.new=Commit
2025-08-25T09:38:17.071557Z  INFO node{moniker=app-1}:consensus{height=50 round=0}: Decided round=0 height=50 value=67ce0d5cffba80ff
2025-08-25T09:38:17.077933Z DEBUG node{moniker=app-1}:wal{height=50}: Flushed WAL to disk wal.entries=5 wal.size=1216
2025-08-25T09:38:17.078050Z DEBUG node{moniker=app-1}:sync{height.tip=49 height.sync=50}: Updating request state height.tip=50
2025-08-25T09:38:17.078062Z DEBUG node{moniker=app-1}:node{moniker=app-1}: metis-test:consensus-chan recv!!! msg:Decided { certificate: CommitCertificate { height: Height(50), round: Some(0), value_id: ValueId(7479930724187537663), commit_signatures: [CommitSignature { address: Address(02CB1B49DA09615BD4A12212C39378556D990DFD), signature: Signature(Signature { R_bytes: "80c093fa3e74192e314d3cb54a8221d95adc16e1f18839f51051ee423b8f1300", s_bytes: "69bc26dfcf41f9aeec1df697bc15c0f255c786eb0bfcb566c7fb57169790a800" }) }, CommitSignature { address: Address(815F9FA61D7C4F1E4A9E30D40DCA1115BB48F759), signature: Signature(Signature { R_bytes: "c5c1d1ae6c07dcd6178dada60a6d6c91745a95d5e812cbed311f92b2ec56ca33", s_bytes: "202f009c06d41e6f3965c6e574d239d76bd32561a0b62d2336183a8a0eb5cc01" }) }] }, extensions: VoteExtensions { extensions: [] }, reply: Sender { inner: Some(Inner { state: State { is_complete: false, is_closed: false, is_rx_task_set: true, is_tx_task_set: false } }) } }
2025-08-25T09:38:17.078087Z  INFO node{moniker=app-1}:node{moniker=app-1}: 🟢🟢 Consensus has decided on value height=50 round=0 value=67ce0d5cffba80ff
2025-08-25T09:38:17.078161Z DEBUG node{moniker=app-1}:node{moniker=app-1}: 🎁 block size: 545, height: 50
2025-08-25T09:38:17.078170Z  INFO node{moniker=app-1}:node{moniker=app-1}: 👉 stats at height 50: #txs=0, txs/s=0.00, chain_bytes=27250, bytes/s=2710.01
2025-08-25T09:38:17.078174Z DEBUG node{moniker=app-1}:node{moniker=app-1}: 🦄 Block at height 50 contains 0 transactions
2025-08-25T09:38:17.080135Z DEBUG node{moniker=app-1}:node{moniker=app-1}: 💡 New block added at height 50 with hash: 0x350c009a58fb9db704bab7fad86744434a3a5feb8e4fad9396b99a8447318946
2025-08-25T09:38:17.080141Z DEBUG node{moniker=app-1}:node{moniker=app-1}: 🟠 set_latest_forkchoice_state: 0x350c009a58fb9db704bab7fad86744434a3a5feb8e4fad9396b99a8447318946
2025-08-25T09:38:17.080731Z DEBUG node{moniker=app-1}:node{moniker=app-1}: ➡️ payload_status: PayloadStatus { status: Valid, latest_valid_hash: Some(0x350c009a58fb9db704bab7fad86744434a3a5feb8e4fad9396b99a8447318946) }
2025-08-25T09:38:17.080739Z DEBUG node{moniker=app-1}:node{moniker=app-1}: 🚀 Forkchoice updated to height 50 for block hash=0x350c009a58fb9db704bab7fad86744434a3a5feb8e4fad9396b99a8447318946 and latest_valid_hash=0x350c009a58fb9db704bab7fad86744434a3a5feb8e4fad9396b99a8447318946
2025-08-25T09:38:17.080742Z  INFO node{moniker=app-1}:node{moniker=app-1}: Looking for certificate height=50 round=0
2025-08-25T09:38:17.087853Z  INFO node{moniker=app-1}:node{moniker=app-1}: Committed block_data[0..32]: 7d01af50c434abdc76d3f59d8e66674d662bf1ab97784552880b80bf384e90e2
2025-08-25T09:38:17.116426Z DEBUG node{moniker=app-1}:wal{height=51}: Reset WAL height=51
2025-08-25T09:38:17.116518Z DEBUG node{moniker=app-1}:consensus{height=51 round=0}: No WAL entries to replay height=51
2025-08-25T09:38:17.116594Z  INFO node{moniker=app-1}:consensus{height=51 round=0}: Starting new height height=51
2025-08-25T09:38:17.116603Z  INFO node{moniker=app-1}:consensus{height=51 round=0}: Starting new round height=51 round=0 proposer=815F9FA61D7C4F1E4A9E30D40DCA1115BB48F759 role=Validator
2025-08-25T09:38:17.116638Z DEBUG node{moniker=app-1}:sync{height.tip=49 height.sync=50}: Starting new height height.tip=50 height.sync=51 restart=false
2025-08-25T09:38:17.116644Z DEBUG node{moniker=app-1}:sync{height.tip=49 height.sync=50}: No peer to request sync from height.sync=51
2025-08-25T09:38:17.121891Z DEBUG node{moniker=app-1}:wal{height=51}: Flushed WAL to disk wal.entries=0 wal.size=12
2025-08-25T09:38:17.121958Z DEBUG node{moniker=app-1}:node{moniker=app-1}: metis-test:consensus-chan recv!!! msg:StartedRound { height: Height(51), round: Some(0), proposer: Address(815F9FA61D7C4F1E4A9E30D40DCA1115BB48F759), role: Validator, reply_value: Sender { inner: Some(Inner { state: State { is_complete: false, is_closed: false, is_rx_task_set: false, is_tx_task_set: false } }) } }
2025-08-25T09:38:17.121971Z  INFO node{moniker=app-1}:node{moniker=app-1}: 🟢🟢 Started round height=51 round=0 proposer=815F9FA61D7C4F1E4A9E30D40DCA1115BB48F759 role=Validator
2025-08-25T09:38:17.121982Z ERROR node{moniker=app-1}:consensus{height=51 round=0}: Error when processing effect: Messaging(RecvErr)
2025-08-25T09:38:17.121999Z DEBUG node{moniker=app-1}:consensus{height=51 round=0}: Transitioned to new step step.previous=Unstarted step.new=Propose
2025-08-25T09:38:17.122004Z  INFO node{moniker=app-1}:consensus{height=51 round=0}: Scheduling timeout round=0 step=Propose
2025-08-25T09:38:17.122012Z DEBUG node{moniker=app-1}:consensus{height=51 round=0}: Replaying inputs count=0
2025-08-25T09:38:17.125741Z DEBUG node{moniker=app-1}:node{moniker=app-1}: metis-test:consensus-chan recv!!! msg:ReceivedProposalPart { from: PeerId("12D3KooWD4wDmZaWggpGH9ACLhNztqnBvszLRcmBLzZdKwDiWmYh"), part: StreamMessage { stream_id: StreamId(b"\0\0\0\0\0\0\03\0\0\0\0\0\0\0\x11"), sequence: 0, content: Data(Init(ProposalInit { height: Height(51), round: Some(0), proposer: Address(815F9FA61D7C4F1E4A9E30D40DCA1115BB48F759) })) }, reply: Sender { inner: Some(Inner { state: State { is_complete: false, is_closed: false, is_rx_task_set: true, is_tx_task_set: false } }) } }
2025-08-25T09:38:17.125769Z  INFO node{moniker=app-1}:node{moniker=app-1}: Received proposal part from=12D3KooWD4wDmZaWggpGH9ACLhNztqnBvszLRcmBLzZdKwDiWmYh part.sequence=0 part.type=init part.size=28
2025-08-25T09:38:17.126355Z DEBUG node{moniker=app-1}:node{moniker=app-1}: metis-test:consensus-chan recv!!! msg:ReceivedProposalPart { from: PeerId("12D3KooWD4wDmZaWggpGH9ACLhNztqnBvszLRcmBLzZdKwDiWmYh"), part: StreamMessage { stream_id: StreamId(b"\0\0\0\0\0\0\03\0\0\0\0\0\0\0\x11"), sequence: 1, content: Data(Data(ProposalData { bytes: "<...>", len: 545 })) }, reply: Sender { inner: Some(Inner { state: State { is_complete: false, is_closed: false, is_rx_task_set: true, is_tx_task_set: false } }) } }
2025-08-25T09:38:17.126370Z  INFO node{moniker=app-1}:node{moniker=app-1}: Received proposal part from=12D3KooWD4wDmZaWggpGH9ACLhNztqnBvszLRcmBLzZdKwDiWmYh part.sequence=1 part.type=data part.size=551
2025-08-25T09:38:17.126384Z DEBUG node{moniker=app-1}:node{moniker=app-1}: metis-test:consensus-chan recv!!! msg:ReceivedProposalPart { from: PeerId("12D3KooWD4wDmZaWggpGH9ACLhNztqnBvszLRcmBLzZdKwDiWmYh"), part: StreamMessage { stream_id: StreamId(b"\0\0\0\0\0\0\03\0\0\0\0\0\0\0\x11"), sequence: 2, content: Data(Fin(ProposalFin { signature: Signature(Signature { R_bytes: "290d78a5c17f5c03da2ea8601bc2e425e0021d84c0efe7c4ef0aa2ccf70d5c44", s_bytes: "909390216a9f4c8ac5d320aee6cfc3f50eb3366943809a828932e2231b6adf0a" }) })) }, reply: Sender { inner: Some(Inner { state: State { is_complete: false, is_closed: false, is_rx_task_set: true, is_tx_task_set: false } }) } }
2025-08-25T09:38:17.126396Z  INFO node{moniker=app-1}:node{moniker=app-1}: Received proposal part from=12D3KooWD4wDmZaWggpGH9ACLhNztqnBvszLRcmBLzZdKwDiWmYh part.sequence=2 part.type=fin part.size=70
2025-08-25T09:38:17.126989Z DEBUG node{moniker=app-1}:node{moniker=app-1}: metis-test:consensus-chan recv!!! msg:ReceivedProposalPart { from: PeerId("12D3KooWD4wDmZaWggpGH9ACLhNztqnBvszLRcmBLzZdKwDiWmYh"), part: StreamMessage { stream_id: StreamId(b"\0\0\0\0\0\0\03\0\0\0\0\0\0\0\x11"), sequence: 3, content: Fin }, reply: Sender { inner: Some(Inner { state: State { is_complete: false, is_closed: false, is_rx_task_set: true, is_tx_task_set: false } }) } }
2025-08-25T09:38:17.127001Z  INFO node{moniker=app-1}:node{moniker=app-1}: Received proposal part from=12D3KooWD4wDmZaWggpGH9ACLhNztqnBvszLRcmBLzZdKwDiWmYh part.sequence=3 part.type=end of stream part.size=0
2025-08-25T09:38:17.127138Z  INFO node{moniker=app-1}:node{moniker=app-1}: Proposal data[0..32]: 350c009a58fb9db704bab7fad86744434a3a5feb8e4fad9396b99a8447318946, total_size: 545 bytes, id: f4bfd0d81b2b885c
2025-08-25T09:38:17.129172Z  INFO node{moniker=app-1}:consensus{height=51 round=0}: Received vote height=51 vote_height=51 address=815F9FA61D7C4F1E4A9E30D40DCA1115BB48F759 Prevote(height: 51, round: 0, value: f4bfd0d81b2b885c, from: 815F9FA61D7C4F1E4A9E30D40DCA1115BB48F759)
2025-08-25T09:38:17.131859Z DEBUG node{moniker=app-1}:wal{height=51}: Wrote log entry type=Consensus(Vote) entry.size=118 
2025-08-25T09:38:17.132564Z  INFO node{moniker=app-1}:consensus{height=51 round=0}: Received proposal consensus.height=51 proposal.height=51 proposal.round=0 proposer=815F9FA61D7C4F1E4A9E30D40DCA1115BB48F759 Proposal(height: 51, round: 0, pol_round: -1, value: f4bfd0d81b2b885c, from: 815F9FA61D7C4F1E4A9E30D40DCA1115BB48F759)
2025-08-25T09:38:17.134102Z DEBUG node{moniker=app-1}:wal{height=51}: Wrote log entry type=Consensus(Proposal) entry.size=668 
2025-08-25T09:38:17.134163Z DEBUG node{moniker=app-1}:consensus{height=51 round=0}: No full proposal for this round yet, stored proposal for later proposal.height=51 proposal.round=0
2025-08-25T09:38:17.136691Z DEBUG node{moniker=app-1}:node{moniker=app-1}: ✅ Received complete proposal: ProposedValue { height: Height(51), round: Some(0), valid_round: Nil, proposer: Address(815F9FA61D7C4F1E4A9E30D40DCA1115BB48F759), value: Value { value: 17636044292393502812, extensions: b"5\x0c\0\x9aX\xfb\x9d\xb7\x04\xba\xb7\xfa\xd8gDCJ:_\xeb\x8eO\xad\x93\x96\xb9\x9a\x84G1\x89F********************\xec&\xdf\x94B\xc5\xd4\xa0\xa0\xccSH\xc9`\x11[C\xda\x08\xc7\xae\xf6\xbeNL\xcc_\x13l\xa8\x92\xa6V\xe8\x1f\x17\x1b\xccU\xa6\xff\x83E\xe6\x92\xc0\xf8n[H\xe0\x1b\x99l\xad\xc0\x01b/\xb5\xe3c\xb4!\0\0\0\0\0\0\0\0\0\0\0\0\0\0\0\0\0\0\0\0\0\0\0\0\0\0\0\0\0\0\0\0\0\0\0\0\0\0\0\0\0\0\0\0\0\0\0\0\0\0\0\0\0\0\0\0\0\0\0\0\0\0\0\0\0\0\0\0\0\0\0\0\0\0\0\0\0\0\0\0\0\0\0\0\0\0\0\0\0\0\0\0\0\0\0\0\0\0\0\0\0\0\0\0\0\0\0\0\0\0\0\0\0\0\0\0\0\0\0\0\0\0\0\0\0\0\0\0\0\0\0\0\0\0\0\0\0\0\0\0\0\0\0\0\0\0\0\0\0\0\0\0\0\0\0\0\0\0\0\0\0\0\0\0\0\0\0\0\0\0\0\0\0\0\0\0\0\0\0\0\0\0\0\0\0\0\0\0\0\0\0\0\0\0\0\0\0\0\0\0\0\0\0\0\0\0\0\0\0\0\0\0\0\0\0\0\0\0\0\0\0\0\0\0\0\0\0\0\0\0\0\0\0\0\0\0\0\0\0\0\0\0\0\0\0\0\0\0\0\0\0\0\0\0\0\0\0\0\0\0\0\0\0\0\0\0\0\0\0\0\0\0\0\0\0\0\0\0\0\0\0\0\0\0\0\0\0\03\0\0\0\0\0\0\0y \xe1\x01\0\0\0\0\0\0\0\0\0\0\0\06/\xach\0\0\0\0\x10\x02\0\0\xf9\xd2\x10\0\0\0\0\0\0\0\0\0\0\0\0\0\0\0\0\0\0\0\0\0\0\0\0\0\0\0\0\0t\xfb[\x04\xff8\xc4\x12\xb0\xa0vE\x9a\x01\xc2\xd6\xf4\xfa\x8d\xdcW\xc5\x17\x04E~x\x95\xf4\xe4\x8d\xf3!\x02\0\0!\x02\0\0\0\0\0\0\0\0\0\0\0\0\0\0\0\0\0\0reth/v1.4.1/linux" }, validity: Valid }
2025-08-25T09:38:17.136764Z DEBUG node{moniker=app-1}:consensus{height=51 round=0}: We have a full proposal for this round, checking... proposal.height=51 proposal.round=0
2025-08-25T09:38:17.136779Z DEBUG node{moniker=app-1}:consensus{height=51 round=0}: Transitioned to new step step.previous=Propose step.new=Prevote
2025-08-25T09:38:17.136790Z  INFO node{moniker=app-1}:consensus{height=51 round=0}: Voting vote_type=Prevote value=f4bfd0d81b2b885c round=0
2025-08-25T09:38:17.136996Z  INFO node{moniker=app-1}:consensus{height=51 round=0}: Received vote height=51 vote_height=51 address=DE7BA2BE72D2225286133990FF5810B691A5261C Prevote(height: 51, round: 0, value: f4bfd0d81b2b885c, from: DE7BA2BE72D2225286133990FF5810B691A5261C)
2025-08-25T09:38:17.137077Z DEBUG node{moniker=app-1}:wal{height=51}: Wrote log entry type=Consensus(Vote) entry.size=118 
2025-08-25T09:38:17.137109Z DEBUG node{moniker=app-1}:consensus{height=51 round=0}: Transitioned to new step step.previous=Prevote step.new=Precommit
2025-08-25T09:38:17.137117Z  INFO node{moniker=app-1}:consensus{height=51 round=0}: Voting vote_type=Precommit value=f4bfd0d81b2b885c round=0
2025-08-25T09:38:17.137130Z DEBUG node{moniker=app-1}:node{moniker=app-1}: metis-test:consensus-chan recv!!! msg:ExtendVote { height: Height(51), round: Some(0), value_id: ValueId(17636044292393502812), reply: Sender { inner: Some(Inner { state: State { is_complete: false, is_closed: false, is_rx_task_set: true, is_tx_task_set: false } }) } }
2025-08-25T09:38:17.137290Z  INFO node{moniker=app-1}:consensus{height=51 round=0}: Received vote height=51 vote_height=51 address=DE7BA2BE72D2225286133990FF5810B691A5261C Precommit(height: 51, round: 0, value: f4bfd0d81b2b885c, from: DE7BA2BE72D2225286133990FF5810B691A5261C)
2025-08-25T09:38:17.137339Z DEBUG node{moniker=app-1}:wal{height=51}: Wrote log entry type=Consensus(Vote) entry.size=120 
2025-08-25T09:38:17.140216Z DEBUG node{moniker=app-1}:wal{height=51}: Flushed WAL to disk wal.entries=4 wal.size=1088
2025-08-25T09:38:17.140559Z DEBUG node{moniker=app-1}:network: Published message channel=/consensus size=111
2025-08-25T09:38:17.142799Z DEBUG node{moniker=app-1}:wal{height=51}: Flushed WAL to disk wal.entries=4 wal.size=1088
2025-08-25T09:38:17.143067Z DEBUG node{moniker=app-1}:network: Published message channel=/consensus size=109
2025-08-25T09:38:17.146724Z DEBUG node{moniker=app-1}:sync{height.tip=50 height.sync=51}: Received peer status status.peer_id=12D3KooWD4wDmZaWggpGH9ACLhNztqnBvszLRcmBLzZdKwDiWmYh status.tip_height=50
2025-08-25T09:38:17.147104Z DEBUG node{moniker=app-1}:sync{height.tip=50 height.sync=51}: Received peer status status.peer_id=12D3KooWR2Quwt2G6MyT6WQkUdfS8nHZu7XcPotkmbhuEoqc94oJ status.tip_height=50
2025-08-25T09:38:17.150034Z  INFO node{moniker=app-1}:consensus{height=51 round=0}: Received vote height=51 vote_height=51 address=815F9FA61D7C4F1E4A9E30D40DCA1115BB48F759 Precommit(height: 51, round: 0, value: f4bfd0d81b2b885c, from: 815F9FA61D7C4F1E4A9E30D40DCA1115BB48F759)
2025-08-25T09:38:17.152735Z DEBUG node{moniker=app-1}:wal{height=51}: Wrote log entry type=Consensus(Vote) entry.size=120 
2025-08-25T09:38:17.152962Z DEBUG node{moniker=app-1}:consensus{height=51 round=0}: Transitioned to new step step.previous=Precommit step.new=Commit
2025-08-25T09:38:17.152974Z  INFO node{moniker=app-1}:consensus{height=51 round=0}: Decided round=0 height=51 value=f4bfd0d81b2b885c
2025-08-25T09:38:17.155158Z DEBUG node{moniker=app-1}:wal{height=51}: Flushed WAL to disk wal.entries=5 wal.size=1221
2025-08-25T09:38:17.155234Z DEBUG node{moniker=app-1}:sync{height.tip=50 height.sync=51}: Updating request state height.tip=51
2025-08-25T09:38:17.155263Z DEBUG node{moniker=app-1}:node{moniker=app-1}: metis-test:consensus-chan recv!!! msg:Decided { certificate: CommitCertificate { height: Height(51), round: Some(0), value_id: ValueId(17636044292393502812), commit_signatures: [CommitSignature { address: Address(815F9FA61D7C4F1E4A9E30D40DCA1115BB48F759), signature: Signature(Signature { R_bytes: "57af94c615c15daba8e92317e45fc843a119f0c07b880da5d467e1c50934cff1", s_bytes: "c0f2c399a5e5d2447c6e9f4f54db9db7af24f39ed91c433f550c728995db2704" }) }, CommitSignature { address: Address(DE7BA2BE72D2225286133990FF5810B691A5261C), signature: Signature(Signature { R_bytes: "396e6bb27f58dd520548545d699bb84320d772f019283df901f31890a5449750", s_bytes: "8573f8f65891108047ff8c0b4361084494a55537889a894a27a58dd58c0e0506" }) }] }, extensions: VoteExtensions { extensions: [] }, reply: Sender { inner: Some(Inner { state: State { is_complete: false, is_closed: false, is_rx_task_set: true, is_tx_task_set: false } }) } }
2025-08-25T09:38:17.155280Z  INFO node{moniker=app-1}:node{moniker=app-1}: 🟢🟢 Consensus has decided on value height=51 round=0 value=f4bfd0d81b2b885c
2025-08-25T09:38:17.155325Z DEBUG node{moniker=app-1}:node{moniker=app-1}: 🎁 block size: 545, height: 51
2025-08-25T09:38:17.155334Z  INFO node{moniker=app-1}:node{moniker=app-1}: 👉 stats at height 51: #txs=0, txs/s=0.00, chain_bytes=27795, bytes/s=2743.16
2025-08-25T09:38:17.155338Z DEBUG node{moniker=app-1}:node{moniker=app-1}: 🦄 Block at height 51 contains 0 transactions
2025-08-25T09:38:17.155990Z DEBUG node{moniker=app-1}:node{moniker=app-1}: 💡 New block added at height 51 with hash: 0x74fb5b04ff38c412b0a076459a01c2d6f4fa8ddc57c51704457e7895f4e48df3
2025-08-25T09:38:17.155996Z DEBUG node{moniker=app-1}:node{moniker=app-1}: 🟠 set_latest_forkchoice_state: 0x74fb5b04ff38c412b0a076459a01c2d6f4fa8ddc57c51704457e7895f4e48df3
2025-08-25T09:38:17.156443Z DEBUG node{moniker=app-1}:node{moniker=app-1}: ➡️ payload_status: PayloadStatus { status: Valid, latest_valid_hash: Some(0x74fb5b04ff38c412b0a076459a01c2d6f4fa8ddc57c51704457e7895f4e48df3) }
2025-08-25T09:38:17.156449Z DEBUG node{moniker=app-1}:node{moniker=app-1}: 🚀 Forkchoice updated to height 51 for block hash=0x74fb5b04ff38c412b0a076459a01c2d6f4fa8ddc57c51704457e7895f4e48df3 and latest_valid_hash=0x74fb5b04ff38c412b0a076459a01c2d6f4fa8ddc57c51704457e7895f4e48df3
2025-08-25T09:38:17.156452Z  INFO node{moniker=app-1}:node{moniker=app-1}: Looking for certificate height=51 round=0
2025-08-25T09:38:17.164603Z  INFO node{moniker=app-1}:node{moniker=app-1}: Committed block_data[0..32]: 350c009a58fb9db704bab7fad86744434a3a5feb8e4fad9396b99a8447318946
2025-08-25T09:38:17.202566Z DEBUG node{moniker=app-1}:wal{height=52}: Reset WAL height=52
2025-08-25T09:38:17.203023Z DEBUG node{moniker=app-1}:consensus{height=52 round=0}: No WAL entries to replay height=52
2025-08-25T09:38:17.203061Z  INFO node{moniker=app-1}:consensus{height=52 round=0}: Starting new height height=52
2025-08-25T09:38:17.203069Z  INFO node{moniker=app-1}:consensus{height=52 round=0}: Starting new round height=52 round=0 proposer=02CB1B49DA09615BD4A12212C39378556D990DFD role=Validator
2025-08-25T09:38:17.203097Z DEBUG node{moniker=app-1}:sync{height.tip=50 height.sync=51}: Starting new height height.tip=51 height.sync=52 restart=false
2025-08-25T09:38:17.203103Z DEBUG node{moniker=app-1}:sync{height.tip=50 height.sync=51}: No peer to request sync from height.sync=52
2025-08-25T09:38:17.207554Z DEBUG node{moniker=app-1}:wal{height=52}: Flushed WAL to disk wal.entries=0 wal.size=12
2025-08-25T09:38:17.207718Z DEBUG node{moniker=app-1}:node{moniker=app-1}: metis-test:consensus-chan recv!!! msg:StartedRound { height: Height(52), round: Some(0), proposer: Address(02CB1B49DA09615BD4A12212C39378556D990DFD), role: Validator, reply_value: Sender { inner: Some(Inner { state: State { is_complete: false, is_closed: false, is_rx_task_set: false, is_tx_task_set: false } }) } }
2025-08-25T09:38:17.207731Z  INFO node{moniker=app-1}:node{moniker=app-1}: 🟢🟢 Started round height=52 round=0 proposer=02CB1B49DA09615BD4A12212C39378556D990DFD role=Validator
2025-08-25T09:38:17.207745Z ERROR node{moniker=app-1}:consensus{height=52 round=0}: Error when processing effect: Messaging(RecvErr)
2025-08-25T09:38:17.207764Z DEBUG node{moniker=app-1}:consensus{height=52 round=0}: Transitioned to new step step.previous=Unstarted step.new=Propose
2025-08-25T09:38:17.207769Z  INFO node{moniker=app-1}:consensus{height=52 round=0}: Scheduling timeout round=0 step=Propose
2025-08-25T09:38:17.207777Z DEBUG node{moniker=app-1}:consensus{height=52 round=0}: Replaying inputs count=0
2025-08-25T09:38:17.221794Z DEBUG node{moniker=app-1}:node{moniker=app-1}: metis-test:consensus-chan recv!!! msg:ReceivedProposalPart { from: PeerId("12D3KooWR2Quwt2G6MyT6WQkUdfS8nHZu7XcPotkmbhuEoqc94oJ"), part: StreamMessage { stream_id: StreamId(b"\0\0\0\0\0\0\04\0\0\0\0\0\0\0\x11"), sequence: 0, content: Data(Init(ProposalInit { height: Height(52), round: Some(0), proposer: Address(02CB1B49DA09615BD4A12212C39378556D990DFD) })) }, reply: Sender { inner: Some(Inner { state: State { is_complete: false, is_closed: false, is_rx_task_set: true, is_tx_task_set: false } }) } }
2025-08-25T09:38:17.221827Z  INFO node{moniker=app-1}:node{moniker=app-1}: Received proposal part from=12D3KooWR2Quwt2G6MyT6WQkUdfS8nHZu7XcPotkmbhuEoqc94oJ part.sequence=0 part.type=init part.size=28
2025-08-25T09:38:17.221855Z DEBUG node{moniker=app-1}:node{moniker=app-1}: metis-test:consensus-chan recv!!! msg:ReceivedProposalPart { from: PeerId("12D3KooWR2Quwt2G6MyT6WQkUdfS8nHZu7XcPotkmbhuEoqc94oJ"), part: StreamMessage { stream_id: StreamId(b"\0\0\0\0\0\0\04\0\0\0\0\0\0\0\x11"), sequence: 1, content: Data(Data(ProposalData { bytes: "<...>", len: 545 })) }, reply: Sender { inner: Some(Inner { state: State { is_complete: false, is_closed: false, is_rx_task_set: true, is_tx_task_set: false } }) } }
2025-08-25T09:38:17.221864Z  INFO node{moniker=app-1}:node{moniker=app-1}: Received proposal part from=12D3KooWR2Quwt2G6MyT6WQkUdfS8nHZu7XcPotkmbhuEoqc94oJ part.sequence=1 part.type=data part.size=551
2025-08-25T09:38:17.222748Z DEBUG node{moniker=app-1}:node{moniker=app-1}: metis-test:consensus-chan recv!!! msg:ReceivedProposalPart { from: PeerId("12D3KooWR2Quwt2G6MyT6WQkUdfS8nHZu7XcPotkmbhuEoqc94oJ"), part: StreamMessage { stream_id: StreamId(b"\0\0\0\0\0\0\04\0\0\0\0\0\0\0\x11"), sequence: 2, content: Data(Fin(ProposalFin { signature: Signature(Signature { R_bytes: "c9342822299e2cfbd498263a202cf44dc4e8ee6033e0b0006635a4167f4eac8b", s_bytes: "911c6c8619a313c9252e7ece1b5df745333ac8115bd19519827e36f42146d807" }) })) }, reply: Sender { inner: Some(Inner { state: State { is_complete: false, is_closed: false, is_rx_task_set: true, is_tx_task_set: false } }) } }
2025-08-25T09:38:17.222768Z  INFO node{moniker=app-1}:node{moniker=app-1}: Received proposal part from=12D3KooWR2Quwt2G6MyT6WQkUdfS8nHZu7XcPotkmbhuEoqc94oJ part.sequence=2 part.type=fin part.size=70
2025-08-25T09:38:17.222785Z DEBUG node{moniker=app-1}:node{moniker=app-1}: metis-test:consensus-chan recv!!! msg:ReceivedProposalPart { from: PeerId("12D3KooWR2Quwt2G6MyT6WQkUdfS8nHZu7XcPotkmbhuEoqc94oJ"), part: StreamMessage { stream_id: StreamId(b"\0\0\0\0\0\0\04\0\0\0\0\0\0\0\x11"), sequence: 3, content: Fin }, reply: Sender { inner: Some(Inner { state: State { is_complete: false, is_closed: false, is_rx_task_set: true, is_tx_task_set: false } }) } }
2025-08-25T09:38:17.222792Z  INFO node{moniker=app-1}:node{moniker=app-1}: Received proposal part from=12D3KooWR2Quwt2G6MyT6WQkUdfS8nHZu7XcPotkmbhuEoqc94oJ part.sequence=3 part.type=end of stream part.size=0
2025-08-25T09:38:17.223184Z  INFO node{moniker=app-1}:node{moniker=app-1}: Proposal data[0..32]: 74fb5b04ff38c412b0a076459a01c2d6f4fa8ddc57c51704457e7895f4e48df3, total_size: 545 bytes, id: 95084649586f73b2
2025-08-25T09:38:17.226674Z  INFO node{moniker=app-1}:consensus{height=52 round=0}: Received vote height=52 vote_height=52 address=02CB1B49DA09615BD4A12212C39378556D990DFD Prevote(height: 52, round: 0, value: 95084649586f73b2, from: 02CB1B49DA09615BD4A12212C39378556D990DFD)
2025-08-25T09:38:17.229810Z DEBUG node{moniker=app-1}:wal{height=52}: Wrote log entry type=Consensus(Vote) entry.size=118 
2025-08-25T09:38:17.231188Z  INFO node{moniker=app-1}:consensus{height=52 round=0}: Received proposal consensus.height=52 proposal.height=52 proposal.round=0 proposer=02CB1B49DA09615BD4A12212C39378556D990DFD Proposal(height: 52, round: 0, pol_round: -1, value: 95084649586f73b2, from: 02CB1B49DA09615BD4A12212C39378556D990DFD)
2025-08-25T09:38:17.233589Z DEBUG node{moniker=app-1}:node{moniker=app-1}: ✅ Received complete proposal: ProposedValue { height: Height(52), round: Some(0), valid_round: Nil, proposer: Address(02CB1B49DA09615BD4A12212C39378556D990DFD), value: Value { value: 10738910592295203762, extensions: b"t\xfb[\x04\xff8\xc4\x12\xb0\xa0vE\x9a\x01\xc2\xd6\xf4\xfa\x8d\xdcW\xc5\x17\x04E~x\x95\xf4\xe4\x8d\xf3********************\xec&\xdf\x94B\xc5\xd4\xa0\xa0\xccSH\xc9`\x11[C\xda\x08\xc7\xae\xf6\xbeNL\xcc_\x13l\xa8\x92\xa6V\xe8\x1f\x17\x1b\xccU\xa6\xff\x83E\xe6\x92\xc0\xf8n[H\xe0\x1b\x99l\xad\xc0\x01b/\xb5\xe3c\xb4!\0\0\0\0\0\0\0\0\0\0\0\0\0\0\0\0\0\0\0\0\0\0\0\0\0\0\0\0\0\0\0\0\0\0\0\0\0\0\0\0\0\0\0\0\0\0\0\0\0\0\0\0\0\0\0\0\0\0\0\0\0\0\0\0\0\0\0\0\0\0\0\0\0\0\0\0\0\0\0\0\0\0\0\0\0\0\0\0\0\0\0\0\0\0\0\0\0\0\0\0\0\0\0\0\0\0\0\0\0\0\0\0\0\0\0\0\0\0\0\0\0\0\0\0\0\0\0\0\0\0\0\0\0\0\0\0\0\0\0\0\0\0\0\0\0\0\0\0\0\0\0\0\0\0\0\0\0\0\0\0\0\0\0\0\0\0\0\0\0\0\0\0\0\0\0\0\0\0\0\0\0\0\0\0\0\0\0\0\0\0\0\0\0\0\0\0\0\0\0\0\0\0\0\0\0\0\0\0\0\0\0\0\0\0\0\0\0\0\0\0\0\0\0\0\0\0\0\0\0\0\0\0\0\0\0\0\0\0\0\0\0\0\0\0\0\0\0\0\0\0\0\0\0\0\0\0\0\0\0\0\0\0\0\0\0\0\0\0\0\0\0\0\0\0\0\0\0\0\0\0\0\0\0\0\0\0\0\04\0\0\0\0\0\0\0\xc0\x98\xe1\x01\0\0\0\0\0\0\0\0\0\0\0\07/\xach\0\0\0\0\x10\x02\0\0\x9a\xb8\x0e\0\0\0\0\0\0\0\0\0\0\0\0\0\0\0\0\0\0\0\0\0\0\0\0\0\0\0\0\0o\x80\x06\xa6Y\rP\xe7}\x97\xb6\x148+TaP\x1f\x9b@n\xed\x8a{m\x8cPe<l\xd8\x9f!\x02\0\0!\x02\0\0\0\0\0\0\0\0\0\0\0\0\0\0\0\0\0\0reth/v1.4.1/linux" }, validity: Valid }
2025-08-25T09:38:17.234048Z DEBUG node{moniker=app-1}:wal{height=52}: Wrote log entry type=Consensus(Proposal) entry.size=668 
2025-08-25T09:38:17.234087Z DEBUG node{moniker=app-1}:consensus{height=52 round=0}: No full proposal for this round yet, stored proposal for later proposal.height=52 proposal.round=0
2025-08-25T09:38:17.234115Z DEBUG node{moniker=app-1}:consensus{height=52 round=0}: We have a full proposal for this round, checking... proposal.height=52 proposal.round=0
2025-08-25T09:38:17.234129Z DEBUG node{moniker=app-1}:consensus{height=52 round=0}: Transitioned to new step step.previous=Propose step.new=Prevote
2025-08-25T09:38:17.234139Z  INFO node{moniker=app-1}:consensus{height=52 round=0}: Voting vote_type=Prevote value=95084649586f73b2 round=0
2025-08-25T09:38:17.234315Z  INFO node{moniker=app-1}:consensus{height=52 round=0}: Received vote height=52 vote_height=52 address=DE7BA2BE72D2225286133990FF5810B691A5261C Prevote(height: 52, round: 0, value: 95084649586f73b2, from: DE7BA2BE72D2225286133990FF5810B691A5261C)
2025-08-25T09:38:17.235179Z DEBUG node{moniker=app-1}:wal{height=52}: Wrote log entry type=Consensus(Vote) entry.size=118 
2025-08-25T09:38:17.235310Z DEBUG node{moniker=app-1}:consensus{height=52 round=0}: Transitioned to new step step.previous=Prevote step.new=Precommit
2025-08-25T09:38:17.235318Z  INFO node{moniker=app-1}:consensus{height=52 round=0}: Voting vote_type=Precommit value=95084649586f73b2 round=0
2025-08-25T09:38:17.235338Z DEBUG node{moniker=app-1}:node{moniker=app-1}: metis-test:consensus-chan recv!!! msg:ExtendVote { height: Height(52), round: Some(0), value_id: ValueId(10738910592295203762), reply: Sender { inner: Some(Inner { state: State { is_complete: false, is_closed: false, is_rx_task_set: true, is_tx_task_set: false } }) } }
2025-08-25T09:38:17.235525Z  INFO node{moniker=app-1}:consensus{height=52 round=0}: Received vote height=52 vote_height=52 address=DE7BA2BE72D2225286133990FF5810B691A5261C Precommit(height: 52, round: 0, value: 95084649586f73b2, from: DE7BA2BE72D2225286133990FF5810B691A5261C)
2025-08-25T09:38:17.235609Z DEBUG node{moniker=app-1}:wal{height=52}: Wrote log entry type=Consensus(Vote) entry.size=120 
2025-08-25T09:38:17.238567Z DEBUG node{moniker=app-1}:wal{height=52}: Flushed WAL to disk wal.entries=4 wal.size=1088
2025-08-25T09:38:17.238821Z DEBUG node{moniker=app-1}:network: Published message channel=/consensus size=111
2025-08-25T09:38:17.242487Z DEBUG node{moniker=app-1}:wal{height=52}: Flushed WAL to disk wal.entries=4 wal.size=1088
2025-08-25T09:38:17.242769Z DEBUG node{moniker=app-1}:network: Published message channel=/consensus size=109
2025-08-25T09:38:17.252616Z  INFO node{moniker=app-1}:consensus{height=52 round=0}: Received vote height=52 vote_height=52 address=02CB1B49DA09615BD4A12212C39378556D990DFD Precommit(height: 52, round: 0, value: 95084649586f73b2, from: 02CB1B49DA09615BD4A12212C39378556D990DFD)
2025-08-25T09:38:17.254761Z DEBUG node{moniker=app-1}:wal{height=52}: Wrote log entry type=Consensus(Vote) entry.size=120 
2025-08-25T09:38:17.254923Z DEBUG node{moniker=app-1}:consensus{height=52 round=0}: Transitioned to new step step.previous=Precommit step.new=Commit
2025-08-25T09:38:17.254933Z  INFO node{moniker=app-1}:consensus{height=52 round=0}: Decided round=0 height=52 value=95084649586f73b2
2025-08-25T09:38:17.259294Z DEBUG node{moniker=app-1}:wal{height=52}: Flushed WAL to disk wal.entries=5 wal.size=1221
2025-08-25T09:38:17.259438Z DEBUG node{moniker=app-1}:sync{height.tip=51 height.sync=52}: Updating request state height.tip=52
2025-08-25T09:38:17.259458Z DEBUG node{moniker=app-1}:node{moniker=app-1}: metis-test:consensus-chan recv!!! msg:Decided { certificate: CommitCertificate { height: Height(52), round: Some(0), value_id: ValueId(10738910592295203762), commit_signatures: [CommitSignature { address: Address(02CB1B49DA09615BD4A12212C39378556D990DFD), signature: Signature(Signature { R_bytes: "3151f2f688742814eb718fa7a79b7aed08833f517da16eaa3494414f23edc444", s_bytes: "535e5746cdf43b5a269096a4358425f5e2b01a96f68a03740b0e065d55efe601" }) }, CommitSignature { address: Address(DE7BA2BE72D2225286133990FF5810B691A5261C), signature: Signature(Signature { R_bytes: "2f44310c6629ef5ea54b0a57be2b55502ef3da9f417bb2d7c344aaa6a3ad6285", s_bytes: "ea327a1cf16ade99d9220ed06f06220cd2d14df7bd97a0c3b996213e9b6e8d0b" }) }] }, extensions: VoteExtensions { extensions: [] }, reply: Sender { inner: Some(Inner { state: State { is_complete: false, is_closed: false, is_rx_task_set: true, is_tx_task_set: false } }) } }
2025-08-25T09:38:17.259481Z  INFO node{moniker=app-1}:node{moniker=app-1}: 🟢🟢 Consensus has decided on value height=52 round=0 value=95084649586f73b2
2025-08-25T09:38:17.259762Z DEBUG node{moniker=app-1}:node{moniker=app-1}: 🎁 block size: 545, height: 52
2025-08-25T09:38:17.259776Z  INFO node{moniker=app-1}:node{moniker=app-1}: 👉 stats at height 52: #txs=0, txs/s=0.00, chain_bytes=28340, bytes/s=2768.41
2025-08-25T09:38:17.259781Z DEBUG node{moniker=app-1}:node{moniker=app-1}: 🦄 Block at height 52 contains 0 transactions
2025-08-25T09:38:17.261202Z DEBUG node{moniker=app-1}:node{moniker=app-1}: 💡 New block added at height 52 with hash: 0x6f8006a6590d50e77d97b614382b5461501f9b406eed8a7b6d8c50653c6cd89f
2025-08-25T09:38:17.261210Z DEBUG node{moniker=app-1}:node{moniker=app-1}: 🟠 set_latest_forkchoice_state: 0x6f8006a6590d50e77d97b614382b5461501f9b406eed8a7b6d8c50653c6cd89f
2025-08-25T09:38:17.278277Z DEBUG node{moniker=app-1}:node{moniker=app-1}: ➡️ payload_status: PayloadStatus { status: Valid, latest_valid_hash: Some(0x6f8006a6590d50e77d97b614382b5461501f9b406eed8a7b6d8c50653c6cd89f) }
2025-08-25T09:38:17.278296Z DEBUG node{moniker=app-1}:node{moniker=app-1}: 🚀 Forkchoice updated to height 52 for block hash=0x6f8006a6590d50e77d97b614382b5461501f9b406eed8a7b6d8c50653c6cd89f and latest_valid_hash=0x6f8006a6590d50e77d97b614382b5461501f9b406eed8a7b6d8c50653c6cd89f
2025-08-25T09:38:17.278300Z  INFO node{moniker=app-1}:node{moniker=app-1}: Looking for certificate height=52 round=0
2025-08-25T09:38:17.282434Z  INFO node{moniker=app-1}:node{moniker=app-1}: Committed block_data[0..32]: 74fb5b04ff38c412b0a076459a01c2d6f4fa8ddc57c51704457e7895f4e48df3
2025-08-25T09:38:17.297744Z DEBUG node{moniker=app-1}:wal{height=53}: Reset WAL height=53
2025-08-25T09:38:17.297813Z DEBUG node{moniker=app-1}:consensus{height=53 round=0}: No WAL entries to replay height=53
2025-08-25T09:38:17.297854Z  INFO node{moniker=app-1}:consensus{height=53 round=0}: Starting new height height=53
2025-08-25T09:38:17.297862Z  INFO node{moniker=app-1}:consensus{height=53 round=0}: Starting new round height=53 round=0 proposer=02CB1B49DA09615BD4A12212C39378556D990DFD role=None
2025-08-25T09:38:17.297896Z DEBUG node{moniker=app-1}:sync{height.tip=51 height.sync=52}: Starting new height height.tip=52 height.sync=53 restart=false
2025-08-25T09:38:17.297904Z DEBUG node{moniker=app-1}:sync{height.tip=51 height.sync=52}: No peer to request sync from height.sync=53
2025-08-25T09:38:17.301847Z DEBUG node{moniker=app-1}:wal{height=53}: Flushed WAL to disk wal.entries=0 wal.size=12
2025-08-25T09:38:17.301944Z DEBUG node{moniker=app-1}:node{moniker=app-1}: metis-test:consensus-chan recv!!! msg:StartedRound { height: Height(53), round: Some(0), proposer: Address(02CB1B49DA09615BD4A12212C39378556D990DFD), role: None, reply_value: Sender { inner: Some(Inner { state: State { is_complete: false, is_closed: false, is_rx_task_set: false, is_tx_task_set: false } }) } }
2025-08-25T09:38:17.301957Z  INFO node{moniker=app-1}:node{moniker=app-1}: 🟢🟢 Started round height=53 round=0 proposer=02CB1B49DA09615BD4A12212C39378556D990DFD role=None
2025-08-25T09:38:17.301973Z ERROR node{moniker=app-1}:consensus{height=53 round=0}: Error when processing effect: Messaging(RecvErr)
2025-08-25T09:38:17.301994Z DEBUG node{moniker=app-1}:consensus{height=53 round=0}: Transitioned to new step step.previous=Unstarted step.new=Propose
2025-08-25T09:38:17.302000Z  INFO node{moniker=app-1}:consensus{height=53 round=0}: Scheduling timeout round=0 step=Propose
2025-08-25T09:38:17.302010Z DEBUG node{moniker=app-1}:consensus{height=53 round=0}: Replaying inputs count=0
2025-08-25T09:38:17.316733Z DEBUG node{moniker=app-1}:node{moniker=app-1}: metis-test:consensus-chan recv!!! msg:ReceivedProposalPart { from: PeerId("12D3KooWR2Quwt2G6MyT6WQkUdfS8nHZu7XcPotkmbhuEoqc94oJ"), part: StreamMessage { stream_id: StreamId(b"\0\0\0\0\0\0\05\0\0\0\0\0\0\0\x12"), sequence: 0, content: Data(Init(ProposalInit { height: Height(53), round: Some(0), proposer: Address(02CB1B49DA09615BD4A12212C39378556D990DFD) })) }, reply: Sender { inner: Some(Inner { state: State { is_complete: false, is_closed: false, is_rx_task_set: true, is_tx_task_set: false } }) } }
2025-08-25T09:38:17.316777Z  INFO node{moniker=app-1}:node{moniker=app-1}: Received proposal part from=12D3KooWR2Quwt2G6MyT6WQkUdfS8nHZu7XcPotkmbhuEoqc94oJ part.sequence=0 part.type=init part.size=28
2025-08-25T09:38:17.317727Z DEBUG node{moniker=app-1}:node{moniker=app-1}: metis-test:consensus-chan recv!!! msg:ReceivedProposalPart { from: PeerId("12D3KooWR2Quwt2G6MyT6WQkUdfS8nHZu7XcPotkmbhuEoqc94oJ"), part: StreamMessage { stream_id: StreamId(b"\0\0\0\0\0\0\05\0\0\0\0\0\0\0\x12"), sequence: 1, content: Data(Data(ProposalData { bytes: "<...>", len: 545 })) }, reply: Sender { inner: Some(Inner { state: State { is_complete: false, is_closed: false, is_rx_task_set: true, is_tx_task_set: false } }) } }
2025-08-25T09:38:17.317746Z  INFO node{moniker=app-1}:node{moniker=app-1}: Received proposal part from=12D3KooWR2Quwt2G6MyT6WQkUdfS8nHZu7XcPotkmbhuEoqc94oJ part.sequence=1 part.type=data part.size=551
2025-08-25T09:38:17.317764Z DEBUG node{moniker=app-1}:node{moniker=app-1}: metis-test:consensus-chan recv!!! msg:ReceivedProposalPart { from: PeerId("12D3KooWR2Quwt2G6MyT6WQkUdfS8nHZu7XcPotkmbhuEoqc94oJ"), part: StreamMessage { stream_id: StreamId(b"\0\0\0\0\0\0\05\0\0\0\0\0\0\0\x12"), sequence: 2, content: Data(Fin(ProposalFin { signature: Signature(Signature { R_bytes: "d83fc56bf52ed2f37cd5871723c195c28789638fa2dda594e20d515c7e369b25", s_bytes: "a893fc3ccdced48eafa9fbc14904ffd46679e3f7b2461bda01d61c2f0df5ab02" }) })) }, reply: Sender { inner: Some(Inner { state: State { is_complete: false, is_closed: false, is_rx_task_set: true, is_tx_task_set: false } }) } }
2025-08-25T09:38:17.317776Z  INFO node{moniker=app-1}:node{moniker=app-1}: Received proposal part from=12D3KooWR2Quwt2G6MyT6WQkUdfS8nHZu7XcPotkmbhuEoqc94oJ part.sequence=2 part.type=fin part.size=70
2025-08-25T09:38:17.317787Z DEBUG node{moniker=app-1}:node{moniker=app-1}: metis-test:consensus-chan recv!!! msg:ReceivedProposalPart { from: PeerId("12D3KooWR2Quwt2G6MyT6WQkUdfS8nHZu7XcPotkmbhuEoqc94oJ"), part: StreamMessage { stream_id: StreamId(b"\0\0\0\0\0\0\05\0\0\0\0\0\0\0\x12"), sequence: 3, content: Fin }, reply: Sender { inner: Some(Inner { state: State { is_complete: false, is_closed: false, is_rx_task_set: true, is_tx_task_set: false } }) } }
2025-08-25T09:38:17.317794Z  INFO node{moniker=app-1}:node{moniker=app-1}: Received proposal part from=12D3KooWR2Quwt2G6MyT6WQkUdfS8nHZu7XcPotkmbhuEoqc94oJ part.sequence=3 part.type=end of stream part.size=0
2025-08-25T09:38:17.317940Z  INFO node{moniker=app-1}:node{moniker=app-1}: Proposal data[0..32]: 6f8006a6590d50e77d97b614382b5461501f9b406eed8a7b6d8c50653c6cd89f, total_size: 545 bytes, id: a587beb54e4ae620
2025-08-25T09:38:17.325294Z DEBUG node{moniker=app-1}:node{moniker=app-1}: ✅ Received complete proposal: ProposedValue { height: Height(53), round: Some(0), valid_round: Nil, proposer: Address(02CB1B49DA09615BD4A12212C39378556D990DFD), value: Value { value: 11927711824025937440, extensions: b"o\x80\x06\xa6Y\rP\xe7}\x97\xb6\x148+TaP\x1f\x9b@n\xed\x8a{m\x8cPe<l\xd8\x9f********************\xec&\xdf\x94B\xc5\xd4\xa0\xa0\xccSH\xc9`\x11[C\xda\x08\xc7\xae\xf6\xbeNL\xcc_\x13l\xa8\x92\xa6V\xe8\x1f\x17\x1b\xccU\xa6\xff\x83E\xe6\x92\xc0\xf8n[H\xe0\x1b\x99l\xad\xc0\x01b/\xb5\xe3c\xb4!\0\0\0\0\0\0\0\0\0\0\0\0\0\0\0\0\0\0\0\0\0\0\0\0\0\0\0\0\0\0\0\0\0\0\0\0\0\0\0\0\0\0\0\0\0\0\0\0\0\0\0\0\0\0\0\0\0\0\0\0\0\0\0\0\0\0\0\0\0\0\0\0\0\0\0\0\0\0\0\0\0\0\0\0\0\0\0\0\0\0\0\0\0\0\0\0\0\0\0\0\0\0\0\0\0\0\0\0\0\0\0\0\0\0\0\0\0\0\0\0\0\0\0\0\0\0\0\0\0\0\0\0\0\0\0\0\0\0\0\0\0\0\0\0\0\0\0\0\0\0\0\0\0\0\0\0\0\0\0\0\0\0\0\0\0\0\0\0\0\0\0\0\0\0\0\0\0\0\0\0\0\0\0\0\0\0\0\0\0\0\0\0\0\0\0\0\0\0\0\0\0\0\0\0\0\0\0\0\0\0\0\0\0\0\0\0\0\0\0\0\0\0\0\0\0\0\0\0\0\0\0\0\0\0\0\0\0\0\0\0\0\0\0\0\0\0\0\0\0\0\0\0\0\0\0\0\0\0\0\0\0\0\0\0\0\0\0\0\0\0\0\0\0\0\0\0\0\0\0\0\0\0\0\0\0\0\0\05\0\0\0\0\0\0\0%\x11\xe2\x01\0\0\0\0\0\0\0\0\0\0\0\08/\xach\0\0\0\0\x10\x02\0\0\x87\xe1\x0c\0\0\0\0\0\0\0\0\0\0\0\0\0\0\0\0\0\0\0\0\0\0\0\0\0\0\0\0\0&\x82\x14^\xde\xc0\xad8\r\xe6-_\x99l\x08\xb5B`\x06\xc8\xf8\xe3>\x06\xcc\xce\xd1\x88\x96\xf0\xf8\xbc!\x02\0\0!\x02\0\0\0\0\0\0\0\0\0\0\0\0\0\0\0\0\0\0reth/v1.4.1/linux" }, validity: Valid }
2025-08-25T09:38:17.367439Z DEBUG node{moniker=app-1}:wal{height=53}: Wrote log entry type=LocallyProposedValue entry.size=599 
2025-08-25T09:38:17.368180Z  INFO node{moniker=app-1}:consensus{height=53 round=0}: Received vote height=53 vote_height=53 address=02CB1B49DA09615BD4A12212C39378556D990DFD Prevote(height: 53, round: 0, value: a587beb54e4ae620, from: 02CB1B49DA09615BD4A12212C39378556D990DFD)
2025-08-25T09:38:17.371116Z DEBUG node{moniker=app-1}:wal{height=53}: Wrote log entry type=Consensus(Vote) entry.size=118 
2025-08-25T09:38:17.371408Z  INFO node{moniker=app-1}:consensus{height=53 round=0}: Received proposal consensus.height=53 proposal.height=53 proposal.round=0 proposer=02CB1B49DA09615BD4A12212C39378556D990DFD Proposal(height: 53, round: 0, pol_round: -1, value: a587beb54e4ae620, from: 02CB1B49DA09615BD4A12212C39378556D990DFD)
2025-08-25T09:38:17.371507Z DEBUG node{moniker=app-1}:wal{height=53}: Wrote log entry type=Consensus(Proposal) entry.size=668 
2025-08-25T09:38:17.371544Z DEBUG node{moniker=app-1}:consensus{height=53 round=0}: Transitioned to new step step.previous=Propose step.new=Prevote
2025-08-25T09:38:17.376273Z  INFO node{moniker=app-1}:consensus{height=53 round=0}: Received vote height=53 vote_height=53 address=815F9FA61D7C4F1E4A9E30D40DCA1115BB48F759 Precommit(height: 53, round: 0, value: a587beb54e4ae620, from: 815F9FA61D7C4F1E4A9E30D40DCA1115BB48F759)
2025-08-25T09:38:17.378289Z DEBUG node{moniker=app-1}:wal{height=53}: Wrote log entry type=Consensus(Vote) entry.size=120 
2025-08-25T09:38:17.379196Z  INFO node{moniker=app-1}:consensus{height=53 round=0}: Received vote height=53 vote_height=53 address=815F9FA61D7C4F1E4A9E30D40DCA1115BB48F759 Prevote(height: 53, round: 0, value: a587beb54e4ae620, from: 815F9FA61D7C4F1E4A9E30D40DCA1115BB48F759)
2025-08-25T09:38:17.379280Z DEBUG node{moniker=app-1}:wal{height=53}: Wrote log entry type=Consensus(Vote) entry.size=118 
2025-08-25T09:38:17.379449Z DEBUG node{moniker=app-1}:consensus{height=53 round=0}: Transitioned to new step step.previous=Prevote step.new=Precommit
2025-08-25T09:38:17.387746Z  INFO node{moniker=app-1}:consensus{height=53 round=0}: Received vote height=53 vote_height=53 address=02CB1B49DA09615BD4A12212C39378556D990DFD Precommit(height: 53, round: 0, value: a587beb54e4ae620, from: 02CB1B49DA09615BD4A12212C39378556D990DFD)
2025-08-25T09:38:17.388000Z DEBUG node{moniker=app-1}:wal{height=53}: Wrote log entry type=Consensus(Vote) entry.size=120 
2025-08-25T09:38:17.388038Z DEBUG node{moniker=app-1}:consensus{height=53 round=0}: Transitioned to new step step.previous=Precommit step.new=Commit
2025-08-25T09:38:17.388046Z  INFO node{moniker=app-1}:consensus{height=53 round=0}: Decided round=0 height=53 value=a587beb54e4ae620
2025-08-25T09:38:17.392961Z DEBUG node{moniker=app-1}:wal{height=53}: Flushed WAL to disk wal.entries=6 wal.size=1833
2025-08-25T09:38:17.393065Z DEBUG node{moniker=app-1}:sync{height.tip=52 height.sync=53}: Updating request state height.tip=53
2025-08-25T09:38:17.393080Z DEBUG node{moniker=app-1}:node{moniker=app-1}: metis-test:consensus-chan recv!!! msg:Decided { certificate: CommitCertificate { height: Height(53), round: Some(0), value_id: ValueId(11927711824025937440), commit_signatures: [CommitSignature { address: Address(02CB1B49DA09615BD4A12212C39378556D990DFD), signature: Signature(Signature { R_bytes: "d21e444ad60cfbebd8666827e01d7167eb182c75db9d3bae9936a4821a47fed0", s_bytes: "d8ba78891683d0fbb01a6b0b6d2a7fe6b342c93dbbd9fee7c09a7795e9c6400b" }) }, CommitSignature { address: Address(815F9FA61D7C4F1E4A9E30D40DCA1115BB48F759), signature: Signature(Signature { R_bytes: "80c0727087e51d89fe99b3734b81dc3f07ef06ce6cb16cfb670517062a62c7ba", s_bytes: "2477b1c71d287cee3ac7248aef5679864c39c78c5d9bfd650bd444e432817a0e" }) }] }, extensions: VoteExtensions { extensions: [] }, reply: Sender { inner: Some(Inner { state: State { is_complete: false, is_closed: false, is_rx_task_set: true, is_tx_task_set: false } }) } }
2025-08-25T09:38:17.393101Z  INFO node{moniker=app-1}:node{moniker=app-1}: 🟢🟢 Consensus has decided on value height=53 round=0 value=a587beb54e4ae620
2025-08-25T09:38:17.393178Z DEBUG node{moniker=app-1}:node{moniker=app-1}: 🎁 block size: 545, height: 53
2025-08-25T09:38:17.393190Z  INFO node{moniker=app-1}:node{moniker=app-1}: 👉 stats at height 53: #txs=0, txs/s=0.00, chain_bytes=28885, bytes/s=2785.35
2025-08-25T09:38:17.393196Z DEBUG node{moniker=app-1}:node{moniker=app-1}: 🦄 Block at height 53 contains 0 transactions
2025-08-25T09:38:17.394504Z DEBUG node{moniker=app-1}:node{moniker=app-1}: 💡 New block added at height 53 with hash: 0x2682145edec0ad380de62d5f996c08b5426006c8f8e33e06ccced18896f0f8bc
2025-08-25T09:38:17.394510Z DEBUG node{moniker=app-1}:node{moniker=app-1}: 🟠 set_latest_forkchoice_state: 0x2682145edec0ad380de62d5f996c08b5426006c8f8e33e06ccced18896f0f8bc
2025-08-25T09:38:17.394976Z DEBUG node{moniker=app-1}:node{moniker=app-1}: ➡️ payload_status: PayloadStatus { status: Valid, latest_valid_hash: Some(0x2682145edec0ad380de62d5f996c08b5426006c8f8e33e06ccced18896f0f8bc) }
2025-08-25T09:38:17.394981Z DEBUG node{moniker=app-1}:node{moniker=app-1}: 🚀 Forkchoice updated to height 53 for block hash=0x2682145edec0ad380de62d5f996c08b5426006c8f8e33e06ccced18896f0f8bc and latest_valid_hash=0x2682145edec0ad380de62d5f996c08b5426006c8f8e33e06ccced18896f0f8bc
2025-08-25T09:38:17.394984Z  INFO node{moniker=app-1}:node{moniker=app-1}: Looking for certificate height=53 round=0
2025-08-25T09:38:17.402631Z  INFO node{moniker=app-1}:node{moniker=app-1}: Committed block_data[0..32]: 6f8006a6590d50e77d97b614382b5461501f9b406eed8a7b6d8c50653c6cd89f
2025-08-25T09:38:17.424495Z DEBUG node{moniker=app-1}:wal{height=54}: Reset WAL height=54
2025-08-25T09:38:17.424593Z DEBUG node{moniker=app-1}:consensus{height=54 round=0}: No WAL entries to replay height=54
2025-08-25T09:38:17.424628Z  INFO node{moniker=app-1}:consensus{height=54 round=0}: Starting new height height=54
2025-08-25T09:38:17.424635Z  INFO node{moniker=app-1}:consensus{height=54 round=0}: Starting new round height=54 round=0 proposer=DE7BA2BE72D2225286133990FF5810B691A5261C role=Proposer
2025-08-25T09:38:17.424662Z DEBUG node{moniker=app-1}:sync{height.tip=52 height.sync=53}: Starting new height height.tip=53 height.sync=54 restart=false
2025-08-25T09:38:17.424668Z DEBUG node{moniker=app-1}:sync{height.tip=52 height.sync=53}: No peer to request sync from height.sync=54
2025-08-25T09:38:17.427330Z DEBUG node{moniker=app-1}:wal{height=54}: Flushed WAL to disk wal.entries=0 wal.size=12
2025-08-25T09:38:17.427426Z DEBUG node{moniker=app-1}:node{moniker=app-1}: metis-test:consensus-chan recv!!! msg:StartedRound { height: Height(54), round: Some(0), proposer: Address(DE7BA2BE72D2225286133990FF5810B691A5261C), role: Proposer, reply_value: Sender { inner: Some(Inner { state: State { is_complete: false, is_closed: false, is_rx_task_set: false, is_tx_task_set: false } }) } }
2025-08-25T09:38:17.427438Z  INFO node{moniker=app-1}:node{moniker=app-1}: 🟢🟢 Started round height=54 round=0 proposer=DE7BA2BE72D2225286133990FF5810B691A5261C role=Proposer
2025-08-25T09:38:17.427450Z ERROR node{moniker=app-1}:consensus{height=54 round=0}: Error when processing effect: Messaging(RecvErr)
2025-08-25T09:38:17.427467Z DEBUG node{moniker=app-1}:consensus{height=54 round=0}: Transitioned to new step step.previous=Unstarted step.new=Propose
2025-08-25T09:38:17.427473Z  INFO node{moniker=app-1}:consensus{height=54 round=0}: Scheduling timeout round=0 step=Propose
2025-08-25T09:38:17.427479Z  INFO node{moniker=app-1}:consensus{height=54 round=0}: Requesting value from application height=54 round=0
2025-08-25T09:38:17.427489Z DEBUG node{moniker=app-1}:consensus{height=54 round=0}: Replaying inputs count=0
2025-08-25T09:38:17.427513Z DEBUG node{moniker=app-1}:node{moniker=app-1}: metis-test:consensus-chan recv!!! msg:GetValue { height: Height(54), round: Some(0), timeout: 3s, reply: Sender { inner: Some(Inner { state: State { is_complete: false, is_closed: false, is_rx_task_set: true, is_tx_task_set: false } }) } }
2025-08-25T09:38:17.427532Z  INFO node{moniker=app-1}:node{moniker=app-1}: 🟢🟢 Consensus is requesting a value to propose height=54 round=0
2025-08-25T09:38:17.427535Z DEBUG node{moniker=app-1}:node{moniker=app-1}: 🟠 generate_block on top of ExecutionBlock { block_hash: 0x2682145edec0ad380de62d5f996c08b5426006c8f8e33e06ccced18896f0f8bc, block_number: 53, parent_hash: 0x2682145edec0ad380de62d5f996c08b5426006c8f8e33e06ccced18896f0f8bc, timestamp: 1756114744, prev_randao: 0x0000000000000000000000000000000000000000000000000000000000000000 }
2025-08-25T09:38:17.429099Z DEBUG node{moniker=app-1}:node{moniker=app-1}: 🌈 Got execution payload: ExecutionPayloadV3 { payload_inner: ExecutionPayloadV2 { payload_inner: ExecutionPayloadV1 { parent_hash: 0x2682145edec0ad380de62d5f996c08b5426006c8f8e33e06ccced18896f0f8bc, fee_recipient: 0x2a2a2a2a2a2a2a2a2a2a2a2a2a2a2a2a2a2a2a2a, state_root: 0xec26df9442c5d4a0a0cc5348c960115b43da08c7aef6be4e4ccc5f136ca892a6, receipts_root: 0x56e81f171bcc55a6ff8345e692c0f86e5b48e01b996cadc001622fb5e363b421, logs_bloom: 0x00000000000000000000000000000000000000000000000000000000000000000000000000000000000000000000000000000000000000000000000000000000000000000000000000000000000000000000000000000000000000000000000000000000000000000000000000000000000000000000000000000000000000000000000000000000000000000000000000000000000000000000000000000000000000000000000000000000000000000000000000000000000000000000000000000000000000000000000000000000000000000000000000000000000000000000000000000000000000000000000000000000000000000000000000000000, prev_randao: 0x0000000000000000000000000000000000000000000000000000000000000000, block_number: 54, gas_limit: 31623592, gas_used: 0, timestamp: 1756114745, extra_data: 0x726574682f76312e342e312f6c696e7578, base_fee_per_gas: 738647, block_hash: 0x26426cc02dfba66d46584e042abaeafecd409314cdb4ff60215d62be32e96ef2, transactions: [] }, withdrawals: [] }, blob_gas_used: 0, excess_blob_gas: 0 }
2025-08-25T09:38:17.429126Z DEBUG node{moniker=app-1}:node{moniker=app-1}: 🎁 block size: 545, height: 54
2025-08-25T09:38:17.435382Z  INFO node{moniker=app-1}:node{moniker=app-1}: Streaming proposal part: StreamMessage { stream_id: StreamId(b"\0\0\0\0\0\0\06\0\0\0\0\0\0\0\x11"), sequence: 0, content: Data(Init(ProposalInit { height: Height(54), round: Some(0), proposer: Address(DE7BA2BE72D2225286133990FF5810B691A5261C) })) } height=54 round=0
2025-08-25T09:38:17.435407Z  INFO node{moniker=app-1}:node{moniker=app-1}: Streaming proposal part: StreamMessage { stream_id: StreamId(b"\0\0\0\0\0\0\06\0\0\0\0\0\0\0\x11"), sequence: 1, content: Data(Data(ProposalData { bytes: "<...>", len: 545 })) } height=54 round=0
2025-08-25T09:38:17.435433Z  INFO node{moniker=app-1}:node{moniker=app-1}: Streaming proposal part: StreamMessage { stream_id: StreamId(b"\0\0\0\0\0\0\06\0\0\0\0\0\0\0\x11"), sequence: 2, content: Data(Fin(ProposalFin { signature: Signature(Signature { R_bytes: "7785e83e3e7200725b465ee0038234643a4063db80d28a04f71b96073dd29e09", s_bytes: "12ae3740ed0fe6be5be9369f9ebbd5a8307d502c91dc142cf3d73c3a366c580c" }) })) } height=54 round=0
2025-08-25T09:38:17.435652Z DEBUG node{moniker=app-1}:network: Published message channel=/proposal_parts size=48
2025-08-25T09:38:17.435697Z  INFO node{moniker=app-1}:node{moniker=app-1}: Streaming proposal part: StreamMessage { stream_id: StreamId(b"\0\0\0\0\0\0\06\0\0\0\0\0\0\0\x11"), sequence: 3, content: Fin } height=54 round=0
2025-08-25T09:38:17.435922Z DEBUG node{moniker=app-1}:wal{height=54}: Wrote log entry type=LocallyProposedValue entry.size=599 
2025-08-25T09:38:17.435981Z DEBUG node{moniker=app-1}:network: Published message channel=/proposal_parts size=574
2025-08-25T09:38:17.436054Z DEBUG node{moniker=app-1}:node{moniker=app-1}: ✅ Proposal sent height=54 round=0
2025-08-25T09:38:17.436188Z DEBUG node{moniker=app-1}:network: Published message channel=/proposal_parts size=92
2025-08-25T09:38:17.436220Z  INFO node{moniker=app-1}:consensus{height=54 round=0}: Proposing value id=edcb6fa2cb55c85b round=0
2025-08-25T09:38:17.436719Z  INFO node{moniker=app-1}:consensus{height=54 round=0}: Received proposal consensus.height=54 proposal.height=54 proposal.round=0 proposer=DE7BA2BE72D2225286133990FF5810B691A5261C Proposal(height: 54, round: 0, pol_round: -1, value: edcb6fa2cb55c85b, from: DE7BA2BE72D2225286133990FF5810B691A5261C)
2025-08-25T09:38:17.437055Z DEBUG node{moniker=app-1}:network: Published message channel=/proposal_parts size=22
2025-08-25T09:38:17.437333Z DEBUG node{moniker=app-1}:wal{height=54}: Wrote log entry type=Consensus(Proposal) entry.size=668 
2025-08-25T09:38:17.437400Z DEBUG node{moniker=app-1}:consensus{height=54 round=0}: Transitioned to new step step.previous=Propose step.new=Prevote
2025-08-25T09:38:17.437413Z  INFO node{moniker=app-1}:consensus{height=54 round=0}: Voting vote_type=Prevote value=edcb6fa2cb55c85b round=0
2025-08-25T09:38:17.437795Z  INFO node{moniker=app-1}:consensus{height=54 round=0}: Received vote height=54 vote_height=54 address=DE7BA2BE72D2225286133990FF5810B691A5261C Prevote(height: 54, round: 0, value: edcb6fa2cb55c85b, from: DE7BA2BE72D2225286133990FF5810B691A5261C)
2025-08-25T09:38:17.437948Z DEBUG node{moniker=app-1}:wal{height=54}: Wrote log entry type=Consensus(Vote) entry.size=118 
2025-08-25T09:38:17.441339Z DEBUG node{moniker=app-1}:wal{height=54}: Flushed WAL to disk wal.entries=3 wal.size=1436
2025-08-25T09:38:17.441601Z DEBUG node{moniker=app-1}:network: Published message channel=/consensus size=109
2025-08-25T09:38:17.443011Z DEBUG node{moniker=app-1}:wal{height=54}: Flushed WAL to disk wal.entries=3 wal.size=1436
2025-08-25T09:38:17.443322Z DEBUG node{moniker=app-1}:network: Published message channel=/consensus size=659
2025-08-25T09:38:17.454839Z  INFO node{moniker=app-1}:consensus{height=54 round=0}: Received vote height=54 vote_height=54 address=815F9FA61D7C4F1E4A9E30D40DCA1115BB48F759 Precommit(height: 54, round: 0, value: edcb6fa2cb55c85b, from: 815F9FA61D7C4F1E4A9E30D40DCA1115BB48F759)
2025-08-25T09:38:17.455280Z DEBUG node{moniker=app-1}:wal{height=54}: Wrote log entry type=Consensus(Vote) entry.size=120 
2025-08-25T09:38:17.455962Z  INFO node{moniker=app-1}:consensus{height=54 round=0}: Received vote height=54 vote_height=54 address=815F9FA61D7C4F1E4A9E30D40DCA1115BB48F759 Prevote(height: 54, round: 0, value: edcb6fa2cb55c85b, from: 815F9FA61D7C4F1E4A9E30D40DCA1115BB48F759)
2025-08-25T09:38:17.456073Z DEBUG node{moniker=app-1}:wal{height=54}: Wrote log entry type=Consensus(Vote) entry.size=118 
2025-08-25T09:38:17.456288Z DEBUG node{moniker=app-1}:consensus{height=54 round=0}: Transitioned to new step step.previous=Prevote step.new=Precommit
2025-08-25T09:38:17.456300Z  INFO node{moniker=app-1}:consensus{height=54 round=0}: Voting vote_type=Precommit value=edcb6fa2cb55c85b round=0
2025-08-25T09:38:17.456321Z DEBUG node{moniker=app-1}:node{moniker=app-1}: metis-test:consensus-chan recv!!! msg:ExtendVote { height: Height(54), round: Some(0), value_id: ValueId(17134911952247965787), reply: Sender { inner: Some(Inner { state: State { is_complete: false, is_closed: false, is_rx_task_set: true, is_tx_task_set: false } }) } }
2025-08-25T09:38:17.456541Z  INFO node{moniker=app-1}:consensus{height=54 round=0}: Received vote height=54 vote_height=54 address=DE7BA2BE72D2225286133990FF5810B691A5261C Precommit(height: 54, round: 0, value: edcb6fa2cb55c85b, from: DE7BA2BE72D2225286133990FF5810B691A5261C)
2025-08-25T09:38:17.456610Z DEBUG node{moniker=app-1}:wal{height=54}: Wrote log entry type=Consensus(Vote) entry.size=120 
2025-08-25T09:38:17.456635Z DEBUG node{moniker=app-1}:consensus{height=54 round=0}: Transitioned to new step step.previous=Precommit step.new=Commit
2025-08-25T09:38:17.456642Z  INFO node{moniker=app-1}:consensus{height=54 round=0}: Decided round=0 height=54 value=edcb6fa2cb55c85b
2025-08-25T09:38:17.458496Z DEBUG node{moniker=app-1}:wal{height=54}: Flushed WAL to disk wal.entries=6 wal.size=1833
2025-08-25T09:38:17.458550Z DEBUG node{moniker=app-1}:sync{height.tip=53 height.sync=54}: Updating request state height.tip=54
2025-08-25T09:38:17.458570Z DEBUG node{moniker=app-1}:node{moniker=app-1}: metis-test:consensus-chan recv!!! msg:Decided { certificate: CommitCertificate { height: Height(54), round: Some(0), value_id: ValueId(17134911952247965787), commit_signatures: [CommitSignature { address: Address(815F9FA61D7C4F1E4A9E30D40DCA1115BB48F759), signature: Signature(Signature { R_bytes: "3f683871893ba8ef9736db73b8adb89e1c36442e09c9aa161d876e024297ad6b", s_bytes: "ff32d6b5590f8f40cd67052d6c66dc5e6bae86eeef010fe6c44b3d2962576305" }) }, CommitSignature { address: Address(DE7BA2BE72D2225286133990FF5810B691A5261C), signature: Signature(Signature { R_bytes: "99dadf76cb08a91b808e972e7c149cfc30ec2e1b697a1fb2a8fdaca3f034010e", s_bytes: "8783a4cf517a2723d8af825c4cab137c13fcae430658adbf3a13ecb29d59b90b" }) }] }, extensions: VoteExtensions { extensions: [] }, reply: Sender { inner: Some(Inner { state: State { is_complete: false, is_closed: false, is_rx_task_set: true, is_tx_task_set: false } }) } }
2025-08-25T09:38:17.458589Z  INFO node{moniker=app-1}:node{moniker=app-1}: 🟢🟢 Consensus has decided on value height=54 round=0 value=edcb6fa2cb55c85b
2025-08-25T09:38:17.458654Z DEBUG node{moniker=app-1}:node{moniker=app-1}: 🎁 block size: 545, height: 54
2025-08-25T09:38:17.458665Z  INFO node{moniker=app-1}:node{moniker=app-1}: 👉 stats at height 54: #txs=0, txs/s=0.00, chain_bytes=29430, bytes/s=2820.10
2025-08-25T09:38:17.458669Z DEBUG node{moniker=app-1}:node{moniker=app-1}: 🦄 Block at height 54 contains 0 transactions
2025-08-25T09:38:17.460118Z DEBUG node{moniker=app-1}:wal{height=54}: Flushed WAL to disk wal.entries=6 wal.size=1833
2025-08-25T09:38:17.460291Z DEBUG node{moniker=app-1}:network: Published message channel=/consensus size=111
2025-08-25T09:38:17.477655Z DEBUG node{moniker=app-1}:node{moniker=app-1}: 💡 New block added at height 54 with hash: 0x26426cc02dfba66d46584e042abaeafecd409314cdb4ff60215d62be32e96ef2
2025-08-25T09:38:17.477673Z DEBUG node{moniker=app-1}:node{moniker=app-1}: 🟠 set_latest_forkchoice_state: 0x26426cc02dfba66d46584e042abaeafecd409314cdb4ff60215d62be32e96ef2
2025-08-25T09:38:17.479428Z DEBUG node{moniker=app-1}:node{moniker=app-1}: ➡️ payload_status: PayloadStatus { status: Valid, latest_valid_hash: Some(0x26426cc02dfba66d46584e042abaeafecd409314cdb4ff60215d62be32e96ef2) }
2025-08-25T09:38:17.479441Z DEBUG node{moniker=app-1}:node{moniker=app-1}: 🚀 Forkchoice updated to height 54 for block hash=0x26426cc02dfba66d46584e042abaeafecd409314cdb4ff60215d62be32e96ef2 and latest_valid_hash=0x26426cc02dfba66d46584e042abaeafecd409314cdb4ff60215d62be32e96ef2
2025-08-25T09:38:17.479444Z  INFO node{moniker=app-1}:node{moniker=app-1}: Looking for certificate height=54 round=0
2025-08-25T09:38:17.489531Z  INFO node{moniker=app-1}:node{moniker=app-1}: Committed block_data[0..32]: 2682145edec0ad380de62d5f996c08b5426006c8f8e33e06ccced18896f0f8bc
2025-08-25T09:38:17.513377Z DEBUG node{moniker=app-1}:wal{height=55}: Reset WAL height=55
2025-08-25T09:38:17.513691Z DEBUG node{moniker=app-1}:consensus{height=55 round=0}: No WAL entries to replay height=55
2025-08-25T09:38:17.513731Z  INFO node{moniker=app-1}:consensus{height=55 round=0}: Starting new height height=55
2025-08-25T09:38:17.513737Z  INFO node{moniker=app-1}:consensus{height=55 round=0}: Starting new round height=55 round=0 proposer=DE7BA2BE72D2225286133990FF5810B691A5261C role=Proposer
2025-08-25T09:38:17.513766Z DEBUG node{moniker=app-1}:sync{height.tip=53 height.sync=54}: Starting new height height.tip=54 height.sync=55 restart=false
2025-08-25T09:38:17.513772Z DEBUG node{moniker=app-1}:sync{height.tip=53 height.sync=54}: No peer to request sync from height.sync=55
2025-08-25T09:38:17.517264Z DEBUG node{moniker=app-1}:wal{height=55}: Flushed WAL to disk wal.entries=0 wal.size=12
2025-08-25T09:38:17.517334Z DEBUG node{moniker=app-1}:node{moniker=app-1}: metis-test:consensus-chan recv!!! msg:StartedRound { height: Height(55), round: Some(0), proposer: Address(DE7BA2BE72D2225286133990FF5810B691A5261C), role: Proposer, reply_value: Sender { inner: Some(Inner { state: State { is_complete: false, is_closed: false, is_rx_task_set: false, is_tx_task_set: false } }) } }
2025-08-25T09:38:17.517349Z  INFO node{moniker=app-1}:node{moniker=app-1}: 🟢🟢 Started round height=55 round=0 proposer=DE7BA2BE72D2225286133990FF5810B691A5261C role=Proposer
2025-08-25T09:38:17.517410Z ERROR node{moniker=app-1}:consensus{height=55 round=0}: Error when processing effect: Messaging(RecvErr)
2025-08-25T09:38:17.517428Z DEBUG node{moniker=app-1}:consensus{height=55 round=0}: Transitioned to new step step.previous=Unstarted step.new=Propose
2025-08-25T09:38:17.517433Z  INFO node{moniker=app-1}:consensus{height=55 round=0}: Scheduling timeout round=0 step=Propose
2025-08-25T09:38:17.517439Z  INFO node{moniker=app-1}:consensus{height=55 round=0}: Requesting value from application height=55 round=0
2025-08-25T09:38:17.517448Z DEBUG node{moniker=app-1}:consensus{height=55 round=0}: Replaying inputs count=0
2025-08-25T09:38:17.517497Z DEBUG node{moniker=app-1}:node{moniker=app-1}: metis-test:consensus-chan recv!!! msg:GetValue { height: Height(55), round: Some(0), timeout: 3s, reply: Sender { inner: Some(Inner { state: State { is_complete: false, is_closed: false, is_rx_task_set: true, is_tx_task_set: false } }) } }
2025-08-25T09:38:17.517504Z  INFO node{moniker=app-1}:node{moniker=app-1}: 🟢🟢 Consensus is requesting a value to propose height=55 round=0
2025-08-25T09:38:17.517507Z DEBUG node{moniker=app-1}:node{moniker=app-1}: 🟠 generate_block on top of ExecutionBlock { block_hash: 0x26426cc02dfba66d46584e042abaeafecd409314cdb4ff60215d62be32e96ef2, block_number: 54, parent_hash: 0x26426cc02dfba66d46584e042abaeafecd409314cdb4ff60215d62be32e96ef2, timestamp: 1756114745, prev_randao: 0x0000000000000000000000000000000000000000000000000000000000000000 }
2025-08-25T09:38:17.519807Z DEBUG node{moniker=app-1}:node{moniker=app-1}: 🌈 Got execution payload: ExecutionPayloadV3 { payload_inner: ExecutionPayloadV2 { payload_inner: ExecutionPayloadV1 { parent_hash: 0x26426cc02dfba66d46584e042abaeafecd409314cdb4ff60215d62be32e96ef2, fee_recipient: 0x2a2a2a2a2a2a2a2a2a2a2a2a2a2a2a2a2a2a2a2a, state_root: 0xec26df9442c5d4a0a0cc5348c960115b43da08c7aef6be4e4ccc5f136ca892a6, receipts_root: 0x56e81f171bcc55a6ff8345e692c0f86e5b48e01b996cadc001622fb5e363b421, logs_bloom: 0x00000000000000000000000000000000000000000000000000000000000000000000000000000000000000000000000000000000000000000000000000000000000000000000000000000000000000000000000000000000000000000000000000000000000000000000000000000000000000000000000000000000000000000000000000000000000000000000000000000000000000000000000000000000000000000000000000000000000000000000000000000000000000000000000000000000000000000000000000000000000000000000000000000000000000000000000000000000000000000000000000000000000000000000000000000000, prev_randao: 0x0000000000000000000000000000000000000000000000000000000000000000, block_number: 55, gas_limit: 31654473, gas_used: 0, timestamp: 1756114746, extra_data: 0x726574682f76312e342e312f6c696e7578, base_fee_per_gas: 646317, block_hash: 0x8de9fb83be52bc4507ef35ddae5c85593b78a925defbf01bf2bc585b09cbd6d4, transactions: [] }, withdrawals: [] }, blob_gas_used: 0, excess_blob_gas: 0 }
2025-08-25T09:38:17.519829Z DEBUG node{moniker=app-1}:node{moniker=app-1}: 🎁 block size: 545, height: 55
2025-08-25T09:38:17.526396Z  INFO node{moniker=app-1}:node{moniker=app-1}: Streaming proposal part: StreamMessage { stream_id: StreamId(b"\0\0\0\0\0\0\07\0\0\0\0\0\0\0\x12"), sequence: 0, content: Data(Init(ProposalInit { height: Height(55), round: Some(0), proposer: Address(DE7BA2BE72D2225286133990FF5810B691A5261C) })) } height=55 round=0
2025-08-25T09:38:17.526431Z  INFO node{moniker=app-1}:node{moniker=app-1}: Streaming proposal part: StreamMessage { stream_id: StreamId(b"\0\0\0\0\0\0\07\0\0\0\0\0\0\0\x12"), sequence: 1, content: Data(Data(ProposalData { bytes: "<...>", len: 545 })) } height=55 round=0
2025-08-25T09:38:17.526474Z  INFO node{moniker=app-1}:node{moniker=app-1}: Streaming proposal part: StreamMessage { stream_id: StreamId(b"\0\0\0\0\0\0\07\0\0\0\0\0\0\0\x12"), sequence: 2, content: Data(Fin(ProposalFin { signature: Signature(Signature { R_bytes: "e2f0e4afa01f2fe1a479e931876b24e3d7da9964f307c5af340579f36a2c70fe", s_bytes: "9bbde0512ab600386801be35b935f41a3bc80c0fa28d8149178e78ed93cd690f" }) })) } height=55 round=0
2025-08-25T09:38:17.526784Z DEBUG node{moniker=app-1}:network: Published message channel=/proposal_parts size=48
2025-08-25T09:38:17.526839Z  INFO node{moniker=app-1}:node{moniker=app-1}: Streaming proposal part: StreamMessage { stream_id: StreamId(b"\0\0\0\0\0\0\07\0\0\0\0\0\0\0\x12"), sequence: 3, content: Fin } height=55 round=0
2025-08-25T09:38:17.526957Z DEBUG node{moniker=app-1}:wal{height=55}: Wrote log entry type=LocallyProposedValue entry.size=599 
2025-08-25T09:38:17.527256Z DEBUG node{moniker=app-1}:network: Published message channel=/proposal_parts size=574
2025-08-25T09:38:17.527453Z DEBUG node{moniker=app-1}:node{moniker=app-1}: ✅ Proposal sent height=55 round=0
2025-08-25T09:38:17.527734Z DEBUG node{moniker=app-1}:network: Published message channel=/proposal_parts size=92
2025-08-25T09:38:17.528059Z DEBUG node{moniker=app-1}:network: Published message channel=/proposal_parts size=22
2025-08-25T09:38:17.528144Z  INFO node{moniker=app-1}:consensus{height=55 round=0}: Proposing value id=acb99348f554e1bc round=0
2025-08-25T09:38:17.528561Z  INFO node{moniker=app-1}:consensus{height=55 round=0}: Received proposal consensus.height=55 proposal.height=55 proposal.round=0 proposer=DE7BA2BE72D2225286133990FF5810B691A5261C Proposal(height: 55, round: 0, pol_round: -1, value: acb99348f554e1bc, from: DE7BA2BE72D2225286133990FF5810B691A5261C)
2025-08-25T09:38:17.528930Z DEBUG node{moniker=app-1}:wal{height=55}: Wrote log entry type=Consensus(Proposal) entry.size=668 
2025-08-25T09:38:17.528985Z DEBUG node{moniker=app-1}:consensus{height=55 round=0}: Transitioned to new step step.previous=Propose step.new=Prevote
2025-08-25T09:38:17.528998Z  INFO node{moniker=app-1}:consensus{height=55 round=0}: Voting vote_type=Prevote value=acb99348f554e1bc round=0
2025-08-25T09:38:17.529382Z  INFO node{moniker=app-1}:consensus{height=55 round=0}: Received vote height=55 vote_height=55 address=DE7BA2BE72D2225286133990FF5810B691A5261C Prevote(height: 55, round: 0, value: acb99348f554e1bc, from: DE7BA2BE72D2225286133990FF5810B691A5261C)
2025-08-25T09:38:17.529518Z DEBUG node{moniker=app-1}:wal{height=55}: Wrote log entry type=Consensus(Vote) entry.size=118 
2025-08-25T09:38:17.533337Z DEBUG node{moniker=app-1}:wal{height=55}: Flushed WAL to disk wal.entries=3 wal.size=1436
2025-08-25T09:38:17.533654Z DEBUG node{moniker=app-1}:network: Published message channel=/consensus size=109
2025-08-25T09:38:17.535871Z DEBUG node{moniker=app-1}:wal{height=55}: Flushed WAL to disk wal.entries=3 wal.size=1436
2025-08-25T09:38:17.536485Z DEBUG node{moniker=app-1}:network: Published message channel=/consensus size=659
2025-08-25T09:38:17.545537Z  INFO node{moniker=app-1}:consensus{height=55 round=0}: Received vote height=55 vote_height=55 address=02CB1B49DA09615BD4A12212C39378556D990DFD Precommit(height: 55, round: 0, value: acb99348f554e1bc, from: 02CB1B49DA09615BD4A12212C39378556D990DFD)
2025-08-25T09:38:17.545853Z DEBUG node{moniker=app-1}:wal{height=55}: Wrote log entry type=Consensus(Vote) entry.size=120 
2025-08-25T09:38:17.547158Z  INFO node{moniker=app-1}:consensus{height=55 round=0}: Received vote height=55 vote_height=55 address=02CB1B49DA09615BD4A12212C39378556D990DFD Prevote(height: 55, round: 0, value: acb99348f554e1bc, from: 02CB1B49DA09615BD4A12212C39378556D990DFD)
2025-08-25T09:38:17.547289Z DEBUG node{moniker=app-1}:wal{height=55}: Wrote log entry type=Consensus(Vote) entry.size=118 
2025-08-25T09:38:17.547515Z DEBUG node{moniker=app-1}:consensus{height=55 round=0}: Transitioned to new step step.previous=Prevote step.new=Precommit
2025-08-25T09:38:17.547527Z  INFO node{moniker=app-1}:consensus{height=55 round=0}: Voting vote_type=Precommit value=acb99348f554e1bc round=0
2025-08-25T09:38:17.547552Z DEBUG node{moniker=app-1}:node{moniker=app-1}: metis-test:consensus-chan recv!!! msg:ExtendVote { height: Height(55), round: Some(0), value_id: ValueId(12446140986777985468), reply: Sender { inner: Some(Inner { state: State { is_complete: false, is_closed: false, is_rx_task_set: true, is_tx_task_set: false } }) } }
2025-08-25T09:38:17.547846Z  INFO node{moniker=app-1}:consensus{height=55 round=0}: Received vote height=55 vote_height=55 address=DE7BA2BE72D2225286133990FF5810B691A5261C Precommit(height: 55, round: 0, value: acb99348f554e1bc, from: DE7BA2BE72D2225286133990FF5810B691A5261C)
2025-08-25T09:38:17.548011Z DEBUG node{moniker=app-1}:wal{height=55}: Wrote log entry type=Consensus(Vote) entry.size=120 
2025-08-25T09:38:17.548042Z DEBUG node{moniker=app-1}:consensus{height=55 round=0}: Transitioned to new step step.previous=Precommit step.new=Commit
2025-08-25T09:38:17.548047Z  INFO node{moniker=app-1}:consensus{height=55 round=0}: Decided round=0 height=55 value=acb99348f554e1bc
2025-08-25T09:38:17.549715Z DEBUG node{moniker=app-1}:wal{height=55}: Flushed WAL to disk wal.entries=6 wal.size=1833
2025-08-25T09:38:17.549961Z DEBUG node{moniker=app-1}:sync{height.tip=54 height.sync=55}: Updating request state height.tip=55
2025-08-25T09:38:17.549983Z DEBUG node{moniker=app-1}:node{moniker=app-1}: metis-test:consensus-chan recv!!! msg:Decided { certificate: CommitCertificate { height: Height(55), round: Some(0), value_id: ValueId(12446140986777985468), commit_signatures: [CommitSignature { address: Address(02CB1B49DA09615BD4A12212C39378556D990DFD), signature: Signature(Signature { R_bytes: "8c51f641891d6a7ff090d2685b1fa690ec5c43bbebbcd970c219a7da43be7f05", s_bytes: "2da1303a3d5e4a8886ff66a496e313499cc58f762fce9f8dd36e45557120e704" }) }, CommitSignature { address: Address(DE7BA2BE72D2225286133990FF5810B691A5261C), signature: Signature(Signature { R_bytes: "5961cc69ea1910cdae01cd93159e49b3b2748409f15a3bdc5174614ab76501aa", s_bytes: "b83e187375e738118de9be2f98a4c4646c5ebb84770abcd9e50127d1cdb30600" }) }] }, extensions: VoteExtensions { extensions: [] }, reply: Sender { inner: Some(Inner { state: State { is_complete: false, is_closed: false, is_rx_task_set: true, is_tx_task_set: false } }) } }
2025-08-25T09:38:17.550002Z  INFO node{moniker=app-1}:node{moniker=app-1}: 🟢🟢 Consensus has decided on value height=55 round=0 value=acb99348f554e1bc
2025-08-25T09:38:17.550132Z DEBUG node{moniker=app-1}:node{moniker=app-1}: 🎁 block size: 545, height: 55
2025-08-25T09:38:17.550142Z  INFO node{moniker=app-1}:node{moniker=app-1}: 👉 stats at height 55: #txs=0, txs/s=0.00, chain_bytes=29975, bytes/s=2847.36
2025-08-25T09:38:17.550147Z DEBUG node{moniker=app-1}:node{moniker=app-1}: 🦄 Block at height 55 contains 0 transactions
2025-08-25T09:38:17.551775Z DEBUG node{moniker=app-1}:wal{height=55}: Flushed WAL to disk wal.entries=6 wal.size=1833
2025-08-25T09:38:17.552011Z DEBUG node{moniker=app-1}:network: Published message channel=/consensus size=111
2025-08-25T09:38:17.552264Z DEBUG node{moniker=app-1}:node{moniker=app-1}: 💡 New block added at height 55 with hash: 0x8de9fb83be52bc4507ef35ddae5c85593b78a925defbf01bf2bc585b09cbd6d4
2025-08-25T09:38:17.552269Z DEBUG node{moniker=app-1}:node{moniker=app-1}: 🟠 set_latest_forkchoice_state: 0x8de9fb83be52bc4507ef35ddae5c85593b78a925defbf01bf2bc585b09cbd6d4
2025-08-25T09:38:17.553837Z DEBUG node{moniker=app-1}:node{moniker=app-1}: ➡️ payload_status: PayloadStatus { status: Valid, latest_valid_hash: Some(0x8de9fb83be52bc4507ef35ddae5c85593b78a925defbf01bf2bc585b09cbd6d4) }
2025-08-25T09:38:17.553847Z DEBUG node{moniker=app-1}:node{moniker=app-1}: 🚀 Forkchoice updated to height 55 for block hash=0x8de9fb83be52bc4507ef35ddae5c85593b78a925defbf01bf2bc585b09cbd6d4 and latest_valid_hash=0x8de9fb83be52bc4507ef35ddae5c85593b78a925defbf01bf2bc585b09cbd6d4
2025-08-25T09:38:17.553851Z  INFO node{moniker=app-1}:node{moniker=app-1}: Looking for certificate height=55 round=0
2025-08-25T09:38:17.561372Z  INFO node{moniker=app-1}:node{moniker=app-1}: Committed block_data[0..32]: 26426cc02dfba66d46584e042abaeafecd409314cdb4ff60215d62be32e96ef2
2025-08-25T09:38:17.570173Z  INFO Received SIGTERM, initiating shutdown
2025-08-25T09:38:17.577048Z  INFO node{moniker=app-1}:node{moniker=app-1}: Received shutdown signal, exiting run loop
2025-08-25T09:38:17.610198Z ERROR node{moniker=app-1}:node{moniker=app-1}: Application error e=Consensus channel closed unexpectedly
